payload,label,kind,source,engine,base_id
"{{ link_source_file(template.file_path, template.starting_line) }}",0,hard-negative,github:symfony/demo,Twig,"{{link_source_file(template.file_path,template.starting_line)}}"
46688,0,normal-param,github:Morzeux/HttpParamsDataset,,N
"{{ form.submit(value=_('Unfollow'), class_='btn btn-outline-primary btn-sm') }}",0,hard-negative,github:miguelgrinberg/microblog,Jinja2,"{{form.submit(value=_('S'),class_='S')}}"
5239525099748134,0,normal-param,github:Morzeux/HttpParamsDataset,,N
{{ 'http_error.name'|trans({status_code: 403}) }},0,hard-negative,github:symfony/demo,Twig,{{'S'|trans({status_code:N})}}
1523492896649032,0,normal-param,github:Morzeux/HttpParamsDataset,,N
1769642985963078,0,normal-param,github:Morzeux/HttpParamsDataset,,N
<% if @profiles.size > 0 %>,0,hard-negative,github:sidekiq/sidekiq,ERB,<%if@profiles.size>N%>
noris,0,normal-param,github:Morzeux/HttpParamsDataset,,noris
mo19bun0a,0,normal-param,github:Morzeux/HttpParamsDataset,,moNbunNa
39643208v,0,normal-param,github:Morzeux/HttpParamsDataset,,Nv
fitz,0,normal-param,github:Morzeux/HttpParamsDataset,,fitz
nelia3,0,normal-param,github:Morzeux/HttpParamsDataset,,neliaN
casanellas berlingery,0,normal-param,github:Morzeux/HttpParamsDataset,,casanellasberlingery
{%- if method %},0,hard-negative,github:miguelgrinberg/microblog,Jinja2,{%-ifmethod%}
pau gargallo 120 8-b,0,normal-param,github:Morzeux/HttpParamsDataset,,paugargalloNN-b
{{ 'post.commented_on'|trans }},0,hard-negative,github:symfony/demo,Twig,{{'S'|trans}}
yuh-tai,0,normal-param,github:Morzeux/HttpParamsDataset,,yuh-tai
{{ is_rtl(locale.code) ? ' rtl' }},0,hard-negative,github:symfony/demo,Twig,{{is_rtl(locale.code)?'S'}}
cristo,0,normal-param,github:Morzeux/HttpParamsDataset,,cristo
<%= display_args(a) %>,0,hard-negative,github:sidekiq/sidekiq,ERB,<%=display_args(a)%>
yie-tarn,0,normal-param,github:Morzeux/HttpParamsDataset,,yie-tarn
10630,0,normal-param,github:Morzeux/HttpParamsDataset,,N
{% set _route = app.current_route %},0,hard-negative,github:symfony/demo,Twig,{%set_route=app.current_route%}
chaucon caban,0,normal-param,github:Morzeux/HttpParamsDataset,,chauconcaban
{{ 'action.sign_in'|trans }},0,hard-negative,github:symfony/demo,Twig,{{'S'|trans}}
05212,0,normal-param,github:Morzeux/HttpParamsDataset,,N
"<%= job_params(@dead, @dead.score) %>",0,hard-negative,github:sidekiq/sidekiq,ERB,"<%=job_params(@dead,@dead.score)%>"
65456048a,0,normal-param,github:Morzeux/HttpParamsDataset,,Na
1827,0,normal-param,github:Morzeux/HttpParamsDataset,,N
<%= relative_time(entry.at) %>,0,hard-negative,github:sidekiq/sidekiq,ERB,<%=relative_time(entry.at)%>
hortensia,0,normal-param,github:Morzeux/HttpParamsDataset,,hortensia
46344401e,0,normal-param,github:Morzeux/HttpParamsDataset,,Ne
broun_granlund@purplemoongrn.fi,0,normal-param,github:Morzeux/HttpParamsDataset,,broun_granlund@purplemoongrn.fi
{{ app.user.fullname }},0,hard-negative,github:symfony/demo,Twig,{{app.user.fullname}}
18858,0,normal-param,github:Morzeux/HttpParamsDataset,,N
5527948175762743,0,normal-param,github:Morzeux/HttpParamsDataset,,N
1959107690181502,0,normal-param,github:Morzeux/HttpParamsDataset,,N
bryan,0,normal-param,github:Morzeux/HttpParamsDataset,,bryan
darice,0,normal-param,github:Morzeux/HttpParamsDataset,,darice
"{{ url_for('static', filename='loading.gif') }}",0,hard-negative,github:miguelgrinberg/microblog,Jinja2,"{{url_for('S',filename='S')}}"
8322,0,normal-param,github:Morzeux/HttpParamsDataset,,N
<%= t('Uptime') %>,0,hard-negative,github:sidekiq/sidekiq,ERB,<%=t('S')%>
7828706714204414,0,normal-param,github:Morzeux/HttpParamsDataset,,N
<%= t('BackToApp') %>,0,hard-negative,github:sidekiq/sidekiq,ERB,<%=t('S')%>
26241,0,normal-param,github:Morzeux/HttpParamsDataset,,N
espaldilla,0,normal-param,github:Morzeux/HttpParamsDataset,,espaldilla
"<%= url_params(""direction"") == 'asc' ? 'desc' : 'asc' %>",0,hard-negative,github:sidekiq/sidekiq,ERB,"<%=url_params(""S"")=='S'?'S':'S'%>"
quint,0,normal-param,github:Morzeux/HttpParamsDataset,,quint
2253152365761758,0,normal-param,github:Morzeux/HttpParamsDataset,,N
{{ task.description }},0,hard-negative,github:miguelgrinberg/microblog,Jinja2,{{task.description}}
${listOwners},0,hard-negative,github:spring-projects/spring-petclinic,Thymeleaf,${listowners}
{% include '_post.html' %},0,hard-negative,github:miguelgrinberg/microblog,Jinja2,{%include'S'%}
<% end -%>,0,hard-negative,github:sidekiq/sidekiq,ERB,<%end-%>
"pl. juan de antxieta, 191, 13?g",0,normal-param,github:Morzeux/HttpParamsDataset,,"pl.juandeantxieta,N,N?g"
montsech peleij,0,normal-param,github:Morzeux/HttpParamsDataset,,montsechpeleij
<%= t('ShowAll') %>,0,hard-negative,github:sidekiq/sidekiq,ERB,<%=t('S')%>
3661940651728423,0,normal-param,github:Morzeux/HttpParamsDataset,,N
<% unless retry_extra_items(job).empty? %>,0,hard-negative,github:sidekiq/sidekiq,ERB,<%unlessretry_extra_items(job).empty?%>
collazos de boedo,0,normal-param,github:Morzeux/HttpParamsDataset,,collazosdeboedo
"escultor bauls, 96,",0,normal-param,github:Morzeux/HttpParamsDataset,,"escultorbauls,N,"
chirona,0,normal-param,github:Morzeux/HttpParamsDataset,,chirona
"poblets, els",0,normal-param,github:Morzeux/HttpParamsDataset,,"poblets,els"
bernaden,0,normal-param,github:Morzeux/HttpParamsDataset,,bernaden
buch als,0,normal-param,github:Morzeux/HttpParamsDataset,,buchals
ibero,0,normal-param,github:Morzeux/HttpParamsDataset,,ibero
28737,0,normal-param,github:Morzeux/HttpParamsDataset,,N
<%= @count %>,0,hard-negative,github:sidekiq/sidekiq,ERB,<%=@count%>
<%= product_version %>,0,hard-negative,github:sidekiq/sidekiq,ERB,<%=product_version%>
<%= t('GoBack') %>,0,hard-negative,github:sidekiq/sidekiq,ERB,<%=t('S')%>
elysee,0,normal-param,github:Morzeux/HttpParamsDataset,,elysee
<%= code %>,0,hard-negative,github:sidekiq/sidekiq,ERB,<%=code%>
atajar,0,normal-param,github:Morzeux/HttpParamsDataset,,atajar
demetre,0,normal-param,github:Morzeux/HttpParamsDataset,,demetre
{{ app.request.query.get('redirect_to') }},0,hard-negative,github:symfony/demo,Twig,{{app.request.query.get('S')}}
malanquilla,0,normal-param,github:Morzeux/HttpParamsDataset,,malanquilla
{{ form_row(form.content) }},0,hard-negative,github:symfony/demo,Twig,{{form_row(form.content)}}
salom,0,normal-param,github:Morzeux/HttpParamsDataset,,salom
5568407559303725,0,normal-param,github:Morzeux/HttpParamsDataset,,N
{% endmacro %},0,hard-negative,github:miguelgrinberg/microblog,Jinja2,{%endmacro%}
<%= workset.size %>,0,hard-negative,github:sidekiq/sidekiq,ERB,<%=workset.size%>
bedon merlach,0,normal-param,github:Morzeux/HttpParamsDataset,,bedonmerlach
de78e24423n6e,0,normal-param,github:Morzeux/HttpParamsDataset,,deNeNnNe
ortigas huerta,0,normal-param,github:Morzeux/HttpParamsDataset,,ortigashuerta
tyner,0,normal-param,github:Morzeux/HttpParamsDataset,,tyner
sencelles,0,normal-param,github:Morzeux/HttpParamsDataset,,sencelles
50786,0,normal-param,github:Morzeux/HttpParamsDataset,,N
${pet.name},0,hard-negative,github:spring-projects/spring-petclinic,Thymeleaf,${pet.name}
{% if not current_user.is_following(user) %},0,hard-negative,github:miguelgrinberg/microblog,Jinja2,{%ifnotcurrent_user.is_following(user)%}
<% if @dead.size > 0 && @total_size > @count %>,0,hard-negative,github:sidekiq/sidekiq,ERB,<%if@dead.size>N&&@total_size>@count%>
{{ _route == 'blog_search' ? 'active' }},0,hard-negative,github:symfony/demo,Twig,{{_route=='S'?'S'}}
7512207991188731,0,normal-param,github:Morzeux/HttpParamsDataset,,N
5432,0,normal-param,github:Morzeux/HttpParamsDataset,,N
97573176t,0,normal-param,github:Morzeux/HttpParamsDataset,,Nt
"<%= @retry.error_backtrace.join(""<br/>"") %>",0,hard-negative,github:sidekiq/sidekiq,ERB,"<%=@retry.error_backtrace.join(""S"")%>"
36844689t,0,normal-param,github:Morzeux/HttpParamsDataset,,Nt
9004541540453342,0,normal-param,github:Morzeux/HttpParamsDataset,,N
"aljaraque 196, 11d",0,normal-param,github:Morzeux/HttpParamsDataset,,"aljaraqueN,Nd"
acaudalador,0,normal-param,github:Morzeux/HttpParamsDataset,,acaudalador
52,0,normal-param,github:Morzeux/HttpParamsDataset,,N
4347901737228358,0,normal-param,github:Morzeux/HttpParamsDataset,,N
marco polo,0,normal-param,github:Morzeux/HttpParamsDataset,,marcopolo
6a0ato,0,normal-param,github:Morzeux/HttpParamsDataset,,NaNato
{% if display_current_language %},0,hard-negative,github:symfony/demo,Twig,{%ifdisplay_current_language%}
persaud,0,normal-param,github:Morzeux/HttpParamsDataset,,persaud
09640,0,normal-param,github:Morzeux/HttpParamsDataset,,N
loralie,0,normal-param,github:Morzeux/HttpParamsDataset,,loralie
"calle pintor julian alcaraz, 108, 10-a",0,normal-param,github:Morzeux/HttpParamsDataset,,"callepintorjulianalcaraz,N,N-a"
#{ownerInformation},0,hard-negative,github:spring-projects/spring-petclinic,Thymeleaf,#{ownerinformation}
burns40,0,normal-param,github:Morzeux/HttpParamsDataset,,burnsN
50227,0,normal-param,github:Morzeux/HttpParamsDataset,,N
{{ controller.source_code }},0,hard-negative,github:symfony/demo,Twig,{{controller.source_code}}
"<% if url_params(""direction"") == 'asc' %>",0,hard-negative,github:sidekiq/sidekiq,ERB,"<%ifurl_params(""S"")=='S'%>"
<%= t('ThreeMonths') %>,0,hard-negative,github:sidekiq/sidekiq,ERB,<%=t('S')%>
{% if field.widget.input_type != 'hidden' -%},0,hard-negative,github:miguelgrinberg/microblog,Jinja2,{%iffield.widget.input_type!='S'-%}
beckwith,0,normal-param,github:Morzeux/HttpParamsDataset,,beckwith
17864,0,normal-param,github:Morzeux/HttpParamsDataset,,N
173,0,normal-param,github:Morzeux/HttpParamsDataset,,N
{% endset %},0,hard-negative,github:miguelgrinberg/microblog,Jinja2,{%endset%}
18126,0,normal-param,github:Morzeux/HttpParamsDataset,,N
cerratn de juarros,0,normal-param,github:Morzeux/HttpParamsDataset,,cerratndejuarros
"{{ path('blog_index_paginated', {page: i, tag: tagName}) }}",0,hard-negative,github:symfony/demo,Twig,"{{path('S',{page:i,tag:tagname})}}"
arine,0,normal-param,github:Morzeux/HttpParamsDataset,,arine
12480,0,normal-param,github:Morzeux/HttpParamsDataset,,N
<%= t('Context') %>,0,hard-negative,github:sidekiq/sidekiq,ERB,<%=t('S')%>
intosh@corjet.cv,0,normal-param,github:Morzeux/HttpParamsDataset,,intosh@corjet.cv
ponce vilda,0,normal-param,github:Morzeux/HttpParamsDataset,,poncevilda
"urbanitzacio europa-fuentes de san bernabe s/n,",0,normal-param,github:Morzeux/HttpParamsDataset,,"urbanitzacioeuropa-fuentesdesanbernabes/n,"
<%= erb :_nav %>,0,hard-negative,github:sidekiq/sidekiq,ERB,<%=erb:_nav%>
6h11a3rud9,0,normal-param,github:Morzeux/HttpParamsDataset,,NhNaNrudN
glickman,0,normal-param,github:Morzeux/HttpParamsDataset,,glickman
re98329e,0,normal-param,github:Morzeux/HttpParamsDataset,,reNe
barbieri guamanzara,0,normal-param,github:Morzeux/HttpParamsDataset,,barbieriguamanzara
{{ path('admin_post_index') }},0,hard-negative,github:symfony/demo,Twig,{{path('S')}}
{{ comment.id }},0,hard-negative,github:symfony/demo,Twig,{{comment.id}}
36683,0,normal-param,github:Morzeux/HttpParamsDataset,,N
entrala,0,normal-param,github:Morzeux/HttpParamsDataset,,entrala
calle fama 115 10g,0,normal-param,github:Morzeux/HttpParamsDataset,,callefamaNNg
tabuyo-cardille@multaspendientes.bf,0,normal-param,github:Morzeux/HttpParamsDataset,,tabuyo-cardille@multaspendientes.bf
ervino,0,normal-param,github:Morzeux/HttpParamsDataset,,ervino
walberg@ytv.com.gn,0,normal-param,github:Morzeux/HttpParamsDataset,,walberg@ytv.com.gn
<% if @dead.error_backtrace %>,0,hard-negative,github:sidekiq/sidekiq,ERB,<%if@dead.error_backtrace%>
"<%= t(""ClickToLearnMore"") %>",0,hard-negative,github:sidekiq/sidekiq,ERB,"<%=t(""S"")%>"
6233284855351457,0,normal-param,github:Morzeux/HttpParamsDataset,,N
${currentPage < totalPages},0,hard-negative,github:spring-projects/spring-petclinic,Thymeleaf,${currentpage<totalpages}
colls messegu,0,normal-param,github:Morzeux/HttpParamsDataset,,collsmessegu
"errekerte 113,",0,normal-param,github:Morzeux/HttpParamsDataset,,"errekerteN,"
"{{ path(app.current_route ?? 'blog_index', app.current_route_parameters|merge({_locale: locale.code})) }}",0,hard-negative,github:symfony/demo,Twig,"{{path(app.current_route??'S',app.current_route_parameters|merge({_locale:locale.code}))}}"
tivenys,0,normal-param,github:Morzeux/HttpParamsDataset,,tivenys
10560589r,0,normal-param,github:Morzeux/HttpParamsDataset,,Nr
2829,0,normal-param,github:Morzeux/HttpParamsDataset,,N
<%= @count * (@current_page - 1) + index + 1 %>,0,hard-negative,github:sidekiq/sidekiq,ERB,<%=@count*(@current_page-N)+index+N%>
"c/ las niadas, 67 9?f",0,normal-param,github:Morzeux/HttpParamsDataset,,"c/lasniadas,NN?f"
sibirskaia@euskalcasino.es,0,normal-param,github:Morzeux/HttpParamsDataset,,sibirskaia@euskalcasino.es
sabiela,0,normal-param,github:Morzeux/HttpParamsDataset,,sabiela
d8jami81t9,0,normal-param,github:Morzeux/HttpParamsDataset,,dNjamiNtN
{% for locale in locales() %},0,hard-negative,github:symfony/demo,Twig,{%forlocaleinlocales()%}
8781236153256548,0,normal-param,github:Morzeux/HttpParamsDataset,,N
rabs,0,normal-param,github:Morzeux/HttpParamsDataset,,rabs
ilsup,0,normal-param,github:Morzeux/HttpParamsDataset,,ilsup
<%= h entry.queue %>,0,hard-negative,github:sidekiq/sidekiq,ERB,<%=hentry.queue%>
${visit?.description},0,hard-negative,github:spring-projects/spring-petclinic,Thymeleaf,${visit?.description}
43893,0,normal-param,github:Morzeux/HttpParamsDataset,,N
"calle romeral, 143, 7?h",0,normal-param,github:Morzeux/HttpParamsDataset,,"calleromeral,N,N?h"
"<%= job_params(@job, @job.score) %>",0,hard-negative,github:sidekiq/sidekiq,ERB,"<%=job_params(@job,@job.score)%>"
sangborivutr@ssextremadura.gr,0,normal-param,github:Morzeux/HttpParamsDataset,,sangborivutr@ssextremadura.gr
"{{ stimulus_action('login', 'prefillJaneAdmin') }}",0,hard-negative,github:symfony/demo,Twig,"{{stimulus_action('S','S')}}"
readling,0,normal-param,github:Morzeux/HttpParamsDataset,,readling
"{{ post.publishedAt|format_datetime('medium', 'short', '', 'UTC') }}",0,hard-negative,github:symfony/demo,Twig,"{{post.publishedat|format_datetime('S','S','S','S')}}"
p$ipo,0,normal-param,github:Morzeux/HttpParamsDataset,,p$ipo
<%= t('Latency') %>,0,hard-negative,github:sidekiq/sidekiq,ERB,<%=t('S')%>
dis0reg2r,0,normal-param,github:Morzeux/HttpParamsDataset,,disNregNr
{% if g.search_form %},0,hard-negative,github:miguelgrinberg/microblog,Jinja2,{%ifg.search_form%}
{{ 'action.edit_post'|trans }},0,hard-negative,github:symfony/demo,Twig,{{'S'|trans}}
<%= t('ScheduledJobs') %>,0,hard-negative,github:sidekiq/sidekiq,ERB,<%=t('S')%>
unzaga gomariz,0,normal-param,github:Morzeux/HttpParamsDataset,,unzagagomariz
{{ 'title.edit_user'|trans }},0,hard-negative,github:symfony/demo,Twig,{{'S'|trans}}
{{ 'menu.back_to_blog'|trans }},0,hard-negative,github:symfony/demo,Twig,{{'S'|trans}}
65931091g,0,normal-param,github:Morzeux/HttpParamsDataset,,Ng
alfonso,0,normal-param,github:Morzeux/HttpParamsDataset,,alfonso
{% endif -%},0,hard-negative,github:miguelgrinberg/microblog,Jinja2,{%endif-%}
sabino,0,normal-param,github:Morzeux/HttpParamsDataset,,sabino
rollie,0,normal-param,github:Morzeux/HttpParamsDataset,,rollie
las palmeras 91 5b,0,normal-param,github:Morzeux/HttpParamsDataset,,laspalmerasNNb
3313243213262173,0,normal-param,github:Morzeux/HttpParamsDataset,,N
{% block footer %},0,hard-negative,github:symfony/demo,Twig,{%blockfooter%}
49719,0,normal-param,github:Morzeux/HttpParamsDataset,,N
{{ asset('favicon.svg') }},0,hard-negative,github:symfony/demo,Twig,{{asset('S')}}
@{__${owner.id},0,hard-negative,github:spring-projects/spring-petclinic,Thymeleaf,@{__${owner.id}
913,0,normal-param,github:Morzeux/HttpParamsDataset,,N
steklasa,0,normal-param,github:Morzeux/HttpParamsDataset,,steklasa
3772,0,normal-param,github:Morzeux/HttpParamsDataset,,N
cherwin4@xavipetit.mu,0,normal-param,github:Morzeux/HttpParamsDataset,,cherwinN@xavipetit.mu
"<%= number_with_delimiter(queue_latency, precision: 2) %>",0,hard-negative,github:sidekiq/sidekiq,ERB,"<%=number_with_delimiter(queue_latency,precision:N)%>"
timmons,0,normal-param,github:Morzeux/HttpParamsDataset,,timmons
dasie,0,normal-param,github:Morzeux/HttpParamsDataset,,dasie
esdrs,0,normal-param,github:Morzeux/HttpParamsDataset,,esdrs
26414,0,normal-param,github:Morzeux/HttpParamsDataset,,N
{{ 'title.twig_template_code'|trans }},0,hard-negative,github:symfony/demo,Twig,{{'S'|trans}}
3471,0,normal-param,github:Morzeux/HttpParamsDataset,,N
20001,0,normal-param,github:Morzeux/HttpParamsDataset,,N
inmol4dor,0,normal-param,github:Morzeux/HttpParamsDataset,,inmolNdor
8409,0,normal-param,github:Morzeux/HttpParamsDataset,,N
sprouse,0,normal-param,github:Morzeux/HttpParamsDataset,,sprouse
{{ field.label(class='form-check-label') }},0,hard-negative,github:miguelgrinberg/microblog,Jinja2,{{field.label(class='S')}}
eu,0,normal-param,github:Morzeux/HttpParamsDataset,,eu
47620,0,normal-param,github:Morzeux/HttpParamsDataset,,N
"c/ el salvador 199, 9-a",0,normal-param,github:Morzeux/HttpParamsDataset,,"c/elsalvadorN,N-a"
{{ 'title.add_comment'|trans }},0,hard-negative,github:symfony/demo,Twig,{{'S'|trans}}
28530,0,normal-param,github:Morzeux/HttpParamsDataset,,N
#{telephone},0,hard-negative,github:spring-projects/spring-petclinic,Thymeleaf,#{telephone}
ireland-lamargue@arrsys.ba,0,normal-param,github:Morzeux/HttpParamsDataset,,ireland-lamargue@arrsys.ba
{{ 'http_error.suggestion'|trans({url: path('blog_index')})|raw }},0,hard-negative,github:symfony/demo,Twig,{{'S'|trans({url:path('S')})|raw}}
"<% style_tag ""redis_info/css/ext.css"" %>",0,hard-negative,github:sidekiq/sidekiq,ERB,"<%style_tag""S""%>"
"c/ cardenal cisneros 58,",0,normal-param,github:Morzeux/HttpParamsDataset,,"c/cardenalcisnerosN,"
${status},0,hard-negative,github:spring-projects/spring-petclinic,Thymeleaf,${status}
22860,0,normal-param,github:Morzeux/HttpParamsDataset,,N
combos,0,normal-param,github:Morzeux/HttpParamsDataset,,combos
{% if error %},0,hard-negative,github:symfony/demo,Twig,{%iferror%}
<% @dead.each do |entry| %>,0,hard-negative,github:sidekiq/sidekiq,ERB,<%@dead.eachdo|entry|%>
{{ path('admin_index') }},0,hard-negative,github:symfony/demo,Twig,{{path('S')}}
*{telephone},0,hard-negative,github:spring-projects/spring-petclinic,Thymeleaf,*{telephone}
fuente claveau,0,normal-param,github:Morzeux/HttpParamsDataset,,fuenteclaveau
descrieres@enibiza.com.ac,0,normal-param,github:Morzeux/HttpParamsDataset,,descrieres@enibiza.com.ac
cendreros,0,normal-param,github:Morzeux/HttpParamsDataset,,cendreros
<%= current_path.start_with?(url) ? 'active' : '' %>,0,hard-negative,github:sidekiq/sidekiq,ERB,<%=current_path.start_with?(url)?'S':'S'%>
mohar@ropadegolf.gg,0,normal-param,github:Morzeux/HttpParamsDataset,,mohar@ropadegolf.gg
5a4a84e8a,0,normal-param,github:Morzeux/HttpParamsDataset,,NaNaNeNa
{% if title %},0,hard-negative,github:miguelgrinberg/microblog,Jinja2,{%iftitle%}
"{{ path('blog_rss', app.request.query.all) }}",0,hard-negative,github:symfony/demo,Twig,"{{path('S',app.request.query.all)}}"
<%= t('ErrorClass') %>,0,hard-negative,github:sidekiq/sidekiq,ERB,<%=t('S')%>
tobin,0,normal-param,github:Morzeux/HttpParamsDataset,,tobin
zorita de la frontera,0,normal-param,github:Morzeux/HttpParamsDataset,,zoritadelafrontera
cardiel de los montes,0,normal-param,github:Morzeux/HttpParamsDataset,,cardieldelosmontes
#{somethingHappened},0,hard-negative,github:spring-projects/spring-petclinic,Thymeleaf,#{somethinghappened}
{{ id }},0,hard-negative,github:miguelgrinberg/microblog,Jinja2,{{id}}
5287631327187373,0,normal-param,github:Morzeux/HttpParamsDataset,,N
{{ 'not_available'|trans }},0,hard-negative,github:symfony/demo,Twig,{{'S'|trans}}
pierfederici@softstylestudio.ls,0,normal-param,github:Morzeux/HttpParamsDataset,,pierfederici@softstylestudio.ls
wilton7@weat.ic,0,normal-param,github:Morzeux/HttpParamsDataset,,wiltonN@weat.ic
<% config.custom_job_info_rows&.each do |helper| %>,0,hard-negative,github:sidekiq/sidekiq,ERB,<%config.custom_job_info_rows&.eachdo|helper|%>
flo hosta,0,normal-param,github:Morzeux/HttpParamsDataset,,flohosta
leda,0,normal-param,github:Morzeux/HttpParamsDataset,,leda
chimeneas,0,normal-param,github:Morzeux/HttpParamsDataset,,chimeneas
"c/ costa verde, 100 4c",0,normal-param,github:Morzeux/HttpParamsDataset,,"c/costaverde,NNc"
"<%= t('AreYouSureDeleteQueue', :queue => h(queue.name)) %>",0,hard-negative,github:sidekiq/sidekiq,ERB,"<%=t('S',:queue=>h(queue.name))%>"
<%= text_direction %>,0,hard-negative,github:sidekiq/sidekiq,ERB,<%=text_direction%>
nagyszeder.kehoe@creacionesacampada.es,0,normal-param,github:Morzeux/HttpParamsDataset,,nagyszeder.kehoe@creacionesacampada.es
{% set frankenphpHotReload = app.request.server.get('FRANKENPHP_HOT_RELOAD') %},0,hard-negative,github:symfony/demo,Twig,{%setfrankenphphotreload=app.request.server.get('S')%}
73488403e,0,normal-param,github:Morzeux/HttpParamsDataset,,Ne
{{ 'note'|trans }},0,hard-negative,github:symfony/demo,Twig,{{'S'|trans}}
f1581il2ente,0,normal-param,github:Morzeux/HttpParamsDataset,,fNilNente
"{{ include('admin/blog/_delete_form.html.twig', {post: post}, with_context: false) }}",0,hard-negative,github:symfony/demo,Twig,"{{include('S',{post:post},with_context:false)}}"
40190,0,normal-param,github:Morzeux/HttpParamsDataset,,N
sibila,0,normal-param,github:Morzeux/HttpParamsDataset,,sibila
guillermina,0,normal-param,github:Morzeux/HttpParamsDataset,,guillermina
11ance3er,0,normal-param,github:Morzeux/HttpParamsDataset,,NanceNer
${pet.type},0,hard-negative,github:spring-projects/spring-petclinic,Thymeleaf,${pet.type}
macduff,0,normal-param,github:Morzeux/HttpParamsDataset,,macduff
"<%= ""active"" if d == ""180"" %>",0,hard-negative,github:sidekiq/sidekiq,ERB,"<%=""S""ifd==""S""%>"
astigarraga,0,normal-param,github:Morzeux/HttpParamsDataset,,astigarraga
${error},0,hard-negative,github:spring-projects/spring-petclinic,Thymeleaf,${error}
calle do fuso 19,0,normal-param,github:Morzeux/HttpParamsDataset,,calledofusoN
atletismo,0,normal-param,github:Morzeux/HttpParamsDataset,,atletismo
39450,0,normal-param,github:Morzeux/HttpParamsDataset,,N
bar5i5a070,0,normal-param,github:Morzeux/HttpParamsDataset,,barNiNaN
{{ 'action.edit_user'|trans }},0,hard-negative,github:symfony/demo,Twig,{{'S'|trans}}
<%= t('Queue') %>,0,hard-negative,github:sidekiq/sidekiq,ERB,<%=t('S')%>
cuervo1,0,normal-param,github:Morzeux/HttpParamsDataset,,cuervoN
2145088995876898,0,normal-param,github:Morzeux/HttpParamsDataset,,N
<%= t('Enqueued') %>,0,hard-negative,github:sidekiq/sidekiq,ERB,<%=t('S')%>
{% for post in messages %},0,hard-negative,github:miguelgrinberg/microblog,Jinja2,{%forpostinmessages%}
<% periods.each_key do |code| %>,0,hard-negative,github:sidekiq/sidekiq,ERB,<%periods.each_keydo|code|%>
"<%= script_tag ""javascripts/chartjs-adapter-date-fns.min.js"" %>",0,hard-negative,github:sidekiq/sidekiq,ERB,"<%=script_tag""S""%>"
lores bigas,0,normal-param,github:Morzeux/HttpParamsDataset,,loresbigas
margaux,0,normal-param,github:Morzeux/HttpParamsDataset,,margaux
"{{ path('blog_index_paginated', {page: paginator.previousPage, tag: tagName}) }}",0,hard-negative,github:symfony/demo,Twig,"{{path('S',{page:paginator.previouspage,tag:tagname})}}"
"c/ aulencia, 84",0,normal-param,github:Morzeux/HttpParamsDataset,,"c/aulencia,N"
1221,0,normal-param,github:Morzeux/HttpParamsDataset,,N
icahel,0,normal-param,github:Morzeux/HttpParamsDataset,,icahel
{{ user.avatar(64) }},0,hard-negative,github:miguelgrinberg/microblog,Jinja2,{{user.avatar(N)}}
paladio,0,normal-param,github:Morzeux/HttpParamsDataset,,paladio
canellas redolad,0,normal-param,github:Morzeux/HttpParamsDataset,,canellasredolad
<%= t('Queues') %>,0,hard-negative,github:sidekiq/sidekiq,ERB,<%=t('S')%>
<%= qparams(page: @current_page - 1) %>,0,hard-negative,github:sidekiq/sidekiq,ERB,<%=qparams(page:@current_page-N)%>
kruse,0,normal-param,github:Morzeux/HttpParamsDataset,,kruse
39527,0,normal-param,github:Morzeux/HttpParamsDataset,,N
enedn,0,normal-param,github:Morzeux/HttpParamsDataset,,enedn
70536583e,0,normal-param,github:Morzeux/HttpParamsDataset,,Ne
martens,0,normal-param,github:Morzeux/HttpParamsDataset,,martens
24n1e39,0,normal-param,github:Morzeux/HttpParamsDataset,,NnNeN
{% if paginator.hasNextPage %},0,hard-negative,github:symfony/demo,Twig,{%ifpaginator.hasnextpage%}
c1lab8,0,normal-param,github:Morzeux/HttpParamsDataset,,cNlabN
"<%= t(""Data"") %>",0,hard-negative,github:sidekiq/sidekiq,ERB,"<%=t(""S"")%>"
cruz iparraguirre,0,normal-param,github:Morzeux/HttpParamsDataset,,cruziparraguirre
35871689s,0,normal-param,github:Morzeux/HttpParamsDataset,,Ns
{% extends 'admin/layout.html.twig' %},0,hard-negative,github:symfony/demo,Twig,{%extends'S'%}
gimialcn,0,normal-param,github:Morzeux/HttpParamsDataset,,gimialcn
8171,0,normal-param,github:Morzeux/HttpParamsDataset,,N
"{{ field(class='form-control' + (' is-invalid' if field.errors else ''), autofocus=True) }}",0,hard-negative,github:miguelgrinberg/microblog,Jinja2,"{{field(class='S'+('S'iffield.errorselse'S'),autofocus=true)}}"
{{ post.author.username }},0,hard-negative,github:miguelgrinberg/microblog,Jinja2,{{post.author.username}}
enri,0,normal-param,github:Morzeux/HttpParamsDataset,,enri
<%= record.type %>,0,hard-negative,github:sidekiq/sidekiq,ERB,<%=record.type%>
7012,0,normal-param,github:Morzeux/HttpParamsDataset,,N
"calle sagristans, 132,",0,normal-param,github:Morzeux/HttpParamsDataset,,"callesagristans,N,"
gorse@16horas.yu,0,normal-param,github:Morzeux/HttpParamsDataset,,gorse@Nhoras.yu
"<%= ""#{root_path}scheduled/all/delete"" %>",0,hard-negative,github:sidekiq/sidekiq,ERB,"<%=""S""%>"
{%- if form[field].widget.input_type == 'hidden' %},0,hard-negative,github:miguelgrinberg/microblog,Jinja2,{%-ifform[field].widget.input_type=='S'%}
shahir,0,normal-param,github:Morzeux/HttpParamsDataset,,shahir
sigut,0,normal-param,github:Morzeux/HttpParamsDataset,,sigut
<%= h @retry['error_class'] %>,0,hard-negative,github:sidekiq/sidekiq,ERB,<%=h@retry['S']%>
<%= t('Dead') %>,0,hard-negative,github:sidekiq/sidekiq,ERB,<%=t('S')%>
istn,0,normal-param,github:Morzeux/HttpParamsDataset,,istn
82pe6m77b57i0a+d,0,normal-param,github:Morzeux/HttpParamsDataset,,NpeNmNbNiNa+d
graff@manzanilladevillafafila.iq,0,normal-param,github:Morzeux/HttpParamsDataset,,graff@manzanilladevillafafila.iq
${text},0,hard-negative,github:spring-projects/spring-petclinic,Thymeleaf,${text}
ademuz,0,normal-param,github:Morzeux/HttpParamsDataset,,ademuz
<%= h(job.display_class) %>,0,hard-negative,github:sidekiq/sidekiq,ERB,<%=h(job.display_class)%>
{{ 'post.no_posts_found'|trans }},0,hard-negative,github:symfony/demo,Twig,{{'S'|trans}}
<%= record.token %>,0,hard-negative,github:sidekiq/sidekiq,ERB,<%=record.token%>
cuenca,0,normal-param,github:Morzeux/HttpParamsDataset,,cuenca
<%= t('History') %>,0,hard-negative,github:sidekiq/sidekiq,ERB,<%=t('S')%>
{% if autofocus %},0,hard-negative,github:miguelgrinberg/microblog,Jinja2,{%ifautofocus%}
<%= t('PollingInterval') %>,0,hard-negative,github:sidekiq/sidekiq,ERB,<%=t('S')%>
4337,0,normal-param,github:Morzeux/HttpParamsDataset,,N
desempulgadura,0,normal-param,github:Morzeux/HttpParamsDataset,,desempulgadura
mazzotti9@novaservicios.bi,0,normal-param,github:Morzeux/HttpParamsDataset,,mazzottiN@novaservicios.bi
hrenyk,0,normal-param,github:Morzeux/HttpParamsDataset,,hrenyk
rascel-byatt@discotecateatre.ug,0,normal-param,github:Morzeux/HttpParamsDataset,,rascel-byatt@discotecateatre.ug
<%= t('Scheduled') %>,0,hard-negative,github:sidekiq/sidekiq,ERB,<%=t('S')%>
valdovio,0,normal-param,github:Morzeux/HttpParamsDataset,,valdovio
villarejo-periesteban,0,normal-param,github:Morzeux/HttpParamsDataset,,villarejo-periesteban
angold@callofduty6.nu,0,normal-param,github:Morzeux/HttpParamsDataset,,angold@callofdutyN.nu
1365,0,normal-param,github:Morzeux/HttpParamsDataset,,N
{% if not next_url %},0,hard-negative,github:miguelgrinberg/microblog,Jinja2,{%ifnotnext_url%}
c/ doctor luis calandre 44,0,normal-param,github:Morzeux/HttpParamsDataset,,c/doctorluiscalandreN
fontanarejo,0,normal-param,github:Morzeux/HttpParamsDataset,,fontanarejo
allis,0,normal-param,github:Morzeux/HttpParamsDataset,,allis
#{relative_time(Time.at(Time.now.to_f - queue_latency))},0,hard-negative,github:sidekiq/sidekiq,ERB,#{relative_time(time.at(time.now.to_f-queue_latency))}
4909,0,normal-param,github:Morzeux/HttpParamsDataset,,N
kurt,0,normal-param,github:Morzeux/HttpParamsDataset,,kurt
alkin@lesionesmusculares.pf,0,normal-param,github:Morzeux/HttpParamsDataset,,alkin@lesionesmusculares.pf
9435,0,normal-param,github:Morzeux/HttpParamsDataset,,N
pugliesi boleda,0,normal-param,github:Morzeux/HttpParamsDataset,,pugliesiboleda
valcourt,0,normal-param,github:Morzeux/HttpParamsDataset,,valcourt
62386870z,0,normal-param,github:Morzeux/HttpParamsDataset,,Nz
nordes!tal,0,normal-param,github:Morzeux/HttpParamsDataset,,nordes!tal
{{ parent() }},0,hard-negative,github:symfony/demo,Twig,{{parent()}}
ricardo,0,normal-param,github:Morzeux/HttpParamsDataset,,ricardo
4890165807728190,0,normal-param,github:Morzeux/HttpParamsDataset,,N
{{ 'help.app_description'|trans|raw }},0,hard-negative,github:symfony/demo,Twig,{{'S'|trans|raw}}
"c/ gustavo adolfo becquer 91,",0,normal-param,github:Morzeux/HttpParamsDataset,,"c/gustavoadolfobecquerN,"
armaanzas,0,normal-param,github:Morzeux/HttpParamsDataset,,armaanzas
${specialty.name + ' '},0,hard-negative,github:spring-projects/spring-petclinic,Thymeleaf,${specialty.name+'S'}
c/ barja 187,0,normal-param,github:Morzeux/HttpParamsDataset,,c/barjaN
"c/ san blas 88,",0,normal-param,github:Morzeux/HttpParamsDataset,,"c/sanblasN,"
{{ locale.code }},0,hard-negative,github:symfony/demo,Twig,{{locale.code}}
mud6787t6,0,normal-param,github:Morzeux/HttpParamsDataset,,mudNtN
ryall,0,normal-param,github:Morzeux/HttpParamsDataset,,ryall
17469,0,normal-param,github:Morzeux/HttpParamsDataset,,N
50780,0,normal-param,github:Morzeux/HttpParamsDataset,,N
"calle isla de la toja 84,",0,normal-param,github:Morzeux/HttpParamsDataset,,"calleisladelatojaN,"
31650,0,normal-param,github:Morzeux/HttpParamsDataset,,N
61323691x,0,normal-param,github:Morzeux/HttpParamsDataset,,Nx
"{{ url('admin_post_delete', {id: post.id}) }}",0,hard-negative,github:symfony/demo,Twig,"{{url('S',{id:post.id})}}"
{{ 'label.username'|trans }},0,hard-negative,github:symfony/demo,Twig,{{'S'|trans}}
dec7moquin3o,0,normal-param,github:Morzeux/HttpParamsDataset,,decNmoquinNo
5632,0,normal-param,github:Morzeux/HttpParamsDataset,,N
<% if @current_page > 1 %>,0,hard-negative,github:sidekiq/sidekiq,ERB,<%if@current_page>N%>
valdeolivas,0,normal-param,github:Morzeux/HttpParamsDataset,,valdeolivas
"manuel arnus, 151 9?b",0,normal-param,github:Morzeux/HttpParamsDataset,,"manuelarnus,NN?b"
terradas provasi,0,normal-param,github:Morzeux/HttpParamsDataset,,terradasprovasi
3195365184301828,0,normal-param,github:Morzeux/HttpParamsDataset,,N
stephano@clinicadentalsansalvador.nf,0,normal-param,github:Morzeux/HttpParamsDataset,,stephano@clinicadentalsansalvador.nf
3602043151180886,0,normal-param,github:Morzeux/HttpParamsDataset,,N
{% block date_time_picker_widget %},0,hard-negative,github:symfony/demo,Twig,{%blockdate_time_picker_widget%}
japan,0,normal-param,github:Morzeux/HttpParamsDataset,,japan
@{/resources/images/favicon.png},0,hard-negative,github:spring-projects/spring-petclinic,Thymeleaf,@{/resources/images/favicon.png}
correnta,0,normal-param,github:Morzeux/HttpParamsDataset,,correnta
38450,0,normal-param,github:Morzeux/HttpParamsDataset,,N
caldes,0,normal-param,github:Morzeux/HttpParamsDataset,,caldes
astrolito,0,normal-param,github:Morzeux/HttpParamsDataset,,astrolito
<%= Sidekiq::NAME %>,0,hard-negative,github:sidekiq/sidekiq,ERB,<%=sidekiq::name%>
norring-fujikawa@autoconstruccion.au,0,normal-param,github:Morzeux/HttpParamsDataset,,norring-fujikawa@autoconstruccion.au
margheti,0,normal-param,github:Morzeux/HttpParamsDataset,,margheti
senterada,0,normal-param,github:Morzeux/HttpParamsDataset,,senterada
99eja36r9a,0,normal-param,github:Morzeux/HttpParamsDataset,,NejaNrNa
cachapera,0,normal-param,github:Morzeux/HttpParamsDataset,,cachapera
6959239796912888,0,normal-param,github:Morzeux/HttpParamsDataset,,N
<%= relative_time(job.created_at) %>,0,hard-negative,github:sidekiq/sidekiq,ERB,<%=relative_time(job.created_at)%>
{{ user.username }},0,hard-negative,github:miguelgrinberg/microblog,Jinja2,{{user.username}}
<%= stats.scheduled_size %>,0,hard-negative,github:sidekiq/sidekiq,ERB,<%=stats.scheduled_size%>
<%= t(title) %>,0,hard-negative,github:sidekiq/sidekiq,ERB,<%=t(title)%>
31,0,normal-param,github:Morzeux/HttpParamsDataset,,N
lugar canedo s/n 13h,0,normal-param,github:Morzeux/HttpParamsDataset,,lugarcanedos/nNh
luisn,0,normal-param,github:Morzeux/HttpParamsDataset,,luisn
#{last},0,hard-negative,github:spring-projects/spring-petclinic,Thymeleaf,#{last}
beterette estruga,0,normal-param,github:Morzeux/HttpParamsDataset,,beteretteestruga
c4nt0rn,0,normal-param,github:Morzeux/HttpParamsDataset,,cNntNrn
metyn,0,normal-param,github:Morzeux/HttpParamsDataset,,metyn
{{ moment(user.last_seen).format('lll') }},0,hard-negative,github:miguelgrinberg/microblog,Jinja2,{{moment(user.last_seen).format('S')}}
<% if url == '' %>,0,hard-negative,github:sidekiq/sidekiq,ERB,<%ifurl=='S'%>
cowling@minimizar.bz,0,normal-param,github:Morzeux/HttpParamsDataset,,cowling@minimizar.bz
09275,0,normal-param,github:Morzeux/HttpParamsDataset,,N
18011,0,normal-param,github:Morzeux/HttpParamsDataset,,N
alternat,0,normal-param,github:Morzeux/HttpParamsDataset,,alternat
fonoll zurko,0,normal-param,github:Morzeux/HttpParamsDataset,,fonollzurko
58052164a,0,normal-param,github:Morzeux/HttpParamsDataset,,Na
"<% d = url_params(""days"") %>",0,hard-negative,github:sidekiq/sidekiq,ERB,"<%d=url_params(""S"")%>"
<%= @current_page - 1 %>,0,hard-negative,github:sidekiq/sidekiq,ERB,<%=@current_page-N%>
reubens,0,normal-param,github:Morzeux/HttpParamsDataset,,reubens
voluble,0,normal-param,github:Morzeux/HttpParamsDataset,,voluble
#{description},0,hard-negative,github:spring-projects/spring-petclinic,Thymeleaf,#{description}
"<%= erb :_job_info, locals: { job: @retry, type: :retry } %>",0,hard-negative,github:sidekiq/sidekiq,ERB,"<%=erb:_job_info,locals:{job:@retry,type::retry}%>"
8622247853302054,0,normal-param,github:Morzeux/HttpParamsDataset,,N
{% block title %},0,hard-negative,github:symfony/demo,Twig,{%blocktitle%}
gierasch.casini@goovitae.cu,0,normal-param,github:Morzeux/HttpParamsDataset,,gierasch.casini@goovitae.cu
#{entry['error_message']},0,hard-negative,github:sidekiq/sidekiq,ERB,#{entry['S']}
{{ 'action.browse_admin'|trans }},0,hard-negative,github:symfony/demo,Twig,{{'S'|trans}}
#{first},0,hard-negative,github:spring-projects/spring-petclinic,Thymeleaf,#{first}
faimunda,0,normal-param,github:Morzeux/HttpParamsDataset,,faimunda
"praza algalia de arriba, 188,",0,normal-param,github:Morzeux/HttpParamsDataset,,"prazaalgaliadearriba,N,"
d_eslechar,0,normal-param,github:Morzeux/HttpParamsDataset,,d_eslechar
#{vets},0,hard-negative,github:spring-projects/spring-petclinic,Thymeleaf,#{vets}
c6rro5,0,normal-param,github:Morzeux/HttpParamsDataset,,cNrroN
pierre,0,normal-param,github:Morzeux/HttpParamsDataset,,pierre
<%= @period %>,0,hard-negative,github:sidekiq/sidekiq,ERB,<%=@period%>
<% if @retries.size > 0 && @total_size > @count %>,0,hard-negative,github:sidekiq/sidekiq,ERB,<%if@retries.size>N&&@total_size>@count%>
"calle sanchez guerrero, 63, 10?h",0,normal-param,github:Morzeux/HttpParamsDataset,,"callesanchezguerrero,N,N?h"
13600,0,normal-param,github:Morzeux/HttpParamsDataset,,N
<%= config.app_url %>,0,hard-negative,github:sidekiq/sidekiq,ERB,<%=config.app_url%>
tormellas,0,normal-param,github:Morzeux/HttpParamsDataset,,tormellas
35210254z,0,normal-param,github:Morzeux/HttpParamsDataset,,Nz
{% block body_id 'admin_post_show' %},0,hard-negative,github:symfony/demo,Twig,{%blockbody_id'S'%}
{{ post.language }},0,hard-negative,github:miguelgrinberg/microblog,Jinja2,{{post.language}}
<% if @total_size > @count %>,0,hard-negative,github:sidekiq/sidekiq,ERB,<%if@total_size>@count%>
culham,0,normal-param,github:Morzeux/HttpParamsDataset,,culham
"<%= @dead.error_backtrace.join(""<br/>"") %>",0,hard-negative,github:sidekiq/sidekiq,ERB,"<%=@dead.error_backtrace.join(""S"")%>"
galatas,0,normal-param,github:Morzeux/HttpParamsDataset,,galatas
montvez zurita,0,normal-param,github:Morzeux/HttpParamsDataset,,montvezzurita
29061025l,0,normal-param,github:Morzeux/HttpParamsDataset,,Nl
<%= relative_time(job.at) %>,0,hard-negative,github:sidekiq/sidekiq,ERB,<%=relative_time(job.at)%>
#{root_path},0,hard-negative,github:sidekiq/sidekiq,ERB,#{root_path}
yoselie,0,normal-param,github:Morzeux/HttpParamsDataset,,yoselie
kingston@professionalhost.com.ag,0,normal-param,github:Morzeux/HttpParamsDataset,,kingston@professionalhost.com.ag
holdaway,0,normal-param,github:Morzeux/HttpParamsDataset,,holdaway
02210042h,0,normal-param,github:Morzeux/HttpParamsDataset,,Nh
32788800t,0,normal-param,github:Morzeux/HttpParamsDataset,,Nt
saturnino,0,normal-param,github:Morzeux/HttpParamsDataset,,saturnino
#{pets},0,hard-negative,github:spring-projects/spring-petclinic,Thymeleaf,#{pets}
"plaza benidorm 155, 5?e",0,normal-param,github:Morzeux/HttpParamsDataset,,"plazabenidormN,N?e"
{{ field(class='form-control' + (' is-invalid' if field.errors else '')) }},0,hard-negative,github:miguelgrinberg/microblog,Jinja2,{{field(class='S'+('S'iffield.errorselse'S'))}}
"<%= erb :_paging, locals: { url: ""#{root_path}morgue"" } %>",0,hard-negative,github:sidekiq/sidekiq,ERB,"<%=erb:_paging,locals:{url:""S""}%>"
+faccioso,0,normal-param,github:Morzeux/HttpParamsDataset,,+faccioso
pierre-y,0,normal-param,github:Morzeux/HttpParamsDataset,,pierre-y
{{ url_for('main.messages') }},0,hard-negative,github:miguelgrinberg/microblog,Jinja2,{{url_for('S')}}
{{ url_for('auth.login') }},0,hard-negative,github:miguelgrinberg/microblog,Jinja2,{{url_for('S')}}
<%= erb :_poll_link %>,0,hard-negative,github:sidekiq/sidekiq,ERB,<%=erb:_poll_link%>
<%= t('PeakMemoryUsage') %>,0,hard-negative,github:sidekiq/sidekiq,ERB,<%=t('S')%>
7062474051769610,0,normal-param,github:Morzeux/HttpParamsDataset,,N
<%= @hostname %>,0,hard-negative,github:sidekiq/sidekiq,ERB,<%=@hostname%>
{{ 'menu.search'|trans }},0,hard-negative,github:symfony/demo,Twig,{{'S'|trans}}
sa5na,0,normal-param,github:Morzeux/HttpParamsDataset,,saNna
{% for post in posts %},0,hard-negative,github:miguelgrinberg/microblog,Jinja2,{%forpostinposts%}
6285982305475025,0,normal-param,github:Morzeux/HttpParamsDataset,,N
helaina,0,normal-param,github:Morzeux/HttpParamsDataset,,helaina
<%= index %>,0,hard-negative,github:sidekiq/sidekiq,ERB,<%=index%>
84881293t,0,normal-param,github:Morzeux/HttpParamsDataset,,Nt
"c/ alqueria de rubiols, s/n, 11?d",0,normal-param,github:Morzeux/HttpParamsDataset,,"c/alqueriaderubiols,s/n,N?d"
desabor$ida,0,normal-param,github:Morzeux/HttpParamsDataset,,desabor$ida
monasterio de vega,0,normal-param,github:Morzeux/HttpParamsDataset,,monasteriodevega
2008736994858842,0,normal-param,github:Morzeux/HttpParamsDataset,,N
{{ _('Last seen on') }},0,hard-negative,github:miguelgrinberg/microblog,Jinja2,{{_('S')}}
"{{ stimulus_target('login', 'password') }}",0,hard-negative,github:symfony/demo,Twig,"{{stimulus_target('S','S')}}"
aldea del cano,0,normal-param,github:Morzeux/HttpParamsDataset,,aldeadelcano
05636576n,0,normal-param,github:Morzeux/HttpParamsDataset,,Nn
@{/resources/css/petclinic.css},0,hard-negative,github:spring-projects/spring-petclinic,Thymeleaf,@{/resources/css/petclinic.css}
49130,0,normal-param,github:Morzeux/HttpParamsDataset,,N
deg0a7a0,0,normal-param,github:Morzeux/HttpParamsDataset,,degNaNaN
<%= 'disabled' if @current_page == 1 %>,0,hard-negative,github:sidekiq/sidekiq,ERB,<%='S'if@current_page==N%>
downs,0,normal-param,github:Morzeux/HttpParamsDataset,,downs
9729,0,normal-param,github:Morzeux/HttpParamsDataset,,N
{% block body_id 'user_password' %},0,hard-negative,github:symfony/demo,Twig,{%blockbody_id'S'%}
schonhals-lackteen@opel-e-flex.af,0,normal-param,github:Morzeux/HttpParamsDataset,,schonhals-lackteen@opel-e-flex.af
nancy,0,normal-param,github:Morzeux/HttpParamsDataset,,nancy
{% if frankenphpHotReload %},0,hard-negative,github:symfony/demo,Twig,{%iffrankenphphotreload%}
{% if form %},0,hard-negative,github:miguelgrinberg/microblog,Jinja2,{%ifform%}
edouard,0,normal-param,github:Morzeux/HttpParamsDataset,,edouard
{%- if id %},0,hard-negative,github:miguelgrinberg/microblog,Jinja2,{%-ifid%}
cassat,0,normal-param,github:Morzeux/HttpParamsDataset,,cassat
"<%= display_args(job.display_args, nil) %>",0,hard-negative,github:sidekiq/sidekiq,ERB,"<%=display_args(job.display_args,nil)%>"
46702832k,0,normal-param,github:Morzeux/HttpParamsDataset,,Nk
49694,0,normal-param,github:Morzeux/HttpParamsDataset,,N
"nao victoria, 79, 12?h",0,normal-param,github:Morzeux/HttpParamsDataset,,"naovictoria,N,N?h"
{{ i }},0,hard-negative,github:symfony/demo,Twig,{{i}}
"<%= script_tag ""javascripts/metrics.js"" %>",0,hard-negative,github:sidekiq/sidekiq,ERB,"<%=script_tag""S""%>"
{{ 'http_error.description'|trans({status_code: status_code}) }},0,hard-negative,github:symfony/demo,Twig,{{'S'|trans({status_code:status_code})}}
buenda,0,normal-param,github:Morzeux/HttpParamsDataset,,buenda
espavorida,0,normal-param,github:Morzeux/HttpParamsDataset,,espavorida
azuara,0,normal-param,github:Morzeux/HttpParamsDataset,,azuara
fisgar,0,normal-param,github:Morzeux/HttpParamsDataset,,fisgar
kazem@cup-id.as,0,normal-param,github:Morzeux/HttpParamsDataset,,kazem@cup-id.as
51975226x,0,normal-param,github:Morzeux/HttpParamsDataset,,Nx
delfina,0,normal-param,github:Morzeux/HttpParamsDataset,,delfina
lovegrov,0,normal-param,github:Morzeux/HttpParamsDataset,,lovegrov
<% if flash? %>,0,hard-negative,github:sidekiq/sidekiq,ERB,<%ifflash?%>
77,0,normal-param,github:Morzeux/HttpParamsDataset,,N
9805,0,normal-param,github:Morzeux/HttpParamsDataset,,N
torres de la alameda,0,normal-param,github:Morzeux/HttpParamsDataset,,torresdelaalameda
chamberlain@muevemiweb.al,0,normal-param,github:Morzeux/HttpParamsDataset,,chamberlain@muevemiweb.al
<%= h(@dead['error_message']) %>,0,hard-negative,github:sidekiq/sidekiq,ERB,<%=h(@dead['S'])%>
#{entry['error_class']},0,hard-negative,github:sidekiq/sidekiq,ERB,#{entry['S']}
montoro,0,normal-param,github:Morzeux/HttpParamsDataset,,montoro
meara,0,normal-param,github:Morzeux/HttpParamsDataset,,meara
2840005774765443,0,normal-param,github:Morzeux/HttpParamsDataset,,N
ailee1,0,normal-param,github:Morzeux/HttpParamsDataset,,aileeN
"{{ form_field(field, ns.first_field) }}",0,hard-negative,github:miguelgrinberg/microblog,Jinja2,"{{form_field(field,ns.first_field)}}"
us0j6,0,normal-param,github:Morzeux/HttpParamsDataset,,usNjN
guilbert_silver@maquillajeparalabios.dj,0,normal-param,github:Morzeux/HttpParamsDataset,,guilbert_silver@maquillajeparalabios.dj
{{ 'menu.choose_language'|trans }},0,hard-negative,github:symfony/demo,Twig,{{'S'|trans}}
#{findOwners},0,hard-negative,github:spring-projects/spring-petclinic,Thymeleaf,#{findowners}
pfeilsch,0,normal-param,github:Morzeux/HttpParamsDataset,,pfeilsch
"c/ fray junipero serra, 127",0,normal-param,github:Morzeux/HttpParamsDataset,,"c/frayjuniperoserra,N"
taburete,0,normal-param,github:Morzeux/HttpParamsDataset,,taburete
378,0,normal-param,github:Morzeux/HttpParamsDataset,,N
{{ 'action.delete_post'|trans }},0,hard-negative,github:symfony/demo,Twig,{{'S'|trans}}
castilblanco,0,normal-param,github:Morzeux/HttpParamsDataset,,castilblanco
linden,0,normal-param,github:Morzeux/HttpParamsDataset,,linden
pao villalobos,0,normal-param,github:Morzeux/HttpParamsDataset,,paovillalobos
{% block body_id %},0,hard-negative,github:symfony/demo,Twig,{%blockbody_id%}
{%- endfor %},0,hard-negative,github:miguelgrinberg/microblog,Jinja2,{%-endfor%}
<%= current_path == url ? 'active' : '' %>,0,hard-negative,github:sidekiq/sidekiq,ERB,<%=current_path==url?'S':'S'%>
"calle valdibaez 185,",0,normal-param,github:Morzeux/HttpParamsDataset,,"callevaldibaezN,"
calleja,0,normal-param,github:Morzeux/HttpParamsDataset,,calleja
"{{ _('%(count)d followers', count=user.followers_count()) }}",0,hard-negative,github:miguelgrinberg/microblog,Jinja2,"{{_('S',count=user.followers_count())}}"
azpilicueta eckhardt,0,normal-param,github:Morzeux/HttpParamsDataset,,azpilicuetaeckhardt
1738,0,normal-param,github:Morzeux/HttpParamsDataset,,N
8781173513237509,0,normal-param,github:Morzeux/HttpParamsDataset,,N
{%- for field in form %},0,hard-negative,github:miguelgrinberg/microblog,Jinja2,{%-forfieldinform%}
${owner['new']},0,hard-negative,github:spring-projects/spring-petclinic,Thymeleaf,${owner['S']}
"cabanyes, les",0,normal-param,github:Morzeux/HttpParamsDataset,,"cabanyes,les"
ma$c3donio,0,normal-param,github:Morzeux/HttpParamsDataset,,ma$cNdonio
<%= @time %>,0,hard-negative,github:sidekiq/sidekiq,ERB,<%=@time%>
59137612n,0,normal-param,github:Morzeux/HttpParamsDataset,,Nn
entendimiento,0,normal-param,github:Morzeux/HttpParamsDataset,,entendimiento
"calle pintor juan ismael, 73,",0,normal-param,github:Morzeux/HttpParamsDataset,,"callepintorjuanismael,N,"
{% for i in 1..paginator.lastPage %},0,hard-negative,github:symfony/demo,Twig,{%foriinN..paginator.lastpage%}
<%= qparams(page: @current_page) %>,0,hard-negative,github:sidekiq/sidekiq,ERB,<%=qparams(page:@current_page)%>
02858717r,0,normal-param,github:Morzeux/HttpParamsDataset,,Nr
bilbao calsada,0,normal-param,github:Morzeux/HttpParamsDataset,,bilbaocalsada
{{ wtf.quick_form(form) }},0,hard-negative,github:miguelgrinberg/microblog,Jinja2,{{wtf.quick_form(form)}}
${item},0,hard-negative,github:spring-projects/spring-petclinic,Thymeleaf,${item}
40139732v,0,normal-param,github:Morzeux/HttpParamsDataset,,Nv
peligros,0,normal-param,github:Morzeux/HttpParamsDataset,,peligros
t53s97ln747a,0,normal-param,github:Morzeux/HttpParamsDataset,,tNsNlnNa
<%= filtering('morgue') %>,0,hard-negative,github:sidekiq/sidekiq,ERB,<%=filtering('S')%>
mirabel,0,normal-param,github:Morzeux/HttpParamsDataset,,mirabel
19342,0,normal-param,github:Morzeux/HttpParamsDataset,,N
cifelli,0,normal-param,github:Morzeux/HttpParamsDataset,,cifelli
87053274e,0,normal-param,github:Morzeux/HttpParamsDataset,,Ne
franks.merayo@karldeux.ki,0,normal-param,github:Morzeux/HttpParamsDataset,,franks.merayo@karldeux.ki
<%= t('ErrorBacktrace') %>,0,hard-negative,github:sidekiq/sidekiq,ERB,<%=t('S')%>
aylmar6,0,normal-param,github:Morzeux/HttpParamsDataset,,aylmarN
dalia,0,normal-param,github:Morzeux/HttpParamsDataset,,dalia
07194416q,0,normal-param,github:Morzeux/HttpParamsDataset,,Nq
91436910l,0,normal-param,github:Morzeux/HttpParamsDataset,,Nl
{% for task in tasks %},0,hard-negative,github:miguelgrinberg/microblog,Jinja2,{%fortaskintasks%}
itrabo,0,normal-param,github:Morzeux/HttpParamsDataset,,itrabo
thayra,0,normal-param,github:Morzeux/HttpParamsDataset,,thayra
lazure,0,normal-param,github:Morzeux/HttpParamsDataset,,lazure
men@altoguadiana.pw,0,normal-param,github:Morzeux/HttpParamsDataset,,men@altoguadiana.pw
1864402022200871,0,normal-param,github:Morzeux/HttpParamsDataset,,N
85009634r,0,normal-param,github:Morzeux/HttpParamsDataset,,Nr
pinatero,0,normal-param,github:Morzeux/HttpParamsDataset,,pinatero
cartaya,0,normal-param,github:Morzeux/HttpParamsDataset,,cartaya
cotizada,0,normal-param,github:Morzeux/HttpParamsDataset,,cotizada
<% if config.app_url %>,0,hard-negative,github:sidekiq/sidekiq,ERB,<%ifconfig.app_url%>
"<%= (queue_latency < 60) ? '' : "" (#{relative_time(Time.at(Time.now.to_f - queue_latency))})"" %>",0,hard-negative,github:sidekiq/sidekiq,ERB,"<%=(queue_latency<N)?'S':""S""%>"
66564863b,0,normal-param,github:Morzeux/HttpParamsDataset,,Nb
padre lojendio 53 11?c,0,normal-param,github:Morzeux/HttpParamsDataset,,padrelojendioNN?c
19196,0,normal-param,github:Morzeux/HttpParamsDataset,,N
smithdea,0,normal-param,github:Morzeux/HttpParamsDataset,,smithdea
<%= name %>,0,hard-negative,github:sidekiq/sidekiq,ERB,<%=name%>
8322438262219801,0,normal-param,github:Morzeux/HttpParamsDataset,,N
stough,0,normal-param,github:Morzeux/HttpParamsDataset,,stough
<% if (state = job.iterable_state) %>,0,hard-negative,github:sidekiq/sidekiq,ERB,<%if(state=job.iterable_state)%>
"<%= h(truncate(state.cursor.inspect, 100)) %>",0,hard-negative,github:sidekiq/sidekiq,ERB,"<%=h(truncate(state.cursor.inspect,N))%>"
37314,0,normal-param,github:Morzeux/HttpParamsDataset,,N
46813,0,normal-param,github:Morzeux/HttpParamsDataset,,N
{{ 'action.publish_comment'|trans }},0,hard-negative,github:symfony/demo,Twig,{{'S'|trans}}
erhard@miplat.il,0,normal-param,github:Morzeux/HttpParamsDataset,,erhard@miplat.il
hoya-gonzalo,0,normal-param,github:Morzeux/HttpParamsDataset,,hoya-gonzalo
saya,0,normal-param,github:Morzeux/HttpParamsDataset,,saya
broughton0@naturalchild.lc,0,normal-param,github:Morzeux/HttpParamsDataset,,broughtonN@naturalchild.lc
{{ 'title.homepage'|trans|raw }},0,hard-negative,github:symfony/demo,Twig,{{'S'|trans|raw}}
shiomi@errebebe.ug,0,normal-param,github:Morzeux/HttpParamsDataset,,shiomi@errebebe.ug
${owner.address},0,hard-negative,github:spring-projects/spring-petclinic,Thymeleaf,${owner.address}
winde,0,normal-param,github:Morzeux/HttpParamsDataset,,winde
madrigal del monte,0,normal-param,github:Morzeux/HttpParamsDataset,,madrigaldelmonte
acehche,0,normal-param,github:Morzeux/HttpParamsDataset,,acehche
"san roke, 155 13?h",0,normal-param,github:Morzeux/HttpParamsDataset,,"sanroke,NN?h"
{% from 'default/_language_selector.html.twig' import render_language_selector %},0,hard-negative,github:symfony/demo,Twig,{%from'S'importrender_language_selector%}
{{ _('Newer messages') }},0,hard-negative,github:miguelgrinberg/microblog,Jinja2,{{_('S')}}
fulmnica,0,normal-param,github:Morzeux/HttpParamsDataset,,fulmnica
#{error.general},0,hard-negative,github:spring-projects/spring-petclinic,Thymeleaf,#{error.general}
anguciana,0,normal-param,github:Morzeux/HttpParamsDataset,,anguciana
${pet},0,hard-negative,github:spring-projects/spring-petclinic,Thymeleaf,${pet}
{{ 'http_error.name'|trans({status_code: status_code}) }},0,hard-negative,github:symfony/demo,Twig,{{'S'|trans({status_code:status_code})}}
{{ form_row(form.summary) }},0,hard-negative,github:symfony/demo,Twig,{{form_row(form.summary)}}
${'form-group' + (valid ? '' : ' has-error')},0,hard-negative,github:spring-projects/spring-petclinic,Thymeleaf,${'S'+(valid?'S':'S')}
31096,0,normal-param,github:Morzeux/HttpParamsDataset,,N
#{error},0,hard-negative,github:spring-projects/spring-petclinic,Thymeleaf,#{error}
<%= t('RetryCount') %>,0,hard-negative,github:sidekiq/sidekiq,ERB,<%=t('S')%>
{{ 'label.published_at'|trans }},0,hard-negative,github:symfony/demo,Twig,{{'S'|trans}}
carteado,0,normal-param,github:Morzeux/HttpParamsDataset,,carteado
${pet.visits},0,hard-negative,github:spring-projects/spring-petclinic,Thymeleaf,${pet.visits}
ti20,0,normal-param,github:Morzeux/HttpParamsDataset,,tiN
"{{ url_for('main.unfollow', username=user.username) }}",0,hard-negative,github:miguelgrinberg/microblog,Jinja2,"{{url_for('S',username=user.username)}}"
{{ 'post.to_publish_a_comment'|trans }},0,hard-negative,github:symfony/demo,Twig,{{'S'|trans}}
{{ stimulus_controller('login') }},0,hard-negative,github:symfony/demo,Twig,{{stimulus_controller('S')}}
{% if current_user.is_authenticated %},0,hard-negative,github:miguelgrinberg/microblog,Jinja2,{%ifcurrent_user.is_authenticated%}
23456317c,0,normal-param,github:Morzeux/HttpParamsDataset,,Nc
#{city},0,hard-negative,github:spring-projects/spring-petclinic,Thymeleaf,#{city}
samuel,0,normal-param,github:Morzeux/HttpParamsDataset,,samuel
"carretera barajas, 147,",0,normal-param,github:Morzeux/HttpParamsDataset,,"carreterabarajas,N,"
br8c99ma4290,0,normal-param,github:Morzeux/HttpParamsDataset,,brNcNmaN
dillon@indagacion.pa,0,normal-param,github:Morzeux/HttpParamsDataset,,dillon@indagacion.pa
<%= @name %>,0,hard-negative,github:sidekiq/sidekiq,ERB,<%=@name%>
<% if @retries.size > 0 %>,0,hard-negative,github:sidekiq/sidekiq,ERB,<%if@retries.size>N%>
<%= t('Job') %>,0,hard-negative,github:sidekiq/sidekiq,ERB,<%=t('S')%>
"{{ form_widget(form.content, {attr: {rows: 10}}",0,hard-negative,github:symfony/demo,Twig,"{{form_widget(form.content,{attr:{rows:N}}"
<%= 'disabled' if @total_size <= @current_page * @count %>,0,hard-negative,github:sidekiq/sidekiq,ERB,<%='S'if@total_size<=@current_page*@count%>
8529,0,normal-param,github:Morzeux/HttpParamsDataset,,N
<%= class_name %>,0,hard-negative,github:sidekiq/sidekiq,ERB,<%=class_name%>
${items},0,hard-negative,github:spring-projects/spring-petclinic,Thymeleaf,${items}
yuncos,0,normal-param,github:Morzeux/HttpParamsDataset,,yuncos
boca de hurgano,0,normal-param,github:Morzeux/HttpParamsDataset,,bocadehurgano
alfaro esparraguera,0,normal-param,github:Morzeux/HttpParamsDataset,,alfaroesparraguera
<%= h queue.name %>,0,hard-negative,github:sidekiq/sidekiq,ERB,<%=hqueue.name%>
retamal,0,normal-param,github:Morzeux/HttpParamsDataset,,retamal
19462,0,normal-param,github:Morzeux/HttpParamsDataset,,N
juana,0,normal-param,github:Morzeux/HttpParamsDataset,,juana
56443206x,0,normal-param,github:Morzeux/HttpParamsDataset,,Nx
kwangchi,0,normal-param,github:Morzeux/HttpParamsDataset,,kwangchi
aragon 24 12?a,0,normal-param,github:Morzeux/HttpParamsDataset,,aragonNN?a
falicov,0,normal-param,github:Morzeux/HttpParamsDataset,,falicov
{{ url_for('auth.logout') }},0,hard-negative,github:miguelgrinberg/microblog,Jinja2,{{url_for('S')}}
<%= h(state.cursor.inspect) %>,0,hard-negative,github:sidekiq/sidekiq,ERB,<%=h(state.cursor.inspect)%>
"{{ form_widget(form.saveAndCreateNew, {label: 'label.save_and_create_new', attr: {class: 'btn btn-primary'}}",0,hard-negative,github:symfony/demo,Twig,"{{form_widget(form.saveandcreatenew,{label:'S',attr:{class:'S'}}"
"${#numbers.sequence(1, totalPages)}",0,hard-negative,github:spring-projects/spring-petclinic,Thymeleaf,"${#numbers.sequence(N,totalpages)}"
63298862x,0,normal-param,github:Morzeux/HttpParamsDataset,,Nx
<%= entry['retry_count'] %>,0,hard-negative,github:sidekiq/sidekiq,ERB,<%=entry['S']%>
piel,0,normal-param,github:Morzeux/HttpParamsDataset,,piel
"{{ path('blog_index_paginated', {page: paginator.nextPage, tag: tagName}) }}",0,hard-negative,github:symfony/demo,Twig,"{{path('S',{page:paginator.nextpage,tag:tagname})}}"
38,0,normal-param,github:Morzeux/HttpParamsDataset,,N
44,0,normal-param,github:Morzeux/HttpParamsDataset,,N
5e938rera,0,normal-param,github:Morzeux/HttpParamsDataset,,NeNrera
7986,0,normal-param,github:Morzeux/HttpParamsDataset,,N
0003204654562755,0,normal-param,github:Morzeux/HttpParamsDataset,,N
calle bendicion 160,0,normal-param,github:Morzeux/HttpParamsDataset,,callebendicionN
{{ title }},0,hard-negative,github:miguelgrinberg/microblog,Jinja2,{{title}}
"{{ error.messageKey|trans(error.messageData, 'security') }}",0,hard-negative,github:symfony/demo,Twig,"{{error.messagekey|trans(error.messagedata,'S')}}"
kernke-langevin@estoeslahostia.kr,0,normal-param,github:Morzeux/HttpParamsDataset,,kernke-langevin@estoeslahostia.kr
"<%= number_with_delimiter(record.elapsed, precision: 2) %>",0,hard-negative,github:sidekiq/sidekiq,ERB,"<%=number_with_delimiter(record.elapsed,precision:N)%>"
"<%= h(job[""cattr""].inspect) if job[""cattr""]&.any? %>",0,hard-negative,github:sidekiq/sidekiq,ERB,"<%=h(job[""S""].inspect)ifjob[""S""]&.any?%>"
valencia de don juan,0,normal-param,github:Morzeux/HttpParamsDataset,,valenciadedonjuan
{{ 'menu.post_list'|trans }},0,hard-negative,github:symfony/demo,Twig,{{'S'|trans}}
patey@suncorp.st,0,normal-param,github:Morzeux/HttpParamsDataset,,patey@suncorp.st
cobran,0,normal-param,github:Morzeux/HttpParamsDataset,,cobran
0ntrecerrar,0,normal-param,github:Morzeux/HttpParamsDataset,,Nntrecerrar
hatajo,0,normal-param,github:Morzeux/HttpParamsDataset,,hatajo
"calle roger de lauria, 4",0,normal-param,github:Morzeux/HttpParamsDataset,,"callerogerdelauria,N"
8961981301450385,0,normal-param,github:Morzeux/HttpParamsDataset,,N
"<%= display_tags(entry, ""retries"") %>",0,hard-negative,github:sidekiq/sidekiq,ERB,"<%=display_tags(entry,""S"")%>"
<%= t('ElapsedTime') %>,0,hard-negative,github:sidekiq/sidekiq,ERB,<%=t('S')%>
5257931647701652,0,normal-param,github:Morzeux/HttpParamsDataset,,N
arre,0,normal-param,github:Morzeux/HttpParamsDataset,,arre
"<%= ""#{root_path}retries/all/delete"" %>",0,hard-negative,github:sidekiq/sidekiq,ERB,"<%=""S""%>"
19119,0,normal-param,github:Morzeux/HttpParamsDataset,,N
{{ type }},0,hard-negative,github:symfony/demo,Twig,{{type}}
{{ _('Messages') }},0,hard-negative,github:miguelgrinberg/microblog,Jinja2,{{_('S')}}
88903644l,0,normal-param,github:Morzeux/HttpParamsDataset,,Nl
<%= display_args(entry.display_args) %>,0,hard-negative,github:sidekiq/sidekiq,ERB,<%=display_args(entry.display_args)%>
{% block main %},0,hard-negative,github:symfony/demo,Twig,{%blockmain%}
gianina,0,normal-param,github:Morzeux/HttpParamsDataset,,gianina
dierking3@carmensanmartin.kn,0,normal-param,github:Morzeux/HttpParamsDataset,,dierkingN@carmensanmartin.kn
"<%= ""#{root_path}retries/all/retry"" %>",0,hard-negative,github:sidekiq/sidekiq,ERB,"<%=""S""%>"
<%= t('Arguments') %>,0,hard-negative,github:sidekiq/sidekiq,ERB,<%=t('S')%>
26381112c,0,normal-param,github:Morzeux/HttpParamsDataset,,Nc
"<%= @redis_info.fetch(""used_memory_human"") %>",0,hard-negative,github:sidekiq/sidekiq,ERB,"<%=@redis_info.fetch(""S"")%>"
{{ action }},0,hard-negative,github:miguelgrinberg/microblog,Jinja2,{{action}}
05320,0,normal-param,github:Morzeux/HttpParamsDataset,,N
4979216909976076,0,normal-param,github:Morzeux/HttpParamsDataset,,N
rummel@acch-portugal.ni,0,normal-param,github:Morzeux/HttpParamsDataset,,rummel@acch-portugal.ni
onzonilla,0,normal-param,github:Morzeux/HttpParamsDataset,,onzonilla
<%= value %>,0,hard-negative,github:sidekiq/sidekiq,ERB,<%=value%>
clara,0,normal-param,github:Morzeux/HttpParamsDataset,,clara
{%- elif field.type == 'RadioField' %},0,hard-negative,github:miguelgrinberg/microblog,Jinja2,{%-eliffield.type=='S'%}
{% for message in messages %},0,hard-negative,github:miguelgrinberg/microblog,Jinja2,{%formessageinmessages%}
parke antonio trueba 175,0,normal-param,github:Morzeux/HttpParamsDataset,,parkeantoniotruebaN
15785527y,0,normal-param,github:Morzeux/HttpParamsDataset,,Ny
le-van-kim@la-sexta-f1.ro,0,normal-param,github:Morzeux/HttpParamsDataset,,le-van-kim@la-sexta-fN.ro
#{home},0,hard-negative,github:spring-projects/spring-petclinic,Thymeleaf,#{home}
geffner-schoo@bacoespecialseleccin.bm,0,normal-param,github:Morzeux/HttpParamsDataset,,geffner-schoo@bacoespecialseleccin.bm
fortner,0,normal-param,github:Morzeux/HttpParamsDataset,,fortner
25585710g,0,normal-param,github:Morzeux/HttpParamsDataset,,Ng
#{error.404},0,hard-negative,github:spring-projects/spring-petclinic,Thymeleaf,#{error.N}
"c/ hermanos senise colmenero, 153, 3-d",0,normal-param,github:Morzeux/HttpParamsDataset,,"c/hermanossenisecolmenero,N,N-d"
atabillar,0,normal-param,github:Morzeux/HttpParamsDataset,,atabillar
8728407984769930,0,normal-param,github:Morzeux/HttpParamsDataset,,N
1019,0,normal-param,github:Morzeux/HttpParamsDataset,,N
<%= @now %>,0,hard-negative,github:sidekiq/sidekiq,ERB,<%=@now%>
casillas,0,normal-param,github:Morzeux/HttpParamsDataset,,casillas
2ovi4in,0,normal-param,github:Morzeux/HttpParamsDataset,,NoviNin
96to3a38,0,normal-param,github:Morzeux/HttpParamsDataset,,NtoNaN
{{ locale.name|capitalize }},0,hard-negative,github:symfony/demo,Twig,{{locale.name|capitalize}}
#{@name},0,hard-negative,github:sidekiq/sidekiq,ERB,#{@name}
"etorbidea atarrabiako 126, 5d",0,normal-param,github:Morzeux/HttpParamsDataset,,"etorbideaatarrabiakoN,Nd"
97817650f,0,normal-param,github:Morzeux/HttpParamsDataset,,Nf
{{ show_source_code(_self) }},0,hard-negative,github:symfony/demo,Twig,{{show_source_code(_self)}}
05208723m,0,normal-param,github:Morzeux/HttpParamsDataset,,Nm
{% set unread_message_count = current_user.unread_message_count() %},0,hard-negative,github:miguelgrinberg/microblog,Jinja2,{%setunread_message_count=current_user.unread_message_count()%}
25300,0,normal-param,github:Morzeux/HttpParamsDataset,,N
ostapchuk casal,0,normal-param,github:Morzeux/HttpParamsDataset,,ostapchukcasal
mu9d6c09,0,normal-param,github:Morzeux/HttpParamsDataset,,muNdNcN
45100,0,normal-param,github:Morzeux/HttpParamsDataset,,N
${vet.nrOfSpecialties == 0},0,hard-negative,github:spring-projects/spring-petclinic,Thymeleaf,${vet.nrofspecialties==N}
"<%= t('CurrentMessagesInQueue', :queue => h(@name)) %>",0,hard-negative,github:sidekiq/sidekiq,ERB,"<%=t('S',:queue=>h(@name))%>"
zuk,0,normal-param,github:Morzeux/HttpParamsDataset,,zuk
59137152n,0,normal-param,github:Morzeux/HttpParamsDataset,,Nn
champ,0,normal-param,github:Morzeux/HttpParamsDataset,,champ
paz,0,normal-param,github:Morzeux/HttpParamsDataset,,paz
braden,0,normal-param,github:Morzeux/HttpParamsDataset,,braden
<%= url %>,0,hard-negative,github:sidekiq/sidekiq,ERB,<%=url%>
llompart maydana,0,normal-param,github:Morzeux/HttpParamsDataset,,llompartmaydana
75010741j,0,normal-param,github:Morzeux/HttpParamsDataset,,Nj
<%= entry.display_class %>,0,hard-negative,github:sidekiq/sidekiq,ERB,<%=entry.display_class%>
2561,0,normal-param,github:Morzeux/HttpParamsDataset,,N
#{addNewPet},0,hard-negative,github:spring-projects/spring-petclinic,Thymeleaf,#{addnewpet}
4244,0,normal-param,github:Morzeux/HttpParamsDataset,,N
eyre9@ringringcargo.tn,0,normal-param,github:Morzeux/HttpParamsDataset,,eyreN@ringringcargo.tn
{{ block('datetime_widget') }},0,hard-negative,github:symfony/demo,Twig,{{block('S')}}
48112,0,normal-param,github:Morzeux/HttpParamsDataset,,N
{{ 'http_error.name'|trans({status_code: 404}) }},0,hard-negative,github:symfony/demo,Twig,{{'S'|trans({status_code:N})}}
814ic4li4a,0,normal-param,github:Morzeux/HttpParamsDataset,,NicNliNa
{{ path('homepage') }},0,hard-negative,github:symfony/demo,Twig,{{path('S')}}
@{'/vets.html?page=__${totalPages},0,hard-negative,github:spring-projects/spring-petclinic,Thymeleaf,@{'/vets.html?page=__${totalpages}
"${#temporals.format(visit.date, 'yyyy-MM-dd')}",0,hard-negative,github:spring-projects/spring-petclinic,Thymeleaf,"${#temporals.format(visit.date,'S')}"
{{ unread_message_count }},0,hard-negative,github:miguelgrinberg/microblog,Jinja2,{{unread_message_count}}
#{specialties},0,hard-negative,github:spring-projects/spring-petclinic,Thymeleaf,#{specialties}
schucrenberg-oheaney3@testdevelcidad.info,0,normal-param,github:Morzeux/HttpParamsDataset,,schucrenberg-oheaneyN@testdevelcidad.info
"madrid, 27",0,normal-param,github:Morzeux/HttpParamsDataset,,"madrid,N"
"cuesta de la baronesa, 192",0,normal-param,github:Morzeux/HttpParamsDataset,,"cuestadelabaronesa,N"
<%= relative_time(job.failed_at) %>,0,hard-negative,github:sidekiq/sidekiq,ERB,<%=relative_time(job.failed_at)%>
#{address},0,hard-negative,github:spring-projects/spring-petclinic,Thymeleaf,#{address}
{{ include('blog/_rss.html.twig') }},0,hard-negative,github:symfony/demo,Twig,{{include('S')}}
"mirn, el",0,normal-param,github:Morzeux/HttpParamsDataset,,"mirn,el"
9091453994786923,0,normal-param,github:Morzeux/HttpParamsDataset,,N
"<%= t(""View"") %>",0,hard-negative,github:sidekiq/sidekiq,ERB,"<%=t(""S"")%>"
jandette tarrida,0,normal-param,github:Morzeux/HttpParamsDataset,,jandettetarrida
{% if paginator.hasPreviousPage %},0,hard-negative,github:symfony/demo,Twig,{%ifpaginator.haspreviouspage%}
{{ 'http_error_500.suggestion'|trans({url: path('blog_index')})|raw }},0,hard-negative,github:symfony/demo,Twig,{{'S'|trans({url:path('S')})|raw}}
#{owner},0,hard-negative,github:spring-projects/spring-petclinic,Thymeleaf,#{owner}
warrello2,0,normal-param,github:Morzeux/HttpParamsDataset,,warrelloN
{% if loop.last %},0,hard-negative,github:miguelgrinberg/microblog,Jinja2,{%ifloop.last%}
${#fields.allErrors()},0,hard-negative,github:spring-projects/spring-petclinic,Thymeleaf,${#fields.allerrors()}
#{__FILE__},0,hard-negative,github:sidekiq/sidekiq,ERB,#{__file__}
{{ _('Older messages') }},0,hard-negative,github:miguelgrinberg/microblog,Jinja2,{{_('S')}}
{% block body_id 'blog_post_show' %},0,hard-negative,github:symfony/demo,Twig,{%blockbody_id'S'%}
korbel,0,normal-param,github:Morzeux/HttpParamsDataset,,korbel
<% @scheduled.each do |entry| %>,0,hard-negative,github:sidekiq/sidekiq,ERB,<%@scheduled.eachdo|entry|%>
{% if unread_message_count %},0,hard-negative,github:miguelgrinberg/microblog,Jinja2,{%ifunread_message_count%}
"{{ g.search_form.q(size=20, class='form-control', placeholder=g.search_form.q.label.text) }}",0,hard-negative,github:miguelgrinberg/microblog,Jinja2,"{{g.search_form.q(size=N,class='S',placeholder=g.search_form.q.label.text)}}"
"<%= erb :_job_info, locals: { job: @job, type: :scheduled } %>",0,hard-negative,github:sidekiq/sidekiq,ERB,"<%=erb:_job_info,locals:{job:@job,type::scheduled}%>"
sarris/sartze,0,normal-param,github:Morzeux/HttpParamsDataset,,sarris/sartze
{{ field(class='btn btn-primary mb-3') }},0,hard-negative,github:miguelgrinberg/microblog,Jinja2,{{field(class='S')}}
<%= filtering('scheduled') %>,0,hard-negative,github:sidekiq/sidekiq,ERB,<%=filtering('S')%>
{{ render_language_selector(true) }},0,hard-negative,github:symfony/demo,Twig,{{render_language_selector(true)}}
boothe,0,normal-param,github:Morzeux/HttpParamsDataset,,boothe
"el provencio, 6 8f",0,normal-param,github:Morzeux/HttpParamsDataset,,"elprovencio,NNf"
6048168713695182,0,normal-param,github:Morzeux/HttpParamsDataset,,N
plouffe4,0,normal-param,github:Morzeux/HttpParamsDataset,,plouffeN
aul,0,normal-param,github:Morzeux/HttpParamsDataset,,aul
"{{ url_for('main.user', username=user.username) }}",0,hard-negative,github:miguelgrinberg/microblog,Jinja2,"{{url_for('S',username=user.username)}}"
8ap6l4984,0,normal-param,github:Morzeux/HttpParamsDataset,,NapNlN
{{ path('user_change_password') }},0,hard-negative,github:symfony/demo,Twig,{{path('S')}}
9054650550547446,0,normal-param,github:Morzeux/HttpParamsDataset,,N
"parque san adrian, 196, 5h",0,normal-param,github:Morzeux/HttpParamsDataset,,"parquesanadrian,N,Nh"
alegra,0,normal-param,github:Morzeux/HttpParamsDataset,,alegra
"c/ los mimbres, 31",0,normal-param,github:Morzeux/HttpParamsDataset,,"c/losmimbres,N"
wilson,0,normal-param,github:Morzeux/HttpParamsDataset,,wilson
ferris,0,normal-param,github:Morzeux/HttpParamsDataset,,ferris
ejarque barbieri,0,normal-param,github:Morzeux/HttpParamsDataset,,ejarquebarbieri
847,0,normal-param,github:Morzeux/HttpParamsDataset,,N
<%= t('When') %>,0,hard-negative,github:sidekiq/sidekiq,ERB,<%=t('S')%>
04or2ativ1,0,normal-param,github:Morzeux/HttpParamsDataset,,NorNativN
c/ oblit 76,0,normal-param,github:Morzeux/HttpParamsDataset,,c/oblitN
{{ _route == 'blog_index' ? 'active' }},0,hard-negative,github:symfony/demo,Twig,{{_route=='S'?'S'}}
{{ _('Home') }},0,hard-negative,github:miguelgrinberg/microblog,Jinja2,{{_('S')}}
enfardeladora,0,normal-param,github:Morzeux/HttpParamsDataset,,enfardeladora
"calle miguel hernandez, 195,",0,normal-param,github:Morzeux/HttpParamsDataset,,"callemiguelhernandez,N,"
{{ include('blog/_post_tags.html.twig') }},0,hard-negative,github:symfony/demo,Twig,{{include('S')}}
ponferrada 65 10-c,0,normal-param,github:Morzeux/HttpParamsDataset,,ponferradaNN-c
"c/ ca n'alzina, 80, 6-b",0,normal-param,github:Morzeux/HttpParamsDataset,,"c/can'alzina,N,N-b"
doukoure7@14horas.py,0,normal-param,github:Morzeux/HttpParamsDataset,,doukoureN@Nhoras.py
01120,0,normal-param,github:Morzeux/HttpParamsDataset,,N
{% set ns = namespace(first_field=true) %},0,hard-negative,github:miguelgrinberg/microblog,Jinja2,{%setns=namespace(first_field=true)%}
99r5na,0,normal-param,github:Morzeux/HttpParamsDataset,,NrNna
"c/ mineria, 151 13?g",0,normal-param,github:Morzeux/HttpParamsDataset,,"c/mineria,NN?g"
<%= record.jid %>,0,hard-negative,github:sidekiq/sidekiq,ERB,<%=record.jid%>
benito@mayoriasilenciosa.mu,0,normal-param,github:Morzeux/HttpParamsDataset,,benito@mayoriasilenciosa.mu
@{'/vets.html?page=1'},0,hard-negative,github:spring-projects/spring-petclinic,Thymeleaf,@{'S'}
pavan@phd-photodecor.in,0,normal-param,github:Morzeux/HttpParamsDataset,,pavan@phd-photodecor.in
padiernos,0,normal-param,github:Morzeux/HttpParamsDataset,,padiernos
calle rafael bravo gomez 179 5?h,0,normal-param,github:Morzeux/HttpParamsDataset,,callerafaelbravogomezNN?h
elido,0,normal-param,github:Morzeux/HttpParamsDataset,,elido
9ara,0,normal-param,github:Morzeux/HttpParamsDataset,,Nara
"avda. nicaragua, 96,",0,normal-param,github:Morzeux/HttpParamsDataset,,"avda.nicaragua,N,"
[[${i}]],0,hard-negative,github:spring-projects/spring-petclinic,Thymeleaf,[[${i}]]
sagu cnstenla,0,normal-param,github:Morzeux/HttpParamsDataset,,sagucnstenla
fuentelviejo,0,normal-param,github:Morzeux/HttpParamsDataset,,fuentelviejo
{{ 'action.close'|trans }},0,hard-negative,github:symfony/demo,Twig,{{'S'|trans}}
bronny,0,normal-param,github:Morzeux/HttpParamsDataset,,bronny
<%= t('Filter') %>,0,hard-negative,github:sidekiq/sidekiq,ERB,<%=t('S')%>
{{ 'help.more_information'|trans|raw }},0,hard-negative,github:symfony/demo,Twig,{{'S'|trans|raw}}
siede@comodepilarse.ye,0,normal-param,github:Morzeux/HttpParamsDataset,,siede@comodepilarse.ye
caspar,0,normal-param,github:Morzeux/HttpParamsDataset,,caspar
{% for post in this.posts %},0,hard-negative,github:symfony/demo,Twig,{%forpostinthis.posts%}
marcum3,0,normal-param,github:Morzeux/HttpParamsDataset,,marcumN
marlet esparraguera,0,normal-param,github:Morzeux/HttpParamsDataset,,marletesparraguera
{% block sidebar %},0,hard-negative,github:symfony/demo,Twig,{%blocksidebar%}
todd,0,normal-param,github:Morzeux/HttpParamsDataset,,todd
olmeda de la cuesta,0,normal-param,github:Morzeux/HttpParamsDataset,,olmedadelacuesta
02048n3ad1,0,normal-param,github:Morzeux/HttpParamsDataset,,NnNadN
gourtchenko@cirujanaplastica.nl,0,normal-param,github:Morzeux/HttpParamsDataset,,gourtchenko@cirujanaplastica.nl
"calle valencia de don juan 161, 7?d",0,normal-param,github:Morzeux/HttpParamsDataset,,"callevalenciadedonjuanN,N?d"
"plza. antonio mairena, 80,",0,normal-param,github:Morzeux/HttpParamsDataset,,"plza.antoniomairena,N,"
"{%- for field, errors in form.errors.items() %}",0,hard-negative,github:miguelgrinberg/microblog,Jinja2,"{%-forfield,errorsinform.errors.items()%}"
<%= format_memory(record.size / 1024) %>,0,hard-negative,github:sidekiq/sidekiq,ERB,<%=format_memory(record.size/N)%>
steinar,0,normal-param,github:Morzeux/HttpParamsDataset,,steinar
sosa,0,normal-param,github:Morzeux/HttpParamsDataset,,sosa
{%- elif field.type == 'TextAreaField' %},0,hard-negative,github:miguelgrinberg/microblog,Jinja2,{%-eliffield.type=='S'%}
7ngr5ta3ente,0,normal-param,github:Morzeux/HttpParamsDataset,,NngrNtaNente
"{{ link_source_file(controller.file_path, controller.starting_line) }}",0,hard-negative,github:symfony/demo,Twig,"{{link_source_file(controller.file_path,controller.starting_line)}}"
"santisima cruz, 123 10?b",0,normal-param,github:Morzeux/HttpParamsDataset,,"santisimacruz,NN?b"
ors,0,normal-param,github:Morzeux/HttpParamsDataset,,ors
{{ 'action.change_password'|trans }},0,hard-negative,github:symfony/demo,Twig,{{'S'|trans}}
0278006961359320,0,normal-param,github:Morzeux/HttpParamsDataset,,N
serban,0,normal-param,github:Morzeux/HttpParamsDataset,,serban
55585768n,0,normal-param,github:Morzeux/HttpParamsDataset,,Nn
9959095212447652,0,normal-param,github:Morzeux/HttpParamsDataset,,N
{{ _('Newer posts') }},0,hard-negative,github:miguelgrinberg/microblog,Jinja2,{{_('S')}}
bordagorry,0,normal-param,github:Morzeux/HttpParamsDataset,,bordagorry
sisebuto,0,normal-param,github:Morzeux/HttpParamsDataset,,sisebuto
"c/ canigo, 196 8?g",0,normal-param,github:Morzeux/HttpParamsDataset,,"c/canigo,NN?g"
<%= t('Token') %>,0,hard-negative,github:sidekiq/sidekiq,ERB,<%=t('S')%>
25307,0,normal-param,github:Morzeux/HttpParamsDataset,,N
{% if app.user %},0,hard-negative,github:symfony/demo,Twig,{%ifapp.user%}
75730563g,0,normal-param,github:Morzeux/HttpParamsDataset,,Ng
{{ path('user_edit') }},0,hard-negative,github:symfony/demo,Twig,{{path('S')}}
puigmitj del molino,0,normal-param,github:Morzeux/HttpParamsDataset,,puigmitjdelmolino
thirugna,0,normal-param,github:Morzeux/HttpParamsDataset,,thirugna
<% if a.inspect.size > 100 %>,0,hard-negative,github:sidekiq/sidekiq,ERB,<%ifa.inspect.size>N%>
"{{ stimulus_action('login', 'prefillJohnUser') }}",0,hard-negative,github:symfony/demo,Twig,"{{stimulus_action('S','S')}}"
{{ post.author.fullName }},0,hard-negative,github:symfony/demo,Twig,{{post.author.fullname}}
romaguer,0,normal-param,github:Morzeux/HttpParamsDataset,,romaguer
1998,0,normal-param,github:Morzeux/HttpParamsDataset,,N
vaquer gorigoitia,0,normal-param,github:Morzeux/HttpParamsDataset,,vaquergorigoitia
obn,0,normal-param,github:Morzeux/HttpParamsDataset,,obn
<%= @query_result.ends_at %>,0,hard-negative,github:sidekiq/sidekiq,ERB,<%=@query_result.ends_at%>
<%= t('Size') %>,0,hard-negative,github:sidekiq/sidekiq,ERB,<%=t('S')%>
rueda canuda,0,normal-param,github:Morzeux/HttpParamsDataset,,ruedacanuda
{{ _('Register') }},0,hard-negative,github:miguelgrinberg/microblog,Jinja2,{{_('S')}}
<%= redis_url %>,0,hard-negative,github:sidekiq/sidekiq,ERB,<%=redis_url%>
{{ url_for('main.notifications') }},0,hard-negative,github:miguelgrinberg/microblog,Jinja2,{{url_for('S')}}
"{{ render(controller('App\\Controller\\BlogController::commentForm', {post})) }}",0,hard-negative,github:symfony/demo,Twig,"{{render(controller('S',{post}))}}"
kerjean@global-services.be,0,normal-param,github:Morzeux/HttpParamsDataset,,kerjean@global-services.be
montanuy,0,normal-param,github:Morzeux/HttpParamsDataset,,montanuy
{{ task.get_progress() }},0,hard-negative,github:miguelgrinberg/microblog,Jinja2,{{task.get_progress()}}
3729696342930463,0,normal-param,github:Morzeux/HttpParamsDataset,,N
"{{ form.submit(value=_('Follow'), class_='btn btn-outline-primary btn-sm') }}",0,hard-negative,github:miguelgrinberg/microblog,Jinja2,"{{form.submit(value=_('S'),class_='S')}}"
10836981w,0,normal-param,github:Morzeux/HttpParamsDataset,,Nw
"{{ _('%(count)d following', count=user.following_count()) }}",0,hard-negative,github:miguelgrinberg/microblog,Jinja2,"{{_('S',count=user.following_count())}}"
subirs figaredo,0,normal-param,github:Morzeux/HttpParamsDataset,,subirsfigaredo
bizantina,0,normal-param,github:Morzeux/HttpParamsDataset,,bizantina
#{birthDate},0,hard-negative,github:spring-projects/spring-petclinic,Thymeleaf,#{birthdate}
7062837084411016,0,normal-param,github:Morzeux/HttpParamsDataset,,N
"calle gibraltar, 88",0,normal-param,github:Morzeux/HttpParamsDataset,,"callegibraltar,N"
<% else %>,0,hard-negative,github:sidekiq/sidekiq,ERB,<%else%>
"calle las mimosas, 109 5?f",0,normal-param,github:Morzeux/HttpParamsDataset,,"callelasmimosas,NN?f"
<%= @current_page %>,0,hard-negative,github:sidekiq/sidekiq,ERB,<%=@current_page%>
bucardo,0,normal-param,github:Morzeux/HttpParamsDataset,,bucardo
iris,0,normal-param,github:Morzeux/HttpParamsDataset,,iris
tacoronte,0,normal-param,github:Morzeux/HttpParamsDataset,,tacoronte
prussel@mataluenga.co,0,normal-param,github:Morzeux/HttpParamsDataset,,prussel@mataluenga.co
adashevsky@theroxyblue.com,0,normal-param,github:Morzeux/HttpParamsDataset,,adashevsky@theroxyblue.com
sothern@asesoriaviesca.nc,0,normal-param,github:Morzeux/HttpParamsDataset,,sothern@asesoriaviesca.nc
46006466a,0,normal-param,github:Morzeux/HttpParamsDataset,,Na
{% if paginator.hasToPaginate %},0,hard-negative,github:symfony/demo,Twig,{%ifpaginator.hastopaginate%}
9429551402633786,0,normal-param,github:Morzeux/HttpParamsDataset,,N
5711670970472426,0,normal-param,github:Morzeux/HttpParamsDataset,,N
<%= store_name %>,0,hard-negative,github:sidekiq/sidekiq,ERB,<%=store_name%>
41457,0,normal-param,github:Morzeux/HttpParamsDataset,,N
"<%= script_tag ""redis_info/js/ext.js"" %>",0,hard-negative,github:sidekiq/sidekiq,ERB,"<%=script_tag""S""%>"
<%= locale %>,0,hard-negative,github:sidekiq/sidekiq,ERB,<%=locale%>
12395217b,0,normal-param,github:Morzeux/HttpParamsDataset,,Nb
neel@deseoun.aq,0,normal-param,github:Morzeux/HttpParamsDataset,,neel@deseoun.aq
{% set ns.first_field = false %},0,hard-negative,github:miguelgrinberg/microblog,Jinja2,{%setns.first_field=false%}
96244363n,0,normal-param,github:Morzeux/HttpParamsDataset,,Nn
mckuen@ciaplast.cn,0,normal-param,github:Morzeux/HttpParamsDataset,,mckuen@ciaplast.cn
ephrayim,0,normal-param,github:Morzeux/HttpParamsDataset,,ephrayim
{% if not form.content.vars.valid %},0,hard-negative,github:symfony/demo,Twig,{%ifnotform.content.vars.valid%}
klaudt,0,normal-param,github:Morzeux/HttpParamsDataset,,klaudt
3046,0,normal-param,github:Morzeux/HttpParamsDataset,,N
ivette,0,normal-param,github:Morzeux/HttpParamsDataset,,ivette
{{ 'title.post_new'|trans }},0,hard-negative,github:symfony/demo,Twig,{{'S'|trans}}
1613,0,normal-param,github:Morzeux/HttpParamsDataset,,N
{{ form_help(form.content) }},0,hard-negative,github:symfony/demo,Twig,{{form_help(form.content)}}
"pintanos, los",0,normal-param,github:Morzeux/HttpParamsDataset,,"pintanos,los"
9472991515421977,0,normal-param,github:Morzeux/HttpParamsDataset,,N
"<%= ""active"" if d == ""90"" %>",0,hard-negative,github:sidekiq/sidekiq,ERB,"<%=""S""ifd==""S""%>"
dotty,0,normal-param,github:Morzeux/HttpParamsDataset,,dotty
<% if type == :retry %>,0,hard-negative,github:sidekiq/sidekiq,ERB,<%iftype==:retry%>
alvarez 35,0,normal-param,github:Morzeux/HttpParamsDataset,,alvarezN
dey,0,normal-param,github:Morzeux/HttpParamsDataset,,dey
<%= t('CreatedAt') %>,0,hard-negative,github:sidekiq/sidekiq,ERB,<%=t('S')%>
chuanhsi,0,normal-param,github:Morzeux/HttpParamsDataset,,chuanhsi
"calle rendona 45, 5-a",0,normal-param,github:Morzeux/HttpParamsDataset,,"callerendonaN,N-a"
<%= CGI.escape(record.key) %>,0,hard-negative,github:sidekiq/sidekiq,ERB,<%=cgi.escape(record.key)%>
sugesto,0,normal-param,github:Morzeux/HttpParamsDataset,,sugesto
<%= csrf_tag %>,0,hard-negative,github:sidekiq/sidekiq,ERB,<%=csrf_tag%>
{% if messages %},0,hard-negative,github:miguelgrinberg/microblog,Jinja2,{%ifmessages%}
co*marca,0,normal-param,github:Morzeux/HttpParamsDataset,,co*marca
24645898h,0,normal-param,github:Morzeux/HttpParamsDataset,,Nh
<% if @total_size > @current_page * @count %>,0,hard-negative,github:sidekiq/sidekiq,ERB,<%if@total_size>@current_page*@count%>
{{ 'label.remember_me'|trans }},0,hard-negative,github:symfony/demo,Twig,{{'S'|trans}}
8534,0,normal-param,github:Morzeux/HttpParamsDataset,,N
{% if app.request.hasPreviousSession %},0,hard-negative,github:symfony/demo,Twig,{%ifapp.request.hasprevioussession%}
2720344476520602,0,normal-param,github:Morzeux/HttpParamsDataset,,N
"<%= ""#{root_path}morgue/all/retry"" %>",0,hard-negative,github:sidekiq/sidekiq,ERB,"<%=""S""%>"
2112641225180222,0,normal-param,github:Morzeux/HttpParamsDataset,,N
salobral,0,normal-param,github:Morzeux/HttpParamsDataset,,salobral
6070377795549230,0,normal-param,github:Morzeux/HttpParamsDataset,,N
27388,0,normal-param,github:Morzeux/HttpParamsDataset,,N
${owner.firstName + ' ' + owner.lastName},0,hard-negative,github:spring-projects/spring-petclinic,Thymeleaf,${owner.firstname+'S'+owner.lastname}
3813,0,normal-param,github:Morzeux/HttpParamsDataset,,N
${label},0,hard-negative,github:spring-projects/spring-petclinic,Thymeleaf,${label}
recordar,0,normal-param,github:Morzeux/HttpParamsDataset,,recordar
espina796,0,normal-param,github:Morzeux/HttpParamsDataset,,espinaN
"c/ santisimo cristo del amor, 186,",0,normal-param,github:Morzeux/HttpParamsDataset,,"c/santisimocristodelamor,N,"
<%= CGI.escape(entry.queue) if entry.queue %>,0,hard-negative,github:sidekiq/sidekiq,ERB,<%=cgi.escape(entry.queue)ifentry.queue%>
alidia,0,normal-param,github:Morzeux/HttpParamsDataset,,alidia
0462514258960948,0,normal-param,github:Morzeux/HttpParamsDataset,,N
<%= t('NoRetriesFound') %>,0,hard-negative,github:sidekiq/sidekiq,ERB,<%=t('S')%>
{{ 'menu.homepage'|trans }},0,hard-negative,github:symfony/demo,Twig,{{'S'|trans}}
<%= t('NoJobMetricsFound') %>,0,hard-negative,github:sidekiq/sidekiq,ERB,<%=t('S')%>
alarico,0,normal-param,github:Morzeux/HttpParamsDataset,,alarico
6351,0,normal-param,github:Morzeux/HttpParamsDataset,,N
sukarrieta,0,normal-param,github:Morzeux/HttpParamsDataset,,sukarrieta
oficial ribe,0,normal-param,github:Morzeux/HttpParamsDataset,,oficialribe
<% module_namespacing do -%>,0,hard-negative,github:sidekiq/sidekiq,ERB,<%module_namespacingdo-%>
"calle daniel florido rodriguez, 105, 2?f",0,normal-param,github:Morzeux/HttpParamsDataset,,"calledanielfloridorodriguez,N,N?f"
@{'/vets.html?page=__${currentPage - 1},0,hard-negative,github:spring-projects/spring-petclinic,Thymeleaf,@{'/vets.html?page=__${currentpage-N}
27915,0,normal-param,github:Morzeux/HttpParamsDataset,,N
#{firstName},0,hard-negative,github:spring-projects/spring-petclinic,Thymeleaf,#{firstname}
@{/resources/images/spring-logo.svg},0,hard-negative,github:spring-projects/spring-petclinic,Thymeleaf,@{/resources/images/spring-logo.svg}
7802564599685177,0,normal-param,github:Morzeux/HttpParamsDataset,,N
caadillas almendro,0,normal-param,github:Morzeux/HttpParamsDataset,,caadillasalmendro
{%- elif field.type == 'SelectField' %},0,hard-negative,github:miguelgrinberg/microblog,Jinja2,{%-eliffield.type=='S'%}
"<%= h(a.inspect[0..100]) + ""... "" %>",0,hard-negative,github:sidekiq/sidekiq,ERB,"<%=h(a.inspect[N..N])+""S""%>"
<% if type == :scheduled %>,0,hard-negative,github:sidekiq/sidekiq,ERB,<%iftype==:scheduled%>
5170755929650123,0,normal-param,github:Morzeux/HttpParamsDataset,,N
{{ field(class='form-check-input') }},0,hard-negative,github:miguelgrinberg/microblog,Jinja2,{{field(class='S')}}
helen-el,0,normal-param,github:Morzeux/HttpParamsDataset,,helen-el
<% if type == :dead %>,0,hard-negative,github:sidekiq/sidekiq,ERB,<%iftype==:dead%>
<%= job.bid %>,0,hard-negative,github:sidekiq/sidekiq,ERB,<%=job.bid%>
{%- else %},0,hard-negative,github:miguelgrinberg/microblog,Jinja2,{%-else%}
"<%= erb :_job_info, locals: { job: @dead, type: :dead } %>",0,hard-negative,github:sidekiq/sidekiq,ERB,"<%=erb:_job_info,locals:{job:@dead,type::dead}%>"
"c/ cristu benditu, 112, 12?g",0,normal-param,github:Morzeux/HttpParamsDataset,,"c/cristubenditu,N,N?g"
<%= t('NoDataFound') %>,0,hard-negative,github:sidekiq/sidekiq,ERB,<%=t('S')%>
"{{ stimulus_action('login', 'togglePasswordInputType') }}",0,hard-negative,github:symfony/demo,Twig,"{{stimulus_action('S','S')}}"
polson,0,normal-param,github:Morzeux/HttpParamsDataset,,polson
janssen,0,normal-param,github:Morzeux/HttpParamsDataset,,janssen
{% block body_id 'admin_post_new' %},0,hard-negative,github:symfony/demo,Twig,{%blockbody_id'S'%}
{% block importmap %},0,hard-negative,github:symfony/demo,Twig,{%blockimportmap%}
30555153k,0,normal-param,github:Morzeux/HttpParamsDataset,,Nk
*{address},0,hard-negative,github:spring-projects/spring-petclinic,Thymeleaf,*{address}
mcmann,0,normal-param,github:Morzeux/HttpParamsDataset,,mcmann
"avenida democracia, 106 4?g",0,normal-param,github:Morzeux/HttpParamsDataset,,"avenidademocracia,NN?g"
guinee@misanimalesdomesticos.jp,0,normal-param,github:Morzeux/HttpParamsDataset,,guinee@misanimalesdomesticos.jp
*ramonear,0,normal-param,github:Morzeux/HttpParamsDataset,,*ramonear
${minVisitDate},0,hard-negative,github:spring-projects/spring-petclinic,Thymeleaf,${minvisitdate}
19227,0,normal-param,github:Morzeux/HttpParamsDataset,,N
{{ moment.include_moment() }},0,hard-negative,github:miguelgrinberg/microblog,Jinja2,{{moment.include_moment()}}
<% if queue.paused? %>,0,hard-negative,github:sidekiq/sidekiq,ERB,<%ifqueue.paused?%>
estafetil,0,normal-param,github:Morzeux/HttpParamsDataset,,estafetil
23628,0,normal-param,github:Morzeux/HttpParamsDataset,,N
despamplonar,0,normal-param,github:Morzeux/HttpParamsDataset,,despamplonar
23978164c,0,normal-param,github:Morzeux/HttpParamsDataset,,Nc
beaulieu,0,normal-param,github:Morzeux/HttpParamsDataset,,beaulieu
44220,0,normal-param,github:Morzeux/HttpParamsDataset,,N
calle rosa de los vientos 166 9?a,0,normal-param,github:Morzeux/HttpParamsDataset,,callerosadelosvientosNN?a
geria,0,normal-param,github:Morzeux/HttpParamsDataset,,geria
6341227779092516,0,normal-param,github:Morzeux/HttpParamsDataset,,N
whiskin,0,normal-param,github:Morzeux/HttpParamsDataset,,whiskin
"calle sant joan, 123,",0,normal-param,github:Morzeux/HttpParamsDataset,,"callesantjoan,N,"
{{ include('blog/_post.html.twig') }},0,hard-negative,github:symfony/demo,Twig,{{include('S')}}
varia,0,normal-param,github:Morzeux/HttpParamsDataset,,varia
0720546534771199,0,normal-param,github:Morzeux/HttpParamsDataset,,N
1354790764282660,0,normal-param,github:Morzeux/HttpParamsDataset,,N
"{{ url('blog_post', {slug: post.slug}) }}",0,hard-negative,github:symfony/demo,Twig,"{{url('S',{slug:post.slug})}}"
cntrico,0,normal-param,github:Morzeux/HttpParamsDataset,,cntrico
{% for tag in post.tags %},0,hard-negative,github:symfony/demo,Twig,{%fortaginpost.tags%}
{{ 'label.role'|trans }},0,hard-negative,github:symfony/demo,Twig,{{'S'|trans}}
calle puerto de alcolea 185 9-e,0,normal-param,github:Morzeux/HttpParamsDataset,,callepuertodealcoleaNN-e
tele,0,normal-param,github:Morzeux/HttpParamsDataset,,tele
oliver,0,normal-param,github:Morzeux/HttpParamsDataset,,oliver
<%= CGI.escape(queue.name) %>,0,hard-negative,github:sidekiq/sidekiq,ERB,<%=cgi.escape(queue.name)%>
1026055264847672,0,normal-param,github:Morzeux/HttpParamsDataset,,N
7497,0,normal-param,github:Morzeux/HttpParamsDataset,,N
2820,0,normal-param,github:Morzeux/HttpParamsDataset,,N
4470,0,normal-param,github:Morzeux/HttpParamsDataset,,N
{% if query is not empty %},0,hard-negative,github:symfony/demo,Twig,{%ifqueryisnotempty%}
laicismo,0,normal-param,github:Morzeux/HttpParamsDataset,,laicismo
75p80ica,0,normal-param,github:Morzeux/HttpParamsDataset,,NpNica
yaideem,0,normal-param,github:Morzeux/HttpParamsDataset,,yaideem
es93n576te,0,normal-param,github:Morzeux/HttpParamsDataset,,esNnNte
45571518p,0,normal-param,github:Morzeux/HttpParamsDataset,,Np
"{{ path('blog_index', {tag: tag.name == app.request.query.get('tag') ? null : tag.name}) }}",0,hard-negative,github:symfony/demo,Twig,"{{path('S',{tag:tag.name==app.request.query.get('S')?null:tag.name})}}"
marcanti,0,normal-param,github:Morzeux/HttpParamsDataset,,marcanti
<%= t('RetryAll') %>,0,hard-negative,github:sidekiq/sidekiq,ERB,<%=t('S')%>
"<%= display_tags(entry, ""scheduled"") %>",0,hard-negative,github:sidekiq/sidekiq,ERB,"<%=display_tags(entry,""S"")%>"
"<%= display_tags(entry, ""morgue"") %>",0,hard-negative,github:sidekiq/sidekiq,ERB,"<%=display_tags(entry,""S"")%>"
{{ 'action.show'|trans }},0,hard-negative,github:symfony/demo,Twig,{{'S'|trans}}
"carretera aravaca a carabanchel, 194 8-e",0,normal-param,github:Morzeux/HttpParamsDataset,,"carreteraaravacaacarabanchel,NN-e"
<%= t('AreYouSure') %>,0,hard-negative,github:sidekiq/sidekiq,ERB,<%=t('S')%>
0213218776616277,0,normal-param,github:Morzeux/HttpParamsDataset,,N
"cubo de tierra del vino, el",0,normal-param,github:Morzeux/HttpParamsDataset,,"cubodetierradelvino,el"
46593,0,normal-param,github:Morzeux/HttpParamsDataset,,N
@{'/owners?page=1'},0,hard-negative,github:spring-projects/spring-petclinic,Thymeleaf,@{'S'}
"<% if @redis_info.fetch(""connected_clients"", nil) %>",0,hard-negative,github:sidekiq/sidekiq,ERB,"<%if@redis_info.fetch(""S"",nil)%>"
<%= yield %>,0,hard-negative,github:sidekiq/sidekiq,ERB,<%=yield%>
${vet.specialties},0,hard-negative,github:spring-projects/spring-petclinic,Thymeleaf,${vet.specialties}
"montblanc 86, 12?d",0,normal-param,github:Morzeux/HttpParamsDataset,,"montblancN,N?d"
3991,0,normal-param,github:Morzeux/HttpParamsDataset,,N
<% if Sidekiq.pro? %>,0,hard-negative,github:sidekiq/sidekiq,ERB,<%ifsidekiq.pro?%>
{{ path('blog_search') }},0,hard-negative,github:symfony/demo,Twig,{{path('S')}}
eflujo,0,normal-param,github:Morzeux/HttpParamsDataset,,eflujo
c/ costa i llobera 83,0,normal-param,github:Morzeux/HttpParamsDataset,,c/costailloberaN
"juan vazquez, 112,",0,normal-param,github:Morzeux/HttpParamsDataset,,"juanvazquez,N,"
04600,0,normal-param,github:Morzeux/HttpParamsDataset,,N
chueh5,0,normal-param,github:Morzeux/HttpParamsDataset,,chuehN
vila kusanovic,0,normal-param,github:Morzeux/HttpParamsDataset,,vilakusanovic
<%= display_custom_head %>,0,hard-negative,github:sidekiq/sidekiq,ERB,<%=display_custom_head%>
{{ 'action.show_code'|trans }},0,hard-negative,github:symfony/demo,Twig,{{'S'|trans}}
montfort fiuza,0,normal-param,github:Morzeux/HttpParamsDataset,,montfortfiuza
kastner.matsuzaka@graficascamp.py,0,normal-param,github:Morzeux/HttpParamsDataset,,kastner.matsuzaka@graficascamp.py
{% if is_granted('ROLE_ADMIN') %},0,hard-negative,github:symfony/demo,Twig,{%ifis_granted('S')%}
#{welcome},0,hard-negative,github:spring-projects/spring-petclinic,Thymeleaf,#{welcome}
{{ 'label.actions'|trans }},0,hard-negative,github:symfony/demo,Twig,{{'S'|trans}}
"<%= t(""PollingIntervalMilliseconds"") %>",0,hard-negative,github:sidekiq/sidekiq,ERB,"<%=t(""S"")%>"
pomeroy5,0,normal-param,github:Morzeux/HttpParamsDataset,,pomeroyN
18129,0,normal-param,github:Morzeux/HttpParamsDataset,,N
{{ _('Reset Password') }},0,hard-negative,github:miguelgrinberg/microblog,Jinja2,{{_('S')}}
kaluzny3,0,normal-param,github:Morzeux/HttpParamsDataset,,kaluznyN
1976,0,normal-param,github:Morzeux/HttpParamsDataset,,N
caaveruelas,0,normal-param,github:Morzeux/HttpParamsDataset,,caaveruelas
"c/ rio cidacos, 13",0,normal-param,github:Morzeux/HttpParamsDataset,,"c/riocidacos,N"
3st59et982,0,normal-param,github:Morzeux/HttpParamsDataset,,NstNetN
benavente,0,normal-param,github:Morzeux/HttpParamsDataset,,benavente
45699398p,0,normal-param,github:Morzeux/HttpParamsDataset,,Np
{% block body_id 'error' %},0,hard-negative,github:symfony/demo,Twig,{%blockbody_id'S'%}
"<% if job_result.totals[""s""] > 0 %>",0,hard-negative,github:sidekiq/sidekiq,ERB,"<%ifjob_result.totals[""S""]>N%>"
navratil@sindns.as,0,normal-param,github:Morzeux/HttpParamsDataset,,navratil@sindns.as
el khouri hausdorf,0,normal-param,github:Morzeux/HttpParamsDataset,,elkhourihausdorf
{{ 'rss.title'|trans }},0,hard-negative,github:symfony/demo,Twig,{{'S'|trans}}
<%= t('Connections') %>,0,hard-negative,github:sidekiq/sidekiq,ERB,<%=t('S')%>
"escritor miguel delibes 0, 7?b",0,normal-param,github:Morzeux/HttpParamsDataset,,"escritormigueldelibesN,N?b"
olrich-shapiro1@nuriamartin.aw,0,normal-param,github:Morzeux/HttpParamsDataset,,olrich-shapiroN@nuriamartin.aw
{{ _('Explore') }},0,hard-negative,github:miguelgrinberg/microblog,Jinja2,{{_('S')}}
46440,0,normal-param,github:Morzeux/HttpParamsDataset,,N
{% endwith %},0,hard-negative,github:miguelgrinberg/microblog,Jinja2,{%endwith%}
{{ _('Not Found') }},0,hard-negative,github:miguelgrinberg/microblog,Jinja2,{{_('S')}}
{{ importmap('app') }},0,hard-negative,github:symfony/demo,Twig,{{importmap('S')}}
matthews.russa@pensionesbaratas.com.bi,0,normal-param,github:Morzeux/HttpParamsDataset,,matthews.russa@pensionesbaratas.com.bi
7146,0,normal-param,github:Morzeux/HttpParamsDataset,,N
3348558480673240,0,normal-param,github:Morzeux/HttpParamsDataset,,N
aguadulce,0,normal-param,github:Morzeux/HttpParamsDataset,,aguadulce
"isabel la catolica, 34",0,normal-param,github:Morzeux/HttpParamsDataset,,"isabellacatolica,N"
ynes,0,normal-param,github:Morzeux/HttpParamsDataset,,ynes
educativa,0,normal-param,github:Morzeux/HttpParamsDataset,,educativa
"{{ path('security_login', {redirect_to: app.request.pathInfo}) }}",0,hard-negative,github:symfony/demo,Twig,"{{path('S',{redirect_to:app.request.pathinfo})}}"
akio,0,normal-param,github:Morzeux/HttpParamsDataset,,akio
eluney,0,normal-param,github:Morzeux/HttpParamsDataset,,eluney
maurilio,0,normal-param,github:Morzeux/HttpParamsDataset,,maurilio
{{ post.author.avatar(70) }},0,hard-negative,github:miguelgrinberg/microblog,Jinja2,{{post.author.avatar(N)}}
burgoa planells,0,normal-param,github:Morzeux/HttpParamsDataset,,burgoaplanells
<%= t('AddAllToQueue') %>,0,hard-negative,github:sidekiq/sidekiq,ERB,<%=t('S')%>
{{ 'help.show_code'|trans|raw }},0,hard-negative,github:symfony/demo,Twig,{{'S'|trans|raw}}
"cerollera, la",0,normal-param,github:Morzeux/HttpParamsDataset,,"cerollera,la"
<%= number_with_delimiter(queue.size) %>,0,hard-negative,github:sidekiq/sidekiq,ERB,<%=number_with_delimiter(queue.size)%>
2424,0,normal-param,github:Morzeux/HttpParamsDataset,,N
<%= t('Pause') %>,0,hard-negative,github:sidekiq/sidekiq,ERB,<%=t('S')%>
<%= CGI.escape(@name) %>,0,hard-negative,github:sidekiq/sidekiq,ERB,<%=cgi.escape(@name)%>
"calle vascongadas 83,",0,normal-param,github:Morzeux/HttpParamsDataset,,"callevascongadasN,"
goodman4,0,normal-param,github:Morzeux/HttpParamsDataset,,goodmanN
97228883v,0,normal-param,github:Morzeux/HttpParamsDataset,,Nv
"c/ pintor gomez cano 9, 10?e",0,normal-param,github:Morzeux/HttpParamsDataset,,"c/pintorgomezcanoN,N?e"
walley@santacruzdelvoto.gg,0,normal-param,github:Morzeux/HttpParamsDataset,,walley@santacruzdelvoto.gg
{{ 'help.role_user'|trans }},0,hard-negative,github:symfony/demo,Twig,{{'S'|trans}}
*{id},0,hard-negative,github:spring-projects/spring-petclinic,Thymeleaf,*{id}
lakshmin,0,normal-param,github:Morzeux/HttpParamsDataset,,lakshmin
romano,0,normal-param,github:Morzeux/HttpParamsDataset,,romano
"{{ path('admin_post_show', {id: post.id}) }}",0,hard-negative,github:symfony/demo,Twig,"{{path('S',{id:post.id})}}"
8paam277to,0,normal-param,github:Morzeux/HttpParamsDataset,,NpaamNto
atl-sale,0,normal-param,github:Morzeux/HttpParamsDataset,,atl-sale
inanimada,0,normal-param,github:Morzeux/HttpParamsDataset,,inanimada
"calle antequeruela, 94, 7-a",0,normal-param,github:Morzeux/HttpParamsDataset,,"calleantequeruela,N,N-a"
rillo de gallo,0,normal-param,github:Morzeux/HttpParamsDataset,,rillodegallo
14188360m,0,normal-param,github:Morzeux/HttpParamsDataset,,Nm
"<% helper.add_pair(job) do |name, value| %>",0,hard-negative,github:sidekiq/sidekiq,ERB,"<%helper.add_pair(job)do|name,value|%>"
<%= t('Redis') %>,0,hard-negative,github:sidekiq/sidekiq,ERB,<%=t('S')%>
foixenc illanes,0,normal-param,github:Morzeux/HttpParamsDataset,,foixencillanes
<%= @query_result.starts_at %>,0,hard-negative,github:sidekiq/sidekiq,ERB,<%=@query_result.starts_at%>
04762189q,0,normal-param,github:Morzeux/HttpParamsDataset,,Nq
fornea,0,normal-param,github:Morzeux/HttpParamsDataset,,fornea
96761343k,0,normal-param,github:Morzeux/HttpParamsDataset,,Nk
47319,0,normal-param,github:Morzeux/HttpParamsDataset,,N
3742884361976074,0,normal-param,github:Morzeux/HttpParamsDataset,,N
4608056297024601,0,normal-param,github:Morzeux/HttpParamsDataset,,N
44588,0,normal-param,github:Morzeux/HttpParamsDataset,,N
25613,0,normal-param,github:Morzeux/HttpParamsDataset,,N
1499600534131254,0,normal-param,github:Morzeux/HttpParamsDataset,,N
humphrie,0,normal-param,github:Morzeux/HttpParamsDataset,,humphrie
<%= sort_direction_label %>,0,hard-negative,github:sidekiq/sidekiq,ERB,<%=sort_direction_label%>
{{ _('Translate') }},0,hard-negative,github:miguelgrinberg/microblog,Jinja2,{{_('S')}}
sebastian_ferdi@tintaultravioleta.mv,0,normal-param,github:Morzeux/HttpParamsDataset,,sebastian_ferdi@tintaultravioleta.mv
pericas espaulella,0,normal-param,github:Morzeux/HttpParamsDataset,,pericasespaulella
{% if controller %},0,hard-negative,github:symfony/demo,Twig,{%ifcontroller%}
{{ 'action.show_post'|trans }},0,hard-negative,github:symfony/demo,Twig,{{'S'|trans}}
demostrar,0,normal-param,github:Morzeux/HttpParamsDataset,,demostrar
8569,0,normal-param,github:Morzeux/HttpParamsDataset,,N
t0na5t44la,0,normal-param,github:Morzeux/HttpParamsDataset,,tNnaNtNla
p6lma13isti,0,normal-param,github:Morzeux/HttpParamsDataset,,pNlmaNisti
8704361418019051,0,normal-param,github:Morzeux/HttpParamsDataset,,N
mazanji,0,normal-param,github:Morzeux/HttpParamsDataset,,mazanji
sabionda,0,normal-param,github:Morzeux/HttpParamsDataset,,sabionda
9os897,0,normal-param,github:Morzeux/HttpParamsDataset,,NosN
"villares de soria, los",0,normal-param,github:Morzeux/HttpParamsDataset,,"villaresdesoria,los"
{% block body_id 'admin_post_index' %},0,hard-negative,github:symfony/demo,Twig,{%blockbody_id'S'%}
"frasno, el",0,normal-param,github:Morzeux/HttpParamsDataset,,"frasno,el"
72588514p,0,normal-param,github:Morzeux/HttpParamsDataset,,Np
<%= t('Kill') %>,0,hard-negative,github:sidekiq/sidekiq,ERB,<%=t('S')%>
7144713031308851,0,normal-param,github:Morzeux/HttpParamsDataset,,N
${title},0,hard-negative,github:spring-projects/spring-petclinic,Thymeleaf,${title}
"<% @info.each do |k, v| %>",0,hard-negative,github:sidekiq/sidekiq,ERB,"<%@info.eachdo|k,v|%>"
"<%= erb :_paging, locals: { url: ""#{root_path}queues/#{CGI.escape(@name)}"" } %>",0,hard-negative,github:sidekiq/sidekiq,ERB,"<%=erb:_paging,locals:{url:""S""}%>"
kinley3,0,normal-param,github:Morzeux/HttpParamsDataset,,kinleyN
{{ 'title.edit_post'|trans({id: post.id}) }},0,hard-negative,github:symfony/demo,Twig,{{'S'|trans({id:post.id})}}
"{% macro form_field(field, autofocus) %}",0,hard-negative,github:miguelgrinberg/microblog,Jinja2,"{%macroform_field(field,autofocus)%}"
{% if current_user.is_anonymous %},0,hard-negative,github:miguelgrinberg/microblog,Jinja2,{%ifcurrent_user.is_anonymous%}
"<%= erb :_paging, locals: { url: ""#{root_path}scheduled"" } %>",0,hard-negative,github:sidekiq/sidekiq,ERB,"<%=erb:_paging,locals:{url:""S""}%>"
walborn@19horas.cat,0,normal-param,github:Morzeux/HttpParamsDataset,,walborn@Nhoras.cat
4856355827488327,0,normal-param,github:Morzeux/HttpParamsDataset,,N
#{lastName},0,hard-negative,github:spring-projects/spring-petclinic,Thymeleaf,#{lastname}
neleo,0,normal-param,github:Morzeux/HttpParamsDataset,,neleo
sharmila,0,normal-param,github:Morzeux/HttpParamsDataset,,sharmila
@{'/owners?page=__${currentPage - 1},0,hard-negative,github:spring-projects/spring-petclinic,Thymeleaf,@{'/owners?page=__${currentpage-N}
@{/owners/__${owner.id},0,hard-negative,github:spring-projects/spring-petclinic,Thymeleaf,@{/owners/__${owner.id}
fowley5@virginislands.com.eg,0,normal-param,github:Morzeux/HttpParamsDataset,,fowleyN@virginislands.com.eg
#{CGI.escape(@name)},0,hard-negative,github:sidekiq/sidekiq,ERB,#{cgi.escape(@name)}
descolocado,0,normal-param,github:Morzeux/HttpParamsDataset,,descolocado
{%- elif field.type == 'SubmitField' %},0,hard-negative,github:miguelgrinberg/microblog,Jinja2,{%-eliffield.type=='S'%}
{{ method }},0,hard-negative,github:miguelgrinberg/microblog,Jinja2,{{method}}
58,0,normal-param,github:Morzeux/HttpParamsDataset,,N
91328189l,0,normal-param,github:Morzeux/HttpParamsDataset,,Nl
{%- if action != None %},0,hard-negative,github:miguelgrinberg/microblog,Jinja2,{%-ifaction!=none%}
celia,0,normal-param,github:Morzeux/HttpParamsDataset,,celia
12510,0,normal-param,github:Morzeux/HttpParamsDataset,,N
<% available_locales.each do |locale_option| %>,0,hard-negative,github:sidekiq/sidekiq,ERB,<%available_locales.eachdo|locale_option|%>
{{ 'label.create_post'|trans }},0,hard-negative,github:symfony/demo,Twig,{{'S'|trans}}
-s9rete,0,normal-param,github:Morzeux/HttpParamsDataset,,-sNrete
alcal de la vega,0,normal-param,github:Morzeux/HttpParamsDataset,,alcaldelavega
#{next},0,hard-negative,github:spring-projects/spring-petclinic,Thymeleaf,#{next}
buisn andres,0,normal-param,github:Morzeux/HttpParamsDataset,,buisnandres
"c/ quintana 132, 13?h",0,normal-param,github:Morzeux/HttpParamsDataset,,"c/quintanaN,N?h"
${owner.city},0,hard-negative,github:spring-projects/spring-petclinic,Thymeleaf,${owner.city}
4814,0,normal-param,github:Morzeux/HttpParamsDataset,,N
"{{ _route in ['admin_index', 'admin_post_index'] ? 'active' }}",0,hard-negative,github:symfony/demo,Twig,"{{_routein['S','S']?'S'}}"
sanshe@raullazaro.bt,0,normal-param,github:Morzeux/HttpParamsDataset,,sanshe@raullazaro.bt
*{city},0,hard-negative,github:spring-projects/spring-petclinic,Thymeleaf,*{city}
13,0,normal-param,github:Morzeux/HttpParamsDataset,,N
{% block header %},0,hard-negative,github:symfony/demo,Twig,{%blockheader%}
{{ url('blog_index') }},0,hard-negative,github:symfony/demo,Twig,{{url('S')}}
tacuara,0,normal-param,github:Morzeux/HttpParamsDataset,,tacuara
estupian lladonet,0,normal-param,github:Morzeux/HttpParamsDataset,,estupianlladonet
goodard-negrell@cirugiaalbeiteria.si,0,normal-param,github:Morzeux/HttpParamsDataset,,goodard-negrell@cirugiaalbeiteria.si
{{ 'http_error_404.description'|trans }},0,hard-negative,github:symfony/demo,Twig,{{'S'|trans}}
chaoping,0,normal-param,github:Morzeux/HttpParamsDataset,,chaoping
reid5,0,normal-param,github:Morzeux/HttpParamsDataset,,reidN
<%= stats.dead_size %>,0,hard-negative,github:sidekiq/sidekiq,ERB,<%=stats.dead_size%>
"<%= erb :_metrics_period_select, locals: { periods: @periods, period: @period, path: ""#{root_path}metrics/#{@name}"" } %>",0,hard-negative,github:sidekiq/sidekiq,ERB,"<%=erb:_metrics_period_select,locals:{periods:@periods,period:@period,path:""S""}%>"
<%= t('Metrics') %>,0,hard-negative,github:sidekiq/sidekiq,ERB,<%=t('S')%>
52535718s,0,normal-param,github:Morzeux/HttpParamsDataset,,Ns
linero-noro@cocheacoche.uy,0,normal-param,github:Morzeux/HttpParamsDataset,,linero-noro@cocheacoche.uy
villavendimio,0,normal-param,github:Morzeux/HttpParamsDataset,,villavendimio
<%= retry_extra_items(job).inspect %>,0,hard-negative,github:sidekiq/sidekiq,ERB,<%=retry_extra_items(job).inspect%>
@{'/owners?page=__${totalPages},0,hard-negative,github:spring-projects/spring-petclinic,Thymeleaf,@{'/owners?page=__${totalpages}
9639622169891672,0,normal-param,github:Morzeux/HttpParamsDataset,,N
3ar6i383,0,normal-param,github:Morzeux/HttpParamsDataset,,NarNiN
"travesia barrionuevo, 49",0,normal-param,github:Morzeux/HttpParamsDataset,,"travesiabarrionuevo,N"
${currentPage != i},0,hard-negative,github:spring-projects/spring-petclinic,Thymeleaf,${currentpage!=i}
84826588n,0,normal-param,github:Morzeux/HttpParamsDataset,,Nn
donaldo,0,normal-param,github:Morzeux/HttpParamsDataset,,donaldo
"{{ url_for('main.user', username=current_user.username) }}",0,hard-negative,github:miguelgrinberg/microblog,Jinja2,"{{url_for('S',username=current_user.username)}}"
<%= root_path %>,0,hard-negative,github:sidekiq/sidekiq,ERB,<%=root_path%>
{{ frankenphpHotReload }},0,hard-negative,github:symfony/demo,Twig,{{frankenphphotreload}}
31392,0,normal-param,github:Morzeux/HttpParamsDataset,,N
comn galindez,0,normal-param,github:Morzeux/HttpParamsDataset,,comngalindez
{{ 'http_error_500.description'|trans }},0,hard-negative,github:symfony/demo,Twig,{{'S'|trans}}
natalio,0,normal-param,github:Morzeux/HttpParamsDataset,,natalio
{{ task.id }},0,hard-negative,github:miguelgrinberg/microblog,Jinja2,{{task.id}}
{{ 'now'|date('Y') }},0,hard-negative,github:symfony/demo,Twig,{{'S'|date('S')}}
5abiana,0,normal-param,github:Morzeux/HttpParamsDataset,,Nabiana
eimile,0,normal-param,github:Morzeux/HttpParamsDataset,,eimile
8407,0,normal-param,github:Morzeux/HttpParamsDataset,,N
b3st2z4,0,normal-param,github:Morzeux/HttpParamsDataset,,bNstNzN
${!valid},0,hard-negative,github:spring-projects/spring-petclinic,Thymeleaf,${!valid}
serra stark,0,normal-param,github:Morzeux/HttpParamsDataset,,serrastark
{{ 'title.login'|trans }},0,hard-negative,github:symfony/demo,Twig,{{'S'|trans}}
{{ message }},0,hard-negative,github:miguelgrinberg/microblog,Jinja2,{{message}}
van_mete2,0,normal-param,github:Morzeux/HttpParamsDataset,,van_meteN
${glyph},0,hard-negative,github:spring-projects/spring-petclinic,Thymeleaf,${glyph}
cottencon@palomajimenez.mr,0,normal-param,github:Morzeux/HttpParamsDataset,,cottencon@palomajimenez.mr
#{editOwner},0,hard-negative,github:spring-projects/spring-petclinic,Thymeleaf,#{editowner}
mont?acargas,0,normal-param,github:Morzeux/HttpParamsDataset,,mont?acargas
pankiw,0,normal-param,github:Morzeux/HttpParamsDataset,,pankiw
<%= t('NoScheduledFound') %>,0,hard-negative,github:sidekiq/sidekiq,ERB,<%=t('S')%>
<% @profiles = Sidekiq::ProfileSet.new %>,0,hard-negative,github:sidekiq/sidekiq,ERB,<%@profiles=sidekiq::profileset.new%>
68133766s,0,normal-param,github:Morzeux/HttpParamsDataset,,Ns
380lea,0,normal-param,github:Morzeux/HttpParamsDataset,,Nlea
marion_daumery1@salacomplices.sd,0,normal-param,github:Morzeux/HttpParamsDataset,,marion_daumeryN@salacomplices.sd
{% for comment in post.comments %},0,hard-negative,github:symfony/demo,Twig,{%forcommentinpost.comments%}
dorita,0,normal-param,github:Morzeux/HttpParamsDataset,,dorita
<%= h @name %>,0,hard-negative,github:sidekiq/sidekiq,ERB,<%=h@name%>
"<% @jobs.each_with_index do |job, index| %>",0,hard-negative,github:sidekiq/sidekiq,ERB,"<%@jobs.each_with_indexdo|job,index|%>"
"<%= erb :_paging, locals: { url: ""#{root_path}retries"" } %>",0,hard-negative,github:sidekiq/sidekiq,ERB,"<%=erb:_paging,locals:{url:""S""}%>"
ballb canudes,0,normal-param,github:Morzeux/HttpParamsDataset,,ballbcanudes
aa,0,normal-param,github:Morzeux/HttpParamsDataset,,aa
"plaza museo, 45, 6e",0,normal-param,github:Morzeux/HttpParamsDataset,,"plazamuseo,N,Ne"
3065165787609619,0,normal-param,github:Morzeux/HttpParamsDataset,,N
"{{ form_widget(form, {attr: {'data-toggle': 'tagsinput', 'data-tags': tags|json_encode}}",0,hard-negative,github:symfony/demo,Twig,"{{form_widget(form,{attr:{'S':'S','S':tags|json_encode}}"
8i4trib7ti5a,0,normal-param,github:Morzeux/HttpParamsDataset,,NiNtribNtiNa
oestreic,0,normal-param,github:Morzeux/HttpParamsDataset,,oestreic
mastache comapla,0,normal-param,github:Morzeux/HttpParamsDataset,,mastachecomapla
pr3caz,0,normal-param,github:Morzeux/HttpParamsDataset,,prNcaz
1825754636635369,0,normal-param,github:Morzeux/HttpParamsDataset,,N
<%= stats.enqueued %>,0,hard-negative,github:sidekiq/sidekiq,ERB,<%=stats.enqueued%>
hus24lero,0,normal-param,github:Morzeux/HttpParamsDataset,,husNlero
"plaa solsones s/n,",0,normal-param,github:Morzeux/HttpParamsDataset,,"plaasolsoness/n,"
rodolphe,0,normal-param,github:Morzeux/HttpParamsDataset,,rodolphe
31172,0,normal-param,github:Morzeux/HttpParamsDataset,,N
car,0,normal-param,github:Morzeux/HttpParamsDataset,,car
<% if code == period %>,0,hard-negative,github:sidekiq/sidekiq,ERB,<%ifcode==period%>
"{{ post.publishedAt|format_datetime('long', 'medium', '', 'UTC') }}",0,hard-negative,github:symfony/demo,Twig,"{{post.publishedat|format_datetime('S','S','S','S')}}"
locatell@whitehat.no,0,normal-param,github:Morzeux/HttpParamsDataset,,locatell@whitehat.no
32411,0,normal-param,github:Morzeux/HttpParamsDataset,,N
lumbrales,0,normal-param,github:Morzeux/HttpParamsDataset,,lumbrales
roboracin,0,normal-param,github:Morzeux/HttpParamsDataset,,roboracin
{{ 'title.post_list'|trans }},0,hard-negative,github:symfony/demo,Twig,{{'S'|trans}}
${totalPages > 1},0,hard-negative,github:spring-projects/spring-petclinic,Thymeleaf,${totalpages>N}
{{ comment.content|markdown_to_html|sanitize_html }},0,hard-negative,github:symfony/demo,Twig,{{comment.content|markdown_to_html|sanitize_html}}
{{ 'action.edit'|trans }},0,hard-negative,github:symfony/demo,Twig,{{'S'|trans}}
${owner},0,hard-negative,github:spring-projects/spring-petclinic,Thymeleaf,${owner}
lippman,0,normal-param,github:Morzeux/HttpParamsDataset,,lippman
karyl,0,normal-param,github:Morzeux/HttpParamsDataset,,karyl
{{ template.source_code }},0,hard-negative,github:symfony/demo,Twig,{{template.source_code}}
5277423827718841,0,normal-param,github:Morzeux/HttpParamsDataset,,N
{%- if novalidate %},0,hard-negative,github:miguelgrinberg/microblog,Jinja2,{%-ifnovalidate%}
"<%= ""#{root_path}scheduled/all/add_to_queue"" %>",0,hard-negative,github:sidekiq/sidekiq,ERB,"<%=""S""%>"
{{ 'title.source_code'|trans }},0,hard-negative,github:symfony/demo,Twig,{{'S'|trans}}
trintignant.iwasaki@softgold.com.np,0,normal-param,github:Morzeux/HttpParamsDataset,,trintignant.iwasaki@softgold.com.np
<%= t('Key') %>,0,hard-negative,github:sidekiq/sidekiq,ERB,<%=t('S')%>
61089610t,0,normal-param,github:Morzeux/HttpParamsDataset,,Nt
"c/ iglesia, s/n 11?f",0,normal-param,github:Morzeux/HttpParamsDataset,,"c/iglesia,s/nN?f"
cercs,0,normal-param,github:Morzeux/HttpParamsDataset,,cercs
{{ 'label.title'|trans }},0,hard-negative,github:symfony/demo,Twig,{{'S'|trans}}
guaza de campos,0,normal-param,github:Morzeux/HttpParamsDataset,,guazadecampos
<% @profiles.each do |record| %>,0,hard-negative,github:sidekiq/sidekiq,ERB,<%@profiles.eachdo|record|%>
06314426y,0,normal-param,github:Morzeux/HttpParamsDataset,,Ny
<% queue_latency = queue.latency %>,0,hard-negative,github:sidekiq/sidekiq,ERB,<%queue_latency=queue.latency%>
"{{ 'now'|date('r', timezone: 'GMT') }}",0,hard-negative,github:symfony/demo,Twig,"{{'S'|date('S',timezone:'S')}}"
@{/webjars/font-awesome/css/font-awesome.min.css},0,hard-negative,github:spring-projects/spring-petclinic,Thymeleaf,@{/webjars/font-awesome/css/font-awesome.min.css}
{%- endif %},0,hard-negative,github:miguelgrinberg/microblog,Jinja2,{%-endif%}
{{ include('default/_flash_messages.html.twig') }},0,hard-negative,github:symfony/demo,Twig,{{include('S')}}
maliski,0,normal-param,github:Morzeux/HttpParamsDataset,,maliski
{%- set is_active = app.locale == locale.code -%},0,hard-negative,github:symfony/demo,Twig,{%-setis_active=app.locale==locale.code-%}
claverol lemunao,0,normal-param,github:Morzeux/HttpParamsDataset,,claverollemunao
8uiza1illo,0,normal-param,github:Morzeux/HttpParamsDataset,,NuizaNillo
2787973107257855,0,normal-param,github:Morzeux/HttpParamsDataset,,N
<%= t('Profiles') %>,0,hard-negative,github:sidekiq/sidekiq,ERB,<%=t('S')%>
34468,0,normal-param,github:Morzeux/HttpParamsDataset,,N
{{ 'menu.rss'|trans }},0,hard-negative,github:symfony/demo,Twig,{{'S'|trans}}
6837813065545901,0,normal-param,github:Morzeux/HttpParamsDataset,,N
de2ape91ibi1ie4to,0,normal-param,github:Morzeux/HttpParamsDataset,,deNapeNibiNieNto
{{ 'http_error.name'|trans({status_code: 500}) }},0,hard-negative,github:symfony/demo,Twig,{{'S'|trans({status_code:N})}}
{{ _('Welcome to Microblog') }},0,hard-negative,github:miguelgrinberg/microblog,Jinja2,{{_('S')}}
{{ csrf_token('authenticate') }},0,hard-negative,github:symfony/demo,Twig,{{csrf_token('S')}}
"{{ path('admin_post_edit', {id: post.id}) }}",0,hard-negative,github:symfony/demo,Twig,"{{path('S',{id:post.id})}}"
{{ 'title.controller_code'|trans }},0,hard-negative,github:symfony/demo,Twig,{{'S'|trans}}
bekki,0,normal-param,github:Morzeux/HttpParamsDataset,,bekki
hiromi,0,normal-param,github:Morzeux/HttpParamsDataset,,hiromi
{{ field(class='form-select mb-3') }},0,hard-negative,github:miguelgrinberg/microblog,Jinja2,{{field(class='S')}}
ishida lasalle,0,normal-param,github:Morzeux/HttpParamsDataset,,ishidalasalle
natiuk,0,normal-param,github:Morzeux/HttpParamsDataset,,natiuk
satandera,0,normal-param,github:Morzeux/HttpParamsDataset,,satandera
{%- for item in field %},0,hard-negative,github:miguelgrinberg/microblog,Jinja2,{%-foriteminfield%}
{{ form_row(form.tags) }},0,hard-negative,github:symfony/demo,Twig,{{form_row(form.tags)}}
carrillo-whitson@mobilecrm.fj,0,normal-param,github:Morzeux/HttpParamsDataset,,carrillo-whitson@mobilecrm.fj
4296025977282656,0,normal-param,github:Morzeux/HttpParamsDataset,,N
buschoff_fortuna@rudos.zr,0,normal-param,github:Morzeux/HttpParamsDataset,,buschoff_fortuna@rudos.zr
<%= @dead['error_class'] %>,0,hard-negative,github:sidekiq/sidekiq,ERB,<%=@dead['S']%>
10131,0,normal-param,github:Morzeux/HttpParamsDataset,,N
"{{ _('Hi, %(username)s!', username=current_user.username) }}",0,hard-negative,github:miguelgrinberg/microblog,Jinja2,"{{_('S',username=current_user.username)}}"
<%= language_name(locale_option) %>,0,hard-negative,github:sidekiq/sidekiq,ERB,<%=language_name(locale_option)%>
09220629k,0,normal-param,github:Morzeux/HttpParamsDataset,,Nk
09869,0,normal-param,github:Morzeux/HttpParamsDataset,,N
68035116n,0,normal-param,github:Morzeux/HttpParamsDataset,,Nn
jargon_,0,normal-param,github:Morzeux/HttpParamsDataset,,jargon_
*{firstName + ' ' + lastName},0,hard-negative,github:spring-projects/spring-petclinic,Thymeleaf,*{firstname+'S'+lastname}
@{/owners},0,hard-negative,github:spring-projects/spring-petclinic,Thymeleaf,@{/owners}
<%= stats.retry_size %>,0,hard-negative,github:sidekiq/sidekiq,ERB,<%=stats.retry_size%>
546,0,normal-param,github:Morzeux/HttpParamsDataset,,N
{% block tags_input_widget %},0,hard-negative,github:symfony/demo,Twig,{%blocktags_input_widget%}
46838,0,normal-param,github:Morzeux/HttpParamsDataset,,N
{% if not prev_url %},0,hard-negative,github:miguelgrinberg/microblog,Jinja2,{%ifnotprev_url%}
{{ 'label.summary'|trans }},0,hard-negative,github:symfony/demo,Twig,{{'S'|trans}}
29283698y,0,normal-param,github:Morzeux/HttpParamsDataset,,Ny
<%= locale_option %>,0,hard-negative,github:sidekiq/sidekiq,ERB,<%=locale_option%>
12312,0,normal-param,github:Morzeux/HttpParamsDataset,,N
{{ _('Edit Profile') }},0,hard-negative,github:miguelgrinberg/microblog,Jinja2,{{_('S')}}
pizani@unanuevavisionenortodoncia.tg,0,normal-param,github:Morzeux/HttpParamsDataset,,pizani@unanuevavisionenortodoncia.tg
canosa taracena,0,normal-param,github:Morzeux/HttpParamsDataset,,canosataracena
leroy,0,normal-param,github:Morzeux/HttpParamsDataset,,leroy
lakhian,0,normal-param,github:Morzeux/HttpParamsDataset,,lakhian
cancia,0,normal-param,github:Morzeux/HttpParamsDataset,,cancia
der85nie88,0,normal-param,github:Morzeux/HttpParamsDataset,,derNnieN
@{__${link},0,hard-negative,github:spring-projects/spring-petclinic,Thymeleaf,@{__${link}
monzon pinart,0,normal-param,github:Morzeux/HttpParamsDataset,,monzonpinart
{{ 'help.role_admin'|trans }},0,hard-negative,github:symfony/demo,Twig,{{'S'|trans}}
vicario saetero,0,normal-param,github:Morzeux/HttpParamsDataset,,vicariosaetero
#{visitDate},0,hard-negative,github:spring-projects/spring-petclinic,Thymeleaf,#{visitdate}
{{ 'post.num_comments'|trans({count: post.comments|length}) }},0,hard-negative,github:symfony/demo,Twig,{{'S'|trans({count:post.comments|length})}}
redmond-delcampe@biosaludsystems.do,0,normal-param,github:Morzeux/HttpParamsDataset,,redmond-delcampe@biosaludsystems.do
crichton,0,normal-param,github:Morzeux/HttpParamsDataset,,crichton
salia,0,normal-param,github:Morzeux/HttpParamsDataset,,salia
1714795678341656,0,normal-param,github:Morzeux/HttpParamsDataset,,N
${type},0,hard-negative,github:spring-projects/spring-petclinic,Thymeleaf,${type}
arabella,0,normal-param,github:Morzeux/HttpParamsDataset,,arabella
"calle padre perpian, 90, 7-b",0,normal-param,github:Morzeux/HttpParamsDataset,,"callepadreperpian,N,N-b"
{{ user.about_me }},0,hard-negative,github:miguelgrinberg/microblog,Jinja2,{{user.about_me}}
"<%= script_tag ""javascripts/chart.min.js"" %>",0,hard-negative,github:sidekiq/sidekiq,ERB,"<%=script_tag""S""%>"
maestro vitoria 10,0,normal-param,github:Morzeux/HttpParamsDataset,,maestrovitoriaN
${err},0,hard-negative,github:spring-projects/spring-petclinic,Thymeleaf,${err}
03827,0,normal-param,github:Morzeux/HttpParamsDataset,,N
mcduffie,0,normal-param,github:Morzeux/HttpParamsDataset,,mcduffie
"{% if is_granted('edit', post) %}",0,hard-negative,github:symfony/demo,Twig,"{%ifis_granted('S',post)%}"
{{ app.locale|locale_name }},0,hard-negative,github:symfony/demo,Twig,{{app.locale|locale_name}}
{{ 'mit_license'|trans }},0,hard-negative,github:symfony/demo,Twig,{{'S'|trans}}
schwuchow9@viajessolomujeres.bj,0,normal-param,github:Morzeux/HttpParamsDataset,,schwuchowN@viajessolomujeres.bj
melliza,0,normal-param,github:Morzeux/HttpParamsDataset,,melliza
#{updateOwner},0,hard-negative,github:spring-projects/spring-petclinic,Thymeleaf,#{updateowner}
"${#strings.listJoin(owner.pets, ', ')}",0,hard-negative,github:spring-projects/spring-petclinic,Thymeleaf,"${#strings.listjoin(owner.pets,'S')}"
mgi4a,0,normal-param,github:Morzeux/HttpParamsDataset,,mgiNa
balaguer,0,normal-param,github:Morzeux/HttpParamsDataset,,balaguer
fuembellida,0,normal-param,github:Morzeux/HttpParamsDataset,,fuembellida
"{{ (paginator.results|last).publishedAt|default('now')|date('r', timezone: 'GMT') }}",0,hard-negative,github:symfony/demo,Twig,"{{(paginator.results|last).publishedat|default('S')|date('S',timezone:'S')}}"
{% if post.language and post.language != g.locale %},0,hard-negative,github:miguelgrinberg/microblog,Jinja2,{%ifpost.languageandpost.language!=g.locale%}
"calle benifairo, 189, 9?g",0,normal-param,github:Morzeux/HttpParamsDataset,,"callebenifairo,N,N?g"
{{ last_username }},0,hard-negative,github:symfony/demo,Twig,{{last_username}}
08693,0,normal-param,github:Morzeux/HttpParamsDataset,,N
0ocal2za0i3n,0,normal-param,github:Morzeux/HttpParamsDataset,,NocalNzaNiNn
${listVets},0,hard-negative,github:spring-projects/spring-petclinic,Thymeleaf,${listvets}
turcot,0,normal-param,github:Morzeux/HttpParamsDataset,,turcot
lheureux,0,normal-param,github:Morzeux/HttpParamsDataset,,lheureux
"calle libertad, 133,",0,normal-param,github:Morzeux/HttpParamsDataset,,"callelibertad,N,"
37655511a,0,normal-param,github:Morzeux/HttpParamsDataset,,Na
"{% for type, messages in app.flashes %}",0,hard-negative,github:symfony/demo,Twig,"{%fortype,messagesinapp.flashes%}"
soslaya,0,normal-param,github:Morzeux/HttpParamsDataset,,soslaya
83497200r,0,normal-param,github:Morzeux/HttpParamsDataset,,Nr
"calle la corta, 85",0,normal-param,github:Morzeux/HttpParamsDataset,,"callelacorta,N"
<%= csp_nonce %>,0,hard-negative,github:sidekiq/sidekiq,ERB,<%=csp_nonce%>
karolefs,0,normal-param,github:Morzeux/HttpParamsDataset,,karolefs
5x8r0r,0,normal-param,github:Morzeux/HttpParamsDataset,,NxNrNr
<% if job.bid %>,0,hard-negative,github:sidekiq/sidekiq,ERB,<%ifjob.bid%>
{{ url_for('main.index') }},0,hard-negative,github:miguelgrinberg/microblog,Jinja2,{{url_for('S')}}
yarela,0,normal-param,github:Morzeux/HttpParamsDataset,,yarela
<%= t('OneWeek') %>,0,hard-negative,github:sidekiq/sidekiq,ERB,<%=t('S')%>
{% if i == paginator.currentPage %},0,hard-negative,github:symfony/demo,Twig,{%ifi==paginator.currentpage%}
14835707v,0,normal-param,github:Morzeux/HttpParamsDataset,,Nv
1251745617275774,0,normal-param,github:Morzeux/HttpParamsDataset,,N
<%= h v %>,0,hard-negative,github:sidekiq/sidekiq,ERB,<%=hv%>
sandford@directoriogratuito.yu,0,normal-param,github:Morzeux/HttpParamsDataset,,sandford@directoriogratuito.yu
<%= t('NoDeadJobsFound') %>,0,hard-negative,github:sidekiq/sidekiq,ERB,<%=t('S')%>
"calle benito monfort 60,",0,normal-param,github:Morzeux/HttpParamsDataset,,"callebenitomonfortN,"
8nde9c6f3a3le,0,normal-param,github:Morzeux/HttpParamsDataset,,NndeNcNfNaNle
7633,0,normal-param,github:Morzeux/HttpParamsDataset,,N
aarn,0,normal-param,github:Morzeux/HttpParamsDataset,,aarn
ronaldso,0,normal-param,github:Morzeux/HttpParamsDataset,,ronaldso
0227003559920538,0,normal-param,github:Morzeux/HttpParamsDataset,,N
"{{ form_start(form, {method: 'POST', action: path('comment_new', {postSlug: post.slug})}) }}",0,hard-negative,github:symfony/demo,Twig,"{{form_start(form,{method:'S',action:path('S',{postslug:post.slug})})}}"
didani,0,normal-param,github:Morzeux/HttpParamsDataset,,didani
estaol bellet,0,normal-param,github:Morzeux/HttpParamsDataset,,estaolbellet
<% end %>,0,hard-negative,github:sidekiq/sidekiq,ERB,<%end%>
13107,0,normal-param,github:Morzeux/HttpParamsDataset,,N
"calle tajo, 182,",0,normal-param,github:Morzeux/HttpParamsDataset,,"calletajo,N,"
@{'/vets.html?page=__${currentPage + 1},0,hard-negative,github:spring-projects/spring-petclinic,Thymeleaf,@{'/vets.html?page=__${currentpage+N}
{{ tag.name == app.request.query.get('tag') ? 'success' : 'secondary' }},0,hard-negative,github:symfony/demo,Twig,{{tag.name==app.request.query.get('S')?'S':'S'}}
{% block body_id 'blog_index' %},0,hard-negative,github:symfony/demo,Twig,{%blockbody_id'S'%}
digenova,0,normal-param,github:Morzeux/HttpParamsDataset,,digenova
villapalacios,0,normal-param,github:Morzeux/HttpParamsDataset,,villapalacios
<%= t('LastRetry') %>,0,hard-negative,github:sidekiq/sidekiq,ERB,<%=t('S')%>
yoshiyam,0,normal-param,github:Morzeux/HttpParamsDataset,,yoshiyam
moiss,0,normal-param,github:Morzeux/HttpParamsDataset,,moiss
a297ril83,0,normal-param,github:Morzeux/HttpParamsDataset,,aNrilN
lobera,0,normal-param,github:Morzeux/HttpParamsDataset,,lobera
<%= stats.processed %>,0,hard-negative,github:sidekiq/sidekiq,ERB,<%=stats.processed%>
{{ field.label(class='form-label') }},0,hard-negative,github:miguelgrinberg/microblog,Jinja2,{{field.label(class='S')}}
{% extends 'base.html.twig' %},0,hard-negative,github:symfony/demo,Twig,{%extends'S'%}
6550423388697055,0,normal-param,github:Morzeux/HttpParamsDataset,,N
93698052p,0,normal-param,github:Morzeux/HttpParamsDataset,,Np
bonete,0,normal-param,github:Morzeux/HttpParamsDataset,,bonete
1565,0,normal-param,github:Morzeux/HttpParamsDataset,,N
capilla,0,normal-param,github:Morzeux/HttpParamsDataset,,capilla
7137970068268248,0,normal-param,github:Morzeux/HttpParamsDataset,,N
coulter,0,normal-param,github:Morzeux/HttpParamsDataset,,coulter
silb7dor,0,normal-param,github:Morzeux/HttpParamsDataset,,silbNdor
1519,0,normal-param,github:Morzeux/HttpParamsDataset,,N
"pesquera, la",0,normal-param,github:Morzeux/HttpParamsDataset,,"pesquera,la"
"<%= ""active"" if d == ""7"" %>",0,hard-negative,github:sidekiq/sidekiq,ERB,"<%=""S""ifd==""S""%>"
8033,0,normal-param,github:Morzeux/HttpParamsDataset,,N
<% @retries.each do |entry| %>,0,hard-negative,github:sidekiq/sidekiq,ERB,<%@retries.eachdo|entry|%>
<%= t('Dashboard') %>,0,hard-negative,github:sidekiq/sidekiq,ERB,<%=t('S')%>
v9n939z6,0,normal-param,github:Morzeux/HttpParamsDataset,,vNnNzN
quintanalez,0,normal-param,github:Morzeux/HttpParamsDataset,,quintanalez
"{{ _('Send Message to %(recipient)s', recipient=recipient) }}",0,hard-negative,github:miguelgrinberg/microblog,Jinja2,"{{_('S',recipient=recipient)}}"
{{ item(class='form-check-input') }},0,hard-negative,github:miguelgrinberg/microblog,Jinja2,{{item(class='S')}}
mayor,0,normal-param,github:Morzeux/HttpParamsDataset,,mayor
<%= erb :_footer %>,0,hard-negative,github:sidekiq/sidekiq,ERB,<%=erb:_footer%>
edmonds,0,normal-param,github:Morzeux/HttpParamsDataset,,edmonds
alcoy/alcoi,0,normal-param,github:Morzeux/HttpParamsDataset,,alcoy/alcoi
"<%= job_params(@retry, @retry.score) %>",0,hard-negative,github:sidekiq/sidekiq,ERB,"<%=job_params(@retry,@retry.score)%>"
#{findOwner},0,hard-negative,github:spring-projects/spring-petclinic,Thymeleaf,#{findowner}
7173,0,normal-param,github:Morzeux/HttpParamsDataset,,N
"<% if @redis_info.fetch(""used_memory_peak_human"", nil) %>",0,hard-negative,github:sidekiq/sidekiq,ERB,"<%if@redis_info.fetch(""S"",nil)%>"
reginald,0,normal-param,github:Morzeux/HttpParamsDataset,,reginald
<% if @scheduled.size > 0 && @total_size > @count %>,0,hard-negative,github:sidekiq/sidekiq,ERB,<%if@scheduled.size>N&&@total_size>@count%>
<%= t('Error') %>,0,hard-negative,github:sidekiq/sidekiq,ERB,<%=t('S')%>
${!#fields.hasErrors(name)},0,hard-negative,github:spring-projects/spring-petclinic,Thymeleaf,${!#fields.haserrors(name)}
{{ 'post.search_for'|trans }},0,hard-negative,github:symfony/demo,Twig,{{'S'|trans}}
18vi5i9ad,0,normal-param,github:Morzeux/HttpParamsDataset,,NviNiNad
chen@testevelocidad.nl,0,normal-param,github:Morzeux/HttpParamsDataset,,chen@testevelocidad.nl
s4dsudeste,0,normal-param,github:Morzeux/HttpParamsDataset,,sNdsudeste
{{ 'help.browse_admin'|trans|raw }},0,hard-negative,github:symfony/demo,Twig,{{'S'|trans|raw}}
03344221k,0,normal-param,github:Morzeux/HttpParamsDataset,,Nk
11112430a,0,normal-param,github:Morzeux/HttpParamsDataset,,Na
globula*riceo,0,normal-param,github:Morzeux/HttpParamsDataset,,globula*riceo
sati,0,normal-param,github:Morzeux/HttpParamsDataset,,sati
baeza redon,0,normal-param,github:Morzeux/HttpParamsDataset,,baezaredon
{{ 'menu.logout'|trans }},0,hard-negative,github:symfony/demo,Twig,{{'S'|trans}}
souther,0,normal-param,github:Morzeux/HttpParamsDataset,,souther
{% block body_id 'homepage' %},0,hard-negative,github:symfony/demo,Twig,{%blockbody_id'S'%}
sirola@professionalhost.cc,0,normal-param,github:Morzeux/HttpParamsDataset,,sirola@professionalhost.cc
"antonio toledano, 78, 10?h",0,normal-param,github:Morzeux/HttpParamsDataset,,"antoniotoledano,N,N?h"
<%= h(@retry['error_message']) %>,0,hard-negative,github:sidekiq/sidekiq,ERB,<%=h(@retry['S'])%>
enlutada,0,normal-param,github:Morzeux/HttpParamsDataset,,enlutada
shar,0,normal-param,github:Morzeux/HttpParamsDataset,,shar
"<%= t(""Language"") %>",0,hard-negative,github:sidekiq/sidekiq,ERB,"<%=t(""S"")%>"
brihuega,0,normal-param,github:Morzeux/HttpParamsDataset,,brihuega
"{{ form_label(form.content, 'label.content', {label_attr: {class: 'sr-only'}}",0,hard-negative,github:symfony/demo,Twig,"{{form_label(form.content,'S',{label_attr:{class:'S'}}"
jarad,0,normal-param,github:Morzeux/HttpParamsDataset,,jarad
{% macro render_language_selector(display_current_language = false) %},0,hard-negative,github:symfony/demo,Twig,{%macrorender_language_selector(display_current_language=false)%}
campe6n,0,normal-param,github:Morzeux/HttpParamsDataset,,campeNn
<% if config[:profile_store_url] %>,0,hard-negative,github:sidekiq/sidekiq,ERB,<%ifconfig[:profile_store_url]%>
<%= t('AddToQueue') %>,0,hard-negative,github:sidekiq/sidekiq,ERB,<%=t('S')%>
opsito,0,normal-param,github:Morzeux/HttpParamsDataset,,opsito
delvische@softstylestudio.ly,0,normal-param,github:Morzeux/HttpParamsDataset,,delvische@softstylestudio.ly
"{{ url_for('auth.reset_password', token=token, _external=True) }}",0,hard-negative,github:miguelgrinberg/microblog,Jinja2,"{{url_for('S',token=token,_external=true)}}"
"el halcon 154, 8?f",0,normal-param,github:Morzeux/HttpParamsDataset,,"elhalconN,N?f"
c.0c4r1,0,normal-param,github:Morzeux/HttpParamsDataset,,c.NcNrN
3729462689240161,0,normal-param,github:Morzeux/HttpParamsDataset,,N
albuquerque periquet,0,normal-param,github:Morzeux/HttpParamsDataset,,albuquerqueperiquet
vettenranta@infopromo.az,0,normal-param,github:Morzeux/HttpParamsDataset,,vettenranta@infopromo.az
<%= filtering('retries') %>,0,hard-negative,github:sidekiq/sidekiq,ERB,<%=filtering('S')%>
"<%= job_params(entry.item, entry.score) %>",0,hard-negative,github:sidekiq/sidekiq,ERB,"<%=job_params(entry.item,entry.score)%>"
{% block header_navigation_links %},0,hard-negative,github:symfony/demo,Twig,{%blockheader_navigation_links%}
melina,0,normal-param,github:Morzeux/HttpParamsDataset,,melina
0076747388160328,0,normal-param,github:Morzeux/HttpParamsDataset,,N
hitching,0,normal-param,github:Morzeux/HttpParamsDataset,,hitching
04ng3na,0,normal-param,github:Morzeux/HttpParamsDataset,,NngNna
"<%= number_with_delimiter(state.runtime, precision: 3) %>",0,hard-negative,github:sidekiq/sidekiq,ERB,"<%=number_with_delimiter(state.runtime,precision:N)%>"
43143,0,normal-param,github:Morzeux/HttpParamsDataset,,N
muiz,0,normal-param,github:Morzeux/HttpParamsDataset,,muiz
{% if tasks %},0,hard-negative,github:miguelgrinberg/microblog,Jinja2,{%iftasks%}
{% with messages = get_flashed_messages() %},0,hard-negative,github:miguelgrinberg/microblog,Jinja2,{%withmessages=get_flashed_messages()%}
{{ path('admin_post_new') }},0,hard-negative,github:symfony/demo,Twig,{{path('S')}}
t1iesti70,0,normal-param,github:Morzeux/HttpParamsDataset,,tNiestiN
sanou bellsol,0,normal-param,github:Morzeux/HttpParamsDataset,,sanoubellsol
22487,0,normal-param,github:Morzeux/HttpParamsDataset,,N
"<%= @redis_info.fetch(""connected_clients"") %>",0,hard-negative,github:sidekiq/sidekiq,ERB,"<%=@redis_info.fetch(""S"")%>"
calle magnolia 157,0,normal-param,github:Morzeux/HttpParamsDataset,,callemagnoliaN
mccreano,0,normal-param,github:Morzeux/HttpParamsDataset,,mccreano
"veintinueve de abril 0,",0,normal-param,github:Morzeux/HttpParamsDataset,,"veintinuevedeabrilN,"
"calle duran 84,",0,normal-param,github:Morzeux/HttpParamsDataset,,"calleduranN,"
aida,0,normal-param,github:Morzeux/HttpParamsDataset,,aida
"<%= t(""LastDashboardUpdateTemplateLiteral"") %>",0,hard-negative,github:sidekiq/sidekiq,ERB,"<%=t(""S"")%>"
venfica,0,normal-param,github:Morzeux/HttpParamsDataset,,venfica
peiser,0,normal-param,github:Morzeux/HttpParamsDataset,,peiser
oxley@muevetuweb.lb,0,normal-param,github:Morzeux/HttpParamsDataset,,oxley@muevetuweb.lb
jamaal,0,normal-param,github:Morzeux/HttpParamsDataset,,jamaal
karrantza harana/valle de carranza,0,normal-param,github:Morzeux/HttpParamsDataset,,karrantzaharana/valledecarranza
{{ post.author.email }},0,hard-negative,github:symfony/demo,Twig,{{post.author.email}}
17744,0,normal-param,github:Morzeux/HttpParamsDataset,,N
linas,0,normal-param,github:Morzeux/HttpParamsDataset,,linas
{{ form_errors(form.content) }},0,hard-negative,github:symfony/demo,Twig,{{form_errors(form.content)}}
jeria cifr,0,normal-param,github:Morzeux/HttpParamsDataset,,jeriacifr
"chorrito bajo, 11",0,normal-param,github:Morzeux/HttpParamsDataset,,"chorritobajo,N"
<%= server_utc_time %>,0,hard-negative,github:sidekiq/sidekiq,ERB,<%=server_utc_time%>
portas casola,0,normal-param,github:Morzeux/HttpParamsDataset,,portascasola
8199,0,normal-param,github:Morzeux/HttpParamsDataset,,N
33418,0,normal-param,github:Morzeux/HttpParamsDataset,,N
<%= t('Value') %>,0,hard-negative,github:sidekiq/sidekiq,ERB,<%=t('S')%>
47901295t,0,normal-param,github:Morzeux/HttpParamsDataset,,Nt
"<% config.tabs.each do |title, url| %>",0,hard-negative,github:sidekiq/sidekiq,ERB,"<%config.tabs.eachdo|title,url|%>"
psitacosis,0,normal-param,github:Morzeux/HttpParamsDataset,,psitacosis
{{ app.locale }},0,hard-negative,github:symfony/demo,Twig,{{app.locale}}
cresta-da,0,normal-param,github:Morzeux/HttpParamsDataset,,cresta-da
randall,0,normal-param,github:Morzeux/HttpParamsDataset,,randall
"{{ importmap(['app', 'admin']) }}",0,hard-negative,github:symfony/demo,Twig,"{{importmap(['S','S'])}}"
{{ attributes }},0,hard-negative,github:symfony/demo,Twig,{{attributes}}
22234,0,normal-param,github:Morzeux/HttpParamsDataset,,N
"{{ post.publishedAt|date(format: 'r', timezone: 'GMT') }}",0,hard-negative,github:symfony/demo,Twig,"{{post.publishedat|date(format:'S',timezone:'S')}}"
<%= relative_time(job.retried_at) %>,0,hard-negative,github:sidekiq/sidekiq,ERB,<%=relative_time(job.retried_at)%>
@{'/vets.html?page=__${i},0,hard-negative,github:spring-projects/spring-petclinic,Thymeleaf,@{'/vets.html?page=__${i}
fedro,0,normal-param,github:Morzeux/HttpParamsDataset,,fedro
"{{ url_for('main.follow', username=user.username) }}",0,hard-negative,github:miguelgrinberg/microblog,Jinja2,"{{url_for('S',username=user.username)}}"
ashlin,0,normal-param,github:Morzeux/HttpParamsDataset,,ashlin
${name},0,hard-negative,github:spring-projects/spring-petclinic,Thymeleaf,${name}
doron@beljos.ch,0,normal-param,github:Morzeux/HttpParamsDataset,,doron@beljos.ch
{{ comment.author.fullName }},0,hard-negative,github:symfony/demo,Twig,{{comment.author.fullname}}
"camino del caliero, 75",0,normal-param,github:Morzeux/HttpParamsDataset,,"caminodelcaliero,N"
{{ _('Older posts') }},0,hard-negative,github:miguelgrinberg/microblog,Jinja2,{{_('S')}}
vin,0,normal-param,github:Morzeux/HttpParamsDataset,,vin
${valid},0,hard-negative,github:spring-projects/spring-petclinic,Thymeleaf,${valid}
5756,0,normal-param,github:Morzeux/HttpParamsDataset,,N
{{ 'help.browse_app'|trans|raw }},0,hard-negative,github:symfony/demo,Twig,{{'S'|trans|raw}}
{{ logout_path() }},0,hard-negative,github:symfony/demo,Twig,{{logout_path()}}
gwenda,0,normal-param,github:Morzeux/HttpParamsDataset,,gwenda
rei1@rtce.au,0,normal-param,github:Morzeux/HttpParamsDataset,,reiN@rtce.au
${owner.telephone},0,hard-negative,github:spring-projects/spring-petclinic,Thymeleaf,${owner.telephone}
viera@elrincondelmarmol.by,0,normal-param,github:Morzeux/HttpParamsDataset,,viera@elrincondelmarmol.by
{{ url_for('main.explore') }},0,hard-negative,github:miguelgrinberg/microblog,Jinja2,{{url_for('S')}}
zamora,0,normal-param,github:Morzeux/HttpParamsDataset,,zamora
"<% if @redis_info.fetch(""uptime_in_days"", nil) %>",0,hard-negative,github:sidekiq/sidekiq,ERB,"<%if@redis_info.fetch(""S"",nil)%>"
"{{ stimulus_target('login', 'username') }}",0,hard-negative,github:symfony/demo,Twig,"{{stimulus_target('S','S')}}"
{{ post.id }},0,hard-negative,github:miguelgrinberg/microblog,Jinja2,{{post.id}}
rosngela,0,normal-param,github:Morzeux/HttpParamsDataset,,rosngela
{{ 'menu.user'|trans }},0,hard-negative,github:symfony/demo,Twig,{{'S'|trans}}
<%= store_version %>,0,hard-negative,github:sidekiq/sidekiq,ERB,<%=store_version%>
86913775h,0,normal-param,github:Morzeux/HttpParamsDataset,,Nh
55000265c,0,normal-param,github:Morzeux/HttpParamsDataset,,Nc
"tornadizo, el",0,normal-param,github:Morzeux/HttpParamsDataset,,"tornadizo,el"
"rua principal, 176",0,normal-param,github:Morzeux/HttpParamsDataset,,"ruaprincipal,N"
{% block body_id 'user_edit' %},0,hard-negative,github:symfony/demo,Twig,{%blockbody_id'S'%}
14602519a,0,normal-param,github:Morzeux/HttpParamsDataset,,Na
{{ path('blog_index') }},0,hard-negative,github:symfony/demo,Twig,{{path('S')}}
2214198462446690,0,normal-param,github:Morzeux/HttpParamsDataset,,N
"<% if @redis_info.fetch(""used_memory_human"", nil) %>",0,hard-negative,github:sidekiq/sidekiq,ERB,"<%if@redis_info.fetch(""S"",nil)%>"
92937803r,0,normal-param,github:Morzeux/HttpParamsDataset,,Nr
{{ 'paginator.current'|trans }},0,hard-negative,github:symfony/demo,Twig,{{'S'|trans}}
17739088q,0,normal-param,github:Morzeux/HttpParamsDataset,,Nq
carlosmara,0,normal-param,github:Morzeux/HttpParamsDataset,,carlosmara
${active==menu ? 'nav-link active' : 'nav-link'},0,hard-negative,github:spring-projects/spring-petclinic,Thymeleaf,${active==menu?'S':'S'}
{{ prev_url }},0,hard-negative,github:miguelgrinberg/microblog,Jinja2,{{prev_url}}
hanisch@todobetis.mm,0,normal-param,github:Morzeux/HttpParamsDataset,,hanisch@todobetis.mm
incesta$r,0,normal-param,github:Morzeux/HttpParamsDataset,,incesta$r
castellcir,0,normal-param,github:Morzeux/HttpParamsDataset,,castellcir
"<%= @redis_info.fetch(""used_memory_peak_human"") %>",0,hard-negative,github:sidekiq/sidekiq,ERB,"<%=@redis_info.fetch(""S"")%>"
carrique orri,0,normal-param,github:Morzeux/HttpParamsDataset,,carriqueorri
homs amazarray,0,normal-param,github:Morzeux/HttpParamsDataset,,homsamazarray
{{ path('blog_rss') }},0,hard-negative,github:symfony/demo,Twig,{{path('S')}}
swenson@pasajesaereosbaratos.do,0,normal-param,github:Morzeux/HttpParamsDataset,,swenson@pasajesaereosbaratos.do
<%= t('Version') %>,0,hard-negative,github:sidekiq/sidekiq,ERB,<%=t('S')%>
43470,0,normal-param,github:Morzeux/HttpParamsDataset,,N
<% if (state = @iterable_states[entry.jid]) %>,0,hard-negative,github:sidekiq/sidekiq,ERB,<%if(state=@iterable_states[entry.jid])%>
9115,0,normal-param,github:Morzeux/HttpParamsDataset,,N
medus?a,0,normal-param,github:Morzeux/HttpParamsDataset,,medus?a
"plza. nuevo mundo, 119, 4-d",0,normal-param,github:Morzeux/HttpParamsDataset,,"plza.nuevomundo,N,N-d"
25254382z,0,normal-param,github:Morzeux/HttpParamsDataset,,Nz
in8ros742tiva,0,normal-param,github:Morzeux/HttpParamsDataset,,inNrosNtiva
<%= relative_time(job.at) if job['retry_count'] %>,0,hard-negative,github:sidekiq/sidekiq,ERB,<%=relative_time(job.at)ifjob['S']%>
"<%= ""#{root_path}retries/all/kill"" %>",0,hard-negative,github:sidekiq/sidekiq,ERB,"<%=""S""%>"
marcos,0,normal-param,github:Morzeux/HttpParamsDataset,,marcos
{{ 'paginator.next'|trans }},0,hard-negative,github:symfony/demo,Twig,{{'S'|trans}}
c/ nicolas salmeron 73,0,normal-param,github:Morzeux/HttpParamsDataset,,c/nicolassalmeronN
viseu 81 8?c,0,normal-param,github:Morzeux/HttpParamsDataset,,viseuNN?c
vadim@drae2.ci,0,normal-param,github:Morzeux/HttpParamsDataset,,vadim@draeN.ci
"{{ comment.publishedAt|format_datetime('medium', 'short', '', 'UTC') }}",0,hard-negative,github:symfony/demo,Twig,"{{comment.publishedat|format_datetime('S','S','S','S')}}"
c/ cubillo aragon 45,0,normal-param,github:Morzeux/HttpParamsDataset,,c/cubilloaragonN
{% with tasks = current_user.get_tasks_in_progress() %},0,hard-negative,github:miguelgrinberg/microblog,Jinja2,{%withtasks=current_user.get_tasks_in_progress()%}
{{ 'help.reload_fixtures'|trans }},0,hard-negative,github:symfony/demo,Twig,{{'S'|trans}}
savitsky@tetdevelocidad.sj,0,normal-param,github:Morzeux/HttpParamsDataset,,savitsky@tetdevelocidad.sj
"virgen de la fuensanta, 126, 11?e",0,normal-param,github:Morzeux/HttpParamsDataset,,"virgendelafuensanta,N,N?e"
{{ tag.name }},0,hard-negative,github:symfony/demo,Twig,{{tag.name}}
matula,0,normal-param,github:Morzeux/HttpParamsDataset,,matula
8167,0,normal-param,github:Morzeux/HttpParamsDataset,,N
"c/ 19 s/n, 9e",0,normal-param,github:Morzeux/HttpParamsDataset,,"c/Ns/n,Ne"
<%= t('RetryNow') %>,0,hard-negative,github:sidekiq/sidekiq,ERB,<%=t('S')%>
lafferty,0,normal-param,github:Morzeux/HttpParamsDataset,,lafferty
leah,0,normal-param,github:Morzeux/HttpParamsDataset,,leah
{% endif %},0,hard-negative,github:miguelgrinberg/microblog,Jinja2,{%endif%}
tranfagl,0,normal-param,github:Morzeux/HttpParamsDataset,,tranfagl
{{ 'tip'|trans }},0,hard-negative,github:symfony/demo,Twig,{{'S'|trans}}
7767845764116700,0,normal-param,github:Morzeux/HttpParamsDataset,,N
sweeney,0,normal-param,github:Morzeux/HttpParamsDataset,,sweeney
toddi,0,normal-param,github:Morzeux/HttpParamsDataset,,toddi
froud,0,normal-param,github:Morzeux/HttpParamsDataset,,froud
{{ is_rtl(app.locale) ? 'rtl' }},0,hard-negative,github:symfony/demo,Twig,{{is_rtl(app.locale)?'S'}}
vano branchadell,0,normal-param,github:Morzeux/HttpParamsDataset,,vanobranchadell
mcgowan,0,normal-param,github:Morzeux/HttpParamsDataset,,mcgowan
{{ 'action.browse_app'|trans }},0,hard-negative,github:symfony/demo,Twig,{{'S'|trans}}
"calle levi, 12 2-c",0,normal-param,github:Morzeux/HttpParamsDataset,,"callelevi,NN-c"
{% if user.last_seen %},0,hard-negative,github:miguelgrinberg/microblog,Jinja2,{%ifuser.last_seen%}
corcos,0,normal-param,github:Morzeux/HttpParamsDataset,,corcos
demren,0,normal-param,github:Morzeux/HttpParamsDataset,,demren
zacaras,0,normal-param,github:Morzeux/HttpParamsDataset,,zacaras
kent,0,normal-param,github:Morzeux/HttpParamsDataset,,kent
rehbein,0,normal-param,github:Morzeux/HttpParamsDataset,,rehbein
{{ 'info.change_password'|trans }},0,hard-negative,github:symfony/demo,Twig,{{'S'|trans}}
{{ post.content|markdown_to_html|sanitize_html }},0,hard-negative,github:symfony/demo,Twig,{{post.content|markdown_to_html|sanitize_html}}
<%= display_tags(job) %>,0,hard-negative,github:sidekiq/sidekiq,ERB,<%=display_tags(job)%>
@{'/owners?page=' + ${i},0,hard-negative,github:spring-projects/spring-petclinic,Thymeleaf,@{'S'+${i}
<%= t('SixMonths') %>,0,hard-negative,github:sidekiq/sidekiq,ERB,<%=t('S')%>
barabash0,0,normal-param,github:Morzeux/HttpParamsDataset,,barabashN
gilan@escarba.fk,0,normal-param,github:Morzeux/HttpParamsDataset,,gilan@escarba.fk
monkman@encuentrodominios.org,0,normal-param,github:Morzeux/HttpParamsDataset,,monkman@encuentrodominios.org
{{ 'action.create_post'|trans }},0,hard-negative,github:symfony/demo,Twig,{{'S'|trans}}
mara candela,0,normal-param,github:Morzeux/HttpParamsDataset,,maracandela
6053,0,normal-param,github:Morzeux/HttpParamsDataset,,N
"c/ arago 194,",0,normal-param,github:Morzeux/HttpParamsDataset,,"c/aragoN,"
19243,0,normal-param,github:Morzeux/HttpParamsDataset,,N
<%= qparams(page: @current_page + 1) %>,0,hard-negative,github:sidekiq/sidekiq,ERB,<%=qparams(page:@current_page+N)%>
pea barnera,0,normal-param,github:Morzeux/HttpParamsDataset,,peabarnera
{% set user_link %},0,hard-negative,github:miguelgrinberg/microblog,Jinja2,{%setuser_link%}
04607227m,0,normal-param,github:Morzeux/HttpParamsDataset,,Nm
takamine_kulky@comonuevo.bv,0,normal-param,github:Morzeux/HttpParamsDataset,,takamine_kulky@comonuevo.bv
22001,0,normal-param,github:Morzeux/HttpParamsDataset,,N
itter,0,normal-param,github:Morzeux/HttpParamsDataset,,itter
#{editPet},0,hard-negative,github:spring-projects/spring-petclinic,Thymeleaf,#{editpet}
5sp0luz64m3ent8,0,normal-param,github:Morzeux/HttpParamsDataset,,NspNluzNmNentN
mompel urdi,0,normal-param,github:Morzeux/HttpParamsDataset,,mompelurdi
{{ _('Logout') }},0,hard-negative,github:miguelgrinberg/microblog,Jinja2,{{_('S')}}
0250216835204033,0,normal-param,github:Morzeux/HttpParamsDataset,,N
<%= t('ErrorMessage') %>,0,hard-negative,github:sidekiq/sidekiq,ERB,<%=t('S')%>
<%= CGI.escape(job.queue) %>,0,hard-negative,github:sidekiq/sidekiq,ERB,<%=cgi.escape(job.queue)%>
84443986s,0,normal-param,github:Morzeux/HttpParamsDataset,,Ns
nolberto,0,normal-param,github:Morzeux/HttpParamsDataset,,nolberto
18339,0,normal-param,github:Morzeux/HttpParamsDataset,,N
<%= t('Paused') %>,0,hard-negative,github:sidekiq/sidekiq,ERB,<%=t('S')%>
"avenida de europa 153,",0,normal-param,github:Morzeux/HttpParamsDataset,,"avenidadeeuropaN,"
pereda barrio,0,normal-param,github:Morzeux/HttpParamsDataset,,peredabarrio
60516960g,0,normal-param,github:Morzeux/HttpParamsDataset,,Ng
borrajo,0,normal-param,github:Morzeux/HttpParamsDataset,,borrajo
<%= t('JID') %>,0,hard-negative,github:sidekiq/sidekiq,ERB,<%=t('S')%>
amenta,0,normal-param,github:Morzeux/HttpParamsDataset,,amenta
d37t30,0,normal-param,github:Morzeux/HttpParamsDataset,,dNtN
<%= t('Type') %>,0,hard-negative,github:sidekiq/sidekiq,ERB,<%=t('S')%>
grandlocua,0,normal-param,github:Morzeux/HttpParamsDataset,,grandlocua
72094500b,0,normal-param,github:Morzeux/HttpParamsDataset,,Nb
dre,0,normal-param,github:Morzeux/HttpParamsDataset,,dre
esplendoroso,0,normal-param,github:Morzeux/HttpParamsDataset,,esplendoroso
6172398321911966,0,normal-param,github:Morzeux/HttpParamsDataset,,N
"pasaje magistrado salvador barbera 136,",0,normal-param,github:Morzeux/HttpParamsDataset,,"pasajemagistradosalvadorbarberaN,"
"calle juan sitges 24,",0,normal-param,github:Morzeux/HttpParamsDataset,,"callejuansitgesN,"
sinttico,0,normal-param,github:Morzeux/HttpParamsDataset,,sinttico
shan-min,0,normal-param,github:Morzeux/HttpParamsDataset,,shan-min
aulakh,0,normal-param,github:Morzeux/HttpParamsDataset,,aulakh
5201712067997972,0,normal-param,github:Morzeux/HttpParamsDataset,,N
<% if @queue.paused? %>,0,hard-negative,github:sidekiq/sidekiq,ERB,<%if@queue.paused?%>
<% if locale_option == locale %>,0,hard-negative,github:sidekiq/sidekiq,ERB,<%iflocale_option==locale%>
{{ _('Login') }},0,hard-negative,github:miguelgrinberg/microblog,Jinja2,{{_('S')}}
{{ 'label.password'|trans }},0,hard-negative,github:symfony/demo,Twig,{{'S'|trans}}
#{pages},0,hard-negative,github:spring-projects/spring-petclinic,Thymeleaf,#{pages}
12835645n,0,normal-param,github:Morzeux/HttpParamsDataset,,Nn
74677553a,0,normal-param,github:Morzeux/HttpParamsDataset,,Na
jovina,0,normal-param,github:Morzeux/HttpParamsDataset,,jovina
31560,0,normal-param,github:Morzeux/HttpParamsDataset,,N
{{ 'action.save'|trans }},0,hard-negative,github:symfony/demo,Twig,{{'S'|trans}}
{{ is_rtl() ? 'rtl' : 'ltr' }},0,hard-negative,github:symfony/demo,Twig,{{is_rtl()?'S':'S'}}
<% a = job.display_args %>,0,hard-negative,github:sidekiq/sidekiq,ERB,<%a=job.display_args%>
<%= h job.queue %>,0,hard-negative,github:sidekiq/sidekiq,ERB,<%=hjob.queue%>
andrease,0,normal-param,github:Morzeux/HttpParamsDataset,,andrease
<%= path %>,0,hard-negative,github:sidekiq/sidekiq,ERB,<%=path%>
#{addVisit},0,hard-negative,github:spring-projects/spring-petclinic,Thymeleaf,#{addvisit}
socorro,0,normal-param,github:Morzeux/HttpParamsDataset,,socorro
<%= qparams(page: (@total_size.to_f / @count).ceil) %>,0,hard-negative,github:sidekiq/sidekiq,ERB,<%=qparams(page:(@total_size.to_f/@count).ceil)%>
@{/owners/new},0,hard-negative,github:spring-projects/spring-petclinic,Thymeleaf,@{/owners/new}
morrin,0,normal-param,github:Morzeux/HttpParamsDataset,,morrin
4124162736834322,0,normal-param,github:Morzeux/HttpParamsDataset,,N
43507844d,0,normal-param,github:Morzeux/HttpParamsDataset,,Nd
{% block javascripts %},0,hard-negative,github:symfony/demo,Twig,{%blockjavascripts%}
#{type},0,hard-negative,github:spring-projects/spring-petclinic,Thymeleaf,#{type}
errol@diseodesoftware.ml,0,normal-param,github:Morzeux/HttpParamsDataset,,errol@diseodesoftware.ml
{{ 'title.change_password'|trans }},0,hard-negative,github:symfony/demo,Twig,{{'S'|trans}}
<%= t('Processed') %>,0,hard-negative,github:sidekiq/sidekiq,ERB,<%=t('S')%>
<%= CGI.escape(entry.queue) %>,0,hard-negative,github:sidekiq/sidekiq,ERB,<%=cgi.escape(entry.queue)%>
{%- if field.type == 'BooleanField' %},0,hard-negative,github:miguelgrinberg/microblog,Jinja2,{%-iffield.type=='S'%}
{{ error }},0,hard-negative,github:miguelgrinberg/microblog,Jinja2,{{error}}
"calle maldonadas, s/n 4h",0,normal-param,github:Morzeux/HttpParamsDataset,,"callemaldonadas,s/nNh"
thum,0,normal-param,github:Morzeux/HttpParamsDataset,,thum
60142978w,0,normal-param,github:Morzeux/HttpParamsDataset,,Nw
<%= erb :_summary %>,0,hard-negative,github:sidekiq/sidekiq,ERB,<%=erb:_summary%>
cazalilla,0,normal-param,github:Morzeux/HttpParamsDataset,,cazalilla
${currentPage > 1},0,hard-negative,github:spring-projects/spring-petclinic,Thymeleaf,${currentpage>N}
<% @queues.each do |queue| %>,0,hard-negative,github:sidekiq/sidekiq,ERB,<%@queues.eachdo|queue|%>
09312,0,normal-param,github:Morzeux/HttpParamsDataset,,N
${i},0,hard-negative,github:spring-projects/spring-petclinic,Thymeleaf,${i}
pari073l,0,normal-param,github:Morzeux/HttpParamsDataset,,pariNl
"grupos 1 y 2 valladolid 178,",0,normal-param,github:Morzeux/HttpParamsDataset,,"gruposNyNvalladolidN,"
<%= t('NextRetry') %>,0,hard-negative,github:sidekiq/sidekiq,ERB,<%=t('S')%>
{% block body_id 'admin_post_edit' %},0,hard-negative,github:symfony/demo,Twig,{%blockbody_id'S'%}
<%= h k %>,0,hard-negative,github:sidekiq/sidekiq,ERB,<%=hk%>
niembro urkiaga,0,normal-param,github:Morzeux/HttpParamsDataset,,niembrourkiaga
ciavaglia de la vega,0,normal-param,github:Morzeux/HttpParamsDataset,,ciavagliadelavega
8513796211360261,0,normal-param,github:Morzeux/HttpParamsDataset,,N
{% block stylesheets %},0,hard-negative,github:symfony/demo,Twig,{%blockstylesheets%}
c356conio,0,normal-param,github:Morzeux/HttpParamsDataset,,cNconio
<%= relative_time(record.started_at) %>,0,hard-negative,github:sidekiq/sidekiq,ERB,<%=relative_time(record.started_at)%>
{{ moment.lang(g.locale) }},0,hard-negative,github:miguelgrinberg/microblog,Jinja2,{{moment.lang(g.locale)}}
#{none},0,hard-negative,github:spring-projects/spring-petclinic,Thymeleaf,#{none}
tyrell@masqueclases.sr,0,normal-param,github:Morzeux/HttpParamsDataset,,tyrell@masqueclases.sr
<%= t('KillAll') %>,0,hard-negative,github:sidekiq/sidekiq,ERB,<%=t('S')%>
"valencia, 79 12?h",0,normal-param,github:Morzeux/HttpParamsDataset,,"valencia,NN?h"
cdiz,0,normal-param,github:Morzeux/HttpParamsDataset,,cdiz
puntallana,0,normal-param,github:Morzeux/HttpParamsDataset,,puntallana
<%= number_with_delimiter(@total_size) %>,0,hard-negative,github:sidekiq/sidekiq,ERB,<%=number_with_delimiter(@total_size)%>
<%= t('OneMonth') %>,0,hard-negative,github:sidekiq/sidekiq,ERB,<%=t('S')%>
<%= @total_size - (@count * (@current_page - 1) + index) %>,0,hard-negative,github:sidekiq/sidekiq,ERB,<%=@total_size-(@count*(@current_page-N)+index)%>
astor,0,normal-param,github:Morzeux/HttpParamsDataset,,astor
reconfortante,0,normal-param,github:Morzeux/HttpParamsDataset,,reconfortante
9473535060757439,0,normal-param,github:Morzeux/HttpParamsDataset,,N
"{% macro quick_form(form, action="""", method=""post"", id="""", novalidate=False) %}",0,hard-negative,github:miguelgrinberg/microblog,Jinja2,"{%macroquick_form(form,action=""S"",method=""S"",id=""S"",novalidate=false)%}"
"c/ zamora, 151, 1-b",0,normal-param,github:Morzeux/HttpParamsDataset,,"c/zamora,N,N-b"
anselmo,0,normal-param,github:Morzeux/HttpParamsDataset,,anselmo
@{/webjars/bootstrap/dist/js/bootstrap.bundle.min.js},0,hard-negative,github:spring-projects/spring-petclinic,Thymeleaf,@{/webjars/bootstrap/dist/js/bootstrap.bundle.min.js}
<%= job['retry_count'] %>,0,hard-negative,github:sidekiq/sidekiq,ERB,<%=job['S']%>
valle de mena,0,normal-param,github:Morzeux/HttpParamsDataset,,valledemena
fater,0,normal-param,github:Morzeux/HttpParamsDataset,,fater
pozuelo de calatrava,0,normal-param,github:Morzeux/HttpParamsDataset,,pozuelodecalatrava
kenna.losch@lapasteleria.co,0,normal-param,github:Morzeux/HttpParamsDataset,,kenna.losch@lapasteleria.co
noguerol,0,normal-param,github:Morzeux/HttpParamsDataset,,noguerol
nobel,0,normal-param,github:Morzeux/HttpParamsDataset,,nobel
"{{ 'now'|format_datetime('long', 'long', '', 'UTC') }}",0,hard-negative,github:symfony/demo,Twig,"{{'S'|format_datetime('S','S','S','S')}}"
33875,0,normal-param,github:Morzeux/HttpParamsDataset,,N
#{layoutTitle},0,hard-negative,github:spring-projects/spring-petclinic,Thymeleaf,#{layouttitle}
incom1a5abl8mente,0,normal-param,github:Morzeux/HttpParamsDataset,,incomNaNablNmente
24575080v,0,normal-param,github:Morzeux/HttpParamsDataset,,Nv
de mendonca ors,0,normal-param,github:Morzeux/HttpParamsDataset,,demendoncaors
balcells parets,0,normal-param,github:Morzeux/HttpParamsDataset,,balcellsparets
${#fields.hasAnyErrors()},0,hard-negative,github:spring-projects/spring-petclinic,Thymeleaf,${#fields.hasanyerrors()}
hembrick,0,normal-param,github:Morzeux/HttpParamsDataset,,hembrick
{{ render_language_selector() }},0,hard-negative,github:symfony/demo,Twig,{{render_language_selector()}}
${owner.pets},0,hard-negative,github:spring-projects/spring-petclinic,Thymeleaf,${owner.pets}
tejo,0,normal-param,github:Morzeux/HttpParamsDataset,,tejo
29380,0,normal-param,github:Morzeux/HttpParamsDataset,,N
<%= t('Actions') %>,0,hard-negative,github:sidekiq/sidekiq,ERB,<%=t('S')%>
{{ _('Search Results') }},0,hard-negative,github:miguelgrinberg/microblog,Jinja2,{{_('S')}}
storgaard-szibo3@elreversotenebroso.ky,0,normal-param,github:Morzeux/HttpParamsDataset,,storgaard-sziboN@elreversotenebroso.ky
escobedo santagata,0,normal-param,github:Morzeux/HttpParamsDataset,,escobedosantagata
24429,0,normal-param,github:Morzeux/HttpParamsDataset,,N
<%= t('Extras') %>,0,hard-negative,github:sidekiq/sidekiq,ERB,<%=t('S')%>
edelmar,0,normal-param,github:Morzeux/HttpParamsDataset,,edelmar
<% if @scheduled.size > 0 %>,0,hard-negative,github:sidekiq/sidekiq,ERB,<%if@scheduled.size>N%>
sadeghi,0,normal-param,github:Morzeux/HttpParamsDataset,,sadeghi
{% if user != current_user %},0,hard-negative,github:miguelgrinberg/microblog,Jinja2,{%ifuser!=current_user%}
<% if entry.error? %>,0,hard-negative,github:sidekiq/sidekiq,ERB,<%ifentry.error?%>
hennon,0,normal-param,github:Morzeux/HttpParamsDataset,,hennon
"{% import ""bootstrap_wtf.html"" as wtf %}",0,hard-negative,github:miguelgrinberg/microblog,Jinja2,"{%import""S""aswtf%}"
{% if not post.tags.empty %},0,hard-negative,github:symfony/demo,Twig,{%ifnotpost.tags.empty%}
sykes,0,normal-param,github:Morzeux/HttpParamsDataset,,sykes
{%- for error in errors %},0,hard-negative,github:miguelgrinberg/microblog,Jinja2,{%-forerrorinerrors%}
{{ g.locale }},0,hard-negative,github:miguelgrinberg/microblog,Jinja2,{{g.locale}}
"{{ form_start(form, {method: ..., action: ..., attr: {novalidate: 'novalidate'}}",0,hard-negative,github:symfony/demo,Twig,"{{form_start(form,{method:...,action:...,attr:{novalidate:'S'}}"
<%= t('Unpause') %>,0,hard-negative,github:sidekiq/sidekiq,ERB,<%=t('S')%>
ilia,0,normal-param,github:Morzeux/HttpParamsDataset,,ilia
<%= h job.value %>,0,hard-negative,github:sidekiq/sidekiq,ERB,<%=hjob.value%>
9515176672855225,0,normal-param,github:Morzeux/HttpParamsDataset,,N
harkin@escapadajoven.gq,0,normal-param,github:Morzeux/HttpParamsDataset,,harkin@escapadajoven.gq
grimsley,0,normal-param,github:Morzeux/HttpParamsDataset,,grimsley
huaripuma guisasola,0,normal-param,github:Morzeux/HttpParamsDataset,,huaripumaguisasola
"josep anselm clave, 169, 13?d",0,normal-param,github:Morzeux/HttpParamsDataset,,"josepanselmclave,N,N?d"
vladimirov@saludyfitness.br,0,normal-param,github:Morzeux/HttpParamsDataset,,vladimirov@saludyfitness.br
07650,0,normal-param,github:Morzeux/HttpParamsDataset,,N
boniquet jeria,0,normal-param,github:Morzeux/HttpParamsDataset,,boniquetjeria
{{ message|trans }},0,hard-negative,github:symfony/demo,Twig,{{message|trans}}
5003,0,normal-param,github:Morzeux/HttpParamsDataset,,N
${message},0,hard-negative,github:spring-projects/spring-petclinic,Thymeleaf,${message}
boreo@creacionesdolcevita.mo,0,normal-param,github:Morzeux/HttpParamsDataset,,boreo@creacionesdolcevita.mo
"c/ caamaque, 15, 4-g",0,normal-param,github:Morzeux/HttpParamsDataset,,"c/caamaque,N,N-g"
suen,0,normal-param,github:Morzeux/HttpParamsDataset,,suen
6408,0,normal-param,github:Morzeux/HttpParamsDataset,,N
rigby,0,normal-param,github:Morzeux/HttpParamsDataset,,rigby
juradera,0,normal-param,github:Morzeux/HttpParamsDataset,,juradera
roger,0,normal-param,github:Morzeux/HttpParamsDataset,,roger
{{ 'paginator.previous'|trans }},0,hard-negative,github:symfony/demo,Twig,{{'S'|trans}}
{{ post.summary }},0,hard-negative,github:symfony/demo,Twig,{{post.summary}}
{{ 'post.no_comments'|trans }},0,hard-negative,github:symfony/demo,Twig,{{'S'|trans}}
06640,0,normal-param,github:Morzeux/HttpParamsDataset,,N
guadalcanal,0,normal-param,github:Morzeux/HttpParamsDataset,,guadalcanal
mudie,0,normal-param,github:Morzeux/HttpParamsDataset,,mudie
backes@kimkardashian.com.lk,0,normal-param,github:Morzeux/HttpParamsDataset,,backes@kimkardashian.com.lk
6966,0,normal-param,github:Morzeux/HttpParamsDataset,,N
${vet.firstName + ' ' + vet.lastName},0,hard-negative,github:spring-projects/spring-petclinic,Thymeleaf,${vet.firstname+'S'+vet.lastname}
3803,0,normal-param,github:Morzeux/HttpParamsDataset,,N
1ed6at0zacin,0,normal-param,github:Morzeux/HttpParamsDataset,,NedNatNzacin
hinojo,0,normal-param,github:Morzeux/HttpParamsDataset,,hinojo
car7gordo,0,normal-param,github:Morzeux/HttpParamsDataset,,carNgordo
vertavillo,0,normal-param,github:Morzeux/HttpParamsDataset,,vertavillo
<% if job['retry_count'] && job['retry_count'] > 0 %>,0,hard-negative,github:sidekiq/sidekiq,ERB,<%ifjob['S']&&job['S']>N%>
{%- for error in field.errors %},0,hard-negative,github:miguelgrinberg/microblog,Jinja2,{%-forerrorinfield.errors%}
<%= t('DeadJobs') %>,0,hard-negative,github:sidekiq/sidekiq,ERB,<%=t('S')%>
gu5cima,0,normal-param,github:Morzeux/HttpParamsDataset,,guNcima
50391,0,normal-param,github:Morzeux/HttpParamsDataset,,N
7721560580439665,0,normal-param,github:Morzeux/HttpParamsDataset,,N
{% for post in paginator.results %},0,hard-negative,github:symfony/demo,Twig,{%forpostinpaginator.results%}
mckee,0,normal-param,github:Morzeux/HttpParamsDataset,,mckee
58783501d,0,normal-param,github:Morzeux/HttpParamsDataset,,Nd
22440,0,normal-param,github:Morzeux/HttpParamsDataset,,N
muente monfulle,0,normal-param,github:Morzeux/HttpParamsDataset,,muentemonfulle
{{ csrf_token('delete') }},0,hard-negative,github:symfony/demo,Twig,{{csrf_token('S')}}
<%= t('OriginallyFailed') %>,0,hard-negative,github:sidekiq/sidekiq,ERB,<%=t('S')%>
{{ 'post.search_no_results'|trans }},0,hard-negative,github:symfony/demo,Twig,{{'S'|trans}}
{{ form_row(form.title) }},0,hard-negative,github:symfony/demo,Twig,{{form_row(form.title)}}
{{ _('Reset Your Password') }},0,hard-negative,github:miguelgrinberg/microblog,Jinja2,{{_('S')}}
"${#temporals.format(pet.birthDate, 'yyyy-MM-dd')}",0,hard-negative,github:spring-projects/spring-petclinic,Thymeleaf,"${#temporals.format(pet.birthdate,'S')}"
praysner,0,normal-param,github:Morzeux/HttpParamsDataset,,praysner
brassell,0,normal-param,github:Morzeux/HttpParamsDataset,,brassell
"calle paloma 101,",0,normal-param,github:Morzeux/HttpParamsDataset,,"callepalomaN,"
"c/ duran 52,",0,normal-param,github:Morzeux/HttpParamsDataset,,"c/duranN,"
{% else %},0,hard-negative,github:miguelgrinberg/microblog,Jinja2,{%else%}
lucidio,0,normal-param,github:Morzeux/HttpParamsDataset,,lucidio
"<%= @redis_info.fetch(""uptime_in_days"") %>",0,hard-negative,github:sidekiq/sidekiq,ERB,"<%=@redis_info.fetch(""S"")%>"
fregaci5n,0,normal-param,github:Morzeux/HttpParamsDataset,,fregaciNn
{% block body_id 'blog_search' %},0,hard-negative,github:symfony/demo,Twig,{%blockbody_id'S'%}
gabold@cartasdeajuste.yu,0,normal-param,github:Morzeux/HttpParamsDataset,,gabold@cartasdeajuste.yu
boimorto,0,normal-param,github:Morzeux/HttpParamsDataset,,boimorto
{{ 'http_error_403.description'|trans }},0,hard-negative,github:symfony/demo,Twig,{{'S'|trans}}
<% if @dead.size > 0 %>,0,hard-negative,github:sidekiq/sidekiq,ERB,<%if@dead.size>N%>
#{petsAndVisits},0,hard-negative,github:spring-projects/spring-petclinic,Thymeleaf,#{petsandvisits}
robers,0,normal-param,github:Morzeux/HttpParamsDataset,,robers
"<%= ""#{root_path}morgue/all/delete"" %>",0,hard-negative,github:sidekiq/sidekiq,ERB,"<%=""S""%>"
@{'/owners?page=__${currentPage + 1},0,hard-negative,github:spring-projects/spring-petclinic,Thymeleaf,@{'/owners?page=__${currentpage+N}
pavorde,0,normal-param,github:Morzeux/HttpParamsDataset,,pavorde
<%= t('Retries') %>,0,hard-negative,github:sidekiq/sidekiq,ERB,<%=t('S')%>
oretana,0,normal-param,github:Morzeux/HttpParamsDataset,,oretana
yn,0,normal-param,github:Morzeux/HttpParamsDataset,,yn
buenavista,0,normal-param,github:Morzeux/HttpParamsDataset,,buenavista
${types},0,hard-negative,github:spring-projects/spring-petclinic,Thymeleaf,${types}
"calle diseminado hornos de rey 29, 7?b",0,normal-param,github:Morzeux/HttpParamsDataset,,"callediseminadohornosdereyN,N?b"
cerinza,0,normal-param,github:Morzeux/HttpParamsDataset,,cerinza
villamuelas,0,normal-param,github:Morzeux/HttpParamsDataset,,villamuelas
03314,0,normal-param,github:Morzeux/HttpParamsDataset,,N
kirkley9,0,normal-param,github:Morzeux/HttpParamsDataset,,kirkleyN
bernatallada,0,normal-param,github:Morzeux/HttpParamsDataset,,bernatallada
leclerc,0,normal-param,github:Morzeux/HttpParamsDataset,,leclerc
4617331244727589,0,normal-param,github:Morzeux/HttpParamsDataset,,N
<%= (enqueued_at = job.enqueued_at) ? relative_time(enqueued_at) : t('NotYetEnqueued') %>,0,hard-negative,github:sidekiq/sidekiq,ERB,<%=(enqueued_at=job.enqueued_at)?relative_time(enqueued_at):t('S')%>
moore@hotelesymas.ar,0,normal-param,github:Morzeux/HttpParamsDataset,,moore@hotelesymas.ar
pool echenique,0,normal-param,github:Morzeux/HttpParamsDataset,,poolechenique
*{__${name},0,hard-negative,github:spring-projects/spring-petclinic,Thymeleaf,*{__${name}
{{ 'http_error_404.suggestion'|trans({url: path('blog_index')})|raw }},0,hard-negative,github:symfony/demo,Twig,{{'S'|trans({url:path('S')})|raw}}
<% if @retry.error_backtrace %>,0,hard-negative,github:sidekiq/sidekiq,ERB,<%if@retry.error_backtrace%>
catalina mas 53 12b,0,normal-param,github:Morzeux/HttpParamsDataset,,catalinamasNNb
shaughnessy@white-pearl-resort.nf,0,normal-param,github:Morzeux/HttpParamsDataset,,shaughnessy@white-pearl-resort.nf
esquilero,0,normal-param,github:Morzeux/HttpParamsDataset,,esquilero
90e_mpr365v0,0,normal-param,github:Morzeux/HttpParamsDataset,,Ne_mprNvN
@{/resources/images/pets.png},0,hard-negative,github:spring-projects/spring-petclinic,Thymeleaf,@{/resources/images/pets.png}
{% block body_id 'login' %},0,hard-negative,github:symfony/demo,Twig,{%blockbody_id'S'%}
"{% extends ""base.html"" %}",0,hard-negative,github:miguelgrinberg/microblog,Jinja2,"{%extends""S""%}"
cubilla,0,normal-param,github:Morzeux/HttpParamsDataset,,cubilla
${pet['new']},0,hard-negative,github:spring-projects/spring-petclinic,Thymeleaf,${pet['S']}
fonz,0,normal-param,github:Morzeux/HttpParamsDataset,,fonz
{{ post.title }},0,hard-negative,github:symfony/demo,Twig,{{post.title}}
#{name},0,hard-negative,github:spring-projects/spring-petclinic,Thymeleaf,#{name}
#{error.500},0,hard-negative,github:spring-projects/spring-petclinic,Thymeleaf,#{error.N}
carmia,0,normal-param,github:Morzeux/HttpParamsDataset,,carmia
argem grive,0,normal-param,github:Morzeux/HttpParamsDataset,,argemgrive
40469,0,normal-param,github:Morzeux/HttpParamsDataset,,N
"plaza conde de carlet, 40",0,normal-param,github:Morzeux/HttpParamsDataset,,"plazacondedecarlet,N"
<%= get_flash %>,0,hard-negative,github:sidekiq/sidekiq,ERB,<%=get_flash%>
<%= state.executions %>,0,hard-negative,github:sidekiq/sidekiq,ERB,<%=state.executions%>
08571,0,normal-param,github:Morzeux/HttpParamsDataset,,N
*{lastName},0,hard-negative,github:spring-projects/spring-petclinic,Thymeleaf,*{lastname}
<%= @current_page + 1 %>,0,hard-negative,github:sidekiq/sidekiq,ERB,<%=@current_page+N%>
{{ form_row(form.publishedAt) }},0,hard-negative,github:symfony/demo,Twig,{{form_row(form.publishedat)}}
9131603493426395,0,normal-param,github:Morzeux/HttpParamsDataset,,N
{{ 'rss.description'|trans }},0,hard-negative,github:symfony/demo,Twig,{{'S'|trans}}
7118,0,normal-param,github:Morzeux/HttpParamsDataset,,N
cobradora,0,normal-param,github:Morzeux/HttpParamsDataset,,cobradora
{{ form_start(form) }},0,hard-negative,github:symfony/demo,Twig,{{form_start(form)}}
huic!h9,0,normal-param,github:Morzeux/HttpParamsDataset,,huic!hN
"<%= script_tag ""javascripts/chartjs-plugin-annotation.min.js"" %>",0,hard-negative,github:sidekiq/sidekiq,ERB,"<%=script_tag""S""%>"
arce/artzi,0,normal-param,github:Morzeux/HttpParamsDataset,,arce/artzi
<%= t('DeleteAll') %>,0,hard-negative,github:sidekiq/sidekiq,ERB,<%=t('S')%>
carbonell calvet,0,normal-param,github:Morzeux/HttpParamsDataset,,carbonellcalvet
{{ 'action.edit_contents'|trans }},0,hard-negative,github:symfony/demo,Twig,{{'S'|trans}}
"<%= script_tag ""javascripts/base-charts.js"" %>",0,hard-negative,github:sidekiq/sidekiq,ERB,"<%=script_tag""S""%>"
23599996h,0,normal-param,github:Morzeux/HttpParamsDataset,,Nh
6351981280005819,0,normal-param,github:Morzeux/HttpParamsDataset,,N
pospalatal,0,normal-param,github:Morzeux/HttpParamsDataset,,pospalatal
{{ 'menu.admin'|trans }},0,hard-negative,github:symfony/demo,Twig,{{'S'|trans}}
#{addOwner},0,hard-negative,github:spring-projects/spring-petclinic,Thymeleaf,#{addowner}
{{ item.label(class='form-check-label') }},0,hard-negative,github:miguelgrinberg/microblog,Jinja2,{{item.label(class='S')}}
64556150a,0,normal-param,github:Morzeux/HttpParamsDataset,,Na
"<%= ""active"" if d.nil? || d == ""30"" %>",0,hard-negative,github:sidekiq/sidekiq,ERB,"<%=""S""ifd.nil?||d==""S""%>"
77077342h,0,normal-param,github:Morzeux/HttpParamsDataset,,Nh
<%= t('Failed') %>,0,hard-negative,github:sidekiq/sidekiq,ERB,<%=t('S')%>
#{previous},0,hard-negative,github:spring-projects/spring-petclinic,Thymeleaf,#{previous}
01237478d,0,normal-param,github:Morzeux/HttpParamsDataset,,Nd
sldisk,0,normal-param,github:Morzeux/HttpParamsDataset,,sldisk
{{ form.hidden_tag() }},0,hard-negative,github:miguelgrinberg/microblog,Jinja2,{{form.hidden_tag()}}
{{ form_errors(form) }},0,hard-negative,github:symfony/demo,Twig,{{form_errors(form)}}
antulio,0,normal-param,github:Morzeux/HttpParamsDataset,,antulio
bisad,0,normal-param,github:Morzeux/HttpParamsDataset,,bisad
{{ 'http_error_403.suggestion'|trans }},0,hard-negative,github:symfony/demo,Twig,{{'S'|trans}}
<%= stats.failed %>,0,hard-negative,github:sidekiq/sidekiq,ERB,<%=stats.failed%>
macedonio,0,normal-param,github:Morzeux/HttpParamsDataset,,macedonio
haroun,0,normal-param,github:Morzeux/HttpParamsDataset,,haroun
ad5ma.sc9r,0,normal-param,github:Morzeux/HttpParamsDataset,,adNma.scNr
to2adora,0,normal-param,github:Morzeux/HttpParamsDataset,,toNadora
{{ 'help.login_users'|trans }},0,hard-negative,github:symfony/demo,Twig,{{'S'|trans}}
6344938975904168,0,normal-param,github:Morzeux/HttpParamsDataset,,N
${template},0,hard-negative,github:spring-projects/spring-petclinic,Thymeleaf,${template}
francene,0,normal-param,github:Morzeux/HttpParamsDataset,,francene
"<%= h truncate(""#{entry['error_class']}: #{entry['error_message']}"", 200) %>",0,hard-negative,github:sidekiq/sidekiq,ERB,"<%=htruncate(""S"",N)%>"
"pelayo, 11 12?d",0,normal-param,github:Morzeux/HttpParamsDataset,,"pelayo,NN?d"
asimismo,0,normal-param,github:Morzeux/HttpParamsDataset,,asimismo
leo,0,normal-param,github:Morzeux/HttpParamsDataset,,leo
{% if is_granted('IS_AUTHENTICATED_FULLY') %},0,hard-negative,github:symfony/demo,Twig,{%ifis_granted('S')%}
0184493259280421,0,normal-param,github:Morzeux/HttpParamsDataset,,N
calle nieto 41,0,normal-param,github:Morzeux/HttpParamsDataset,,callenietoN
{{ _('Profile') }},0,hard-negative,github:miguelgrinberg/microblog,Jinja2,{{_('S')}}
7a7i86,0,normal-param,github:Morzeux/HttpParamsDataset,,NaNiN
disimtrico,0,normal-param,github:Morzeux/HttpParamsDataset,,disimtrico
carretera de ribadesella a canero 68 10-g,0,normal-param,github:Morzeux/HttpParamsDataset,,carreteraderibadesellaacaneroNN-g
<%= environment_title_prefix %>,0,hard-negative,github:sidekiq/sidekiq,ERB,<%=environment_title_prefix%>
guillory,0,normal-param,github:Morzeux/HttpParamsDataset,,guillory
sanidad,0,normal-param,github:Morzeux/HttpParamsDataset,,sanidad
13300,0,normal-param,github:Morzeux/HttpParamsDataset,,N
atanaspulos,0,normal-param,github:Morzeux/HttpParamsDataset,,atanaspulos
86,0,normal-param,github:Morzeux/HttpParamsDataset,,N
3786004753545909,0,normal-param,github:Morzeux/HttpParamsDataset,,N
castell de rugat,0,normal-param,github:Morzeux/HttpParamsDataset,,castellderugat
c/ gomera 148 3?e,0,normal-param,github:Morzeux/HttpParamsDataset,,c/gomeraNN?e
{% if user.about_me %},0,hard-negative,github:miguelgrinberg/microblog,Jinja2,{%ifuser.about_me%}
anhidro,0,normal-param,github:Morzeux/HttpParamsDataset,,anhidro
hartzenbusch 98,0,normal-param,github:Morzeux/HttpParamsDataset,,hartzenbuschN
ruiloba,0,normal-param,github:Morzeux/HttpParamsDataset,,ruiloba
6ilia+ria,0,normal-param,github:Morzeux/HttpParamsDataset,,Nilia+ria
5718,0,normal-param,github:Morzeux/HttpParamsDataset,,N
4092,0,normal-param,github:Morzeux/HttpParamsDataset,,N
<%= t('Delete') %>,0,hard-negative,github:sidekiq/sidekiq,ERB,<%=t('S')%>
49515,0,normal-param,github:Morzeux/HttpParamsDataset,,N
holgorio,0,normal-param,github:Morzeux/HttpParamsDataset,,holgorio
#{owners},0,hard-negative,github:spring-projects/spring-petclinic,Thymeleaf,#{owners}
zaquiel,0,normal-param,github:Morzeux/HttpParamsDataset,,zaquiel
{{ url_for('main.search') }},0,hard-negative,github:miguelgrinberg/microblog,Jinja2,{{url_for('S')}}
kathrine,0,normal-param,github:Morzeux/HttpParamsDataset,,kathrine
{{ next_url }},0,hard-negative,github:miguelgrinberg/microblog,Jinja2,{{next_url}}
drought,0,normal-param,github:Morzeux/HttpParamsDataset,,drought
{{ 'help.add_user'|trans }},0,hard-negative,github:symfony/demo,Twig,{{'S'|trans}}
pembrooke_coates@stainless.gd,0,normal-param,github:Morzeux/HttpParamsDataset,,pembrooke_coates@stainless.gd
1927,0,normal-param,github:Morzeux/HttpParamsDataset,,N
5n37do,0,normal-param,github:Morzeux/HttpParamsDataset,,NnNdo
{{ is_active ? 'active' }},0,hard-negative,github:symfony/demo,Twig,{{is_active?'S'}}
{{ post.body }},0,hard-negative,github:miguelgrinberg/microblog,Jinja2,{{post.body}}
"plza. magallanes, 50",0,normal-param,github:Morzeux/HttpParamsDataset,,"plza.magallanes,N"
maria-terzon@lingotes.com.org,0,normal-param,github:Morzeux/HttpParamsDataset,,maria-terzon@lingotes.com.org
{% block content %},0,hard-negative,github:miguelgrinberg/microblog,Jinja2,{%blockcontent%}
<%= t('Name') %>,0,hard-negative,github:sidekiq/sidekiq,ERB,<%=t('S')%>
"avinguda doctor vilaseca, s/n,",0,normal-param,github:Morzeux/HttpParamsDataset,,"avingudadoctorvilaseca,s/n,"
<%= t('MemoryUsage') %>,0,hard-negative,github:sidekiq/sidekiq,ERB,<%=t('S')%>
smoot,0,normal-param,github:Morzeux/HttpParamsDataset,,smoot
t0aspa70ble,0,normal-param,github:Morzeux/HttpParamsDataset,,tNaspaNble
ku,0,normal-param,github:Morzeux/HttpParamsDataset,,ku
{{ path('security_login') }},0,hard-negative,github:symfony/demo,Twig,{{path('S')}}
7677,0,normal-param,github:Morzeux/HttpParamsDataset,,N
"{{ url_for('main.user', username=post.author.username) }}",0,hard-negative,github:miguelgrinberg/microblog,Jinja2,"{{url_for('S',username=post.author.username)}}"
arxe matsumiya,0,normal-param,github:Morzeux/HttpParamsDataset,,arxematsumiya
pelland,0,normal-param,github:Morzeux/HttpParamsDataset,,pelland
milford1,0,normal-param,github:Morzeux/HttpParamsDataset,,milfordN
